execute	Set up job	﻿2026-09-26T09:31:27.7463764Z Current runner version: '2.337.0'
execute	Set up job	2026-09-26T09:31:27.7490045Z ##[group]Runner Image Provisioner
execute	Set up job	2026-09-26T09:31:27.7491503Z Hosted Compute Agent
execute	Set up job	2026-09-26T09:31:27.7492537Z Version: 20260828.587
execute	Set up job	2026-09-26T09:31:27.7493565Z Commit: abac92662cab4cc7352de4f9f9d2e2419aad9c29
execute	Set up job	2026-09-26T09:31:27.7494668Z Build Date: 2026-08-28T16:44:25Z
execute	Set up job	2026-09-26T09:31:27.7495775Z Worker ID: {e27ff60c-92ba-4586-a2ad-6171efcf1b9d}
execute	Set up job	2026-09-26T09:31:27.7496834Z Azure Region: eastus2
execute	Set up job	2026-09-26T09:31:27.7497771Z ##[endgroup]
execute	Set up job	2026-09-26T09:31:27.7499719Z ##[group]Operating System
execute	Set up job	2026-09-26T09:31:27.7501150Z Ubuntu
execute	Set up job	2026-09-26T09:31:27.7502070Z 24.04.5
execute	Set up job	2026-09-26T09:31:27.7502869Z LTS
execute	Set up job	2026-09-26T09:31:27.7503705Z ##[endgroup]
execute	Set up job	2026-09-26T09:31:27.7504548Z ##[group]Runner Image
execute	Set up job	2026-09-26T09:31:27.7505538Z Image: ubuntu-24.04
execute	Set up job	2026-09-26T09:31:27.7506486Z Version: 20260920.314.1
execute	Set up job	2026-09-26T09:31:27.7507857Z Included Software: https://github.com/actions/runner-images/blob/ubuntu24/20260920.314/images/ubuntu/Ubuntu2404-Readme.md
execute	Set up job	2026-09-26T09:31:27.7510073Z Image Release: https://github.com/actions/runner-images/releases/tag/ubuntu24%2F20260920.314
execute	Set up job	2026-09-26T09:31:27.7511828Z ##[endgroup]
execute	Set up job	2026-09-26T09:31:27.7513669Z ##[group]GITHUB_TOKEN Permissions
execute	Set up job	2026-09-26T09:31:27.7516166Z Contents: read
execute	Set up job	2026-09-26T09:31:27.7517071Z Metadata: read
execute	Set up job	2026-09-26T09:31:27.7517996Z Packages: read
execute	Set up job	2026-09-26T09:31:27.7518863Z ##[endgroup]
execute	Set up job	2026-09-26T09:31:27.7522253Z Secret source: Actions
execute	Set up job	2026-09-26T09:31:27.7523741Z Cache mode: write
execute	Set up job	2026-09-26T09:31:27.7525052Z Prepare workflow directory
execute	Set up job	2026-09-26T09:31:27.8074650Z Prepare all required actions
execute	Set up job	2026-09-26T09:31:27.8124161Z Getting action download info
execute	Set up job	2026-09-26T09:31:28.0328264Z Download action repository 'actions/checkout@v4' (SHA:11d5960a326750d5838078e36cf38b85af677262)
execute	Set up job	2026-09-26T09:31:28.1459000Z Download action repository 'azure/setup-kubectl@v4' (SHA:776406bce94f63e41d621b960d78ee25c8b76ede)
execute	Set up job	2026-09-26T09:31:28.2769456Z Download action repository 'azure/setup-helm@v4' (SHA:1a275c3b69536ee54be43f2070a358922e12c8d4)
execute	Set up job	2026-09-26T09:31:28.4022521Z Download action repository 'tailscale/github-action@v4' (SHA:d1b6cd204f8dceda5b3eaad7f1f767be390056cd)
execute	Set up job	2026-09-26T09:31:28.6666461Z Complete job name: execute
execute	Validate module	﻿2026-09-26T09:31:28.7343070Z ##[group]Run case "${MODULE_PATH}" in
execute	Validate module	2026-09-26T09:31:28.7344024Z ^[[36;1mcase "${MODULE_PATH}" in^[[0m
execute	Validate module	2026-09-26T09:31:28.7344874Z ^[[36;1m  .|duckdb|rustfs|maintenance|generator) ;;^[[0m
execute	Validate module	2026-09-26T09:31:28.7346132Z ^[[36;1m  *) echo "❌ Invalid module '${MODULE_PATH}' (allowed: all, duckdb, rustfs, maintenance, generator)" && exit 1 ;;^[[0m
execute	Validate module	2026-09-26T09:31:28.7347293Z ^[[36;1mesac^[[0m
execute	Validate module	2026-09-26T09:31:28.7634704Z shell: /usr/bin/bash -e {0}
execute	Validate module	2026-09-26T09:31:28.7635861Z env:
execute	Validate module	2026-09-26T09:31:28.7636581Z   MODULE_PATH: rustfs
execute	Validate module	2026-09-26T09:31:28.7637345Z   K8S_ACTION: logs
execute	Validate module	2026-09-26T09:31:28.7638244Z   RUSTFS_ACCESS_KEY: ***
execute	Validate module	2026-09-26T09:31:28.7639071Z   RUSTFS_SECRET_KEY: ***
execute	Validate module	2026-09-26T09:31:28.7639873Z   DUCKFLIGHT_USER: ***
execute	Validate module	2026-09-26T09:31:28.7640885Z   DUCKFLIGHT_PASSWORD: ***
execute	Validate module	2026-09-26T09:31:28.7641632Z ##[endgroup]
execute	Run actions/checkout@v4	﻿2026-09-26T09:31:28.8166875Z ##[group]Run actions/checkout@v4
execute	Run actions/checkout@v4	2026-09-26T09:31:28.8168268Z with:
execute	Run actions/checkout@v4	2026-09-26T09:31:28.8169515Z   repository: daun-gatal/***
execute	Run actions/checkout@v4	2026-09-26T09:31:28.8174313Z   token: ***
execute	Run actions/checkout@v4	2026-09-26T09:31:28.8175057Z   ssh-strict: true
execute	Run actions/checkout@v4	2026-09-26T09:31:28.8175718Z   ssh-*** git
execute	Run actions/checkout@v4	2026-09-26T09:31:28.8176406Z   persist-credentials: true
execute	Run actions/checkout@v4	2026-09-26T09:31:28.8177108Z   clean: true
execute	Run actions/checkout@v4	2026-09-26T09:31:28.8177765Z   sparse-checkout-cone-mode: true
execute	Run actions/checkout@v4	2026-09-26T09:31:28.8178507Z   fetch-depth: 1
execute	Run actions/checkout@v4	2026-09-26T09:31:28.8179149Z   fetch-tags: false
execute	Run actions/checkout@v4	2026-09-26T09:31:28.8179800Z   show-progress: true
execute	Run actions/checkout@v4	2026-09-26T09:31:28.8180721Z   lfs: false
execute	Run actions/checkout@v4	2026-09-26T09:31:28.8181373Z   submodules: false
execute	Run actions/checkout@v4	2026-09-26T09:31:28.8182085Z   set-safe-directory: true
execute	Run actions/checkout@v4	2026-09-26T09:31:28.8182820Z   allow-unsafe-pr-checkout: false
execute	Run actions/checkout@v4	2026-09-26T09:31:28.8183520Z env:
execute	Run actions/checkout@v4	2026-09-26T09:31:28.8184124Z   MODULE_PATH: rustfs
execute	Run actions/checkout@v4	2026-09-26T09:31:28.8184783Z   K8S_ACTION: logs
execute	Run actions/checkout@v4	2026-09-26T09:31:28.8185469Z   RUSTFS_ACCESS_KEY: ***
execute	Run actions/checkout@v4	2026-09-26T09:31:28.8186460Z   RUSTFS_SECRET_KEY: ***
execute	Run actions/checkout@v4	2026-09-26T09:31:28.8187831Z   DUCKFLIGHT_USER: ***
execute	Run actions/checkout@v4	2026-09-26T09:31:28.8189046Z   DUCKFLIGHT_PASSWORD: ***
execute	Run actions/checkout@v4	2026-09-26T09:31:28.8190255Z ##[endgroup]
execute	Run actions/checkout@v4	2026-09-26T09:31:28.9189082Z Syncing repository: daun-gatal/***
execute	Run actions/checkout@v4	2026-09-26T09:31:28.9192782Z ##[group]Getting Git version info
execute	Run actions/checkout@v4	2026-09-26T09:31:28.9194552Z Working directory is '/home/runner/work/***/***'
execute	Run actions/checkout@v4	2026-09-26T09:31:28.9196621Z [command]/usr/bin/git version
execute	Run actions/checkout@v4	2026-09-26T09:31:28.9269522Z git version 2.55.0
execute	Run actions/checkout@v4	2026-09-26T09:31:28.9292784Z ##[endgroup]
execute	Run actions/checkout@v4	2026-09-26T09:31:28.9308410Z Temporarily overriding HOME='/home/runner/work/_temp/ede78eae-a8d9-4d95-8fae-fe74fef5b2b9' before making global git config changes
execute	Run actions/checkout@v4	2026-09-26T09:31:28.9311624Z Adding repository directory to the temporary git global config as a safe directory
execute	Run actions/checkout@v4	2026-09-26T09:31:28.9315339Z [command]/usr/bin/git config --global --add safe.directory /home/runner/work/***/***
execute	Run actions/checkout@v4	2026-09-26T09:31:28.9370614Z Deleting the contents of '/home/runner/work/***/***'
execute	Run actions/checkout@v4	2026-09-26T09:31:28.9374614Z ##[group]Initializing the repository
execute	Run actions/checkout@v4	2026-09-26T09:31:28.9378220Z [command]/usr/bin/git init /home/runner/work/***/***
execute	Run actions/checkout@v4	2026-09-26T09:31:28.9492309Z hint: Using 'master' as the name for the initial branch. This default branch name
execute	Run actions/checkout@v4	2026-09-26T09:31:28.9494424Z hint: will change to "main" in Git 3.0. To configure the initial branch name
execute	Run actions/checkout@v4	2026-09-26T09:31:28.9496293Z hint: to use in all of your new repositories, which will suppress this warning,
execute	Run actions/checkout@v4	2026-09-26T09:31:28.9497872Z hint: call:
execute	Run actions/checkout@v4	2026-09-26T09:31:28.9498953Z hint:
execute	Run actions/checkout@v4	2026-09-26T09:31:28.9500511Z hint: 	git config --global init.defaultBranch <name>
execute	Run actions/checkout@v4	2026-09-26T09:31:28.9501862Z hint:
execute	Run actions/checkout@v4	2026-09-26T09:31:28.9503130Z hint: Names commonly chosen instead of 'master' are 'main', 'trunk' and
execute	Run actions/checkout@v4	2026-09-26T09:31:28.9505091Z hint: 'development'. The just-created branch can be renamed via this command:
execute	Run actions/checkout@v4	2026-09-26T09:31:28.9506639Z hint:
execute	Run actions/checkout@v4	2026-09-26T09:31:28.9507629Z hint: 	git branch -m <name>
execute	Run actions/checkout@v4	2026-09-26T09:31:28.9508715Z hint:
execute	Run actions/checkout@v4	2026-09-26T09:31:28.9509668Z hint: Disable this message with "git config set advice.defaultBranchName false"
execute	Run actions/checkout@v4	2026-09-26T09:31:28.9512475Z Initialized empty Git repository in /home/runner/work/***/***/.git/
execute	Run actions/checkout@v4	2026-09-26T09:31:28.9523723Z [command]/usr/bin/git remote add origin https://github.com/daun-gatal/***
execute	Run actions/checkout@v4	2026-09-26T09:31:28.9558756Z ##[endgroup]
execute	Run actions/checkout@v4	2026-09-26T09:31:28.9561080Z ##[group]Disabling automatic garbage collection
execute	Run actions/checkout@v4	2026-09-26T09:31:28.9562938Z [command]/usr/bin/git config --local gc.auto 0
execute	Run actions/checkout@v4	2026-09-26T09:31:28.9609135Z ##[endgroup]
execute	Run actions/checkout@v4	2026-09-26T09:31:28.9611884Z ##[group]Setting up auth
execute	Run actions/checkout@v4	2026-09-26T09:31:28.9613476Z [command]/usr/bin/git config --local --name-only --get-regexp core\.sshCommand
execute	Run actions/checkout@v4	2026-09-26T09:31:28.9641649Z [command]/usr/bin/git submodule foreach --recursive sh -c "git config --local --name-only --get-regexp 'core\.sshCommand' && git config --local --unset-all 'core.sshCommand' || :"
execute	Run actions/checkout@v4	2026-09-26T09:31:29.0054258Z [command]/usr/bin/git config --local --name-only --get-regexp http\.https\:\/\/github\.com\/\.extraheader
execute	Run actions/checkout@v4	2026-09-26T09:31:29.0095924Z [command]/usr/bin/git submodule foreach --recursive sh -c "git config --local --name-only --get-regexp 'http\.https\:\/\/github\.com\/\.extraheader' && git config --local --unset-all 'http.https://github.com/.extraheader' || :"
execute	Run actions/checkout@v4	2026-09-26T09:31:29.0325241Z [command]/usr/bin/git config --local --name-only --get-regexp ^includeIf\.gitdir:
execute	Run actions/checkout@v4	2026-09-26T09:31:29.0361856Z [command]/usr/bin/git submodule foreach --recursive git config --local --show-origin --name-only --get-regexp remote.origin.url
execute	Run actions/checkout@v4	2026-09-26T09:31:29.0593790Z [command]/usr/bin/git config --local http.https://github.com/.extraheader AUTHORIZATION: basic ***
execute	Run actions/checkout@v4	2026-09-26T09:31:29.0639768Z ##[endgroup]
execute	Run actions/checkout@v4	2026-09-26T09:31:29.0641964Z ##[group]Fetching the repository
execute	Run actions/checkout@v4	2026-09-26T09:31:29.0650902Z [command]/usr/bin/git -c protocol.version=2 fetch --no-tags --prune --no-recurse-submodules --depth=1 origin +087275aed0502c24329c192acfda2bedf7374644:refs/remotes/origin/master
execute	Run actions/checkout@v4	2026-09-26T09:31:29.3156383Z From https://github.com/daun-gatal/***
execute	Run actions/checkout@v4	2026-09-26T09:31:29.3159553Z  * [new ref]         087275aed0502c24329c192acfda2bedf7374644 -> origin/master
execute	Run actions/checkout@v4	2026-09-26T09:31:29.3166496Z ##[endgroup]
execute	Run actions/checkout@v4	2026-09-26T09:31:29.3169704Z ##[group]Determining the checkout info
execute	Run actions/checkout@v4	2026-09-26T09:31:29.3173929Z ##[endgroup]
execute	Run actions/checkout@v4	2026-09-26T09:31:29.3176239Z [command]/usr/bin/git sparse-checkout disable
execute	Run actions/checkout@v4	2026-09-26T09:31:29.3230852Z [command]/usr/bin/git config --local --unset-all extensions.worktreeConfig
execute	Run actions/checkout@v4	2026-09-26T09:31:29.3266781Z ##[group]Checking out the ref
execute	Run actions/checkout@v4	2026-09-26T09:31:29.3270823Z [command]/usr/bin/git checkout --progress --force -B master refs/remotes/origin/master
execute	Run actions/checkout@v4	2026-09-26T09:31:29.3362286Z Reset branch 'master'
execute	Run actions/checkout@v4	2026-09-26T09:31:29.3368804Z branch 'master' set up to track 'origin/master'.
execute	Run actions/checkout@v4	2026-09-26T09:31:29.3375722Z ##[endgroup]
execute	Run actions/checkout@v4	2026-09-26T09:31:29.3415139Z [command]/usr/bin/git log -1 --format=%H
execute	Run actions/checkout@v4	2026-09-26T09:31:29.3441943Z 087275aed0502c24329c192acfda2bedf7374644
execute	Setup kubectl	﻿2026-09-26T09:31:29.3679450Z ##[group]Run azure/setup-kubectl@v4
execute	Setup kubectl	2026-09-26T09:31:29.3681383Z with:
execute	Setup kubectl	2026-09-26T09:31:29.3682732Z   version: v1.30.0
execute	Setup kubectl	2026-09-26T09:31:29.3684154Z env:
execute	Setup kubectl	2026-09-26T09:31:29.3685486Z   MODULE_PATH: rustfs
execute	Setup kubectl	2026-09-26T09:31:29.3686970Z   K8S_ACTION: logs
execute	Setup kubectl	2026-09-26T09:31:29.3688543Z   RUSTFS_ACCESS_KEY: ***
execute	Setup kubectl	2026-09-26T09:31:29.3690178Z   RUSTFS_SECRET_KEY: ***
execute	Setup kubectl	2026-09-26T09:31:29.3691904Z   DUCKFLIGHT_USER: ***
execute	Setup kubectl	2026-09-26T09:31:29.3693529Z   DUCKFLIGHT_PASSWORD: ***
execute	Setup kubectl	2026-09-26T09:31:29.3695086Z ##[endgroup]
execute	Setup Helm	﻿2026-09-26T09:31:29.8504826Z ##[group]Run azure/setup-helm@v4
execute	Setup Helm	2026-09-26T09:31:29.8506235Z with:
execute	Setup Helm	2026-09-26T09:31:29.8507323Z   version: v3.14.4
execute	Setup Helm	2026-09-26T09:31:29.8517316Z   token: ***
execute	Setup Helm	2026-09-26T09:31:29.8518568Z   downloadBaseURL: https://get.helm.sh
execute	Setup Helm	2026-09-26T09:31:29.8519975Z env:
execute	Setup Helm	2026-09-26T09:31:29.8521313Z   MODULE_PATH: rustfs
execute	Setup Helm	2026-09-26T09:31:29.8522522Z   K8S_ACTION: logs
execute	Setup Helm	2026-09-26T09:31:29.8523749Z   RUSTFS_ACCESS_KEY: ***
execute	Setup Helm	2026-09-26T09:31:29.8525055Z   RUSTFS_SECRET_KEY: ***
execute	Setup Helm	2026-09-26T09:31:29.8526334Z   DUCKFLIGHT_USER: ***
execute	Setup Helm	2026-09-26T09:31:29.8527662Z   DUCKFLIGHT_PASSWORD: ***
execute	Setup Helm	2026-09-26T09:31:29.8528900Z ##[endgroup]
execute	Setup Helm	2026-09-26T09:31:29.9216092Z ##[group]Installing v3.14.4
execute	Setup Helm	2026-09-26T09:31:29.9228207Z Downloading 'v3.14.4' from 'https://get.helm.sh'
execute	Setup Helm	2026-09-26T09:31:30.1193270Z [command]/usr/bin/tar xz --warning=no-unknown-keyword --overwrite -C /home/runner/work/_temp/1f66995c-8da4-45b4-ba32-8dc021ff25da -f /home/runner/work/_temp/46b3f74c-fee8-4ecc-8a82-41bf498b6c0f
execute	Setup Helm	2026-09-26T09:31:30.4725532Z ##[endgroup]
execute	Setup Helm	2026-09-26T09:31:30.4729750Z Helm tool version 'v3.14.4' has been cached at /opt/hostedtoolcache/helm/3.14.4/x64/linux-amd64/helm
execute	Setup Tailscale	﻿2026-09-26T09:31:30.5020550Z ##[group]Run tailscale/github-action@v4
execute	Setup Tailscale	2026-09-26T09:31:30.5022064Z with:
execute	Setup Tailscale	2026-09-26T09:31:30.5023340Z   oauth-client-id: ***
execute	Setup Tailscale	2026-09-26T09:31:30.5025210Z   oauth-secret: ***
execute	Setup Tailscale	2026-09-26T09:31:30.5026410Z   tags: tag:git
execute	Setup Tailscale	2026-09-26T09:31:30.5027577Z   version: 1.94.2
execute	Setup Tailscale	2026-09-26T09:31:30.5028735Z   timeout: 2m
execute	Setup Tailscale	2026-09-26T09:31:30.5029854Z   retry: 5
execute	Setup Tailscale	2026-09-26T09:31:30.5031142Z   use-cache: true
execute	Setup Tailscale	2026-09-26T09:31:30.5032321Z   log-mode: grouped
execute	Setup Tailscale	2026-09-26T09:31:30.5033490Z env:
execute	Setup Tailscale	2026-09-26T09:31:30.5034610Z   MODULE_PATH: rustfs
execute	Setup Tailscale	2026-09-26T09:31:30.5035878Z   K8S_ACTION: logs
execute	Setup Tailscale	2026-09-26T09:31:30.5037154Z   RUSTFS_ACCESS_KEY: ***
execute	Setup Tailscale	2026-09-26T09:31:30.5038468Z   RUSTFS_SECRET_KEY: ***
execute	Setup Tailscale	2026-09-26T09:31:30.5039772Z   DUCKFLIGHT_USER: ***
execute	Setup Tailscale	2026-09-26T09:31:30.5041416Z   DUCKFLIGHT_PASSWORD: ***
execute	Setup Tailscale	2026-09-26T09:31:30.5042702Z ##[endgroup]
execute	Setup Tailscale	2026-09-26T09:31:30.6324964Z ##[group]Resolving Tailscale version
execute	Setup Tailscale	2026-09-26T09:31:30.6327325Z Resolved Tailscale version: 1.94.2
execute	Setup Tailscale	2026-09-26T09:31:30.6329721Z ##[endgroup]
execute	Setup Tailscale	2026-09-26T09:31:30.6332386Z ##[group]Installing Tailscale
execute	Setup Tailscale	2026-09-26T09:31:30.7125912Z Cache hit for: action-setup-tailscale/1.94.2/Linux-amd64
execute	Setup Tailscale	2026-09-26T09:31:31.0473650Z Received 34760009 of 34760009 (100.0%), 122.3 MBs/sec
execute	Setup Tailscale	2026-09-26T09:31:31.0477085Z Cache Size: ~33 MB (34760009 B)
execute	Setup Tailscale	2026-09-26T09:31:31.0517106Z [command]/usr/bin/tar -xf /home/runner/work/_temp/63ea1afb-f2de-4a15-9d70-9b578d3925e5/cache.tzst -P -C /home/runner/work/***/*** --use-compress-program unzstd
execute	Setup Tailscale	2026-09-26T09:31:31.1727409Z Cache restored successfully
execute	Setup Tailscale	2026-09-26T09:31:31.1745330Z Found Tailscale 1.94.2 in cache: /opt/hostedtoolcache/tailscale/1.94.2/Linux-amd64
execute	Setup Tailscale	2026-09-26T09:31:31.1749252Z ▶️ copy tailscale from cache
execute	Setup Tailscale	2026-09-26T09:31:31.1975978Z ▶️ copy tailscaled from cache
execute	Setup Tailscale	2026-09-26T09:31:31.2225074Z ▶️ chmod tailscale
execute	Setup Tailscale	2026-09-26T09:31:31.2342392Z ▶️ chmod tailscaled
execute	Setup Tailscale	2026-09-26T09:31:31.2454372Z ##[endgroup]
execute	Setup Tailscale	2026-09-26T09:31:31.2457862Z ##[group]Starting tailscaled
execute	Setup Tailscale	2026-09-26T09:31:31.2460085Z Starting tailscaled daemon...
execute	Setup Tailscale	2026-09-26T09:31:31.2493210Z Waiting for tailscaled daemon to become ready...
execute	Setup Tailscale	2026-09-26T09:31:31.2512531Z ▶️ get tailscale status
execute	Setup Tailscale	2026-09-26T09:31:31.5129519Z Daemon ready! Initial state: NeedsLogin
execute	Setup Tailscale	2026-09-26T09:31:31.5131341Z ✅ tailscaled daemon is up and running!
execute	Setup Tailscale	2026-09-26T09:31:31.5133401Z ##[endgroup]
execute	Setup Tailscale	2026-09-26T09:31:31.5134781Z ##[group]Connecting to Tailscale
execute	Setup Tailscale	2026-09-26T09:31:31.5136030Z ▶️ hostname
execute	Setup Tailscale	2026-09-26T09:31:31.5187264Z Attempt 1 to bring up Tailscale...
execute	Setup Tailscale	2026-09-26T09:31:31.5188192Z ▶️ tailscale up
execute	Setup Tailscale	2026-09-26T09:31:32.8721459Z ✅ Tailscale up command completed successfully on attempt 1
execute	Setup Tailscale	2026-09-26T09:31:32.8723350Z ##[endgroup]
execute	Setup Tailscale	2026-09-26T09:31:32.8724292Z ##[group]Checking Tailscale status
execute	Setup Tailscale	2026-09-26T09:31:32.8725084Z ▶️ get tailscale status
execute	Setup Tailscale	2026-09-26T09:31:32.8832353Z ✅ Tailscale is running and connected!
execute	Setup Tailscale	2026-09-26T09:31:32.8834013Z ##[endgroup]
execute	Write Kubeconfig	﻿2026-09-26T09:31:32.9005672Z ##[group]Run mkdir -p ~/.kube
execute	Write Kubeconfig	2026-09-26T09:31:32.9006182Z ^[[36;1mmkdir -p ~/.kube^[[0m
execute	Write Kubeconfig	2026-09-26T09:31:32.9006595Z ^[[36;1m# use printf to preserve multiline YAML exactly^[[0m
execute	Write Kubeconfig	2026-09-26T09:31:32.9007266Z ^[[36;1mprintf '%s' "***^[[0m
execute	Write Kubeconfig	2026-09-26T09:31:32.9007627Z ^[[36;1m***^[[0m
execute	Write Kubeconfig	2026-09-26T09:31:32.9007953Z ^[[36;1m***^[[0m
execute	Write Kubeconfig	2026-09-26T09:31:32.9015978Z ^[[36;1m    ***^[[0m
execute	Write Kubeconfig	2026-09-26T09:31:32.9016358Z ^[[36;1m    ***^[[0m
execute	Write Kubeconfig	2026-09-26T09:31:32.9016669Z ^[[36;1m  ***^[[0m
execute	Write Kubeconfig	2026-09-26T09:31:32.9016967Z ^[[36;1m***^[[0m
execute	Write Kubeconfig	2026-09-26T09:31:32.9017279Z ^[[36;1m***^[[0m
execute	Write Kubeconfig	2026-09-26T09:31:32.9017577Z ^[[36;1m    ***^[[0m
execute	Write Kubeconfig	2026-09-26T09:31:32.9017898Z ^[[36;1m    ***^[[0m
execute	Write Kubeconfig	2026-09-26T09:31:32.9018197Z ^[[36;1m  ***^[[0m
execute	Write Kubeconfig	2026-09-26T09:31:32.9018504Z ^[[36;1m***^[[0m
execute	Write Kubeconfig	2026-09-26T09:31:32.9018797Z ^[[36;1m***^[[0m
execute	Write Kubeconfig	2026-09-26T09:31:32.9019086Z ^[[36;1m***^[[0m
execute	Write Kubeconfig	2026-09-26T09:31:32.9019410Z ^[[36;1m***^[[0m
execute	Write Kubeconfig	2026-09-26T09:31:32.9019695Z ^[[36;1m  ***^[[0m
execute	Write Kubeconfig	2026-09-26T09:31:32.9046359Z ^[[36;1m    ***^[[0m
execute	Write Kubeconfig	2026-09-26T09:31:32.9048600Z ^[[36;1m    ***" > ~/.kube/config^[[0m
execute	Write Kubeconfig	2026-09-26T09:31:32.9048987Z ^[[36;1mchmod 600 ~/.kube/config^[[0m
execute	Write Kubeconfig	2026-09-26T09:31:32.9049654Z ^[[36;1mif ! grep -q "server:" ~/.kube/config; then^[[0m
execute	Write Kubeconfig	2026-09-26T09:31:32.9050415Z ^[[36;1m  echo "❌ KUBECONFIG secret empty or invalid — check GitHub Secrets KUBECONFIG"^[[0m
execute	Write Kubeconfig	2026-09-26T09:31:32.9050975Z ^[[36;1m  ls -lh ~/.kube/config^[[0m
execute	Write Kubeconfig	2026-09-26T09:31:32.9051516Z ^[[36;1m  wc -l ~/.kube/config || true^[[0m
execute	Write Kubeconfig	2026-09-26T09:31:32.9052108Z ^[[36;1m  exit 1^[[0m
execute	Write Kubeconfig	2026-09-26T09:31:32.9052443Z ^[[36;1mfi^[[0m
execute	Write Kubeconfig	2026-09-26T09:31:32.9052756Z ^[[36;1mecho "Kubeconfig server:"^[[0m
execute	Write Kubeconfig	2026-09-26T09:31:32.9053351Z ^[[36;1mgrep -E "server:" ~/.kube/config || true^[[0m
execute	Write Kubeconfig	2026-09-26T09:31:32.9053786Z ^[[36;1m# export for this and next steps^[[0m
execute	Write Kubeconfig	2026-09-26T09:31:32.9054235Z ^[[36;1mecho "KUBECONFIG=$HOME/.kube/config" >> $GITHUB_ENV^[[0m
execute	Write Kubeconfig	2026-09-26T09:31:32.9054687Z ^[[36;1mexport KUBECONFIG=$HOME/.kube/config^[[0m
execute	Write Kubeconfig	2026-09-26T09:31:32.9055084Z ^[[36;1mkubectl cluster-info || true^[[0m
execute	Write Kubeconfig	2026-09-26T09:31:32.9055750Z ^[[36;1mkubectl get ns *** || echo "Namespace *** not found (will be created if namespace.yaml included)"^[[0m
execute	Write Kubeconfig	2026-09-26T09:31:32.9121116Z shell: /usr/bin/bash -e {0}
execute	Write Kubeconfig	2026-09-26T09:31:32.9121594Z env:
execute	Write Kubeconfig	2026-09-26T09:31:32.9121982Z   MODULE_PATH: rustfs
execute	Write Kubeconfig	2026-09-26T09:31:32.9122308Z   K8S_ACTION: logs
execute	Write Kubeconfig	2026-09-26T09:31:32.9122651Z   RUSTFS_ACCESS_KEY: ***
execute	Write Kubeconfig	2026-09-26T09:31:32.9122999Z   RUSTFS_SECRET_KEY: ***
execute	Write Kubeconfig	2026-09-26T09:31:32.9123330Z   DUCKFLIGHT_USER: ***
execute	Write Kubeconfig	2026-09-26T09:31:32.9123665Z   DUCKFLIGHT_PASSWORD: ***
execute	Write Kubeconfig	2026-09-26T09:31:32.9124182Z ##[endgroup]
execute	Write Kubeconfig	2026-09-26T09:31:32.9247304Z Kubeconfig server:
execute	Write Kubeconfig	2026-09-26T09:31:32.9258124Z     ***
execute	Write Kubeconfig	2026-09-26T09:31:35.3920248Z ^[[0;32mKubernetes control plane^[[0m is running at ^[[0;33mhttps://100.67.79.243:6443^[[0m
execute	Write Kubeconfig	2026-09-26T09:31:35.3931290Z ^[[0;32mCoreDNS^[[0m is running at ^[[0;33mhttps://100.67.79.243:6443/api/v1/namespaces/kube-system/services/kube-dns:dns/proxy^[[0m
execute	Write Kubeconfig	2026-09-26T09:31:35.3933411Z ^[[0;32mMetrics-server^[[0m is running at ^[[0;33mhttps://100.67.79.243:6443/api/v1/namespaces/kube-system/services/https:metrics-server:https/proxy^[[0m
execute	Write Kubeconfig	2026-09-26T09:31:35.3934577Z 
execute	Write Kubeconfig	2026-09-26T09:31:35.3935113Z To further debug and diagnose cluster problems, use 'kubectl cluster-info dump'.
execute	Write Kubeconfig	2026-09-26T09:31:36.1557844Z NAME        STATUS   AGE
execute	Write Kubeconfig	2026-09-26T09:31:36.1558667Z ***   Active   32h
execute	Ensure Namespaces	﻿2026-09-26T09:31:36.1622222Z ##[group]Run for NS in *** rustfs; do
execute	Ensure Namespaces	2026-09-26T09:31:36.1622700Z ^[[36;1mfor NS in *** rustfs; do^[[0m
execute	Ensure Namespaces	2026-09-26T09:31:36.1623088Z ^[[36;1m  echo "→ ensuring namespace/$NS"^[[0m
execute	Ensure Namespaces	2026-09-26T09:31:36.1623667Z ^[[36;1m  kubectl create namespace "$NS" --dry-run=client -o yaml | kubectl apply -f -^[[0m
execute	Ensure Namespaces	2026-09-26T09:31:36.1624185Z ^[[36;1mdone^[[0m
execute	Ensure Namespaces	2026-09-26T09:31:36.1686145Z shell: /usr/bin/bash -e {0}
execute	Ensure Namespaces	2026-09-26T09:31:36.1686487Z env:
execute	Ensure Namespaces	2026-09-26T09:31:36.1686771Z   MODULE_PATH: rustfs
execute	Ensure Namespaces	2026-09-26T09:31:36.1687086Z   K8S_ACTION: logs
execute	Ensure Namespaces	2026-09-26T09:31:36.1687421Z   RUSTFS_ACCESS_KEY: ***
execute	Ensure Namespaces	2026-09-26T09:31:36.1687792Z   RUSTFS_SECRET_KEY: ***
execute	Ensure Namespaces	2026-09-26T09:31:36.1688147Z   DUCKFLIGHT_USER: ***
execute	Ensure Namespaces	2026-09-26T09:31:36.1688481Z   DUCKFLIGHT_PASSWORD: ***
execute	Ensure Namespaces	2026-09-26T09:31:36.1688817Z   KUBECONFIG: /home/runner/.kube/config
execute	Ensure Namespaces	2026-09-26T09:31:36.1689172Z ##[endgroup]
execute	Ensure Namespaces	2026-09-26T09:31:36.1771246Z → ensuring namespace/***
execute	Ensure Namespaces	2026-09-26T09:31:41.6433653Z namespace/*** configured
execute	Ensure Namespaces	2026-09-26T09:31:41.6447503Z → ensuring namespace/rustfs
execute	Ensure Namespaces	2026-09-26T09:31:43.2268869Z namespace/rustfs configured
execute	Create Secrets from GitHub Secrets	﻿2026-09-26T09:31:43.2318988Z ##[group]Run kubectl create secret generic rustfs-credentials -n rustfs \
execute	Create Secrets from GitHub Secrets	2026-09-26T09:31:43.2319679Z ^[[36;1mkubectl create secret generic rustfs-credentials -n rustfs \^[[0m
execute	Create Secrets from GitHub Secrets	2026-09-26T09:31:43.2320270Z ^[[36;1m  --from-literal=RUSTFS_ACCESS_KEY="${RUSTFS_ACCESS_KEY}" \^[[0m
execute	Create Secrets from GitHub Secrets	2026-09-26T09:31:43.2321146Z ^[[36;1m  --from-literal=RUSTFS_SECRET_KEY="${RUSTFS_SECRET_KEY}" \^[[0m
execute	Create Secrets from GitHub Secrets	2026-09-26T09:31:43.2321659Z ^[[36;1m  --dry-run=client -o yaml | kubectl apply -f -^[[0m
execute	Create Secrets from GitHub Secrets	2026-09-26T09:31:43.2322218Z ^[[36;1mkubectl create secret generic rustfs-credentials -n *** \^[[0m
execute	Create Secrets from GitHub Secrets	2026-09-26T09:31:43.2322763Z ^[[36;1m  --from-literal=RUSTFS_ACCESS_KEY="${RUSTFS_ACCESS_KEY}" \^[[0m
execute	Create Secrets from GitHub Secrets	2026-09-26T09:31:43.2323280Z ^[[36;1m  --from-literal=RUSTFS_SECRET_KEY="${RUSTFS_SECRET_KEY}" \^[[0m
execute	Create Secrets from GitHub Secrets	2026-09-26T09:31:43.2323765Z ^[[36;1m  --dry-run=client -o yaml | kubectl apply -f -^[[0m
execute	Create Secrets from GitHub Secrets	2026-09-26T09:31:43.2324283Z ^[[36;1mkubectl create secret generic duckflight-auth -n *** \^[[0m
execute	Create Secrets from GitHub Secrets	2026-09-26T09:31:43.2324781Z ^[[36;1m  --from-literal=username="${DUCKFLIGHT_USER}" \^[[0m
execute	Create Secrets from GitHub Secrets	2026-09-26T09:31:43.2325335Z ^[[36;1m  --from-literal=*** \^[[0m
execute	Create Secrets from GitHub Secrets	2026-09-26T09:31:43.2325740Z ^[[36;1m  --dry-run=client -o yaml | kubectl apply -f -^[[0m
execute	Create Secrets from GitHub Secrets	2026-09-26T09:31:43.2388501Z shell: /usr/bin/bash -e {0}
execute	Create Secrets from GitHub Secrets	2026-09-26T09:31:43.2388837Z env:
execute	Create Secrets from GitHub Secrets	2026-09-26T09:31:43.2389125Z   MODULE_PATH: rustfs
execute	Create Secrets from GitHub Secrets	2026-09-26T09:31:43.2389440Z   K8S_ACTION: logs
execute	Create Secrets from GitHub Secrets	2026-09-26T09:31:43.2389782Z   RUSTFS_ACCESS_KEY: ***
execute	Create Secrets from GitHub Secrets	2026-09-26T09:31:43.2390132Z   RUSTFS_SECRET_KEY: ***
execute	Create Secrets from GitHub Secrets	2026-09-26T09:31:43.2390782Z   DUCKFLIGHT_USER: ***
execute	Create Secrets from GitHub Secrets	2026-09-26T09:31:43.2391126Z   DUCKFLIGHT_PASSWORD: ***
execute	Create Secrets from GitHub Secrets	2026-09-26T09:31:43.2391462Z   KUBECONFIG: /home/runner/.kube/config
execute	Create Secrets from GitHub Secrets	2026-09-26T09:31:43.2391814Z ##[endgroup]
execute	Create Secrets from GitHub Secrets	2026-09-26T09:31:44.8247212Z secret/rustfs-credentials configured
execute	Create Secrets from GitHub Secrets	2026-09-26T09:31:46.4038369Z secret/rustfs-credentials configured
execute	Create Secrets from GitHub Secrets	2026-09-26T09:31:47.9798769Z secret/duckflight-auth configured
execute	Kustomize Build	﻿2026-09-26T09:31:47.9860893Z ##[group]Run echo "▶ Building ${MODULE_PATH}"
execute	Kustomize Build	2026-09-26T09:31:47.9861762Z ^[[36;1mecho "▶ Building ${MODULE_PATH}"^[[0m
execute	Kustomize Build	2026-09-26T09:31:47.9862771Z ^[[36;1m# --enable-helm is required: rustfs/ inflates the rustfs helm chart via the helm binary^[[0m
execute	Kustomize Build	2026-09-26T09:31:47.9864248Z ^[[36;1mkubectl kustomize --enable-helm "${MODULE_PATH}" > /tmp/built.yaml^[[0m
execute	Kustomize Build	2026-09-26T09:31:47.9865295Z ^[[36;1mecho "Built $(grep -c "^kind:" /tmp/built.yaml) resources"^[[0m
execute	Kustomize Build	2026-09-26T09:31:47.9866125Z ^[[36;1mhead -n 80 /tmp/built.yaml^[[0m
execute	Kustomize Build	2026-09-26T09:31:47.9929193Z shell: /usr/bin/bash -e {0}
execute	Kustomize Build	2026-09-26T09:31:47.9929536Z env:
execute	Kustomize Build	2026-09-26T09:31:47.9929817Z   MODULE_PATH: rustfs
execute	Kustomize Build	2026-09-26T09:31:47.9930129Z   K8S_ACTION: logs
execute	Kustomize Build	2026-09-26T09:31:47.9930696Z   RUSTFS_ACCESS_KEY: ***
execute	Kustomize Build	2026-09-26T09:31:47.9931051Z   RUSTFS_SECRET_KEY: ***
execute	Kustomize Build	2026-09-26T09:31:47.9931384Z   DUCKFLIGHT_USER: ***
execute	Kustomize Build	2026-09-26T09:31:47.9931711Z   DUCKFLIGHT_PASSWORD: ***
execute	Kustomize Build	2026-09-26T09:31:47.9932047Z   KUBECONFIG: /home/runner/.kube/config
execute	Kustomize Build	2026-09-26T09:31:47.9932411Z ##[endgroup]
execute	Kustomize Build	2026-09-26T09:31:48.0010230Z ▶ Building rustfs
execute	Kustomize Build	2026-09-26T09:31:48.3487218Z Built 6 resources
execute	Kustomize Build	2026-09-26T09:31:48.3496090Z ***
execute	Kustomize Build	2026-09-26T09:31:48.3496627Z kind: Namespace
execute	Kustomize Build	2026-09-26T09:31:48.3497127Z metadata:
execute	Kustomize Build	2026-09-26T09:31:48.3497616Z   name: rustfs
execute	Kustomize Build	2026-09-26T09:31:48.3498139Z ---
execute	Kustomize Build	2026-09-26T09:31:48.3498648Z ***
execute	Kustomize Build	2026-09-26T09:31:48.3499164Z automountServiceAccountToken: true
execute	Kustomize Build	2026-09-26T09:31:48.3499804Z kind: ServiceAccount
execute	Kustomize Build	2026-09-26T09:31:48.3500653Z metadata:
execute	Kustomize Build	2026-09-26T09:31:48.3501121Z   labels:
execute	Kustomize Build	2026-09-26T09:31:48.3501656Z     app.kubernetes.io/instance: rustfs
execute	Kustomize Build	2026-09-26T09:31:48.3502309Z     app.kubernetes.io/managed-by: Helm
execute	Kustomize Build	2026-09-26T09:31:48.3502934Z     app.kubernetes.io/name: rustfs
execute	Kustomize Build	2026-09-26T09:31:48.3503540Z     app.kubernetes.io/version: 1.0.0
execute	Kustomize Build	2026-09-26T09:31:48.3504154Z     helm.sh/chart: rustfs-1.0.0
execute	Kustomize Build	2026-09-26T09:31:48.3504702Z   name: rustfs
execute	Kustomize Build	2026-09-26T09:31:48.3505183Z   namespace: rustfs
execute	Kustomize Build	2026-09-26T09:31:48.3505542Z ---
execute	Kustomize Build	2026-09-26T09:31:48.3505828Z ***
execute	Kustomize Build	2026-09-26T09:31:48.3506093Z data:
execute	Kustomize Build	2026-09-26T09:31:48.3506374Z   RUSTFS_ADDRESS: :9000
execute	Kustomize Build	2026-09-26T09:31:48.3506700Z   RUSTFS_CONSOLE_ADDRESS: :80
execute	Kustomize Build	2026-09-26T09:31:48.3507038Z   RUSTFS_CONSOLE_ENABLE: "true"
execute	Kustomize Build	2026-09-26T09:31:48.3507395Z   RUSTFS_OBS_ENVIRONMENT: development
execute	Kustomize Build	2026-09-26T09:31:48.3507779Z   RUSTFS_OBS_LOG_DIRECTORY: /logs
execute	Kustomize Build	2026-09-26T09:31:48.3508132Z   RUSTFS_OBS_LOGGER_LEVEL: info
execute	Kustomize Build	2026-09-26T09:31:48.3508471Z   RUSTFS_REGION: us-east-1
execute	Kustomize Build	2026-09-26T09:31:48.3509001Z   RUSTFS_VOLUMES: http://rustfs-{0...3}.rustfs-headless.rustfs.svc.cluster.local:9000/data
execute	Kustomize Build	2026-09-26T09:31:48.3509558Z ***Map
execute	Kustomize Build	2026-09-26T09:31:48.3509825Z metadata:
execute	Kustomize Build	2026-09-26T09:31:48.3510096Z   labels: {}
execute	Kustomize Build	2026-09-26T09:31:48.3510899Z   name: rustfs-config
execute	Kustomize Build	2026-09-26T09:31:48.3511249Z   namespace: rustfs
execute	Kustomize Build	2026-09-26T09:31:48.3511534Z ---
execute	Kustomize Build	2026-09-26T09:31:48.3511816Z ***
execute	Kustomize Build	2026-09-26T09:31:48.3512079Z kind: Service
execute	Kustomize Build	2026-09-26T09:31:48.3512364Z metadata:
execute	Kustomize Build	2026-09-26T09:31:48.3512628Z   labels:
execute	Kustomize Build	2026-09-26T09:31:48.3512924Z     app.kubernetes.io/instance: rustfs
execute	Kustomize Build	2026-09-26T09:31:48.3513312Z     app.kubernetes.io/managed-by: Helm
execute	Kustomize Build	2026-09-26T09:31:48.3513676Z     app.kubernetes.io/name: rustfs
execute	Kustomize Build	2026-09-26T09:31:48.3514032Z     app.kubernetes.io/version: 1.0.0
execute	Kustomize Build	2026-09-26T09:31:48.3514389Z     helm.sh/chart: rustfs-1.0.0
execute	Kustomize Build	2026-09-26T09:31:48.3514741Z   name: rustfs-headless
execute	Kustomize Build	2026-09-26T09:31:48.3515080Z   namespace: rustfs
execute	Kustomize Build	2026-09-26T09:31:48.3515364Z spec:
execute	Kustomize Build	2026-09-26T09:31:48.3515645Z   clusterIP: None
execute	Kustomize Build	2026-09-26T09:31:48.3515943Z   ports:
execute	Kustomize Build	2026-09-26T09:31:48.3516228Z   - name: endpoint
execute	Kustomize Build	2026-09-26T09:31:48.3516519Z     port: 9000
execute	Kustomize Build	2026-09-26T09:31:48.3516811Z   - name: console
execute	Kustomize Build	2026-09-26T09:31:48.3517094Z     port: 80
execute	Kustomize Build	2026-09-26T09:31:48.3517396Z   publishNotReadyAddresses: true
execute	Kustomize Build	2026-09-26T09:31:48.3517730Z   selector:
execute	Kustomize Build	2026-09-26T09:31:48.3518028Z     app.kubernetes.io/instance: rustfs
execute	Kustomize Build	2026-09-26T09:31:48.3518396Z     app.kubernetes.io/name: rustfs
execute	Kustomize Build	2026-09-26T09:31:48.3518717Z ---
execute	Kustomize Build	2026-09-26T09:31:48.3518997Z ***
execute	Kustomize Build	2026-09-26T09:31:48.3519260Z kind: Service
execute	Kustomize Build	2026-09-26T09:31:48.3519770Z metadata:
execute	Kustomize Build	2026-09-26T09:31:48.3520049Z   annotations:
execute	Kustomize Build	2026-09-26T09:31:48.3520643Z     tailscale.com/expose: "true"
execute	Kustomize Build	2026-09-26T09:31:48.3521105Z     tailscale.com/hostname: rustfs
execute	Kustomize Build	2026-09-26T09:31:48.3521440Z   labels:
execute	Kustomize Build	2026-09-26T09:31:48.3522044Z     app.kubernetes.io/instance: rustfs
execute	Kustomize Build	2026-09-26T09:31:48.3522450Z     app.kubernetes.io/managed-by: Helm
execute	Kustomize Build	2026-09-26T09:31:48.3522808Z     app.kubernetes.io/name: rustfs
execute	Kustomize Build	2026-09-26T09:31:48.3523162Z     app.kubernetes.io/version: 1.0.0
execute	Kustomize Build	2026-09-26T09:31:48.3523519Z     helm.sh/chart: rustfs-1.0.0
execute	Kustomize Build	2026-09-26T09:31:48.3523855Z   name: rustfs-svc
execute	Kustomize Build	2026-09-26T09:31:48.3524162Z   namespace: rustfs
execute	Kustomize Build	2026-09-26T09:31:48.3524442Z spec:
execute	Kustomize Build	2026-09-26T09:31:48.3524702Z   ports:
execute	Kustomize Build	2026-09-26T09:31:48.3524978Z   - name: endpoint
execute	Kustomize Build	2026-09-26T09:31:48.3525262Z     port: 9000
execute	Kustomize Build	2026-09-26T09:31:48.3525549Z     targetPort: 9000
execute	Kustomize Build	2026-09-26T09:31:48.3525844Z   - name: console
execute	Kustomize Build	2026-09-26T09:31:48.3526122Z     port: 80
execute	Kustomize Build	2026-09-26T09:31:48.3526398Z     targetPort: 80
execute	Kustomize Build	2026-09-26T09:31:48.3526690Z   selector:
execute	Execute Action	﻿2026-09-26T09:31:48.3557617Z ##[group]Run set -e
execute	Execute Action	2026-09-26T09:31:48.3558587Z ^[[36;1mset -e^[[0m
execute	Execute Action	2026-09-26T09:31:48.3558902Z ^[[36;1mTARGET="${MODULE_PATH}"^[[0m
execute	Execute Action	2026-09-26T09:31:48.3559288Z ^[[36;1mecho "Target: $TARGET  Action: $K8S_ACTION"^[[0m
execute	Execute Action	2026-09-26T09:31:48.3559695Z ^[[36;1mcase "${K8S_ACTION}" in^[[0m
execute	Execute Action	2026-09-26T09:31:48.3560032Z ^[[36;1m  apply)^[[0m
execute	Execute Action	2026-09-26T09:31:48.3560637Z ^[[36;1m    echo "▶ Applying $TARGET"^[[0m
execute	Execute Action	2026-09-26T09:31:48.3561206Z ^[[36;1m    kubectl apply -f /tmp/built.yaml^[[0m
execute	Execute Action	2026-09-26T09:31:48.3561658Z ^[[36;1m    echo "▶ Syncing duckdb with deployed rustfs"^[[0m
execute	Execute Action	2026-09-26T09:31:48.3562123Z ^[[36;1m    bash scripts/sync-duckdb-rustfs.sh^[[0m
execute	Execute Action	2026-09-26T09:31:48.3562504Z ^[[36;1m    ;;^[[0m
execute	Execute Action	2026-09-26T09:31:48.3562794Z ^[[36;1m  diff)^[[0m
execute	Execute Action	2026-09-26T09:31:48.3563148Z ^[[36;1m    echo "▶ Diff $TARGET (like terraform refresh)"^[[0m
execute	Execute Action	2026-09-26T09:31:48.3563668Z ^[[36;1m    # diff exits 1 when changes exist — don't fail job^[[0m
execute	Execute Action	2026-09-26T09:31:48.3564133Z ^[[36;1m    kubectl diff -f /tmp/built.yaml || true^[[0m
execute	Execute Action	2026-09-26T09:31:48.3564564Z ^[[36;1m    ;;^[[0m
execute	Execute Action	2026-09-26T09:31:48.3564855Z ^[[36;1m  dry-run)^[[0m
execute	Execute Action	2026-09-26T09:31:48.3565187Z ^[[36;1m    echo "▶ Dry-run client+server $TARGET"^[[0m
execute	Execute Action	2026-09-26T09:31:48.3565654Z ^[[36;1m    kubectl apply --dry-run=client -f /tmp/built.yaml^[[0m
execute	Execute Action	2026-09-26T09:31:48.3566162Z ^[[36;1m    kubectl apply --dry-run=server -f /tmp/built.yaml || true^[[0m
execute	Execute Action	2026-09-26T09:31:48.3566599Z ^[[36;1m    ;;^[[0m
execute	Execute Action	2026-09-26T09:31:48.3566880Z ^[[36;1m  delete)^[[0m
execute	Execute Action	2026-09-26T09:31:48.3567302Z ^[[36;1m    echo "▶ Deleting $TARGET (reverse order: rustfs -> duckdb -> namespace)"^[[0m
execute	Execute Action	2026-09-26T09:31:48.3567920Z ^[[36;1m    kubectl delete -f /tmp/built.yaml --ignore-not-found=true --wait=true^[[0m
execute	Execute Action	2026-09-26T09:31:48.3568394Z ^[[36;1m    ;;^[[0m
execute	Execute Action	2026-09-26T09:31:48.3568672Z ^[[36;1m  restart)^[[0m
execute	Execute Action	2026-09-26T09:31:48.3569009Z ^[[36;1m    echo "▶ Rollout restart for $TARGET"^[[0m
execute	Execute Action	2026-09-26T09:31:48.3569507Z ^[[36;1m    # Array of fully-qualified targets — each entry is passed to^[[0m
execute	Execute Action	2026-09-26T09:31:48.3570078Z ^[[36;1m    # kubectl as ONE unit ("kind/name -n ns"), unlike the previous^[[0m
execute	Execute Action	2026-09-26T09:31:48.3570903Z ^[[36;1m    # space-joined string that word-split into broken invocations.^[[0m
execute	Execute Action	2026-09-26T09:31:48.3571388Z ^[[36;1m    case "$TARGET" in^[[0m
execute	Execute Action	2026-09-26T09:31:48.3571724Z ^[[36;1m      "."|all)^[[0m
execute	Execute Action	2026-09-26T09:31:48.3572729Z ^[[36;1m        TARGETS=("deployment/duckdb -n ***" "statefulset/rustfs -n rustfs" "cronjob/iceberg-maintenance-daily -n ***" "deployment/generator-stream -n ***" "cronjob/generator-batch -n ***")^[[0m
execute	Execute Action	2026-09-26T09:31:48.3573619Z ^[[36;1m        ;;^[[0m
execute	Execute Action	2026-09-26T09:31:48.3574013Z ^[[36;1m      duckdb) TARGETS=("deployment/duckdb -n ***") ;;^[[0m
execute	Execute Action	2026-09-26T09:31:48.3574512Z ^[[36;1m      rustfs) TARGETS=("statefulset/rustfs -n rustfs") ;;^[[0m
execute	Execute Action	2026-09-26T09:31:48.3575104Z ^[[36;1m      maintenance) TARGETS=("cronjob/iceberg-maintenance-daily -n ***") ;;^[[0m
execute	Execute Action	2026-09-26T09:31:48.3575775Z ^[[36;1m      generator)^[[0m
execute	Execute Action	2026-09-26T09:31:48.3589128Z ^[[36;1m        TARGETS=("deployment/generator-stream -n ***" "cronjob/generator-batch -n ***")^[[0m
execute	Execute Action	2026-09-26T09:31:48.3589878Z ^[[36;1m        ;;^[[0m
execute	Execute Action	2026-09-26T09:31:48.3590219Z ^[[36;1m      *) TARGETS=("$TARGET") ;;^[[0m
execute	Execute Action	2026-09-26T09:31:48.3591079Z ^[[36;1m    esac^[[0m
execute	Execute Action	2026-09-26T09:31:48.3591415Z ^[[36;1m    for OBJ in "${TARGETS[@]}"; do^[[0m
execute	Execute Action	2026-09-26T09:31:48.3591838Z ^[[36;1m      echo "→ kubectl rollout restart $OBJ"^[[0m
execute	Execute Action	2026-09-26T09:31:48.3592265Z ^[[36;1m      kubectl rollout restart $OBJ^[[0m
execute	Execute Action	2026-09-26T09:31:48.3592647Z ^[[36;1m      echo "→ waiting for $OBJ"^[[0m
execute	Execute Action	2026-09-26T09:31:48.3593075Z ^[[36;1m      kubectl rollout status $OBJ --timeout=180s || true^[[0m
execute	Execute Action	2026-09-26T09:31:48.3593500Z ^[[36;1m    done^[[0m
execute	Execute Action	2026-09-26T09:31:48.3593852Z ^[[36;1m    echo "▶ Syncing duckdb with deployed rustfs"^[[0m
execute	Execute Action	2026-09-26T09:31:48.3594301Z ^[[36;1m    bash scripts/sync-duckdb-rustfs.sh^[[0m
execute	Execute Action	2026-09-26T09:31:48.3594749Z ^[[36;1m    kubectl get pods -n ***^[[0m
execute	Execute Action	2026-09-26T09:31:48.3595119Z ^[[36;1m    ;;^[[0m
execute	Execute Action	2026-09-26T09:31:48.3595419Z ^[[36;1m  logs)^[[0m
execute	Execute Action	2026-09-26T09:31:48.3595756Z ^[[36;1m    echo "▶ Dumping recent logs for $TARGET"^[[0m
execute	Execute Action	2026-09-26T09:31:48.3596338Z ^[[36;1m    case "$TARGET" in^[[0m
execute	Execute Action	2026-09-26T09:31:48.3596928Z ^[[36;1m      "."|all) TARGETS=("deployment/duckdb -n ***" "deployment/generator-stream -n ***") ;;^[[0m
execute	Execute Action	2026-09-26T09:31:48.3597572Z ^[[36;1m      duckdb) TARGETS=("deployment/duckdb -n ***") ;;^[[0m
execute	Execute Action	2026-09-26T09:31:48.3598060Z ^[[36;1m      rustfs) TARGETS=("statefulset/rustfs -n rustfs") ;;^[[0m
execute	Execute Action	2026-09-26T09:31:48.3598619Z ^[[36;1m      generator) TARGETS=("deployment/generator-stream -n ***") ;;^[[0m
execute	Execute Action	2026-09-26T09:31:48.3599192Z ^[[36;1m      # maintenance has no long-running pod — its evidence lives in^[[0m
execute	Execute Action	2026-09-26T09:31:48.3599708Z ^[[36;1m      # the cronjob status + job listings below.^[[0m
execute	Execute Action	2026-09-26T09:31:48.3600177Z ^[[36;1m      maintenance) TARGETS=() ;;^[[0m
execute	Execute Action	2026-09-26T09:31:48.3600840Z ^[[36;1m      *) TARGETS=("$TARGET") ;;^[[0m
execute	Execute Action	2026-09-26T09:31:48.3601204Z ^[[36;1m    esac^[[0m
execute	Execute Action	2026-09-26T09:31:48.3601560Z ^[[36;1m    echo "→ cronjob schedules in ***"^[[0m
execute	Execute Action	2026-09-26T09:31:48.3602000Z ^[[36;1m    kubectl get cronjobs -n *** || true^[[0m
execute	Execute Action	2026-09-26T09:31:48.3602402Z ^[[36;1m    for OBJ in "${TARGETS[@]}"; do^[[0m
execute	Execute Action	2026-09-26T09:31:48.3602800Z ^[[36;1m      echo "→ kubectl logs $OBJ --tail=400"^[[0m
execute	Execute Action	2026-09-26T09:31:48.3603266Z ^[[36;1m      kubectl logs $OBJ --tail=400 --prefix=true || true^[[0m
execute	Execute Action	2026-09-26T09:31:48.3603690Z ^[[36;1m    done^[[0m
execute	Execute Action	2026-09-26T09:31:48.3604034Z ^[[36;1m    echo "→ recent jobs in *** (last 4)"^[[0m
execute	Execute Action	2026-09-26T09:31:48.3604605Z ^[[36;1m    kubectl get jobs -n *** --sort-by=.metadata.creationTimestamp | tail -4 || true^[[0m
execute	Execute Action	2026-09-26T09:31:48.3605238Z ^[[36;1m    # newest two jobs (generator-batch / maintenance runs) with logs.^[[0m
execute	Execute Action	2026-09-26T09:31:48.3605826Z ^[[36;1m    # 'kubectl logs job/…' silently picks ONE pod — a retried job's^[[0m
execute	Execute Action	2026-09-26T09:31:48.3606423Z ^[[36;1m    # other attempt (backoffLimit: 1) keeps its traceback invisible.^[[0m
execute	Execute Action	2026-09-26T09:31:48.3606928Z ^[[36;1m    # Loop the pods of each job instead.^[[0m
execute	Execute Action	2026-09-26T09:31:48.3607563Z ^[[36;1m    for JOB in $(kubectl get jobs -n *** --sort-by=.metadata.creationTimestamp -o name | tail -2); do^[[0m
execute	Execute Action	2026-09-26T09:31:48.3608155Z ^[[36;1m      echo "→ job ${JOB}"^[[0m
execute	Execute Action	2026-09-26T09:31:48.3608580Z ^[[36;1m      kubectl get job "$JOB" -n *** -o wide || true^[[0m
execute	Execute Action	2026-09-26T09:31:48.3609183Z ^[[36;1m      for POD in $(kubectl get pods -n *** --selector="job-name=${JOB#job/}" -o name); do^[[0m
execute	Execute Action	2026-09-26T09:31:48.3609737Z ^[[36;1m        echo "→ kubectl logs $POD --tail=2000"^[[0m
execute	Execute Action	2026-09-26T09:31:48.3610242Z ^[[36;1m        kubectl logs -n *** "$POD" --tail=2000 --prefix=true || true^[[0m
execute	Execute Action	2026-09-26T09:31:48.3610923Z ^[[36;1m      done^[[0m
execute	Execute Action	2026-09-26T09:31:48.3611227Z ^[[36;1m    done^[[0m
execute	Execute Action	2026-09-26T09:31:48.3611513Z ^[[36;1m    ;;^[[0m
execute	Execute Action	2026-09-26T09:31:48.3611797Z ^[[36;1m  probe)^[[0m
execute	Execute Action	2026-09-26T09:31:48.3612132Z ^[[36;1m    echo "▶ In-cluster auth probe for $TARGET"^[[0m
execute	Execute Action	2026-09-26T09:31:48.3612532Z ^[[36;1m    case "$TARGET" in^[[0m
execute	Execute Action	2026-09-26T09:31:48.3612870Z ^[[36;1m      generator)^[[0m
execute	Execute Action	2026-09-26T09:31:48.3613214Z ^[[36;1m        echo "→ pod image digest:"^[[0m
execute	Execute Action	2026-09-26T09:31:48.3614104Z ^[[36;1m        kubectl get pods -n *** -o jsonpath='{range .items[*]}{.metadata.name}{"  "}{.spec.containers[0].image}{"  "}{.status.containerStatuses[0].imageID}{"\n"}{end}' | grep generator || true^[[0m
execute	Execute Action	2026-09-26T09:31:48.3615254Z ^[[36;1m        kubectl exec -i -n *** deploy/generator-stream -- python3 - <<'PYEOF'^[[0m
execute	Execute Action	2026-09-26T09:31:48.3615748Z ^[[36;1mimport hashlib^[[0m
execute	Execute Action	2026-09-26T09:31:48.3616067Z ^[[36;1mimport os^[[0m
execute	Execute Action	2026-09-26T09:31:48.3616374Z ^[[36;1mimport sys^[[0m
execute	Execute Action	2026-09-26T09:31:48.3616682Z ^[[36;1mimport traceback^[[0m
execute	Execute Action	2026-09-26T09:31:48.3616992Z ^[[36;1m^[[0m
execute	Execute Action	2026-09-26T09:31:48.3617344Z ^[[36;1mprint("python:", sys.version.split()[0], flush=True)^[[0m
execute	Execute Action	2026-09-26T09:31:48.3617745Z ^[[36;1m^[[0m
execute	Execute Action	2026-09-26T09:31:48.3618150Z ^[[36;1mfor f in ("/opt/generator/streaming.py", "/opt/generator/batch.py"):^[[0m
execute	Execute Action	2026-09-26T09:31:48.3618626Z ^[[36;1m    try:^[[0m
execute	Execute Action	2026-09-26T09:31:48.3618945Z ^[[36;1m        data = open(f, "rb").read()^[[0m
execute	Execute Action	2026-09-26T09:31:48.3619532Z ^[[36;1m        print(f, "sha256:", hashlib.sha256(data).hexdigest()[:16],^[[0m
execute	Execute Action	2026-09-26T09:31:48.3620006Z ^[[36;1m              "len:", len(data), flush=True)^[[0m
execute	Execute Action	2026-09-26T09:31:48.3620631Z ^[[36;1m    except Exception as e:^[[0m
execute	Execute Action	2026-09-26T09:31:48.3621022Z ^[[36;1m        print(f, "MISSING:", e, flush=True)^[[0m
execute	Execute Action	2026-09-26T09:31:48.3621383Z ^[[36;1m^[[0m
execute	Execute Action	2026-09-26T09:31:48.3621720Z ^[[36;1msrc = open("/opt/generator/streaming.py").read()^[[0m
execute	Execute Action	2026-09-26T09:31:48.3622265Z ^[[36;1mfor needle in ("rest.sigv4-enabled", "client.access-key-id", "import boto3",^[[0m
execute	Execute Action	2026-09-26T09:31:48.3622831Z ^[[36;1m               "GENERATOR_DRY_RUN", "RUSTFS_ENDPOINT_HOST"):^[[0m
execute	Execute Action	2026-09-26T09:31:48.3623397Z ^[[36;1m    print("streaming.py contains", repr(needle), ":", needle in src, flush=True)^[[0m
execute	Execute Action	2026-09-26T09:31:48.3623890Z ^[[36;1m^[[0m
execute	Execute Action	2026-09-26T09:31:48.3624272Z ^[[36;1mprint("--- env var names (values hidden) ---", flush=True)^[[0m
execute	Execute Action	2026-09-26T09:31:48.3624718Z ^[[36;1mfor k in sorted(os.environ):^[[0m
execute	Execute Action	2026-09-26T09:31:48.3625142Z ^[[36;1m    if k.startswith(("GENERATOR_", "RUSTFS_", "DUCKDB_")):^[[0m
execute	Execute Action	2026-09-26T09:31:48.3625573Z ^[[36;1m        v = os.environ[k]^[[0m
execute	Execute Action	2026-09-26T09:31:48.3625968Z ^[[36;1m        print("  ", k, "set, len", len(v), flush=True)^[[0m
execute	Execute Action	2026-09-26T09:31:48.3626371Z ^[[36;1m^[[0m
execute	Execute Action	2026-09-26T09:31:48.3626794Z ^[[36;1mprint("--- real load_iceberg_catalog from the running script ---", flush=True)^[[0m
execute	Execute Action	2026-09-26T09:31:48.3627332Z ^[[36;1msys.path.insert(0, "/opt/generator")^[[0m
execute	Execute Action	2026-09-26T09:31:48.3627726Z ^[[36;1mimport streaming  # noqa: E402^[[0m
execute	Execute Action	2026-09-26T09:31:48.3628101Z ^[[36;1m^[[0m
execute	Execute Action	2026-09-26T09:31:48.3628375Z ^[[36;1mtry:^[[0m
execute	Execute Action	2026-09-26T09:31:48.3628703Z ^[[36;1m    cat = streaming.load_iceberg_catalog()^[[0m
execute	Execute Action	2026-09-26T09:31:48.3629179Z ^[[36;1m    print("catalog loaded OK:", type(cat).__name__, flush=True)^[[0m
execute	Execute Action	2026-09-26T09:31:48.3629640Z ^[[36;1mexcept Exception:^[[0m
execute	Execute Action	2026-09-26T09:31:48.3629981Z ^[[36;1m    traceback.print_exc()^[[0m
execute	Execute Action	2026-09-26T09:31:48.3630575Z ^[[36;1m    sys.stdout.flush()^[[0m
execute	Execute Action	2026-09-26T09:31:48.3630919Z ^[[36;1m^[[0m
execute	Execute Action	2026-09-26T09:31:48.3631331Z ^[[36;1mprint("--- catalog_properties dict (secrets redacted) ---", flush=True)^[[0m
execute	Execute Action	2026-09-26T09:31:48.3631805Z ^[[36;1mtry:^[[0m
execute	Execute Action	2026-09-26T09:31:48.3632137Z ^[[36;1m    props = streaming.catalog_properties()^[[0m
execute	Execute Action	2026-09-26T09:31:48.3632523Z ^[[36;1m    safe = {}^[[0m
execute	Execute Action	2026-09-26T09:31:48.3632852Z ^[[36;1m    for k, v in props.items():^[[0m
execute	Execute Action	2026-09-26T09:31:48.3633412Z ^[[36;1m        safe[k] = v if not any(s in k for s in ("access-key", "secret-access")) else "<len %d>" % len(v)^[[0m
execute	Execute Action	2026-09-26T09:31:48.3633976Z ^[[36;1m    print(safe, flush=True)^[[0m
execute	Execute Action	2026-09-26T09:31:48.3634331Z ^[[36;1mexcept Exception:^[[0m
execute	Execute Action	2026-09-26T09:31:48.3634667Z ^[[36;1m    traceback.print_exc()^[[0m
execute	Execute Action	2026-09-26T09:31:48.3635009Z ^[[36;1mPYEOF^[[0m
execute	Execute Action	2026-09-26T09:31:48.3635295Z ^[[36;1m        ;;^[[0m
execute	Execute Action	2026-09-26T09:31:48.3635668Z ^[[36;1m      *) echo "❌ probe not supported for $TARGET" && exit 1 ;;^[[0m
execute	Execute Action	2026-09-26T09:31:48.3636098Z ^[[36;1m    esac^[[0m
execute	Execute Action	2026-09-26T09:31:48.3636385Z ^[[36;1m    ;;^[[0m
execute	Execute Action	2026-09-26T09:31:48.3636685Z ^[[36;1m  sigprobe)^[[0m
execute	Execute Action	2026-09-26T09:31:48.3637073Z ^[[36;1m    # Replays the exact REST requests the Spark maintenance job^[[0m
execute	Execute Action	2026-09-26T09:31:48.3637763Z ^[[36;1m    # makes, signed with botocore SigV4 from inside the cluster^[[0m
execute	Execute Action	2026-09-26T09:31:48.3638312Z ^[[36;1m    # (via the generator pod, which has boto3). Isolates whether^[[0m
execute	Execute Action	2026-09-26T09:31:48.3638839Z ^[[36;1m    # RustFS SignatureDoesNotMatch is path-dependent or^[[0m
execute	Execute Action	2026-09-26T09:31:48.3639340Z ^[[36;1m    # header-dependent by varying one factor at a time.^[[0m
execute	Execute Action	2026-09-26T09:31:48.3639795Z ^[[36;1m    echo "▶ SigV4 replay probe for $TARGET"^[[0m
execute	Execute Action	2026-09-26T09:31:48.3640188Z ^[[36;1m    case "$TARGET" in^[[0m
execute	Execute Action	2026-09-26T09:31:48.3640751Z ^[[36;1m      maintenance)^[[0m
execute	Execute Action	2026-09-26T09:31:48.3641258Z ^[[36;1m        kubectl exec -i -n *** deploy/generator-stream -- python3 - <<'PYEOF'^[[0m
execute	Execute Action	2026-09-26T09:31:48.3641746Z ^[[36;1mimport os^[[0m
execute	Execute Action	2026-09-26T09:31:48.3642056Z ^[[36;1mimport urllib.error^[[0m
execute	Execute Action	2026-09-26T09:31:48.3642395Z ^[[36;1mimport urllib.request^[[0m
execute	Execute Action	2026-09-26T09:31:48.3642849Z ^[[36;1m^[[0m
execute	Execute Action	2026-09-26T09:31:48.3643161Z ^[[36;1mfrom botocore.auth import S3SigV4Auth^[[0m
execute	Execute Action	2026-09-26T09:31:48.3643595Z ^[[36;1mfrom botocore.awsrequest import AWSRequest^[[0m
execute	Execute Action	2026-09-26T09:31:48.3644066Z ^[[36;1mfrom botocore.credentials import Credentials^[[0m
execute	Execute Action	2026-09-26T09:31:48.3644443Z ^[[36;1m^[[0m
execute	Execute Action	2026-09-26T09:31:48.3644843Z ^[[36;1mbase = "http://rustfs-svc.rustfs.svc.cluster.local:9000"^[[0m
execute	Execute Action	2026-09-26T09:31:48.3645482Z ^[[36;1mcreds = Credentials(os.environ["RUSTFS_ACCESS_KEY"], os.environ["RUSTFS_SECRET_KEY"])^[[0m
execute	Execute Action	2026-09-26T09:31:48.3646007Z ^[[36;1m^[[0m
execute	Execute Action	2026-09-26T09:31:48.3646384Z ^[[36;1m# Header sets: botocore-minimal vs Java-client-shaped (Iceberg^[[0m
execute	Execute Action	2026-09-26T09:31:48.3646912Z ^[[36;1m# HTTPClient adds these base headers to every request).^[[0m
execute	Execute Action	2026-09-26T09:31:48.3647343Z ^[[36;1mjava_headers = {^[[0m
execute	Execute Action	2026-09-26T09:31:48.3647702Z ^[[36;1m    "Accept": "application/json",^[[0m
execute	Execute Action	2026-09-26T09:31:48.3648102Z ^[[36;1m    "Content-Type": "application/json",^[[0m
execute	Execute Action	2026-09-26T09:31:48.3648523Z ^[[36;1m    "X-Iceberg-Client-Version": "1.11.0",^[[0m
execute	Execute Action	2026-09-26T09:31:48.3648976Z ^[[36;1m    "X-Iceberg-Client-Git-Commit-Short": "deadbee",^[[0m
execute	Execute Action	2026-09-26T09:31:48.3649424Z ^[[36;1m    "User-Agent": "aws-sdk-java/1.11.0",^[[0m
execute	Execute Action	2026-09-26T09:31:48.3649796Z ^[[36;1m}^[[0m
execute	Execute Action	2026-09-26T09:31:48.3650077Z ^[[36;1m^[[0m
execute	Execute Action	2026-09-26T09:31:48.3650589Z ^[[36;1mrequests_matrix = [^[[0m
execute	Execute Action	2026-09-26T09:31:48.3651186Z ^[[36;1m    ("list-namespaces, minimal headers", "/iceberg/v1/datalake/namespaces?pageToken=", None),^[[0m
execute	Execute Action	2026-09-26T09:31:48.3652005Z ^[[36;1m    ("list-namespaces, java headers", "/iceberg/v1/datalake/namespaces?pageToken=", java_headers),^[[0m
execute	Execute Action	2026-09-26T09:31:48.3652803Z ^[[36;1m    ("list-tables, minimal headers", "/iceberg/v1/datalake/namespaces/events/tables?pageToken=", None),^[[0m
execute	Execute Action	2026-09-26T09:31:48.3653635Z ^[[36;1m    ("list-tables, java headers", "/iceberg/v1/datalake/namespaces/events/tables?pageToken=", java_headers),^[[0m
execute	Execute Action	2026-09-26T09:31:48.3654395Z ^[[36;1m    ("list-tables, no query", "/iceberg/v1/datalake/namespaces/events/tables", None),^[[0m
execute	Execute Action	2026-09-26T09:31:48.3655077Z ^[[36;1m    ("get-config, java headers", "/iceberg/v1/config?warehouse=datalake", java_headers),^[[0m
execute	Execute Action	2026-09-26T09:31:48.3655868Z ^[[36;1m    ("load-table, java headers", "/iceberg/v1/datalake/namespaces/events/tables/wikipedia_edits", java_headers),^[[0m
execute	Execute Action	2026-09-26T09:31:48.3656477Z ^[[36;1m]^[[0m
execute	Execute Action	2026-09-26T09:31:48.3656747Z ^[[36;1m^[[0m
execute	Execute Action	2026-09-26T09:31:48.3657070Z ^[[36;1mfor label, path, extra in requests_matrix:^[[0m
execute	Execute Action	2026-09-26T09:31:48.3657471Z ^[[36;1m    url = base + path^[[0m
execute	Execute Action	2026-09-26T09:31:48.3657945Z ^[[36;1m    req = AWSRequest(method="GET", url=url, headers=dict(extra or {}), data=b"")^[[0m
execute	Execute Action	2026-09-26T09:31:48.3658525Z ^[[36;1m    S3SigV4Auth(creds, "s3", "us-east-1").add_auth(req)^[[0m
execute	Execute Action	2026-09-26T09:31:48.3659044Z ^[[36;1m    sent_headers = {k.lower(): v for k, v in req.headers.items()}^[[0m
execute	Execute Action	2026-09-26T09:31:48.3659561Z ^[[36;1m    signed = sent_headers.get("authorization", "")^[[0m
execute	Execute Action	2026-09-26T09:31:48.3659986Z ^[[36;1m    signed_headers_list = ""^[[0m
execute	Execute Action	2026-09-26T09:31:48.3660570Z ^[[36;1m    for part in signed.split(","):^[[0m
execute	Execute Action	2026-09-26T09:31:48.3660966Z ^[[36;1m        part = part.strip()^[[0m
execute	Execute Action	2026-09-26T09:31:48.3661555Z ^[[36;1m        if part.startswith("SignedHeaders="):^[[0m
execute	Execute Action	2026-09-26T09:31:48.3662034Z ^[[36;1m            signed_headers_list = part[len("SignedHeaders="):]^[[0m
execute	Execute Action	2026-09-26T09:31:48.3662468Z ^[[36;1m    try:^[[0m
execute	Execute Action	2026-09-26T09:31:48.3662842Z ^[[36;1m        r = urllib.request.Request(url, headers=sent_headers)^[[0m
execute	Execute Action	2026-09-26T09:31:48.3663343Z ^[[36;1m        with urllib.request.urlopen(r, timeout=30) as resp:^[[0m
execute	Execute Action	2026-09-26T09:31:48.3663929Z ^[[36;1m            print(f"[{label}] HTTP {resp.status} signed={signed_headers_list}", flush=True)^[[0m
execute	Execute Action	2026-09-26T09:31:48.3664500Z ^[[36;1m            print("   body:", resp.read(160), flush=True)^[[0m
execute	Execute Action	2026-09-26T09:31:48.3664943Z ^[[36;1m    except urllib.error.HTTPError as e:^[[0m
execute	Execute Action	2026-09-26T09:31:48.3665461Z ^[[36;1m        print(f"[{label}] HTTP {e.code} signed={signed_headers_list}", flush=True)^[[0m
execute	Execute Action	2026-09-26T09:31:48.3666115Z ^[[36;1m        print("   body:", e.read(300), flush=True)^[[0m
execute	Execute Action	2026-09-26T09:31:48.3666532Z ^[[36;1m    except Exception as e:^[[0m
execute	Execute Action	2026-09-26T09:31:48.3666931Z ^[[36;1m        print(f"[{label}] ERROR {e}", flush=True)^[[0m
execute	Execute Action	2026-09-26T09:31:48.3667325Z ^[[36;1mPYEOF^[[0m
execute	Execute Action	2026-09-26T09:31:48.3667616Z ^[[36;1m        ;;^[[0m
execute	Execute Action	2026-09-26T09:31:48.3668006Z ^[[36;1m      *) echo "❌ sigprobe not supported for $TARGET" && exit 1 ;;^[[0m
execute	Execute Action	2026-09-26T09:31:48.3668450Z ^[[36;1m    esac^[[0m
execute	Execute Action	2026-09-26T09:31:48.3668735Z ^[[36;1m    ;;^[[0m
execute	Execute Action	2026-09-26T09:31:48.3669016Z ^[[36;1m  trigger)^[[0m
execute	Execute Action	2026-09-26T09:31:48.3669416Z ^[[36;1m    # Fire a CronJob once, right now — verification without waiting^[[0m
execute	Execute Action	2026-09-26T09:31:48.3669952Z ^[[36;1m    # for the schedule (e.g. maintenance-daily at 02:00 UTC).^[[0m
execute	Execute Action	2026-09-26T09:31:48.3670676Z ^[[36;1m    echo "▶ Triggering $TARGET"^[[0m
execute	Execute Action	2026-09-26T09:31:48.3671052Z ^[[36;1m    case "$TARGET" in^[[0m
execute	Execute Action	2026-09-26T09:31:48.3671549Z ^[[36;1m      maintenance) CRON="cronjob/iceberg-maintenance-daily -n ***" ;;^[[0m
execute	Execute Action	2026-09-26T09:31:48.3672165Z ^[[36;1m      generator-batch) CRON="cronjob/generator-batch -n ***" ;;^[[0m
execute	Execute Action	2026-09-26T09:31:48.3672702Z ^[[36;1m      *) echo "❌ trigger not supported for $TARGET" && exit 1 ;;^[[0m
execute	Execute Action	2026-09-26T09:31:48.3673129Z ^[[36;1m    esac^[[0m
execute	Execute Action	2026-09-26T09:31:48.3673451Z ^[[36;1m    STAMP=$(date -u +%Y%m%d-%H%M%S)^[[0m
execute	Execute Action	2026-09-26T09:31:48.3673828Z ^[[36;1m    JOB="manual-$TARGET-$STAMP"^[[0m
execute	Execute Action	2026-09-26T09:31:48.3674264Z ^[[36;1m    kubectl create job --from=$CRON "$JOB" -n ***^[[0m
execute	Execute Action	2026-09-26T09:31:48.3674729Z ^[[36;1m    echo "→ created job $JOB; watching it (max 15m)"^[[0m
execute	Execute Action	2026-09-26T09:31:48.3675133Z ^[[36;1m^[[0m
execute	Execute Action	2026-09-26T09:31:48.3675511Z ^[[36;1m    # Poll in short slices: 'kubectl wait --for=condition=complete'^[[0m
execute	Execute Action	2026-09-26T09:31:48.3676049Z ^[[36;1m    # ignores FAILED jobs and used to block the full 480s even^[[0m
execute	Execute Action	2026-09-26T09:31:48.3676578Z ^[[36;1m    # though the pod died in the first 30s. 'failed' is a real^[[0m
execute	Execute Action	2026-09-26T09:31:48.3677124Z ^[[36;1m    # Job condition, so both outcomes break the loop immediately.^[[0m
execute	Execute Action	2026-09-26T09:31:48.3677601Z ^[[36;1m    DEADLINE=$(( $(date +%s) + 900 ))^[[0m
execute	Execute Action	2026-09-26T09:31:48.3677983Z ^[[36;1m    JOB_OK=""^[[0m
execute	Execute Action	2026-09-26T09:31:48.3678342Z ^[[36;1m    while [ "$(date +%s)" -lt "$DEADLINE" ]; do^[[0m
execute	Execute Action	2026-09-26T09:31:48.3678981Z ^[[36;1m      if kubectl wait --for=condition=complete --timeout=10s "job/$JOB" -n *** >/dev/null 2>&1; then^[[0m
execute	Execute Action	2026-09-26T09:31:48.3679555Z ^[[36;1m        JOB_OK=1^[[0m
execute	Execute Action	2026-09-26T09:31:48.3679874Z ^[[36;1m        break^[[0m
execute	Execute Action	2026-09-26T09:31:48.3680178Z ^[[36;1m      fi^[[0m
execute	Execute Action	2026-09-26T09:31:48.3680981Z ^[[36;1m      if kubectl wait --for=condition=failed --timeout=1s "job/$JOB" -n *** >/dev/null 2>&1; then^[[0m
execute	Execute Action	2026-09-26T09:31:48.3681560Z ^[[36;1m        break^[[0m
execute	Execute Action	2026-09-26T09:31:48.3681860Z ^[[36;1m      fi^[[0m
execute	Execute Action	2026-09-26T09:31:48.3682144Z ^[[36;1m    done^[[0m
execute	Execute Action	2026-09-26T09:31:48.3682419Z ^[[36;1m^[[0m
execute	Execute Action	2026-09-26T09:31:48.3682785Z ^[[36;1m    # Evidence: status + logs of EVERY pod of the job (both^[[0m
execute	Execute Action	2026-09-26T09:31:48.3683317Z ^[[36;1m    # attempts; 'kubectl logs job/…' reads only the newest pod,^[[0m
execute	Execute Action	2026-09-26T09:31:48.3683848Z ^[[36;1m    # and a short tail hides the top of tracebacks — the part^[[0m
execute	Execute Action	2026-09-26T09:31:48.3684466Z ^[[36;1m    # with the actual error message).^[[0m
execute	Execute Action	2026-09-26T09:31:48.3684849Z ^[[36;1m    echo "→ job/$JOB status:"^[[0m
execute	Execute Action	2026-09-26T09:31:48.3685276Z ^[[36;1m    kubectl get job "$JOB" -n *** -o wide || true^[[0m
execute	Execute Action	2026-09-26T09:31:48.3685816Z ^[[36;1m    kubectl get pods -n *** --selector="job-name=$JOB" -o wide || true^[[0m
execute	Execute Action	2026-09-26T09:31:48.3686446Z ^[[36;1m    for POD in $(kubectl get pods -n *** --selector="job-name=$JOB" -o name); do^[[0m
execute	Execute Action	2026-09-26T09:31:48.3686987Z ^[[36;1m      echo "→ kubectl logs $POD --tail=2000"^[[0m
execute	Execute Action	2026-09-26T09:31:48.3687493Z ^[[36;1m      kubectl logs -n *** "$POD" --tail=2000 --prefix=true || true^[[0m
execute	Execute Action	2026-09-26T09:31:48.3687932Z ^[[36;1m    done^[[0m
execute	Execute Action	2026-09-26T09:31:48.3688214Z ^[[36;1m^[[0m
execute	Execute Action	2026-09-26T09:31:48.3688500Z ^[[36;1m    if [ -z "$JOB_OK" ]; then^[[0m
execute	Execute Action	2026-09-26T09:31:48.3689079Z ^[[36;1m      echo "❌ $JOB did not complete successfully"^[[0m
execute	Execute Action	2026-09-26T09:31:48.3689482Z ^[[36;1m      exit 1^[[0m
execute	Execute Action	2026-09-26T09:31:48.3689784Z ^[[36;1m    fi^[[0m
execute	Execute Action	2026-09-26T09:31:48.3690086Z ^[[36;1m    echo "✅ $JOB completed"^[[0m
execute	Execute Action	2026-09-26T09:31:48.3690653Z ^[[36;1m    ;;^[[0m
execute	Execute Action	2026-09-26T09:31:48.3690988Z ^[[36;1mesac^[[0m
execute	Execute Action	2026-09-26T09:31:48.3752025Z shell: /usr/bin/bash -e {0}
execute	Execute Action	2026-09-26T09:31:48.3752358Z env:
execute	Execute Action	2026-09-26T09:31:48.3752659Z   MODULE_PATH: rustfs
execute	Execute Action	2026-09-26T09:31:48.3752994Z   K8S_ACTION: logs
execute	Execute Action	2026-09-26T09:31:48.3753315Z   RUSTFS_ACCESS_KEY: ***
execute	Execute Action	2026-09-26T09:31:48.3753653Z   RUSTFS_SECRET_KEY: ***
execute	Execute Action	2026-09-26T09:31:48.3753974Z   DUCKFLIGHT_USER: ***
execute	Execute Action	2026-09-26T09:31:48.3754302Z   DUCKFLIGHT_PASSWORD: ***
execute	Execute Action	2026-09-26T09:31:48.3754636Z   KUBECONFIG: /home/runner/.kube/config
execute	Execute Action	2026-09-26T09:31:48.3754991Z ##[endgroup]
execute	Execute Action	2026-09-26T09:31:48.3835863Z Target: rustfs  Action: logs
execute	Execute Action	2026-09-26T09:31:48.3842163Z ▶ Dumping recent logs for rustfs
execute	Execute Action	2026-09-26T09:31:48.3842949Z → cronjob schedules in ***
execute	Execute Action	2026-09-26T09:31:49.4157383Z NAME                        SCHEDULE     TIMEZONE   SUSPEND   ACTIVE   LAST SCHEDULE   AGE
execute	Execute Action	2026-09-26T09:31:49.4158302Z generator-batch             15 * * * *   <none>     False     0        16m             20h
execute	Execute Action	2026-09-26T09:31:49.4159023Z iceberg-maintenance-daily   0 2 * * *    <none>     False     0        <none>          125m
execute	Execute Action	2026-09-26T09:31:49.4165472Z → kubectl logs statefulset/rustfs -n rustfs --tail=400
execute	Execute Action	2026-09-26T09:31:50.9218496Z Found 4 pods, using pod/rustfs-1
execute	Execute Action	2026-09-26T09:31:50.9219454Z Defaulted container "rustfs" out of: rustfs, init-step (init)
execute	Execute Action	2026-09-26T09:31:51.1681283Z [pod/rustfs-1/rustfs] {"timestamp":"2026-09-26T09:31:50.970728836Z","level":"INFO","message":"exit","target":"rustfs::startup_entrypoint","filename":"rustfs/src/startup_entrypoint.rs","line_number":1721,"span":{"name":"run"},"spans":[],"threadName":"rustfs-worker","threadId":"ThreadId(28)"}
execute	Execute Action	2026-09-26T09:31:51.1685082Z [pod/rustfs-1/rustfs] {"timestamp":"2026-09-26T09:31:50.970807637Z","level":"INFO","message":"enter","target":"rustfs::startup_entrypoint","filename":"rustfs/src/startup_entrypoint.rs","line_number":1721,"span":{"name":"run"},"spans":[{"name":"run"}],"threadName":"rustfs-worker","threadId":"ThreadId(24)"}
execute	Execute Action	2026-09-26T09:31:51.1689182Z [pod/rustfs-1/rustfs] {"timestamp":"2026-09-26T09:31:50.970830936Z","level":"INFO","message":"exit","target":"rustfs::startup_entrypoint","filename":"rustfs/src/startup_entrypoint.rs","line_number":1721,"span":{"name":"run"},"spans":[],"threadName":"rustfs-worker","threadId":"ThreadId(24)"}
execute	Execute Action	2026-09-26T09:31:51.1696404Z [pod/rustfs-1/rustfs] {"timestamp":"2026-09-26T09:31:50.97083319Z","level":"INFO","message":"enter","target":"rustfs_ecstore::cluster::rpc::remote_disk","filename":"crates/ecstore/src/cluster/rpc/remote_disk.rs","line_number":967,"span":{"addr":"http://rustfs-3.rustfs-headless.rustfs.svc.cluster.local:9000","component":"ecstore","endpoint":"http://rustfs-3.rustfs-headless.rustfs.svc.cluster.local:9000/data","handle_id":"4b1feb5d-7a7c-42d6-8f45-ba01471707f5","kind":"remote_disk","subsystem":"remote_disk","name":"recovery-monitor"},"spans":[{"name":"run"},{"addr":"http://rustfs-3.rustfs-headless.rustfs.svc.cluster.local:9000","component":"ecstore","endpoint":"http://rustfs-3.rustfs-headless.rustfs.svc.cluster.local:9000/data","handle_id":"4b1feb5d-7a7c-42d6-8f45-ba01471707f5","kind":"remote_disk","subsystem":"remote_disk","name":"recovery-monitor"}],"threadName":"rustfs-worker","threadId":"ThreadId(27)"}
execute	Execute Action	2026-09-26T09:31:51.1708269Z [pod/rustfs-1/rustfs] {"timestamp":"2026-09-26T09:31:50.97084932Z","level":"INFO","message":"enter","target":"rustfs_ecstore::cluster::rpc::remote_disk","filename":"crates/ecstore/src/cluster/rpc/remote_disk.rs","line_number":967,"span":{"addr":"http://rustfs-2.rustfs-headless.rustfs.svc.cluster.local:9000","component":"ecstore","endpoint":"http://rustfs-2.rustfs-headless.rustfs.svc.cluster.local:9000/data","handle_id":"030cbc46-f48b-4aa2-9bb9-a8307aebbcab","kind":"remote_disk","subsystem":"remote_disk","name":"recovery-monitor"},"spans":[{"name":"run"},{"addr":"http://rustfs-2.rustfs-headless.rustfs.svc.cluster.local:9000","component":"ecstore","endpoint":"http://rustfs-2.rustfs-headless.rustfs.svc.cluster.local:9000/data","handle_id":"030cbc46-f48b-4aa2-9bb9-a8307aebbcab","kind":"remote_disk","subsystem":"remote_disk","name":"recovery-monitor"}],"threadName":"rustfs-worker","threadId":"ThreadId(28)"}
execute	Execute Action	2026-09-26T09:31:51.1717636Z [pod/rustfs-1/rustfs] {"timestamp":"2026-09-26T09:31:50.970903201Z","level":"INFO","message":"exit","target":"rustfs_ecstore::cluster::rpc::remote_disk","filename":"crates/ecstore/src/cluster/rpc/remote_disk.rs","line_number":967,"span":{"addr":"http://rustfs-3.rustfs-headless.rustfs.svc.cluster.local:9000","component":"ecstore","endpoint":"http://rustfs-3.rustfs-headless.rustfs.svc.cluster.local:9000/data","handle_id":"4b1feb5d-7a7c-42d6-8f45-ba01471707f5","kind":"remote_disk","subsystem":"remote_disk","name":"recovery-monitor"},"spans":[],"threadName":"rustfs-worker","threadId":"ThreadId(27)"}
execute	Execute Action	2026-09-26T09:31:51.1724890Z [pod/rustfs-1/rustfs] {"timestamp":"2026-09-26T09:31:50.970904313Z","level":"INFO","message":"exit","target":"rustfs_ecstore::cluster::rpc::remote_disk","filename":"crates/ecstore/src/cluster/rpc/remote_disk.rs","line_number":967,"span":{"addr":"http://rustfs-2.rustfs-headless.rustfs.svc.cluster.local:9000","component":"ecstore","endpoint":"http://rustfs-2.rustfs-headless.rustfs.svc.cluster.local:9000/data","handle_id":"030cbc46-f48b-4aa2-9bb9-a8307aebbcab","kind":"remote_disk","subsystem":"remote_disk","name":"recovery-monitor"},"spans":[],"threadName":"rustfs-worker","threadId":"ThreadId(28)"}
execute	Execute Action	2026-09-26T09:31:51.1733691Z [pod/rustfs-1/rustfs] {"timestamp":"2026-09-26T09:31:50.970939212Z","level":"INFO","message":"enter","target":"rustfs_ecstore::cluster::rpc::remote_disk","filename":"crates/ecstore/src/cluster/rpc/remote_disk.rs","line_number":967,"span":{"addr":"http://rustfs-2.rustfs-headless.rustfs.svc.cluster.local:9000","component":"ecstore","endpoint":"http://rustfs-2.rustfs-headless.rustfs.svc.cluster.local:9000/data","handle_id":"030cbc46-f48b-4aa2-9bb9-a8307aebbcab","kind":"remote_disk","subsystem":"remote_disk","name":"recovery-monitor"},"spans":[{"name":"run"},{"addr":"http://rustfs-2.rustfs-headless.rustfs.svc.cluster.local:9000","component":"ecstore","endpoint":"http://rustfs-2.rustfs-headless.rustfs.svc.cluster.local:9000/data","handle_id":"030cbc46-f48b-4aa2-9bb9-a8307aebbcab","kind":"remote_disk","subsystem":"remote_disk","name":"recovery-monitor"}],"threadName":"rustfs-worker","threadId":"ThreadId(28)"}
execute	Execute Action	2026-09-26T09:31:51.1747518Z [pod/rustfs-1/rustfs] {"timestamp":"2026-09-26T09:31:50.970942695Z","level":"INFO","message":"enter","target":"rustfs_ecstore::cluster::rpc::remote_disk","filename":"crates/ecstore/src/cluster/rpc/remote_disk.rs","line_number":967,"span":{"addr":"http://rustfs-3.rustfs-headless.rustfs.svc.cluster.local:9000","component":"ecstore","endpoint":"http://rustfs-3.rustfs-headless.rustfs.svc.cluster.local:9000/data","handle_id":"4b1feb5d-7a7c-42d6-8f45-ba01471707f5","kind":"remote_disk","subsystem":"remote_disk","name":"recovery-monitor"},"spans":[{"name":"run"},{"addr":"http://rustfs-3.rustfs-headless.rustfs.svc.cluster.local:9000","component":"ecstore","endpoint":"http://rustfs-3.rustfs-headless.rustfs.svc.cluster.local:9000/data","handle_id":"4b1feb5d-7a7c-42d6-8f45-ba01471707f5","kind":"remote_disk","subsystem":"remote_disk","name":"recovery-monitor"}],"threadName":"rustfs-worker","threadId":"ThreadId(27)"}
execute	Execute Action	2026-09-26T09:31:51.1755136Z [pod/rustfs-1/rustfs] {"timestamp":"2026-09-26T09:31:50.970972803Z","level":"INFO","message":"exit","target":"rustfs_ecstore::cluster::rpc::remote_disk","filename":"crates/ecstore/src/cluster/rpc/remote_disk.rs","line_number":967,"span":{"addr":"http://rustfs-2.rustfs-headless.rustfs.svc.cluster.local:9000","component":"ecstore","endpoint":"http://rustfs-2.rustfs-headless.rustfs.svc.cluster.local:9000/data","handle_id":"030cbc46-f48b-4aa2-9bb9-a8307aebbcab","kind":"remote_disk","subsystem":"remote_disk","name":"recovery-monitor"},"spans":[],"threadName":"rustfs-worker","threadId":"ThreadId(28)"}
execute	Execute Action	2026-09-26T09:31:51.1759444Z [pod/rustfs-1/rustfs] {"timestamp":"2026-09-26T09:31:50.970974641Z","level":"INFO","message":"exit","target":"rustfs_ecstore::cluster::rpc::remote_disk","filename":"crates/ecstore/src/cluster/rpc/remote_disk.rs","line_number":967,"span":{"addr":"http://rustfs-3.rustfs-headless.rustfs.svc.cluster.local:9000","component":"ecstore","endpoint":"http://rustfs-3.rustfs-headless.rustfs.svc.cluster.local:9000/data","handle_id":"4b1feb5d-7a7c-42d6-8f45-ba01471707f5","kind":"remote_disk","subsystem":"remote_disk","name":"recovery-monitor"},"spans":[],"threadName":"rustfs-worker","threadId":"ThreadId(27)"}
execute	Execute Action	2026-09-26T09:31:51.1764831Z [pod/rustfs-1/rustfs] {"timestamp":"2026-09-26T09:31:50.971002614Z","level":"INFO","message":"enter","target":"rustfs_ecstore::cluster::rpc::remote_disk","filename":"crates/ecstore/src/cluster/rpc/remote_disk.rs","line_number":967,"span":{"addr":"http://rustfs-3.rustfs-headless.rustfs.svc.cluster.local:9000","component":"ecstore","endpoint":"http://rustfs-3.rustfs-headless.rustfs.svc.cluster.local:9000/data","handle_id":"4b1feb5d-7a7c-42d6-8f45-ba01471707f5","kind":"remote_disk","subsystem":"remote_disk","name":"recovery-monitor"},"spans":[{"name":"run"},{"addr":"http://rustfs-3.rustfs-headless.rustfs.svc.cluster.local:9000","component":"ecstore","endpoint":"http://rustfs-3.rustfs-headless.rustfs.svc.cluster.local:9000/data","handle_id":"4b1feb5d-7a7c-42d6-8f45-ba01471707f5","kind":"remote_disk","subsystem":"remote_disk","name":"recovery-monitor"}],"threadName":"rustfs-worker","threadId":"ThreadId(27)"}
execute	Execute Action	2026-09-26T09:31:51.1771179Z [pod/rustfs-1/rustfs] {"timestamp":"2026-09-26T09:31:50.971002195Z","level":"INFO","message":"enter","target":"rustfs_ecstore::cluster::rpc::remote_disk","filename":"crates/ecstore/src/cluster/rpc/remote_disk.rs","line_number":967,"span":{"addr":"http://rustfs-2.rustfs-headless.rustfs.svc.cluster.local:9000","component":"ecstore","endpoint":"http://rustfs-2.rustfs-headless.rustfs.svc.cluster.local:9000/data","handle_id":"030cbc46-f48b-4aa2-9bb9-a8307aebbcab","kind":"remote_disk","subsystem":"remote_disk","name":"recovery-monitor"},"spans":[{"name":"run"},{"addr":"http://rustfs-2.rustfs-headless.rustfs.svc.cluster.local:9000","component":"ecstore","endpoint":"http://rustfs-2.rustfs-headless.rustfs.svc.cluster.local:9000/data","handle_id":"030cbc46-f48b-4aa2-9bb9-a8307aebbcab","kind":"remote_disk","subsystem":"remote_disk","name":"recovery-monitor"}],"threadName":"rustfs-worker","threadId":"ThreadId(28)"}
execute	Execute Action	2026-09-26T09:31:51.1776288Z [pod/rustfs-1/rustfs] {"timestamp":"2026-09-26T09:31:50.971032991Z","level":"INFO","message":"exit","target":"rustfs_ecstore::cluster::rpc::remote_disk","filename":"crates/ecstore/src/cluster/rpc/remote_disk.rs","line_number":967,"span":{"addr":"http://rustfs-2.rustfs-headless.rustfs.svc.cluster.local:9000","component":"ecstore","endpoint":"http://rustfs-2.rustfs-headless.rustfs.svc.cluster.local:9000/data","handle_id":"030cbc46-f48b-4aa2-9bb9-a8307aebbcab","kind":"remote_disk","subsystem":"remote_disk","name":"recovery-monitor"},"spans":[],"threadName":"rustfs-worker","threadId":"ThreadId(28)"}
execute	Execute Action	2026-09-26T09:31:51.1780650Z [pod/rustfs-1/rustfs] {"timestamp":"2026-09-26T09:31:50.971033221Z","level":"INFO","message":"exit","target":"rustfs_ecstore::cluster::rpc::remote_disk","filename":"crates/ecstore/src/cluster/rpc/remote_disk.rs","line_number":967,"span":{"addr":"http://rustfs-3.rustfs-headless.rustfs.svc.cluster.local:9000","component":"ecstore","endpoint":"http://rustfs-3.rustfs-headless.rustfs.svc.cluster.local:9000/data","handle_id":"4b1feb5d-7a7c-42d6-8f45-ba01471707f5","kind":"remote_disk","subsystem":"remote_disk","name":"recovery-monitor"},"spans":[],"threadName":"rustfs-worker","threadId":"ThreadId(27)"}
execute	Execute Action	2026-09-26T09:31:51.1785734Z [pod/rustfs-1/rustfs] {"timestamp":"2026-09-26T09:31:50.971109898Z","level":"INFO","message":"enter","target":"rustfs_ecstore::cluster::rpc::remote_disk","filename":"crates/ecstore/src/cluster/rpc/remote_disk.rs","line_number":967,"span":{"addr":"http://rustfs-3.rustfs-headless.rustfs.svc.cluster.local:9000","component":"ecstore","endpoint":"http://rustfs-3.rustfs-headless.rustfs.svc.cluster.local:9000/data","handle_id":"4b1feb5d-7a7c-42d6-8f45-ba01471707f5","kind":"remote_disk","subsystem":"remote_disk","name":"recovery-monitor"},"spans":[{"name":"run"},{"addr":"http://rustfs-3.rustfs-headless.rustfs.svc.cluster.local:9000","component":"ecstore","endpoint":"http://rustfs-3.rustfs-headless.rustfs.svc.cluster.local:9000/data","handle_id":"4b1feb5d-7a7c-42d6-8f45-ba01471707f5","kind":"remote_disk","subsystem":"remote_disk","name":"recovery-monitor"}],"threadName":"rustfs-worker","threadId":"ThreadId(27)"}
execute	Execute Action	2026-09-26T09:31:51.1792168Z [pod/rustfs-1/rustfs] {"timestamp":"2026-09-26T09:31:50.97111268Z","level":"INFO","message":"enter","target":"rustfs_ecstore::cluster::rpc::remote_disk","filename":"crates/ecstore/src/cluster/rpc/remote_disk.rs","line_number":967,"span":{"addr":"http://rustfs-2.rustfs-headless.rustfs.svc.cluster.local:9000","component":"ecstore","endpoint":"http://rustfs-2.rustfs-headless.rustfs.svc.cluster.local:9000/data","handle_id":"030cbc46-f48b-4aa2-9bb9-a8307aebbcab","kind":"remote_disk","subsystem":"remote_disk","name":"recovery-monitor"},"spans":[{"name":"run"},{"addr":"http://rustfs-2.rustfs-headless.rustfs.svc.cluster.local:9000","component":"ecstore","endpoint":"http://rustfs-2.rustfs-headless.rustfs.svc.cluster.local:9000/data","handle_id":"030cbc46-f48b-4aa2-9bb9-a8307aebbcab","kind":"remote_disk","subsystem":"remote_disk","name":"recovery-monitor"}],"threadName":"rustfs-worker","threadId":"ThreadId(24)"}
execute	Execute Action	2026-09-26T09:31:51.1797246Z [pod/rustfs-1/rustfs] {"timestamp":"2026-09-26T09:31:50.971141525Z","level":"INFO","message":"exit","target":"rustfs_ecstore::cluster::rpc::remote_disk","filename":"crates/ecstore/src/cluster/rpc/remote_disk.rs","line_number":967,"span":{"addr":"http://rustfs-3.rustfs-headless.rustfs.svc.cluster.local:9000","component":"ecstore","endpoint":"http://rustfs-3.rustfs-headless.rustfs.svc.cluster.local:9000/data","handle_id":"4b1feb5d-7a7c-42d6-8f45-ba01471707f5","kind":"remote_disk","subsystem":"remote_disk","name":"recovery-monitor"},"spans":[],"threadName":"rustfs-worker","threadId":"ThreadId(27)"}
execute	Execute Action	2026-09-26T09:31:51.1801430Z [pod/rustfs-1/rustfs] {"timestamp":"2026-09-26T09:31:50.971145526Z","level":"INFO","message":"exit","target":"rustfs_ecstore::cluster::rpc::remote_disk","filename":"crates/ecstore/src/cluster/rpc/remote_disk.rs","line_number":967,"span":{"addr":"http://rustfs-2.rustfs-headless.rustfs.svc.cluster.local:9000","component":"ecstore","endpoint":"http://rustfs-2.rustfs-headless.rustfs.svc.cluster.local:9000/data","handle_id":"030cbc46-f48b-4aa2-9bb9-a8307aebbcab","kind":"remote_disk","subsystem":"remote_disk","name":"recovery-monitor"},"spans":[],"threadName":"rustfs-worker","threadId":"ThreadId(24)"}
execute	Execute Action	2026-09-26T09:31:51.1805346Z [pod/rustfs-1/rustfs] {"timestamp":"2026-09-26T09:31:50.971147755Z","level":"INFO","message":"remote release for .rustfs.sys/s3tables/catalog/table-buckets/01ca1703560cd9ff667fb2ad4a942bb1c5a79918f32e967e26c728db675ddc1b/warehouse-index/8e9766b9c3b9f9fd58ea3153885cc79efcb0fcc59f11d7ff739c62e6c1da5b7c.json@latest:ab940207-0032-4aa3-8f58-b70376b67173","target":"rustfs_ecstore::cluster::rpc::remote_locker","filename":"crates/ecstore/src/cluster/rpc/remote_locker.rs","line_number":779,"threadName":"rustfs-worker","threadId":"ThreadId(21)"}
execute	Execute Action	2026-09-26T09:31:51.1809160Z [pod/rustfs-1/rustfs] {"timestamp":"2026-09-26T09:31:50.971164918Z","level":"INFO","message":"remote acquire_exclusive for .rustfs.sys/s3tables/catalog/table-buckets/01ca1703560cd9ff667fb2ad4a942bb1c5a79918f32e967e26c728db675ddc1b/warehouse-index/046b95de2724b9b68dd243092d81bfc59f5468438d65fd5ecfa4dfad8b004ac2.json@latest","target":"rustfs_ecstore::cluster::rpc::remote_locker","filename":"crates/ecstore/src/cluster/rpc/remote_locker.rs","line_number":682,"threadName":"rustfs-worker","threadId":"ThreadId(27)"}
execute	Execute Action	2026-09-26T09:31:51.1812960Z [pod/rustfs-1/rustfs] {"timestamp":"2026-09-26T09:31:50.971172317Z","level":"INFO","message":"remote acquire_exclusive for .rustfs.sys/s3tables/catalog/table-buckets/01ca1703560cd9ff667fb2ad4a942bb1c5a79918f32e967e26c728db675ddc1b/warehouse-index/046b95de2724b9b68dd243092d81bfc59f5468438d65fd5ecfa4dfad8b004ac2.json@latest","target":"rustfs_ecstore::cluster::rpc::remote_locker","filename":"crates/ecstore/src/cluster/rpc/remote_locker.rs","line_number":682,"threadName":"rustfs-worker","threadId":"ThreadId(26)"}
execute	Execute Action	2026-09-26T09:31:51.1816616Z [pod/rustfs-1/rustfs] {"timestamp":"2026-09-26T09:31:50.971866413Z","level":"INFO","message":"remote release for .rustfs.sys/s3tables/catalog/table-buckets/01ca1703560cd9ff667fb2ad4a942bb1c5a79918f32e967e26c728db675ddc1b/warehouse-index/046b95de2724b9b68dd243092d81bfc59f5468438d65fd5ecfa4dfad8b004ac2.json@latest:8aba962a-4a85-4786-9585-ead0e75199ed","target":"rustfs_ecstore::cluster::rpc::remote_locker","filename":"crates/ecstore/src/cluster/rpc/remote_locker.rs","line_number":779,"threadName":"rustfs-worker","threadId":"ThreadId(34)"}
execute	Execute Action	2026-09-26T09:31:51.1819458Z [pod/rustfs-1/rustfs] {"timestamp":"2026-09-26T09:31:50.971882304Z","level":"INFO","message":"enter","target":"rustfs::startup_entrypoint","filename":"rustfs/src/startup_entrypoint.rs","line_number":1721,"span":{"name":"run"},"spans":[{"name":"run"}],"threadName":"rustfs-worker","threadId":"ThreadId(27)"}
execute	Execute Action	2026-09-26T09:31:51.1821533Z [pod/rustfs-1/rustfs] {"timestamp":"2026-09-26T09:31:50.971906126Z","level":"INFO","message":"exit","target":"rustfs::startup_entrypoint","filename":"rustfs/src/startup_entrypoint.rs","line_number":1721,"span":{"name":"run"},"spans":[],"threadName":"rustfs-worker","threadId":"ThreadId(27)"}
execute	Execute Action	2026-09-26T09:31:51.1823434Z [pod/rustfs-1/rustfs] {"timestamp":"2026-09-26T09:31:50.971920484Z","level":"INFO","message":"enter","target":"rustfs::startup_entrypoint","filename":"rustfs/src/startup_entrypoint.rs","line_number":1721,"span":{"name":"run"},"spans":[{"name":"run"}],"threadName":"rustfs-worker","threadId":"ThreadId(21)"}
execute	Execute Action	2026-09-26T09:31:51.1827504Z [pod/rustfs-1/rustfs] {"timestamp":"2026-09-26T09:31:50.97190757Z","level":"INFO","message":"enter","target":"rustfs_ecstore::cluster::rpc::remote_disk","filename":"crates/ecstore/src/cluster/rpc/remote_disk.rs","line_number":967,"span":{"addr":"http://rustfs-3.rustfs-headless.rustfs.svc.cluster.local:9000","component":"ecstore","endpoint":"http://rustfs-3.rustfs-headless.rustfs.svc.cluster.local:9000/data","handle_id":"4b1feb5d-7a7c-42d6-8f45-ba01471707f5","kind":"remote_disk","subsystem":"remote_disk","name":"recovery-monitor"},"spans":[{"name":"run"},{"addr":"http://rustfs-3.rustfs-headless.rustfs.svc.cluster.local:9000","component":"ecstore","endpoint":"http://rustfs-3.rustfs-headless.rustfs.svc.cluster.local:9000/data","handle_id":"4b1feb5d-7a7c-42d6-8f45-ba01471707f5","kind":"remote_disk","subsystem":"remote_disk","name":"recovery-monitor"}],"threadName":"rustfs-worker","threadId":"ThreadId(24)"}
execute	Execute Action	2026-09-26T09:31:51.1831690Z [pod/rustfs-1/rustfs] {"timestamp":"2026-09-26T09:31:50.971964374Z","level":"INFO","message":"exit","target":"rustfs::startup_entrypoint","filename":"rustfs/src/startup_entrypoint.rs","line_number":1721,"span":{"name":"run"},"spans":[],"threadName":"rustfs-worker","threadId":"ThreadId(21)"}
execute	Execute Action	2026-09-26T09:31:51.1833792Z [pod/rustfs-1/rustfs] {"timestamp":"2026-09-26T09:31:50.971978563Z","level":"INFO","message":"enter","target":"rustfs::startup_entrypoint","filename":"rustfs/src/startup_entrypoint.rs","line_number":1721,"span":{"name":"run"},"spans":[{"name":"run"}],"threadName":"rustfs-worker","threadId":"ThreadId(21)"}
execute	Execute Action	2026-09-26T09:31:51.1836800Z [pod/rustfs-1/rustfs] {"timestamp":"2026-09-26T09:31:50.971968606Z","level":"INFO","message":"exit","target":"rustfs_ecstore::cluster::rpc::remote_disk","filename":"crates/ecstore/src/cluster/rpc/remote_disk.rs","line_number":967,"span":{"addr":"http://rustfs-3.rustfs-headless.rustfs.svc.cluster.local:9000","component":"ecstore","endpoint":"http://rustfs-3.rustfs-headless.rustfs.svc.cluster.local:9000/data","handle_id":"4b1feb5d-7a7c-42d6-8f45-ba01471707f5","kind":"remote_disk","subsystem":"remote_disk","name":"recovery-monitor"},"spans":[],"threadName":"rustfs-worker","threadId":"ThreadId(24)"}
execute	Execute Action	2026-09-26T09:31:51.1839953Z [pod/rustfs-1/rustfs] {"timestamp":"2026-09-26T09:31:50.971991565Z","level":"INFO","message":"exit","target":"rustfs::startup_entrypoint","filename":"rustfs/src/startup_entrypoint.rs","line_number":1721,"span":{"name":"run"},"spans":[],"threadName":"rustfs-worker","threadId":"ThreadId(21)"}
execute	Execute Action	2026-09-26T09:31:51.1841976Z [pod/rustfs-1/rustfs] {"timestamp":"2026-09-26T09:31:50.972005282Z","level":"INFO","message":"enter","target":"rustfs::startup_entrypoint","filename":"rustfs/src/startup_entrypoint.rs","line_number":1721,"span":{"name":"run"},"spans":[{"name":"run"}],"threadName":"rustfs-worker","threadId":"ThreadId(21)"}
execute	Execute Action	2026-09-26T09:31:51.1843900Z [pod/rustfs-1/rustfs] {"timestamp":"2026-09-26T09:31:50.972025643Z","level":"INFO","message":"enter","target":"rustfs::startup_entrypoint","filename":"rustfs/src/startup_entrypoint.rs","line_number":1721,"span":{"name":"run"},"spans":[{"name":"run"}],"threadName":"rustfs-worker","threadId":"ThreadId(28)"}
execute	Execute Action	2026-09-26T09:31:51.1847989Z [pod/rustfs-1/rustfs] {"timestamp":"2026-09-26T09:31:50.972012588Z","level":"INFO","message":"enter","target":"rustfs_ecstore::cluster::rpc::remote_disk","filename":"crates/ecstore/src/cluster/rpc/remote_disk.rs","line_number":967,"span":{"addr":"http://rustfs-3.rustfs-headless.rustfs.svc.cluster.local:9000","component":"ecstore","endpoint":"http://rustfs-3.rustfs-headless.rustfs.svc.cluster.local:9000/data","handle_id":"4b1feb5d-7a7c-42d6-8f45-ba01471707f5","kind":"remote_disk","subsystem":"remote_disk","name":"recovery-monitor"},"spans":[{"name":"run"},{"addr":"http://rustfs-3.rustfs-headless.rustfs.svc.cluster.local:9000","component":"ecstore","endpoint":"http://rustfs-3.rustfs-headless.rustfs.svc.cluster.local:9000/data","handle_id":"4b1feb5d-7a7c-42d6-8f45-ba01471707f5","kind":"remote_disk","subsystem":"remote_disk","name":"recovery-monitor"}],"threadName":"rustfs-worker","threadId":"ThreadId(24)"}
execute	Execute Action	2026-09-26T09:31:51.1852121Z [pod/rustfs-1/rustfs] {"timestamp":"2026-09-26T09:31:50.972045528Z","level":"INFO","message":"exit","target":"rustfs::startup_entrypoint","filename":"rustfs/src/startup_entrypoint.rs","line_number":1721,"span":{"name":"run"},"spans":[],"threadName":"rustfs-worker","threadId":"ThreadId(28)"}
execute	Execute Action	2026-09-26T09:31:51.1854017Z [pod/rustfs-1/rustfs] {"timestamp":"2026-09-26T09:31:50.972058331Z","level":"INFO","message":"enter","target":"rustfs::startup_entrypoint","filename":"rustfs/src/startup_entrypoint.rs","line_number":1721,"span":{"name":"run"},"spans":[{"name":"run"}],"threadName":"rustfs-worker","threadId":"ThreadId(28)"}
execute	Execute Action	2026-09-26T09:31:51.1855911Z [pod/rustfs-1/rustfs] {"timestamp":"2026-09-26T09:31:50.972071042Z","level":"INFO","message":"exit","target":"rustfs::startup_entrypoint","filename":"rustfs/src/startup_entrypoint.rs","line_number":1721,"span":{"name":"run"},"spans":[],"threadName":"rustfs-worker","threadId":"ThreadId(28)"}
execute	Execute Action	2026-09-26T09:31:51.1857780Z [pod/rustfs-1/rustfs] {"timestamp":"2026-09-26T09:31:50.972076157Z","level":"INFO","message":"exit","target":"rustfs::startup_entrypoint","filename":"rustfs/src/startup_entrypoint.rs","line_number":1721,"span":{"name":"run"},"spans":[],"threadName":"rustfs-worker","threadId":"ThreadId(21)"}
execute	Execute Action	2026-09-26T09:31:51.1861151Z [pod/rustfs-1/rustfs] {"timestamp":"2026-09-26T09:31:50.972066417Z","level":"INFO","message":"exit","target":"rustfs_ecstore::cluster::rpc::remote_disk","filename":"crates/ecstore/src/cluster/rpc/remote_disk.rs","line_number":967,"span":{"addr":"http://rustfs-3.rustfs-headless.rustfs.svc.cluster.local:9000","component":"ecstore","endpoint":"http://rustfs-3.rustfs-headless.rustfs.svc.cluster.local:9000/data","handle_id":"4b1feb5d-7a7c-42d6-8f45-ba01471707f5","kind":"remote_disk","subsystem":"remote_disk","name":"recovery-monitor"},"spans":[],"threadName":"rustfs-worker","threadId":"ThreadId(24)"}
execute	Execute Action	2026-09-26T09:31:51.1864295Z [pod/rustfs-1/rustfs] {"timestamp":"2026-09-26T09:31:50.972088131Z","level":"INFO","message":"enter","target":"rustfs::startup_entrypoint","filename":"rustfs/src/startup_entrypoint.rs","line_number":1721,"span":{"name":"run"},"spans":[{"name":"run"}],"threadName":"rustfs-worker","threadId":"ThreadId(21)"}
execute	Execute Action	2026-09-26T09:31:51.1866206Z [pod/rustfs-1/rustfs] {"timestamp":"2026-09-26T09:31:50.972099574Z","level":"INFO","message":"exit","target":"rustfs::startup_entrypoint","filename":"rustfs/src/startup_entrypoint.rs","line_number":1721,"span":{"name":"run"},"spans":[],"threadName":"rustfs-worker","threadId":"ThreadId(21)"}
execute	Execute Action	2026-09-26T09:31:51.1870234Z [pod/rustfs-1/rustfs] {"timestamp":"2026-09-26T09:31:50.972095404Z","level":"INFO","message":"enter","target":"rustfs_ecstore::cluster::rpc::remote_disk","filename":"crates/ecstore/src/cluster/rpc/remote_disk.rs","line_number":967,"span":{"addr":"http://rustfs-3.rustfs-headless.rustfs.svc.cluster.local:9000","component":"ecstore","endpoint":"http://rustfs-3.rustfs-headless.rustfs.svc.cluster.local:9000/data","handle_id":"4b1feb5d-7a7c-42d6-8f45-ba01471707f5","kind":"remote_disk","subsystem":"remote_disk","name":"recovery-monitor"},"spans":[{"name":"run"},{"addr":"http://rustfs-3.rustfs-headless.rustfs.svc.cluster.local:9000","component":"ecstore","endpoint":"http://rustfs-3.rustfs-headless.rustfs.svc.cluster.local:9000/data","handle_id":"4b1feb5d-7a7c-42d6-8f45-ba01471707f5","kind":"remote_disk","subsystem":"remote_disk","name":"recovery-monitor"}],"threadName":"rustfs-worker","threadId":"ThreadId(34)"}
execute	Execute Action	2026-09-26T09:31:51.1876538Z [pod/rustfs-1/rustfs] {"timestamp":"2026-09-26T09:31:50.972099618Z","level":"INFO","message":"enter","target":"rustfs_ecstore::cluster::rpc::remote_disk","filename":"crates/ecstore/src/cluster/rpc/remote_disk.rs","line_number":967,"span":{"addr":"http://rustfs-3.rustfs-headless.rustfs.svc.cluster.local:9000","component":"ecstore","endpoint":"http://rustfs-3.rustfs-headless.rustfs.svc.cluster.local:9000/data","handle_id":"4b1feb5d-7a7c-42d6-8f45-ba01471707f5","kind":"remote_disk","subsystem":"remote_disk","name":"recovery-monitor"},"spans":[{"name":"run"},{"addr":"http://rustfs-3.rustfs-headless.rustfs.svc.cluster.local:9000","component":"ecstore","endpoint":"http://rustfs-3.rustfs-headless.rustfs.svc.cluster.local:9000/data","handle_id":"4b1feb5d-7a7c-42d6-8f45-ba01471707f5","kind":"remote_disk","subsystem":"remote_disk","name":"recovery-monitor"}],"threadName":"rustfs-worker","threadId":"ThreadId(28)"}
execute	Execute Action	2026-09-26T09:31:51.1880701Z [pod/rustfs-1/rustfs] {"timestamp":"2026-09-26T09:31:50.972111867Z","level":"INFO","message":"enter","target":"rustfs::startup_entrypoint","filename":"rustfs/src/startup_entrypoint.rs","line_number":1721,"span":{"name":"run"},"spans":[{"name":"run"}],"threadName":"rustfs-worker","threadId":"ThreadId(21)"}
execute	Execute Action	2026-09-26T09:31:51.1884765Z [pod/rustfs-1/rustfs] {"timestamp":"2026-09-26T09:31:50.972123878Z","level":"INFO","message":"enter","target":"rustfs_ecstore::cluster::rpc::remote_disk","filename":"crates/ecstore/src/cluster/rpc/remote_disk.rs","line_number":967,"span":{"addr":"http://rustfs-3.rustfs-headless.rustfs.svc.cluster.local:9000","component":"ecstore","endpoint":"http://rustfs-3.rustfs-headless.rustfs.svc.cluster.local:9000/data","handle_id":"4b1feb5d-7a7c-42d6-8f45-ba01471707f5","kind":"remote_disk","subsystem":"remote_disk","name":"recovery-monitor"},"spans":[{"name":"run"},{"addr":"http://rustfs-3.rustfs-headless.rustfs.svc.cluster.local:9000","component":"ecstore","endpoint":"http://rustfs-3.rustfs-headless.rustfs.svc.cluster.local:9000/data","handle_id":"4b1feb5d-7a7c-42d6-8f45-ba01471707f5","kind":"remote_disk","subsystem":"remote_disk","name":"recovery-monitor"}],"threadName":"rustfs-worker","threadId":"ThreadId(24)"}
execute	Execute Action	2026-09-26T09:31:51.1888906Z [pod/rustfs-1/rustfs] {"timestamp":"2026-09-26T09:31:50.972151818Z","level":"INFO","message":"exit","target":"rustfs::startup_entrypoint","filename":"rustfs/src/startup_entrypoint.rs","line_number":1721,"span":{"name":"run"},"spans":[],"threadName":"rustfs-worker","threadId":"ThreadId(21)"}
execute	Execute Action	2026-09-26T09:31:51.1892096Z [pod/rustfs-1/rustfs] {"timestamp":"2026-09-26T09:31:50.97216581Z","level":"INFO","message":"exit","target":"rustfs_ecstore::cluster::rpc::remote_disk","filename":"crates/ecstore/src/cluster/rpc/remote_disk.rs","line_number":967,"span":{"addr":"http://rustfs-3.rustfs-headless.rustfs.svc.cluster.local:9000","component":"ecstore","endpoint":"http://rustfs-3.rustfs-headless.rustfs.svc.cluster.local:9000/data","handle_id":"4b1feb5d-7a7c-42d6-8f45-ba01471707f5","kind":"remote_disk","subsystem":"remote_disk","name":"recovery-monitor"},"spans":[],"threadName":"rustfs-worker","threadId":"ThreadId(24)"}
execute	Execute Action	2026-09-26T09:31:51.1896143Z [pod/rustfs-1/rustfs] {"timestamp":"2026-09-26T09:31:50.972182248Z","level":"INFO","message":"exit","target":"rustfs_ecstore::cluster::rpc::remote_disk","filename":"crates/ecstore/src/cluster/rpc/remote_disk.rs","line_number":967,"span":{"addr":"http://rustfs-3.rustfs-headless.rustfs.svc.cluster.local:9000","component":"ecstore","endpoint":"http://rustfs-3.rustfs-headless.rustfs.svc.cluster.local:9000/data","handle_id":"4b1feb5d-7a7c-42d6-8f45-ba01471707f5","kind":"remote_disk","subsystem":"remote_disk","name":"recovery-monitor"},"spans":[],"threadName":"rustfs-worker","threadId":"ThreadId(34)"}
execute	Execute Action	2026-09-26T09:31:51.1901358Z [pod/rustfs-1/rustfs] {"timestamp":"2026-09-26T09:31:50.972217559Z","level":"INFO","message":"enter","target":"rustfs_ecstore::cluster::rpc::remote_disk","filename":"crates/ecstore/src/cluster/rpc/remote_disk.rs","line_number":967,"span":{"addr":"http://rustfs-3.rustfs-headless.rustfs.svc.cluster.local:9000","component":"ecstore","endpoint":"http://rustfs-3.rustfs-headless.rustfs.svc.cluster.local:9000/data","handle_id":"4b1feb5d-7a7c-42d6-8f45-ba01471707f5","kind":"remote_disk","subsystem":"remote_disk","name":"recovery-monitor"},"spans":[{"name":"run"},{"addr":"http://rustfs-3.rustfs-headless.rustfs.svc.cluster.local:9000","component":"ecstore","endpoint":"http://rustfs-3.rustfs-headless.rustfs.svc.cluster.local:9000/data","handle_id":"4b1feb5d-7a7c-42d6-8f45-ba01471707f5","kind":"remote_disk","subsystem":"remote_disk","name":"recovery-monitor"}],"threadName":"rustfs-worker","threadId":"ThreadId(34)"}
execute	Execute Action	2026-09-26T09:31:51.1906480Z [pod/rustfs-1/rustfs] {"timestamp":"2026-09-26T09:31:50.972249826Z","level":"INFO","message":"exit","target":"rustfs_ecstore::cluster::rpc::remote_disk","filename":"crates/ecstore/src/cluster/rpc/remote_disk.rs","line_number":967,"span":{"addr":"http://rustfs-3.rustfs-headless.rustfs.svc.cluster.local:9000","component":"ecstore","endpoint":"http://rustfs-3.rustfs-headless.rustfs.svc.cluster.local:9000/data","handle_id":"4b1feb5d-7a7c-42d6-8f45-ba01471707f5","kind":"remote_disk","subsystem":"remote_disk","name":"recovery-monitor"},"spans":[],"threadName":"rustfs-worker","threadId":"ThreadId(34)"}
execute	Execute Action	2026-09-26T09:31:51.1911114Z [pod/rustfs-1/rustfs] {"timestamp":"2026-09-26T09:31:50.972288469Z","level":"INFO","message":"exit","target":"rustfs_ecstore::cluster::rpc::remote_disk","filename":"crates/ecstore/src/cluster/rpc/remote_disk.rs","line_number":967,"span":{"addr":"http://rustfs-3.rustfs-headless.rustfs.svc.cluster.local:9000","component":"ecstore","endpoint":"http://rustfs-3.rustfs-headless.rustfs.svc.cluster.local:9000/data","handle_id":"4b1feb5d-7a7c-42d6-8f45-ba01471707f5","kind":"remote_disk","subsystem":"remote_disk","name":"recovery-monitor"},"spans":[],"threadName":"rustfs-worker","threadId":"ThreadId(28)"}
execute	Execute Action	2026-09-26T09:31:51.1916531Z [pod/rustfs-1/rustfs] {"timestamp":"2026-09-26T09:31:50.972320205Z","level":"INFO","message":"enter","target":"rustfs_ecstore::cluster::rpc::remote_disk","filename":"crates/ecstore/src/cluster/rpc/remote_disk.rs","line_number":967,"span":{"addr":"http://rustfs-3.rustfs-headless.rustfs.svc.cluster.local:9000","component":"ecstore","endpoint":"http://rustfs-3.rustfs-headless.rustfs.svc.cluster.local:9000/data","handle_id":"4b1feb5d-7a7c-42d6-8f45-ba01471707f5","kind":"remote_disk","subsystem":"remote_disk","name":"recovery-monitor"},"spans":[{"name":"run"},{"addr":"http://rustfs-3.rustfs-headless.rustfs.svc.cluster.local:9000","component":"ecstore","endpoint":"http://rustfs-3.rustfs-headless.rustfs.svc.cluster.local:9000/data","handle_id":"4b1feb5d-7a7c-42d6-8f45-ba01471707f5","kind":"remote_disk","subsystem":"remote_disk","name":"recovery-monitor"}],"threadName":"rustfs-worker","threadId":"ThreadId(28)"}
execute	Execute Action	2026-09-26T09:31:51.1922153Z [pod/rustfs-1/rustfs] {"timestamp":"2026-09-26T09:31:50.972350042Z","level":"INFO","message":"exit","target":"rustfs_ecstore::cluster::rpc::remote_disk","filename":"crates/ecstore/src/cluster/rpc/remote_disk.rs","line_number":967,"span":{"addr":"http://rustfs-3.rustfs-headless.rustfs.svc.cluster.local:9000","component":"ecstore","endpoint":"http://rustfs-3.rustfs-headless.rustfs.svc.cluster.local:9000/data","handle_id":"4b1feb5d-7a7c-42d6-8f45-ba01471707f5","kind":"remote_disk","subsystem":"remote_disk","name":"recovery-monitor"},"spans":[],"threadName":"rustfs-worker","threadId":"ThreadId(28)"}
execute	Execute Action	2026-09-26T09:31:51.1927827Z [pod/rustfs-1/rustfs] {"timestamp":"2026-09-26T09:31:50.972382078Z","level":"INFO","message":"enter","target":"rustfs_ecstore::cluster::rpc::remote_disk","filename":"crates/ecstore/src/cluster/rpc/remote_disk.rs","line_number":967,"span":{"addr":"http://rustfs-3.rustfs-headless.rustfs.svc.cluster.local:9000","component":"ecstore","endpoint":"http://rustfs-3.rustfs-headless.rustfs.svc.cluster.local:9000/data","handle_id":"4b1feb5d-7a7c-42d6-8f45-ba01471707f5","kind":"remote_disk","subsystem":"remote_disk","name":"recovery-monitor"},"spans":[{"name":"run"},{"addr":"http://rustfs-3.rustfs-headless.rustfs.svc.cluster.local:9000","component":"ecstore","endpoint":"http://rustfs-3.rustfs-headless.rustfs.svc.cluster.local:9000/data","handle_id":"4b1feb5d-7a7c-42d6-8f45-ba01471707f5","kind":"remote_disk","subsystem":"remote_disk","name":"recovery-monitor"}],"threadName":"rustfs-worker","threadId":"ThreadId(28)"}
execute	Execute Action	2026-09-26T09:31:51.1933161Z [pod/rustfs-1/rustfs] {"timestamp":"2026-09-26T09:31:50.972467045Z","level":"INFO","message":"exit","target":"rustfs_ecstore::cluster::rpc::remote_disk","filename":"crates/ecstore/src/cluster/rpc/remote_disk.rs","line_number":967,"span":{"addr":"http://rustfs-3.rustfs-headless.rustfs.svc.cluster.local:9000","component":"ecstore","endpoint":"http://rustfs-3.rustfs-headless.rustfs.svc.cluster.local:9000/data","handle_id":"4b1feb5d-7a7c-42d6-8f45-ba01471707f5","kind":"remote_disk","subsystem":"remote_disk","name":"recovery-monitor"},"spans":[],"threadName":"rustfs-worker","threadId":"ThreadId(28)"}
execute	Execute Action	2026-09-26T09:31:51.1936159Z [pod/rustfs-1/rustfs] {"timestamp":"2026-09-26T09:31:50.972546839Z","level":"INFO","message":"enter","target":"rustfs::startup_entrypoint","filename":"rustfs/src/startup_entrypoint.rs","line_number":1721,"span":{"name":"run"},"spans":[{"name":"run"}],"threadName":"rustfs-worker","threadId":"ThreadId(21)"}
execute	Execute Action	2026-09-26T09:31:51.1938069Z [pod/rustfs-1/rustfs] {"timestamp":"2026-09-26T09:31:50.97261195Z","level":"INFO","message":"exit","target":"rustfs::startup_entrypoint","filename":"rustfs/src/startup_entrypoint.rs","line_number":1721,"span":{"name":"run"},"spans":[],"threadName":"rustfs-worker","threadId":"ThreadId(21)"}
execute	Execute Action	2026-09-26T09:31:51.1940149Z [pod/rustfs-1/rustfs] {"timestamp":"2026-09-26T09:31:50.972626916Z","level":"INFO","message":"enter","target":"rustfs::startup_entrypoint","filename":"rustfs/src/startup_entrypoint.rs","line_number":1721,"span":{"name":"run"},"spans":[{"name":"run"}],"threadName":"rustfs-worker","threadId":"ThreadId(21)"}
execute	Execute Action	2026-09-26T09:31:51.1942175Z [pod/rustfs-1/rustfs] {"timestamp":"2026-09-26T09:31:50.972642123Z","level":"INFO","message":"exit","target":"rustfs::startup_entrypoint","filename":"rustfs/src/startup_entrypoint.rs","line_number":1721,"span":{"name":"run"},"spans":[],"threadName":"rustfs-worker","threadId":"ThreadId(21)"}
execute	Execute Action	2026-09-26T09:31:51.1944062Z [pod/rustfs-1/rustfs] {"timestamp":"2026-09-26T09:31:50.972654833Z","level":"INFO","message":"enter","target":"rustfs::startup_entrypoint","filename":"rustfs/src/startup_entrypoint.rs","line_number":1721,"span":{"name":"run"},"spans":[{"name":"run"}],"threadName":"rustfs-worker","threadId":"ThreadId(21)"}
execute	Execute Action	2026-09-26T09:31:51.1946084Z [pod/rustfs-1/rustfs] {"timestamp":"2026-09-26T09:31:50.972668146Z","level":"INFO","message":"exit","target":"rustfs::startup_entrypoint","filename":"rustfs/src/startup_entrypoint.rs","line_number":1721,"span":{"name":"run"},"spans":[],"threadName":"rustfs-worker","threadId":"ThreadId(21)"}
execute	Execute Action	2026-09-26T09:31:51.1948020Z [pod/rustfs-1/rustfs] {"timestamp":"2026-09-26T09:31:50.972771816Z","level":"INFO","message":"enter","target":"rustfs::startup_entrypoint","filename":"rustfs/src/startup_entrypoint.rs","line_number":1721,"span":{"name":"run"},"spans":[{"name":"run"}],"threadName":"rustfs-worker","threadId":"ThreadId(24)"}
execute	Execute Action	2026-09-26T09:31:51.1949906Z [pod/rustfs-1/rustfs] {"timestamp":"2026-09-26T09:31:50.972800244Z","level":"INFO","message":"exit","target":"rustfs::startup_entrypoint","filename":"rustfs/src/startup_entrypoint.rs","line_number":1721,"span":{"name":"run"},"spans":[],"threadName":"rustfs-worker","threadId":"ThreadId(24)"}
execute	Execute Action	2026-09-26T09:31:51.1954059Z [pod/rustfs-1/rustfs] {"timestamp":"2026-09-26T09:31:50.972865268Z","level":"INFO","message":"enter","target":"rustfs_ecstore::cluster::rpc::remote_disk","filename":"crates/ecstore/src/cluster/rpc/remote_disk.rs","line_number":967,"span":{"addr":"http://rustfs-2.rustfs-headless.rustfs.svc.cluster.local:9000","component":"ecstore","endpoint":"http://rustfs-2.rustfs-headless.rustfs.svc.cluster.local:9000/data","handle_id":"030cbc46-f48b-4aa2-9bb9-a8307aebbcab","kind":"remote_disk","subsystem":"remote_disk","name":"recovery-monitor"},"spans":[{"name":"run"},{"addr":"http://rustfs-2.rustfs-headless.rustfs.svc.cluster.local:9000","component":"ecstore","endpoint":"http://rustfs-2.rustfs-headless.rustfs.svc.cluster.local:9000/data","handle_id":"030cbc46-f48b-4aa2-9bb9-a8307aebbcab","kind":"remote_disk","subsystem":"remote_disk","name":"recovery-monitor"}],"threadName":"rustfs-worker","threadId":"ThreadId(21)"}
execute	Execute Action	2026-09-26T09:31:51.1959286Z [pod/rustfs-1/rustfs] {"timestamp":"2026-09-26T09:31:50.972911025Z","level":"INFO","message":"exit","target":"rustfs_ecstore::cluster::rpc::remote_disk","filename":"crates/ecstore/src/cluster/rpc/remote_disk.rs","line_number":967,"span":{"addr":"http://rustfs-2.rustfs-headless.rustfs.svc.cluster.local:9000","component":"ecstore","endpoint":"http://rustfs-2.rustfs-headless.rustfs.svc.cluster.local:9000/data","handle_id":"030cbc46-f48b-4aa2-9bb9-a8307aebbcab","kind":"remote_disk","subsystem":"remote_disk","name":"recovery-monitor"},"spans":[],"threadName":"rustfs-worker","threadId":"ThreadId(21)"}
execute	Execute Action	2026-09-26T09:31:51.1964477Z [pod/rustfs-1/rustfs] {"timestamp":"2026-09-26T09:31:50.972960016Z","level":"INFO","message":"enter","target":"rustfs_ecstore::cluster::rpc::remote_disk","filename":"crates/ecstore/src/cluster/rpc/remote_disk.rs","line_number":967,"span":{"addr":"http://rustfs-2.rustfs-headless.rustfs.svc.cluster.local:9000","component":"ecstore","endpoint":"http://rustfs-2.rustfs-headless.rustfs.svc.cluster.local:9000/data","handle_id":"030cbc46-f48b-4aa2-9bb9-a8307aebbcab","kind":"remote_disk","subsystem":"remote_disk","name":"recovery-monitor"},"spans":[{"name":"run"},{"addr":"http://rustfs-2.rustfs-headless.rustfs.svc.cluster.local:9000","component":"ecstore","endpoint":"http://rustfs-2.rustfs-headless.rustfs.svc.cluster.local:9000/data","handle_id":"030cbc46-f48b-4aa2-9bb9-a8307aebbcab","kind":"remote_disk","subsystem":"remote_disk","name":"recovery-monitor"}],"threadName":"rustfs-worker","threadId":"ThreadId(23)"}
execute	Execute Action	2026-09-26T09:31:51.1969829Z [pod/rustfs-1/rustfs] {"timestamp":"2026-09-26T09:31:50.973014824Z","level":"INFO","message":"exit","target":"rustfs_ecstore::cluster::rpc::remote_disk","filename":"crates/ecstore/src/cluster/rpc/remote_disk.rs","line_number":967,"span":{"addr":"http://rustfs-2.rustfs-headless.rustfs.svc.cluster.local:9000","component":"ecstore","endpoint":"http://rustfs-2.rustfs-headless.rustfs.svc.cluster.local:9000/data","handle_id":"030cbc46-f48b-4aa2-9bb9-a8307aebbcab","kind":"remote_disk","subsystem":"remote_disk","name":"recovery-monitor"},"spans":[],"threadName":"rustfs-worker","threadId":"ThreadId(23)"}
execute	Execute Action	2026-09-26T09:31:51.1975154Z [pod/rustfs-1/rustfs] {"timestamp":"2026-09-26T09:31:50.973051229Z","level":"INFO","message":"enter","target":"rustfs_ecstore::cluster::rpc::remote_disk","filename":"crates/ecstore/src/cluster/rpc/remote_disk.rs","line_number":967,"span":{"addr":"http://rustfs-2.rustfs-headless.rustfs.svc.cluster.local:9000","component":"ecstore","endpoint":"http://rustfs-2.rustfs-headless.rustfs.svc.cluster.local:9000/data","handle_id":"030cbc46-f48b-4aa2-9bb9-a8307aebbcab","kind":"remote_disk","subsystem":"remote_disk","name":"recovery-monitor"},"spans":[{"name":"run"},{"addr":"http://rustfs-2.rustfs-headless.rustfs.svc.cluster.local:9000","component":"ecstore","endpoint":"http://rustfs-2.rustfs-headless.rustfs.svc.cluster.local:9000/data","handle_id":"030cbc46-f48b-4aa2-9bb9-a8307aebbcab","kind":"remote_disk","subsystem":"remote_disk","name":"recovery-monitor"}],"threadName":"rustfs-worker","threadId":"ThreadId(23)"}
execute	Execute Action	2026-09-26T09:31:51.1981405Z [pod/rustfs-1/rustfs] {"timestamp":"2026-09-26T09:31:50.973068473Z","level":"INFO","message":"enter","target":"rustfs_ecstore::cluster::rpc::remote_disk","filename":"crates/ecstore/src/cluster/rpc/remote_disk.rs","line_number":967,"span":{"addr":"http://rustfs-3.rustfs-headless.rustfs.svc.cluster.local:9000","component":"ecstore","endpoint":"http://rustfs-3.rustfs-headless.rustfs.svc.cluster.local:9000/data","handle_id":"4b1feb5d-7a7c-42d6-8f45-ba01471707f5","kind":"remote_disk","subsystem":"remote_disk","name":"recovery-monitor"},"spans":[{"name":"run"},{"addr":"http://rustfs-3.rustfs-headless.rustfs.svc.cluster.local:9000","component":"ecstore","endpoint":"http://rustfs-3.rustfs-headless.rustfs.svc.cluster.local:9000/data","handle_id":"4b1feb5d-7a7c-42d6-8f45-ba01471707f5","kind":"remote_disk","subsystem":"remote_disk","name":"recovery-monitor"}],"threadName":"rustfs-worker","threadId":"ThreadId(24)"}
execute	Execute Action	2026-09-26T09:31:51.1986515Z [pod/rustfs-1/rustfs] {"timestamp":"2026-09-26T09:31:50.973082355Z","level":"INFO","message":"exit","target":"rustfs_ecstore::cluster::rpc::remote_disk","filename":"crates/ecstore/src/cluster/rpc/remote_disk.rs","line_number":967,"span":{"addr":"http://rustfs-2.rustfs-headless.rustfs.svc.cluster.local:9000","component":"ecstore","endpoint":"http://rustfs-2.rustfs-headless.rustfs.svc.cluster.local:9000/data","handle_id":"030cbc46-f48b-4aa2-9bb9-a8307aebbcab","kind":"remote_disk","subsystem":"remote_disk","name":"recovery-monitor"},"spans":[],"threadName":"rustfs-worker","threadId":"ThreadId(23)"}
execute	Execute Action	2026-09-26T09:31:51.1991713Z [pod/rustfs-1/rustfs] {"timestamp":"2026-09-26T09:31:50.973109592Z","level":"INFO","message":"enter","target":"rustfs_ecstore::cluster::rpc::remote_disk","filename":"crates/ecstore/src/cluster/rpc/remote_disk.rs","line_number":967,"span":{"addr":"http://rustfs-2.rustfs-headless.rustfs.svc.cluster.local:9000","component":"ecstore","endpoint":"http://rustfs-2.rustfs-headless.rustfs.svc.cluster.local:9000/data","handle_id":"030cbc46-f48b-4aa2-9bb9-a8307aebbcab","kind":"remote_disk","subsystem":"remote_disk","name":"recovery-monitor"},"spans":[{"name":"run"},{"addr":"http://rustfs-2.rustfs-headless.rustfs.svc.cluster.local:9000","component":"ecstore","endpoint":"http://rustfs-2.rustfs-headless.rustfs.svc.cluster.local:9000/data","handle_id":"030cbc46-f48b-4aa2-9bb9-a8307aebbcab","kind":"remote_disk","subsystem":"remote_disk","name":"recovery-monitor"}],"threadName":"rustfs-worker","threadId":"ThreadId(23)"}
execute	Execute Action	2026-09-26T09:31:51.1996927Z [pod/rustfs-1/rustfs] {"timestamp":"2026-09-26T09:31:50.973161931Z","level":"INFO","message":"exit","target":"rustfs_ecstore::cluster::rpc::remote_disk","filename":"crates/ecstore/src/cluster/rpc/remote_disk.rs","line_number":967,"span":{"addr":"http://rustfs-3.rustfs-headless.rustfs.svc.cluster.local:9000","component":"ecstore","endpoint":"http://rustfs-3.rustfs-headless.rustfs.svc.cluster.local:9000/data","handle_id":"4b1feb5d-7a7c-42d6-8f45-ba01471707f5","kind":"remote_disk","subsystem":"remote_disk","name":"recovery-monitor"},"spans":[],"threadName":"rustfs-worker","threadId":"ThreadId(24)"}
execute	Execute Action	2026-09-26T09:31:51.2002244Z [pod/rustfs-1/rustfs] {"timestamp":"2026-09-26T09:31:50.973160435Z","level":"INFO","message":"enter","target":"rustfs_ecstore::cluster::rpc::remote_disk","filename":"crates/ecstore/src/cluster/rpc/remote_disk.rs","line_number":967,"span":{"addr":"http://rustfs-2.rustfs-headless.rustfs.svc.cluster.local:9000","component":"ecstore","endpoint":"http://rustfs-2.rustfs-headless.rustfs.svc.cluster.local:9000/data","handle_id":"030cbc46-f48b-4aa2-9bb9-a8307aebbcab","kind":"remote_disk","subsystem":"remote_disk","name":"recovery-monitor"},"spans":[{"name":"run"},{"addr":"http://rustfs-2.rustfs-headless.rustfs.svc.cluster.local:9000","component":"ecstore","endpoint":"http://rustfs-2.rustfs-headless.rustfs.svc.cluster.local:9000/data","handle_id":"030cbc46-f48b-4aa2-9bb9-a8307aebbcab","kind":"remote_disk","subsystem":"remote_disk","name":"recovery-monitor"}],"threadName":"rustfs-worker","threadId":"ThreadId(21)"}
execute	Execute Action	2026-09-26T09:31:51.2007354Z [pod/rustfs-1/rustfs] {"timestamp":"2026-09-26T09:31:50.97317429Z","level":"INFO","message":"exit","target":"rustfs_ecstore::cluster::rpc::remote_disk","filename":"crates/ecstore/src/cluster/rpc/remote_disk.rs","line_number":967,"span":{"addr":"http://rustfs-2.rustfs-headless.rustfs.svc.cluster.local:9000","component":"ecstore","endpoint":"http://rustfs-2.rustfs-headless.rustfs.svc.cluster.local:9000/data","handle_id":"030cbc46-f48b-4aa2-9bb9-a8307aebbcab","kind":"remote_disk","subsystem":"remote_disk","name":"recovery-monitor"},"spans":[],"threadName":"rustfs-worker","threadId":"ThreadId(23)"}
execute	Execute Action	2026-09-26T09:31:51.2012607Z [pod/rustfs-1/rustfs] {"timestamp":"2026-09-26T09:31:50.973190301Z","level":"INFO","message":"enter","target":"rustfs_ecstore::cluster::rpc::remote_disk","filename":"crates/ecstore/src/cluster/rpc/remote_disk.rs","line_number":967,"span":{"addr":"http://rustfs-3.rustfs-headless.rustfs.svc.cluster.local:9000","component":"ecstore","endpoint":"http://rustfs-3.rustfs-headless.rustfs.svc.cluster.local:9000/data","handle_id":"4b1feb5d-7a7c-42d6-8f45-ba01471707f5","kind":"remote_disk","subsystem":"remote_disk","name":"recovery-monitor"},"spans":[{"name":"run"},{"addr":"http://rustfs-3.rustfs-headless.rustfs.svc.cluster.local:9000","component":"ecstore","endpoint":"http://rustfs-3.rustfs-headless.rustfs.svc.cluster.local:9000/data","handle_id":"4b1feb5d-7a7c-42d6-8f45-ba01471707f5","kind":"remote_disk","subsystem":"remote_disk","name":"recovery-monitor"}],"threadName":"rustfs-worker","threadId":"ThreadId(24)"}
execute	Execute Action	2026-09-26T09:31:51.2017716Z [pod/rustfs-1/rustfs] {"timestamp":"2026-09-26T09:31:50.973210206Z","level":"INFO","message":"exit","target":"rustfs_ecstore::cluster::rpc::remote_disk","filename":"crates/ecstore/src/cluster/rpc/remote_disk.rs","line_number":967,"span":{"addr":"http://rustfs-2.rustfs-headless.rustfs.svc.cluster.local:9000","component":"ecstore","endpoint":"http://rustfs-2.rustfs-headless.rustfs.svc.cluster.local:9000/data","handle_id":"030cbc46-f48b-4aa2-9bb9-a8307aebbcab","kind":"remote_disk","subsystem":"remote_disk","name":"recovery-monitor"},"spans":[],"threadName":"rustfs-worker","threadId":"ThreadId(21)"}
execute	Execute Action	2026-09-26T09:31:51.2023114Z [pod/rustfs-1/rustfs] {"timestamp":"2026-09-26T09:31:50.973208137Z","level":"INFO","message":"enter","target":"rustfs_ecstore::cluster::rpc::remote_disk","filename":"crates/ecstore/src/cluster/rpc/remote_disk.rs","line_number":967,"span":{"addr":"http://rustfs-2.rustfs-headless.rustfs.svc.cluster.local:9000","component":"ecstore","endpoint":"http://rustfs-2.rustfs-headless.rustfs.svc.cluster.local:9000/data","handle_id":"030cbc46-f48b-4aa2-9bb9-a8307aebbcab","kind":"remote_disk","subsystem":"remote_disk","name":"recovery-monitor"},"spans":[{"name":"run"},{"addr":"http://rustfs-2.rustfs-headless.rustfs.svc.cluster.local:9000","component":"ecstore","endpoint":"http://rustfs-2.rustfs-headless.rustfs.svc.cluster.local:9000/data","handle_id":"030cbc46-f48b-4aa2-9bb9-a8307aebbcab","kind":"remote_disk","subsystem":"remote_disk","name":"recovery-monitor"}],"threadName":"rustfs-worker","threadId":"ThreadId(23)"}
execute	Execute Action	2026-09-26T09:31:51.2028401Z [pod/rustfs-1/rustfs] {"timestamp":"2026-09-26T09:31:50.973225583Z","level":"INFO","message":"exit","target":"rustfs_ecstore::cluster::rpc::remote_disk","filename":"crates/ecstore/src/cluster/rpc/remote_disk.rs","line_number":967,"span":{"addr":"http://rustfs-3.rustfs-headless.rustfs.svc.cluster.local:9000","component":"ecstore","endpoint":"http://rustfs-3.rustfs-headless.rustfs.svc.cluster.local:9000/data","handle_id":"4b1feb5d-7a7c-42d6-8f45-ba01471707f5","kind":"remote_disk","subsystem":"remote_disk","name":"recovery-monitor"},"spans":[],"threadName":"rustfs-worker","threadId":"ThreadId(24)"}
execute	Execute Action	2026-09-26T09:31:51.2033576Z [pod/rustfs-1/rustfs] {"timestamp":"2026-09-26T09:31:50.973235885Z","level":"INFO","message":"exit","target":"rustfs_ecstore::cluster::rpc::remote_disk","filename":"crates/ecstore/src/cluster/rpc/remote_disk.rs","line_number":967,"span":{"addr":"http://rustfs-2.rustfs-headless.rustfs.svc.cluster.local:9000","component":"ecstore","endpoint":"http://rustfs-2.rustfs-headless.rustfs.svc.cluster.local:9000/data","handle_id":"030cbc46-f48b-4aa2-9bb9-a8307aebbcab","kind":"remote_disk","subsystem":"remote_disk","name":"recovery-monitor"},"spans":[],"threadName":"rustfs-worker","threadId":"ThreadId(23)"}
execute	Execute Action	2026-09-26T09:31:51.2038743Z [pod/rustfs-1/rustfs] {"timestamp":"2026-09-26T09:31:50.973239334Z","level":"INFO","message":"enter","target":"rustfs_ecstore::cluster::rpc::remote_disk","filename":"crates/ecstore/src/cluster/rpc/remote_disk.rs","line_number":967,"span":{"addr":"http://rustfs-2.rustfs-headless.rustfs.svc.cluster.local:9000","component":"ecstore","endpoint":"http://rustfs-2.rustfs-headless.rustfs.svc.cluster.local:9000/data","handle_id":"030cbc46-f48b-4aa2-9bb9-a8307aebbcab","kind":"remote_disk","subsystem":"remote_disk","name":"recovery-monitor"},"spans":[{"name":"run"},{"addr":"http://rustfs-2.rustfs-headless.rustfs.svc.cluster.local:9000","component":"ecstore","endpoint":"http://rustfs-2.rustfs-headless.rustfs.svc.cluster.local:9000/data","handle_id":"030cbc46-f48b-4aa2-9bb9-a8307aebbcab","kind":"remote_disk","subsystem":"remote_disk","name":"recovery-monitor"}],"threadName":"rustfs-worker","threadId":"ThreadId(21)"}
execute	Execute Action	2026-09-26T09:31:51.2045061Z [pod/rustfs-1/rustfs] {"timestamp":"2026-09-26T09:31:50.97325322Z","level":"INFO","message":"enter","target":"rustfs_ecstore::cluster::rpc::remote_disk","filename":"crates/ecstore/src/cluster/rpc/remote_disk.rs","line_number":967,"span":{"addr":"http://rustfs-3.rustfs-headless.rustfs.svc.cluster.local:9000","component":"ecstore","endpoint":"http://rustfs-3.rustfs-headless.rustfs.svc.cluster.local:9000/data","handle_id":"4b1feb5d-7a7c-42d6-8f45-ba01471707f5","kind":"remote_disk","subsystem":"remote_disk","name":"recovery-monitor"},"spans":[{"name":"run"},{"addr":"http://rustfs-3.rustfs-headless.rustfs.svc.cluster.local:9000","component":"ecstore","endpoint":"http://rustfs-3.rustfs-headless.rustfs.svc.cluster.local:9000/data","handle_id":"4b1feb5d-7a7c-42d6-8f45-ba01471707f5","kind":"remote_disk","subsystem":"remote_disk","name":"recovery-monitor"}],"threadName":"rustfs-worker","threadId":"ThreadId(24)"}
execute	Execute Action	2026-09-26T09:31:51.2050496Z [pod/rustfs-1/rustfs] {"timestamp":"2026-09-26T09:31:50.973267327Z","level":"INFO","message":"exit","target":"rustfs_ecstore::cluster::rpc::remote_disk","filename":"crates/ecstore/src/cluster/rpc/remote_disk.rs","line_number":967,"span":{"addr":"http://rustfs-2.rustfs-headless.rustfs.svc.cluster.local:9000","component":"ecstore","endpoint":"http://rustfs-2.rustfs-headless.rustfs.svc.cluster.local:9000/data","handle_id":"030cbc46-f48b-4aa2-9bb9-a8307aebbcab","kind":"remote_disk","subsystem":"remote_disk","name":"recovery-monitor"},"spans":[],"threadName":"rustfs-worker","threadId":"ThreadId(21)"}
execute	Execute Action	2026-09-26T09:31:51.2055618Z [pod/rustfs-1/rustfs] {"timestamp":"2026-09-26T09:31:50.973268811Z","level":"INFO","message":"enter","target":"rustfs_ecstore::cluster::rpc::remote_disk","filename":"crates/ecstore/src/cluster/rpc/remote_disk.rs","line_number":967,"span":{"addr":"http://rustfs-2.rustfs-headless.rustfs.svc.cluster.local:9000","component":"ecstore","endpoint":"http://rustfs-2.rustfs-headless.rustfs.svc.cluster.local:9000/data","handle_id":"030cbc46-f48b-4aa2-9bb9-a8307aebbcab","kind":"remote_disk","subsystem":"remote_disk","name":"recovery-monitor"},"spans":[{"name":"run"},{"addr":"http://rustfs-2.rustfs-headless.rustfs.svc.cluster.local:9000","component":"ecstore","endpoint":"http://rustfs-2.rustfs-headless.rustfs.svc.cluster.local:9000/data","handle_id":"030cbc46-f48b-4aa2-9bb9-a8307aebbcab","kind":"remote_disk","subsystem":"remote_disk","name":"recovery-monitor"}],"threadName":"rustfs-worker","threadId":"ThreadId(23)"}
execute	Execute Action	2026-09-26T09:31:51.2060953Z [pod/rustfs-1/rustfs] {"timestamp":"2026-09-26T09:31:50.973279603Z","level":"INFO","message":"exit","target":"rustfs_ecstore::cluster::rpc::remote_disk","filename":"crates/ecstore/src/cluster/rpc/remote_disk.rs","line_number":967,"span":{"addr":"http://rustfs-3.rustfs-headless.rustfs.svc.cluster.local:9000","component":"ecstore","endpoint":"http://rustfs-3.rustfs-headless.rustfs.svc.cluster.local:9000/data","handle_id":"4b1feb5d-7a7c-42d6-8f45-ba01471707f5","kind":"remote_disk","subsystem":"remote_disk","name":"recovery-monitor"},"spans":[],"threadName":"rustfs-worker","threadId":"ThreadId(24)"}
execute	Execute Action	2026-09-26T09:31:51.2064998Z [pod/rustfs-1/rustfs] {"timestamp":"2026-09-26T09:31:50.973317676Z","level":"INFO","message":"exit","target":"rustfs_ecstore::cluster::rpc::remote_disk","filename":"crates/ecstore/src/cluster/rpc/remote_disk.rs","line_number":967,"span":{"addr":"http://rustfs-2.rustfs-headless.rustfs.svc.cluster.local:9000","component":"ecstore","endpoint":"http://rustfs-2.rustfs-headless.rustfs.svc.cluster.local:9000/data","handle_id":"030cbc46-f48b-4aa2-9bb9-a8307aebbcab","kind":"remote_disk","subsystem":"remote_disk","name":"recovery-monitor"},"spans":[],"threadName":"rustfs-worker","threadId":"ThreadId(23)"}
execute	Execute Action	2026-09-26T09:31:51.2070092Z [pod/rustfs-1/rustfs] {"timestamp":"2026-09-26T09:31:50.973426018Z","level":"INFO","message":"enter","target":"rustfs_ecstore::cluster::rpc::remote_disk","filename":"crates/ecstore/src/cluster/rpc/remote_disk.rs","line_number":967,"span":{"addr":"http://rustfs-2.rustfs-headless.rustfs.svc.cluster.local:9000","component":"ecstore","endpoint":"http://rustfs-2.rustfs-headless.rustfs.svc.cluster.local:9000/data","handle_id":"030cbc46-f48b-4aa2-9bb9-a8307aebbcab","kind":"remote_disk","subsystem":"remote_disk","name":"recovery-monitor"},"spans":[{"name":"run"},{"addr":"http://rustfs-2.rustfs-headless.rustfs.svc.cluster.local:9000","component":"ecstore","endpoint":"http://rustfs-2.rustfs-headless.rustfs.svc.cluster.local:9000/data","handle_id":"030cbc46-f48b-4aa2-9bb9-a8307aebbcab","kind":"remote_disk","subsystem":"remote_disk","name":"recovery-monitor"}],"threadName":"rustfs-worker","threadId":"ThreadId(23)"}
execute	Execute Action	2026-09-26T09:31:51.2076366Z [pod/rustfs-1/rustfs] {"timestamp":"2026-09-26T09:31:50.973424247Z","level":"INFO","message":"enter","target":"rustfs_ecstore::cluster::rpc::remote_disk","filename":"crates/ecstore/src/cluster/rpc/remote_disk.rs","line_number":967,"span":{"addr":"http://rustfs-3.rustfs-headless.rustfs.svc.cluster.local:9000","component":"ecstore","endpoint":"http://rustfs-3.rustfs-headless.rustfs.svc.cluster.local:9000/data","handle_id":"4b1feb5d-7a7c-42d6-8f45-ba01471707f5","kind":"remote_disk","subsystem":"remote_disk","name":"recovery-monitor"},"spans":[{"name":"run"},{"addr":"http://rustfs-3.rustfs-headless.rustfs.svc.cluster.local:9000","component":"ecstore","endpoint":"http://rustfs-3.rustfs-headless.rustfs.svc.cluster.local:9000/data","handle_id":"4b1feb5d-7a7c-42d6-8f45-ba01471707f5","kind":"remote_disk","subsystem":"remote_disk","name":"recovery-monitor"}],"threadName":"rustfs-worker","threadId":"ThreadId(28)"}
execute	Execute Action	2026-09-26T09:31:51.2081683Z [pod/rustfs-1/rustfs] {"timestamp":"2026-09-26T09:31:50.973462338Z","level":"INFO","message":"exit","target":"rustfs_ecstore::cluster::rpc::remote_disk","filename":"crates/ecstore/src/cluster/rpc/remote_disk.rs","line_number":967,"span":{"addr":"http://rustfs-2.rustfs-headless.rustfs.svc.cluster.local:9000","component":"ecstore","endpoint":"http://rustfs-2.rustfs-headless.rustfs.svc.cluster.local:9000/data","handle_id":"030cbc46-f48b-4aa2-9bb9-a8307aebbcab","kind":"remote_disk","subsystem":"remote_disk","name":"recovery-monitor"},"spans":[],"threadName":"rustfs-worker","threadId":"ThreadId(23)"}
execute	Execute Action	2026-09-26T09:31:51.2085835Z [pod/rustfs-1/rustfs] {"timestamp":"2026-09-26T09:31:50.973481822Z","level":"INFO","message":"exit","target":"rustfs_ecstore::cluster::rpc::remote_disk","filename":"crates/ecstore/src/cluster/rpc/remote_disk.rs","line_number":967,"span":{"addr":"http://rustfs-3.rustfs-headless.rustfs.svc.cluster.local:9000","component":"ecstore","endpoint":"http://rustfs-3.rustfs-headless.rustfs.svc.cluster.local:9000/data","handle_id":"4b1feb5d-7a7c-42d6-8f45-ba01471707f5","kind":"remote_disk","subsystem":"remote_disk","name":"recovery-monitor"},"spans":[],"threadName":"rustfs-worker","threadId":"ThreadId(28)"}
execute	Execute Action	2026-09-26T09:31:51.2091064Z [pod/rustfs-1/rustfs] {"timestamp":"2026-09-26T09:31:50.973497401Z","level":"INFO","message":"enter","target":"rustfs_ecstore::cluster::rpc::remote_disk","filename":"crates/ecstore/src/cluster/rpc/remote_disk.rs","line_number":967,"span":{"addr":"http://rustfs-2.rustfs-headless.rustfs.svc.cluster.local:9000","component":"ecstore","endpoint":"http://rustfs-2.rustfs-headless.rustfs.svc.cluster.local:9000/data","handle_id":"030cbc46-f48b-4aa2-9bb9-a8307aebbcab","kind":"remote_disk","subsystem":"remote_disk","name":"recovery-monitor"},"spans":[{"name":"run"},{"addr":"http://rustfs-2.rustfs-headless.rustfs.svc.cluster.local:9000","component":"ecstore","endpoint":"http://rustfs-2.rustfs-headless.rustfs.svc.cluster.local:9000/data","handle_id":"030cbc46-f48b-4aa2-9bb9-a8307aebbcab","kind":"remote_disk","subsystem":"remote_disk","name":"recovery-monitor"}],"threadName":"rustfs-worker","threadId":"ThreadId(23)"}
execute	Execute Action	2026-09-26T09:31:51.4035098Z [pod/rustfs-1/rustfs] {"timestamp":"2026-09-26T09:31:50.97353049Z","level":"INFO","message":"exit","target":"rustfs_ecstore::cluster::rpc::remote_disk","filename":"crates/ecstore/src/cluster/rpc/remote_disk.rs","line_number":967,"span":{"addr":"http://rustfs-2.rustfs-headless.rustfs.svc.cluster.local:9000","component":"ecstore","endpoint":"http://rustfs-2.rustfs-headless.rustfs.svc.cluster.local:9000/data","handle_id":"030cbc46-f48b-4aa2-9bb9-a8307aebbcab","kind":"remote_disk","subsystem":"remote_disk","name":"recovery-monitor"},"spans":[],"threadName":"rustfs-worker","threadId":"ThreadId(23)"}
execute	Execute Action	2026-09-26T09:31:51.4040984Z [pod/rustfs-1/rustfs] {"timestamp":"2026-09-26T09:31:50.973560017Z","level":"INFO","message":"remote acquire_exclusive for .rustfs.sys/s3tables/catalog/table-buckets/01ca1703560cd9ff667fb2ad4a942bb1c5a79918f32e967e26c728db675ddc1b/namespaces/events/tables/bluesky_posts/table-entry.json@latest","target":"rustfs_ecstore::cluster::rpc::remote_locker","filename":"crates/ecstore/src/cluster/rpc/remote_locker.rs","line_number":682,"threadName":"rustfs-worker","threadId":"ThreadId(24)"}
execute	Execute Action	2026-09-26T09:31:51.4046632Z [pod/rustfs-1/rustfs] {"timestamp":"2026-09-26T09:31:50.973563491Z","level":"INFO","message":"remote acquire_exclusive for .rustfs.sys/s3tables/catalog/table-buckets/01ca1703560cd9ff667fb2ad4a942bb1c5a79918f32e967e26c728db675ddc1b/namespaces/events/tables/bluesky_posts/table-entry.json@latest","target":"rustfs_ecstore::cluster::rpc::remote_locker","filename":"crates/ecstore/src/cluster/rpc/remote_locker.rs","line_number":682,"threadName":"rustfs-worker","threadId":"ThreadId(33)"}
execute	Execute Action	2026-09-26T09:31:51.4052883Z [pod/rustfs-1/rustfs] {"timestamp":"2026-09-26T09:31:50.973570562Z","level":"INFO","message":"remote release for .rustfs.sys/s3tables/catalog/table-buckets/01ca1703560cd9ff667fb2ad4a942bb1c5a79918f32e967e26c728db675ddc1b/warehouse-index/046b95de2724b9b68dd243092d81bfc59f5468438d65fd5ecfa4dfad8b004ac2.json@latest:8aba962a-4a85-4786-9585-ead0e75199ed","target":"rustfs_ecstore::cluster::rpc::remote_locker","filename":"crates/ecstore/src/cluster/rpc/remote_locker.rs","line_number":779,"threadName":"rustfs-worker","threadId":"ThreadId(21)"}
execute	Execute Action	2026-09-26T09:31:51.4061592Z [pod/rustfs-1/rustfs] {"timestamp":"2026-09-26T09:31:50.973563501Z","level":"INFO","message":"enter","target":"rustfs_ecstore::cluster::rpc::remote_disk","filename":"crates/ecstore/src/cluster/rpc/remote_disk.rs","line_number":967,"span":{"addr":"http://rustfs-2.rustfs-headless.rustfs.svc.cluster.local:9000","component":"ecstore","endpoint":"http://rustfs-2.rustfs-headless.rustfs.svc.cluster.local:9000/data","handle_id":"030cbc46-f48b-4aa2-9bb9-a8307aebbcab","kind":"remote_disk","subsystem":"remote_disk","name":"recovery-monitor"},"spans":[{"name":"run"},{"addr":"http://rustfs-2.rustfs-headless.rustfs.svc.cluster.local:9000","component":"ecstore","endpoint":"http://rustfs-2.rustfs-headless.rustfs.svc.cluster.local:9000/data","handle_id":"030cbc46-f48b-4aa2-9bb9-a8307aebbcab","kind":"remote_disk","subsystem":"remote_disk","name":"recovery-monitor"}],"threadName":"rustfs-worker","threadId":"ThreadId(23)"}
execute	Execute Action	2026-09-26T09:31:51.4068027Z [pod/rustfs-1/rustfs] {"timestamp":"2026-09-26T09:31:50.973621237Z","level":"INFO","message":"exit","target":"rustfs_ecstore::cluster::rpc::remote_disk","filename":"crates/ecstore/src/cluster/rpc/remote_disk.rs","line_number":967,"span":{"addr":"http://rustfs-2.rustfs-headless.rustfs.svc.cluster.local:9000","component":"ecstore","endpoint":"http://rustfs-2.rustfs-headless.rustfs.svc.cluster.local:9000/data","handle_id":"030cbc46-f48b-4aa2-9bb9-a8307aebbcab","kind":"remote_disk","subsystem":"remote_disk","name":"recovery-monitor"},"spans":[],"threadName":"rustfs-worker","threadId":"ThreadId(23)"}
execute	Execute Action	2026-09-26T09:31:51.4074892Z [pod/rustfs-1/rustfs] {"timestamp":"2026-09-26T09:31:50.973713814Z","level":"INFO","message":"enter","target":"rustfs_ecstore::cluster::rpc::remote_disk","filename":"crates/ecstore/src/cluster/rpc/remote_disk.rs","line_number":967,"span":{"addr":"http://rustfs-2.rustfs-headless.rustfs.svc.cluster.local:9000","component":"ecstore","endpoint":"http://rustfs-2.rustfs-headless.rustfs.svc.cluster.local:9000/data","handle_id":"030cbc46-f48b-4aa2-9bb9-a8307aebbcab","kind":"remote_disk","subsystem":"remote_disk","name":"recovery-monitor"},"spans":[{"name":"run"},{"addr":"http://rustfs-2.rustfs-headless.rustfs.svc.cluster.local:9000","component":"ecstore","endpoint":"http://rustfs-2.rustfs-headless.rustfs.svc.cluster.local:9000/data","handle_id":"030cbc46-f48b-4aa2-9bb9-a8307aebbcab","kind":"remote_disk","subsystem":"remote_disk","name":"recovery-monitor"}],"threadName":"rustfs-worker","threadId":"ThreadId(34)"}
execute	Execute Action	2026-09-26T09:31:51.4081521Z [pod/rustfs-1/rustfs] {"timestamp":"2026-09-26T09:31:50.973839169Z","level":"INFO","message":"exit","target":"rustfs_ecstore::cluster::rpc::remote_disk","filename":"crates/ecstore/src/cluster/rpc/remote_disk.rs","line_number":967,"span":{"addr":"http://rustfs-2.rustfs-headless.rustfs.svc.cluster.local:9000","component":"ecstore","endpoint":"http://rustfs-2.rustfs-headless.rustfs.svc.cluster.local:9000/data","handle_id":"030cbc46-f48b-4aa2-9bb9-a8307aebbcab","kind":"remote_disk","subsystem":"remote_disk","name":"recovery-monitor"},"spans":[],"threadName":"rustfs-worker","threadId":"ThreadId(34)"}
execute	Execute Action	2026-09-26T09:31:51.4087011Z [pod/rustfs-1/rustfs] {"timestamp":"2026-09-26T09:31:50.974276136Z","level":"INFO","message":"enter","target":"rustfs::startup_entrypoint","filename":"rustfs/src/startup_entrypoint.rs","line_number":1721,"span":{"name":"run"},"spans":[{"name":"run"}],"threadName":"rustfs-worker","threadId":"ThreadId(34)"}
execute	Execute Action	2026-09-26T09:31:51.4092867Z [pod/rustfs-1/rustfs] {"timestamp":"2026-09-26T09:31:50.974280947Z","level":"INFO","message":"enter","target":"rustfs_ecstore::cluster::rpc::remote_disk","filename":"crates/ecstore/src/cluster/rpc/remote_disk.rs","line_number":967,"span":{"addr":"http://rustfs-3.rustfs-headless.rustfs.svc.cluster.local:9000","component":"ecstore","endpoint":"http://rustfs-3.rustfs-headless.rustfs.svc.cluster.local:9000/data","handle_id":"4b1feb5d-7a7c-42d6-8f45-ba01471707f5","kind":"remote_disk","subsystem":"remote_disk","name":"recovery-monitor"},"spans":[{"name":"run"},{"addr":"http://rustfs-3.rustfs-headless.rustfs.svc.cluster.local:9000","component":"ecstore","endpoint":"http://rustfs-3.rustfs-headless.rustfs.svc.cluster.local:9000/data","handle_id":"4b1feb5d-7a7c-42d6-8f45-ba01471707f5","kind":"remote_disk","subsystem":"remote_disk","name":"recovery-monitor"}],"threadName":"rustfs-worker","threadId":"ThreadId(21)"}
execute	Execute Action	2026-09-26T09:31:51.4100075Z [pod/rustfs-1/rustfs] {"timestamp":"2026-09-26T09:31:50.974301388Z","level":"INFO","message":"exit","target":"rustfs::startup_entrypoint","filename":"rustfs/src/startup_entrypoint.rs","line_number":1721,"span":{"name":"run"},"spans":[],"threadName":"rustfs-worker","threadId":"ThreadId(34)"}
execute	Execute Action	2026-09-26T09:31:51.4103650Z [pod/rustfs-1/rustfs] {"timestamp":"2026-09-26T09:31:50.974316087Z","level":"INFO","message":"exit","target":"rustfs_ecstore::cluster::rpc::remote_disk","filename":"crates/ecstore/src/cluster/rpc/remote_disk.rs","line_number":967,"span":{"addr":"http://rustfs-3.rustfs-headless.rustfs.svc.cluster.local:9000","component":"ecstore","endpoint":"http://rustfs-3.rustfs-headless.rustfs.svc.cluster.local:9000/data","handle_id":"4b1feb5d-7a7c-42d6-8f45-ba01471707f5","kind":"remote_disk","subsystem":"remote_disk","name":"recovery-monitor"},"spans":[],"threadName":"rustfs-worker","threadId":"ThreadId(21)"}
execute	Execute Action	2026-09-26T09:31:51.4111236Z [pod/rustfs-1/rustfs] {"timestamp":"2026-09-26T09:31:50.974363403Z","level":"INFO","message":"enter","target":"rustfs_ecstore::cluster::rpc::remote_disk","filename":"crates/ecstore/src/cluster/rpc/remote_disk.rs","line_number":967,"span":{"addr":"http://rustfs-3.rustfs-headless.rustfs.svc.cluster.local:9000","component":"ecstore","endpoint":"http://rustfs-3.rustfs-headless.rustfs.svc.cluster.local:9000/data","handle_id":"4b1feb5d-7a7c-42d6-8f45-ba01471707f5","kind":"remote_disk","subsystem":"remote_disk","name":"recovery-monitor"},"spans":[{"name":"run"},{"addr":"http://rustfs-3.rustfs-headless.rustfs.svc.cluster.local:9000","component":"ecstore","endpoint":"http://rustfs-3.rustfs-headless.rustfs.svc.cluster.local:9000/data","handle_id":"4b1feb5d-7a7c-42d6-8f45-ba01471707f5","kind":"remote_disk","subsystem":"remote_disk","name":"recovery-monitor"}],"threadName":"rustfs-worker","threadId":"ThreadId(34)"}
execute	Execute Action	2026-09-26T09:31:51.4117492Z [pod/rustfs-1/rustfs] {"timestamp":"2026-09-26T09:31:50.974363964Z","level":"INFO","message":"enter","target":"rustfs::startup_entrypoint","filename":"rustfs/src/startup_entrypoint.rs","line_number":1721,"span":{"name":"run"},"spans":[{"name":"run"}],"threadName":"rustfs-worker","threadId":"ThreadId(33)"}
execute	Execute Action	2026-09-26T09:31:51.4136260Z [pod/rustfs-1/rustfs] {"timestamp":"2026-09-26T09:31:50.974424881Z","level":"INFO","message":"exit","target":"rustfs_ecstore::cluster::rpc::remote_disk","filename":"crates/ecstore/src/cluster/rpc/remote_disk.rs","line_number":967,"span":{"addr":"http://rustfs-3.rustfs-headless.rustfs.svc.cluster.local:9000","component":"ecstore","endpoint":"http://rustfs-3.rustfs-headless.rustfs.svc.cluster.local:9000/data","handle_id":"4b1feb5d-7a7c-42d6-8f45-ba01471707f5","kind":"remote_disk","subsystem":"remote_disk","name":"recovery-monitor"},"spans":[],"threadName":"rustfs-worker","threadId":"ThreadId(34)"}
execute	Execute Action	2026-09-26T09:31:51.4139645Z [pod/rustfs-1/rustfs] {"timestamp":"2026-09-26T09:31:50.974448316Z","level":"INFO","message":"enter","target":"rustfs::startup_entrypoint","filename":"rustfs/src/startup_entrypoint.rs","line_number":1721,"span":{"name":"run"},"spans":[{"name":"run"}],"threadName":"rustfs-worker","threadId":"ThreadId(24)"}
execute	Execute Action	2026-09-26T09:31:51.4143912Z [pod/rustfs-1/rustfs] {"timestamp":"2026-09-26T09:31:50.97444872Z","level":"INFO","message":"enter","target":"rustfs_ecstore::cluster::rpc::remote_disk","filename":"crates/ecstore/src/cluster/rpc/remote_disk.rs","line_number":967,"span":{"addr":"http://rustfs-3.rustfs-headless.rustfs.svc.cluster.local:9000","component":"ecstore","endpoint":"http://rustfs-3.rustfs-headless.rustfs.svc.cluster.local:9000/data","handle_id":"4b1feb5d-7a7c-42d6-8f45-ba01471707f5","kind":"remote_disk","subsystem":"remote_disk","name":"recovery-monitor"},"spans":[{"name":"run"},{"addr":"http://rustfs-3.rustfs-headless.rustfs.svc.cluster.local:9000","component":"ecstore","endpoint":"http://rustfs-3.rustfs-headless.rustfs.svc.cluster.local:9000/data","handle_id":"4b1feb5d-7a7c-42d6-8f45-ba01471707f5","kind":"remote_disk","subsystem":"remote_disk","name":"recovery-monitor"}],"threadName":"rustfs-worker","threadId":"ThreadId(21)"}
execute	Execute Action	2026-09-26T09:31:51.4148137Z [pod/rustfs-1/rustfs] {"timestamp":"2026-09-26T09:31:50.974461815Z","level":"INFO","message":"enter","target":"rustfs::startup_entrypoint","filename":"rustfs/src/startup_entrypoint.rs","line_number":1721,"span":{"name":"run"},"spans":[{"name":"run"}],"threadName":"rustfs-worker","threadId":"ThreadId(28)"}
execute	Execute Action	2026-09-26T09:31:51.4152401Z [pod/rustfs-1/rustfs] {"timestamp":"2026-09-26T09:31:50.974466138Z","level":"INFO","message":"enter","target":"rustfs_ecstore::cluster::rpc::remote_disk","filename":"crates/ecstore/src/cluster/rpc/remote_disk.rs","line_number":967,"span":{"addr":"http://rustfs-3.rustfs-headless.rustfs.svc.cluster.local:9000","component":"ecstore","endpoint":"http://rustfs-3.rustfs-headless.rustfs.svc.cluster.local:9000/data","handle_id":"4b1feb5d-7a7c-42d6-8f45-ba01471707f5","kind":"remote_disk","subsystem":"remote_disk","name":"recovery-monitor"},"spans":[{"name":"run"},{"addr":"http://rustfs-3.rustfs-headless.rustfs.svc.cluster.local:9000","component":"ecstore","endpoint":"http://rustfs-3.rustfs-headless.rustfs.svc.cluster.local:9000/data","handle_id":"4b1feb5d-7a7c-42d6-8f45-ba01471707f5","kind":"remote_disk","subsystem":"remote_disk","name":"recovery-monitor"}],"threadName":"rustfs-worker","threadId":"ThreadId(23)"}
execute	Execute Action	2026-09-26T09:31:51.4156429Z [pod/rustfs-1/rustfs] {"timestamp":"2026-09-26T09:31:50.97446175Z","level":"INFO","message":"exit","target":"rustfs::startup_entrypoint","filename":"rustfs/src/startup_entrypoint.rs","line_number":1721,"span":{"name":"run"},"spans":[],"threadName":"rustfs-worker","threadId":"ThreadId(33)"}
execute	Execute Action	2026-09-26T09:31:51.4158316Z [pod/rustfs-1/rustfs] {"timestamp":"2026-09-26T09:31:50.974491386Z","level":"INFO","message":"exit","target":"rustfs::startup_entrypoint","filename":"rustfs/src/startup_entrypoint.rs","line_number":1721,"span":{"name":"run"},"spans":[],"threadName":"rustfs-worker","threadId":"ThreadId(28)"}
execute	Execute Action	2026-09-26T09:31:51.4160213Z [pod/rustfs-1/rustfs] {"timestamp":"2026-09-26T09:31:50.974505457Z","level":"INFO","message":"enter","target":"rustfs::startup_entrypoint","filename":"rustfs/src/startup_entrypoint.rs","line_number":1721,"span":{"name":"run"},"spans":[{"name":"run"}],"threadName":"rustfs-worker","threadId":"ThreadId(28)"}
execute	Execute Action	2026-09-26T09:31:51.4164416Z [pod/rustfs-1/rustfs] {"timestamp":"2026-09-26T09:31:50.974497926Z","level":"INFO","message":"enter","target":"rustfs_ecstore::cluster::rpc::remote_disk","filename":"crates/ecstore/src/cluster/rpc/remote_disk.rs","line_number":967,"span":{"addr":"http://rustfs-3.rustfs-headless.rustfs.svc.cluster.local:9000","component":"ecstore","endpoint":"http://rustfs-3.rustfs-headless.rustfs.svc.cluster.local:9000/data","handle_id":"4b1feb5d-7a7c-42d6-8f45-ba01471707f5","kind":"remote_disk","subsystem":"remote_disk","name":"recovery-monitor"},"spans":[{"name":"run"},{"addr":"http://rustfs-3.rustfs-headless.rustfs.svc.cluster.local:9000","component":"ecstore","endpoint":"http://rustfs-3.rustfs-headless.rustfs.svc.cluster.local:9000/data","handle_id":"4b1feb5d-7a7c-42d6-8f45-ba01471707f5","kind":"remote_disk","subsystem":"remote_disk","name":"recovery-monitor"}],"threadName":"rustfs-worker","threadId":"ThreadId(34)"}
execute	Execute Action	2026-09-26T09:31:51.4168557Z [pod/rustfs-1/rustfs] {"timestamp":"2026-09-26T09:31:50.974524294Z","level":"INFO","message":"exit","target":"rustfs::startup_entrypoint","filename":"rustfs/src/startup_entrypoint.rs","line_number":1721,"span":{"name":"run"},"spans":[],"threadName":"rustfs-worker","threadId":"ThreadId(28)"}
execute	Execute Action	2026-09-26T09:31:51.4171777Z [pod/rustfs-1/rustfs] {"timestamp":"2026-09-26T09:31:50.974514632Z","level":"INFO","message":"exit","target":"rustfs_ecstore::cluster::rpc::remote_disk","filename":"crates/ecstore/src/cluster/rpc/remote_disk.rs","line_number":967,"span":{"addr":"http://rustfs-3.rustfs-headless.rustfs.svc.cluster.local:9000","component":"ecstore","endpoint":"http://rustfs-3.rustfs-headless.rustfs.svc.cluster.local:9000/data","handle_id":"4b1feb5d-7a7c-42d6-8f45-ba01471707f5","kind":"remote_disk","subsystem":"remote_disk","name":"recovery-monitor"},"spans":[],"threadName":"rustfs-worker","threadId":"ThreadId(23)"}
execute	Execute Action	2026-09-26T09:31:51.4174800Z [pod/rustfs-1/rustfs] {"timestamp":"2026-09-26T09:31:50.974529467Z","level":"INFO","message":"enter","target":"rustfs::startup_entrypoint","filename":"rustfs/src/startup_entrypoint.rs","line_number":1721,"span":{"name":"run"},"spans":[{"name":"run"}],"threadName":"rustfs-worker","threadId":"ThreadId(27)"}
execute	Execute Action	2026-09-26T09:31:51.4176733Z [pod/rustfs-1/rustfs] {"timestamp":"2026-09-26T09:31:50.974536973Z","level":"INFO","message":"exit","target":"rustfs::startup_entrypoint","filename":"rustfs/src/startup_entrypoint.rs","line_number":1721,"span":{"name":"run"},"spans":[],"threadName":"rustfs-worker","threadId":"ThreadId(24)"}
execute	Execute Action	2026-09-26T09:31:51.4178634Z [pod/rustfs-1/rustfs] {"timestamp":"2026-09-26T09:31:50.974529944Z","level":"INFO","message":"enter","target":"rustfs::startup_entrypoint","filename":"rustfs/src/startup_entrypoint.rs","line_number":1721,"span":{"name":"run"},"spans":[{"name":"run"}],"threadName":"rustfs-worker","threadId":"ThreadId(33)"}
execute	Execute Action	2026-09-26T09:31:51.4180639Z [pod/rustfs-1/rustfs] {"timestamp":"2026-09-26T09:31:50.974554102Z","level":"INFO","message":"exit","target":"rustfs::startup_entrypoint","filename":"rustfs/src/startup_entrypoint.rs","line_number":1721,"span":{"name":"run"},"spans":[],"threadName":"rustfs-worker","threadId":"ThreadId(27)"}
execute	Execute Action	2026-09-26T09:31:51.4182622Z [pod/rustfs-1/rustfs] {"timestamp":"2026-09-26T09:31:50.974556722Z","level":"INFO","message":"enter","target":"rustfs::startup_entrypoint","filename":"rustfs/src/startup_entrypoint.rs","line_number":1721,"span":{"name":"run"},"spans":[{"name":"run"}],"threadName":"rustfs-worker","threadId":"ThreadId(24)"}
execute	Execute Action	2026-09-26T09:31:51.4185694Z [pod/rustfs-1/rustfs] {"timestamp":"2026-09-26T09:31:50.974558581Z","level":"INFO","message":"exit","target":"rustfs_ecstore::cluster::rpc::remote_disk","filename":"crates/ecstore/src/cluster/rpc/remote_disk.rs","line_number":967,"span":{"addr":"http://rustfs-3.rustfs-headless.rustfs.svc.cluster.local:9000","component":"ecstore","endpoint":"http://rustfs-3.rustfs-headless.rustfs.svc.cluster.local:9000/data","handle_id":"4b1feb5d-7a7c-42d6-8f45-ba01471707f5","kind":"remote_disk","subsystem":"remote_disk","name":"recovery-monitor"},"spans":[],"threadName":"rustfs-worker","threadId":"ThreadId(34)"}
execute	Execute Action	2026-09-26T09:31:51.4189726Z [pod/rustfs-1/rustfs] {"timestamp":"2026-09-26T09:31:50.974544996Z","level":"INFO","message":"exit","target":"rustfs_ecstore::cluster::rpc::remote_disk","filename":"crates/ecstore/src/cluster/rpc/remote_disk.rs","line_number":967,"span":{"addr":"http://rustfs-3.rustfs-headless.rustfs.svc.cluster.local:9000","component":"ecstore","endpoint":"http://rustfs-3.rustfs-headless.rustfs.svc.cluster.local:9000/data","handle_id":"4b1feb5d-7a7c-42d6-8f45-ba01471707f5","kind":"remote_disk","subsystem":"remote_disk","name":"recovery-monitor"},"spans":[],"threadName":"rustfs-worker","threadId":"ThreadId(21)"}
execute	Execute Action	2026-09-26T09:31:51.4193189Z [pod/rustfs-1/rustfs] {"timestamp":"2026-09-26T09:31:50.974589276Z","level":"INFO","message":"exit","target":"rustfs::startup_entrypoint","filename":"rustfs/src/startup_entrypoint.rs","line_number":1721,"span":{"name":"run"},"spans":[],"threadName":"rustfs-worker","threadId":"ThreadId(24)"}
execute	Execute Action	2026-09-26T09:31:51.4197230Z [pod/rustfs-1/rustfs] {"timestamp":"2026-09-26T09:31:50.974576487Z","level":"INFO","message":"enter","target":"rustfs_ecstore::cluster::rpc::remote_disk","filename":"crates/ecstore/src/cluster/rpc/remote_disk.rs","line_number":967,"span":{"addr":"http://rustfs-3.rustfs-headless.rustfs.svc.cluster.local:9000","component":"ecstore","endpoint":"http://rustfs-3.rustfs-headless.rustfs.svc.cluster.local:9000/data","handle_id":"4b1feb5d-7a7c-42d6-8f45-ba01471707f5","kind":"remote_disk","subsystem":"remote_disk","name":"recovery-monitor"},"spans":[{"name":"run"},{"addr":"http://rustfs-3.rustfs-headless.rustfs.svc.cluster.local:9000","component":"ecstore","endpoint":"http://rustfs-3.rustfs-headless.rustfs.svc.cluster.local:9000/data","handle_id":"4b1feb5d-7a7c-42d6-8f45-ba01471707f5","kind":"remote_disk","subsystem":"remote_disk","name":"recovery-monitor"}],"threadName":"rustfs-worker","threadId":"ThreadId(23)"}
execute	Execute Action	2026-09-26T09:31:51.4201522Z [pod/rustfs-1/rustfs] {"timestamp":"2026-09-26T09:31:50.974592776Z","level":"INFO","message":"exit","target":"rustfs::startup_entrypoint","filename":"rustfs/src/startup_entrypoint.rs","line_number":1721,"span":{"name":"run"},"spans":[],"threadName":"rustfs-worker","threadId":"ThreadId(33)"}
execute	Execute Action	2026-09-26T09:31:51.4205539Z [pod/rustfs-1/rustfs] {"timestamp":"2026-09-26T09:31:50.97459597Z","level":"INFO","message":"enter","target":"rustfs_ecstore::cluster::rpc::remote_disk","filename":"crates/ecstore/src/cluster/rpc/remote_disk.rs","line_number":967,"span":{"addr":"http://rustfs-3.rustfs-headless.rustfs.svc.cluster.local:9000","component":"ecstore","endpoint":"http://rustfs-3.rustfs-headless.rustfs.svc.cluster.local:9000/data","handle_id":"4b1feb5d-7a7c-42d6-8f45-ba01471707f5","kind":"remote_disk","subsystem":"remote_disk","name":"recovery-monitor"},"spans":[{"name":"run"},{"addr":"http://rustfs-3.rustfs-headless.rustfs.svc.cluster.local:9000","component":"ecstore","endpoint":"http://rustfs-3.rustfs-headless.rustfs.svc.cluster.local:9000/data","handle_id":"4b1feb5d-7a7c-42d6-8f45-ba01471707f5","kind":"remote_disk","subsystem":"remote_disk","name":"recovery-monitor"}],"threadName":"rustfs-worker","threadId":"ThreadId(21)"}
execute	Execute Action	2026-09-26T09:31:51.4211797Z [pod/rustfs-1/rustfs] {"timestamp":"2026-09-26T09:31:50.974626944Z","level":"INFO","message":"enter","target":"rustfs_ecstore::cluster::rpc::remote_disk","filename":"crates/ecstore/src/cluster/rpc/remote_disk.rs","line_number":967,"span":{"addr":"http://rustfs-3.rustfs-headless.rustfs.svc.cluster.local:9000","component":"ecstore","endpoint":"http://rustfs-3.rustfs-headless.rustfs.svc.cluster.local:9000/data","handle_id":"4b1feb5d-7a7c-42d6-8f45-ba01471707f5","kind":"remote_disk","subsystem":"remote_disk","name":"recovery-monitor"},"spans":[{"name":"run"},{"addr":"http://rustfs-3.rustfs-headless.rustfs.svc.cluster.local:9000","component":"ecstore","endpoint":"http://rustfs-3.rustfs-headless.rustfs.svc.cluster.local:9000/data","handle_id":"4b1feb5d-7a7c-42d6-8f45-ba01471707f5","kind":"remote_disk","subsystem":"remote_disk","name":"recovery-monitor"}],"threadName":"rustfs-worker","threadId":"ThreadId(24)"}
execute	Execute Action	2026-09-26T09:31:51.4216905Z [pod/rustfs-1/rustfs] {"timestamp":"2026-09-26T09:31:50.974631386Z","level":"INFO","message":"exit","target":"rustfs_ecstore::cluster::rpc::remote_disk","filename":"crates/ecstore/src/cluster/rpc/remote_disk.rs","line_number":967,"span":{"addr":"http://rustfs-3.rustfs-headless.rustfs.svc.cluster.local:9000","component":"ecstore","endpoint":"http://rustfs-3.rustfs-headless.rustfs.svc.cluster.local:9000/data","handle_id":"4b1feb5d-7a7c-42d6-8f45-ba01471707f5","kind":"remote_disk","subsystem":"remote_disk","name":"recovery-monitor"},"spans":[],"threadName":"rustfs-worker","threadId":"ThreadId(23)"}
execute	Execute Action	2026-09-26T09:31:51.4221175Z [pod/rustfs-1/rustfs] {"timestamp":"2026-09-26T09:31:50.974660963Z","level":"INFO","message":"exit","target":"rustfs_ecstore::cluster::rpc::remote_disk","filename":"crates/ecstore/src/cluster/rpc/remote_disk.rs","line_number":967,"span":{"addr":"http://rustfs-3.rustfs-headless.rustfs.svc.cluster.local:9000","component":"ecstore","endpoint":"http://rustfs-3.rustfs-headless.rustfs.svc.cluster.local:9000/data","handle_id":"4b1feb5d-7a7c-42d6-8f45-ba01471707f5","kind":"remote_disk","subsystem":"remote_disk","name":"recovery-monitor"},"spans":[],"threadName":"rustfs-worker","threadId":"ThreadId(21)"}
execute	Execute Action	2026-09-26T09:31:51.4225348Z [pod/rustfs-1/rustfs] {"timestamp":"2026-09-26T09:31:50.974676662Z","level":"INFO","message":"exit","target":"rustfs_ecstore::cluster::rpc::remote_disk","filename":"crates/ecstore/src/cluster/rpc/remote_disk.rs","line_number":967,"span":{"addr":"http://rustfs-3.rustfs-headless.rustfs.svc.cluster.local:9000","component":"ecstore","endpoint":"http://rustfs-3.rustfs-headless.rustfs.svc.cluster.local:9000/data","handle_id":"4b1feb5d-7a7c-42d6-8f45-ba01471707f5","kind":"remote_disk","subsystem":"remote_disk","name":"recovery-monitor"},"spans":[],"threadName":"rustfs-worker","threadId":"ThreadId(24)"}
execute	Execute Action	2026-09-26T09:31:51.4229142Z [pod/rustfs-1/rustfs] {"timestamp":"2026-09-26T09:31:50.974945761Z","level":"INFO","message":"remote release for .rustfs.sys/s3tables/catalog/table-buckets/01ca1703560cd9ff667fb2ad4a942bb1c5a79918f32e967e26c728db675ddc1b/namespaces/events/tables/bluesky_posts/table-entry.json@latest:b20bc2a1-2452-4a53-b88f-4286f11ceb0a","target":"rustfs_ecstore::cluster::rpc::remote_locker","filename":"crates/ecstore/src/cluster/rpc/remote_locker.rs","line_number":779,"threadName":"rustfs-worker","threadId":"ThreadId(26)"}
execute	Execute Action	2026-09-26T09:31:51.4234199Z [pod/rustfs-1/rustfs] {"timestamp":"2026-09-26T09:31:50.975054457Z","level":"INFO","message":"enter","target":"rustfs_ecstore::cluster::rpc::remote_disk","filename":"crates/ecstore/src/cluster/rpc/remote_disk.rs","line_number":967,"span":{"addr":"http://rustfs-3.rustfs-headless.rustfs.svc.cluster.local:9000","component":"ecstore","endpoint":"http://rustfs-3.rustfs-headless.rustfs.svc.cluster.local:9000/data","handle_id":"4b1feb5d-7a7c-42d6-8f45-ba01471707f5","kind":"remote_disk","subsystem":"remote_disk","name":"recovery-monitor"},"spans":[{"name":"run"},{"addr":"http://rustfs-3.rustfs-headless.rustfs.svc.cluster.local:9000","component":"ecstore","endpoint":"http://rustfs-3.rustfs-headless.rustfs.svc.cluster.local:9000/data","handle_id":"4b1feb5d-7a7c-42d6-8f45-ba01471707f5","kind":"remote_disk","subsystem":"remote_disk","name":"recovery-monitor"}],"threadName":"rustfs-worker","threadId":"ThreadId(23)"}
execute	Execute Action	2026-09-26T09:31:51.4239297Z [pod/rustfs-1/rustfs] {"timestamp":"2026-09-26T09:31:50.975164535Z","level":"INFO","message":"exit","target":"rustfs_ecstore::cluster::rpc::remote_disk","filename":"crates/ecstore/src/cluster/rpc/remote_disk.rs","line_number":967,"span":{"addr":"http://rustfs-3.rustfs-headless.rustfs.svc.cluster.local:9000","component":"ecstore","endpoint":"http://rustfs-3.rustfs-headless.rustfs.svc.cluster.local:9000/data","handle_id":"4b1feb5d-7a7c-42d6-8f45-ba01471707f5","kind":"remote_disk","subsystem":"remote_disk","name":"recovery-monitor"},"spans":[],"threadName":"rustfs-worker","threadId":"ThreadId(23)"}
execute	Execute Action	2026-09-26T09:31:51.4244614Z [pod/rustfs-1/rustfs] {"timestamp":"2026-09-26T09:31:50.975211039Z","level":"INFO","message":"enter","target":"rustfs_ecstore::cluster::rpc::remote_disk","filename":"crates/ecstore/src/cluster/rpc/remote_disk.rs","line_number":967,"span":{"addr":"http://rustfs-3.rustfs-headless.rustfs.svc.cluster.local:9000","component":"ecstore","endpoint":"http://rustfs-3.rustfs-headless.rustfs.svc.cluster.local:9000/data","handle_id":"4b1feb5d-7a7c-42d6-8f45-ba01471707f5","kind":"remote_disk","subsystem":"remote_disk","name":"recovery-monitor"},"spans":[{"name":"run"},{"addr":"http://rustfs-3.rustfs-headless.rustfs.svc.cluster.local:9000","component":"ecstore","endpoint":"http://rustfs-3.rustfs-headless.rustfs.svc.cluster.local:9000/data","handle_id":"4b1feb5d-7a7c-42d6-8f45-ba01471707f5","kind":"remote_disk","subsystem":"remote_disk","name":"recovery-monitor"}],"threadName":"rustfs-worker","threadId":"ThreadId(23)"}
execute	Execute Action	2026-09-26T09:31:51.4249883Z [pod/rustfs-1/rustfs] {"timestamp":"2026-09-26T09:31:50.975264666Z","level":"INFO","message":"exit","target":"rustfs_ecstore::cluster::rpc::remote_disk","filename":"crates/ecstore/src/cluster/rpc/remote_disk.rs","line_number":967,"span":{"addr":"http://rustfs-3.rustfs-headless.rustfs.svc.cluster.local:9000","component":"ecstore","endpoint":"http://rustfs-3.rustfs-headless.rustfs.svc.cluster.local:9000/data","handle_id":"4b1feb5d-7a7c-42d6-8f45-ba01471707f5","kind":"remote_disk","subsystem":"remote_disk","name":"recovery-monitor"},"spans":[],"threadName":"rustfs-worker","threadId":"ThreadId(23)"}
execute	Execute Action	2026-09-26T09:31:51.4255306Z [pod/rustfs-1/rustfs] {"timestamp":"2026-09-26T09:31:50.975308303Z","level":"INFO","message":"enter","target":"rustfs_ecstore::cluster::rpc::remote_disk","filename":"crates/ecstore/src/cluster/rpc/remote_disk.rs","line_number":967,"span":{"addr":"http://rustfs-3.rustfs-headless.rustfs.svc.cluster.local:9000","component":"ecstore","endpoint":"http://rustfs-3.rustfs-headless.rustfs.svc.cluster.local:9000/data","handle_id":"4b1feb5d-7a7c-42d6-8f45-ba01471707f5","kind":"remote_disk","subsystem":"remote_disk","name":"recovery-monitor"},"spans":[{"name":"run"},{"addr":"http://rustfs-3.rustfs-headless.rustfs.svc.cluster.local:9000","component":"ecstore","endpoint":"http://rustfs-3.rustfs-headless.rustfs.svc.cluster.local:9000/data","handle_id":"4b1feb5d-7a7c-42d6-8f45-ba01471707f5","kind":"remote_disk","subsystem":"remote_disk","name":"recovery-monitor"}],"threadName":"rustfs-worker","threadId":"ThreadId(23)"}
execute	Execute Action	2026-09-26T09:31:51.4260495Z [pod/rustfs-1/rustfs] {"timestamp":"2026-09-26T09:31:50.97535342Z","level":"INFO","message":"exit","target":"rustfs_ecstore::cluster::rpc::remote_disk","filename":"crates/ecstore/src/cluster/rpc/remote_disk.rs","line_number":967,"span":{"addr":"http://rustfs-3.rustfs-headless.rustfs.svc.cluster.local:9000","component":"ecstore","endpoint":"http://rustfs-3.rustfs-headless.rustfs.svc.cluster.local:9000/data","handle_id":"4b1feb5d-7a7c-42d6-8f45-ba01471707f5","kind":"remote_disk","subsystem":"remote_disk","name":"recovery-monitor"},"spans":[],"threadName":"rustfs-worker","threadId":"ThreadId(23)"}
execute	Execute Action	2026-09-26T09:31:51.4263496Z [pod/rustfs-1/rustfs] {"timestamp":"2026-09-26T09:31:50.975568656Z","level":"INFO","message":"enter","target":"rustfs::startup_entrypoint","filename":"rustfs/src/startup_entrypoint.rs","line_number":1721,"span":{"name":"run"},"spans":[{"name":"run"}],"threadName":"rustfs-worker","threadId":"ThreadId(23)"}
execute	Execute Action	2026-09-26T09:31:51.4267578Z [pod/rustfs-1/rustfs] {"timestamp":"2026-09-26T09:31:50.975578893Z","level":"INFO","message":"enter","target":"rustfs_ecstore::cluster::rpc::remote_disk","filename":"crates/ecstore/src/cluster/rpc/remote_disk.rs","line_number":967,"span":{"addr":"http://rustfs-2.rustfs-headless.rustfs.svc.cluster.local:9000","component":"ecstore","endpoint":"http://rustfs-2.rustfs-headless.rustfs.svc.cluster.local:9000/data","handle_id":"030cbc46-f48b-4aa2-9bb9-a8307aebbcab","kind":"remote_disk","subsystem":"remote_disk","name":"recovery-monitor"},"spans":[{"name":"run"},{"addr":"http://rustfs-2.rustfs-headless.rustfs.svc.cluster.local:9000","component":"ecstore","endpoint":"http://rustfs-2.rustfs-headless.rustfs.svc.cluster.local:9000/data","handle_id":"030cbc46-f48b-4aa2-9bb9-a8307aebbcab","kind":"remote_disk","subsystem":"remote_disk","name":"recovery-monitor"}],"threadName":"rustfs-worker","threadId":"ThreadId(28)"}
execute	Execute Action	2026-09-26T09:31:51.4272920Z [pod/rustfs-1/rustfs] {"timestamp":"2026-09-26T09:31:50.975632877Z","level":"INFO","message":"exit","target":"rustfs_ecstore::cluster::rpc::remote_disk","filename":"crates/ecstore/src/cluster/rpc/remote_disk.rs","line_number":967,"span":{"addr":"http://rustfs-2.rustfs-headless.rustfs.svc.cluster.local:9000","component":"ecstore","endpoint":"http://rustfs-2.rustfs-headless.rustfs.svc.cluster.local:9000/data","handle_id":"030cbc46-f48b-4aa2-9bb9-a8307aebbcab","kind":"remote_disk","subsystem":"remote_disk","name":"recovery-monitor"},"spans":[],"threadName":"rustfs-worker","threadId":"ThreadId(28)"}
execute	Execute Action	2026-09-26T09:31:51.4278008Z [pod/rustfs-1/rustfs] {"timestamp":"2026-09-26T09:31:50.975588655Z","level":"INFO","message":"enter","target":"rustfs_ecstore::cluster::rpc::remote_disk","filename":"crates/ecstore/src/cluster/rpc/remote_disk.rs","line_number":967,"span":{"addr":"http://rustfs-3.rustfs-headless.rustfs.svc.cluster.local:9000","component":"ecstore","endpoint":"http://rustfs-3.rustfs-headless.rustfs.svc.cluster.local:9000/data","handle_id":"4b1feb5d-7a7c-42d6-8f45-ba01471707f5","kind":"remote_disk","subsystem":"remote_disk","name":"recovery-monitor"},"spans":[{"name":"run"},{"addr":"http://rustfs-3.rustfs-headless.rustfs.svc.cluster.local:9000","component":"ecstore","endpoint":"http://rustfs-3.rustfs-headless.rustfs.svc.cluster.local:9000/data","handle_id":"4b1feb5d-7a7c-42d6-8f45-ba01471707f5","kind":"remote_disk","subsystem":"remote_disk","name":"recovery-monitor"}],"threadName":"rustfs-worker","threadId":"ThreadId(33)"}
execute	Execute Action	2026-09-26T09:31:51.4282287Z [pod/rustfs-1/rustfs] {"timestamp":"2026-09-26T09:31:50.975659493Z","level":"INFO","message":"exit","target":"rustfs::startup_entrypoint","filename":"rustfs/src/startup_entrypoint.rs","line_number":1721,"span":{"name":"run"},"spans":[],"threadName":"rustfs-worker","threadId":"ThreadId(23)"}
execute	Execute Action	2026-09-26T09:31:51.4286324Z [pod/rustfs-1/rustfs] {"timestamp":"2026-09-26T09:31:50.975658977Z","level":"INFO","message":"enter","target":"rustfs_ecstore::cluster::rpc::remote_disk","filename":"crates/ecstore/src/cluster/rpc/remote_disk.rs","line_number":967,"span":{"addr":"http://rustfs-2.rustfs-headless.rustfs.svc.cluster.local:9000","component":"ecstore","endpoint":"http://rustfs-2.rustfs-headless.rustfs.svc.cluster.local:9000/data","handle_id":"030cbc46-f48b-4aa2-9bb9-a8307aebbcab","kind":"remote_disk","subsystem":"remote_disk","name":"recovery-monitor"},"spans":[{"name":"run"},{"addr":"http://rustfs-2.rustfs-headless.rustfs.svc.cluster.local:9000","component":"ecstore","endpoint":"http://rustfs-2.rustfs-headless.rustfs.svc.cluster.local:9000/data","handle_id":"030cbc46-f48b-4aa2-9bb9-a8307aebbcab","kind":"remote_disk","subsystem":"remote_disk","name":"recovery-monitor"}],"threadName":"rustfs-worker","threadId":"ThreadId(21)"}
execute	Execute Action	2026-09-26T09:31:51.4290486Z [pod/rustfs-1/rustfs] {"timestamp":"2026-09-26T09:31:50.975677676Z","level":"INFO","message":"enter","target":"rustfs::startup_entrypoint","filename":"rustfs/src/startup_entrypoint.rs","line_number":1721,"span":{"name":"run"},"spans":[{"name":"run"}],"threadName":"rustfs-worker","threadId":"ThreadId(23)"}
execute	Execute Action	2026-09-26T09:31:51.4292402Z [pod/rustfs-1/rustfs] {"timestamp":"2026-09-26T09:31:50.975716919Z","level":"INFO","message":"exit","target":"rustfs::startup_entrypoint","filename":"rustfs/src/startup_entrypoint.rs","line_number":1721,"span":{"name":"run"},"spans":[],"threadName":"rustfs-worker","threadId":"ThreadId(23)"}
execute	Execute Action	2026-09-26T09:31:51.4295362Z [pod/rustfs-1/rustfs] {"timestamp":"2026-09-26T09:31:50.975719923Z","level":"INFO","message":"exit","target":"rustfs_ecstore::cluster::rpc::remote_disk","filename":"crates/ecstore/src/cluster/rpc/remote_disk.rs","line_number":967,"span":{"addr":"http://rustfs-2.rustfs-headless.rustfs.svc.cluster.local:9000","component":"ecstore","endpoint":"http://rustfs-2.rustfs-headless.rustfs.svc.cluster.local:9000/data","handle_id":"030cbc46-f48b-4aa2-9bb9-a8307aebbcab","kind":"remote_disk","subsystem":"remote_disk","name":"recovery-monitor"},"spans":[],"threadName":"rustfs-worker","threadId":"ThreadId(21)"}
execute	Execute Action	2026-09-26T09:31:51.4298473Z [pod/rustfs-1/rustfs] {"timestamp":"2026-09-26T09:31:50.975738304Z","level":"INFO","message":"enter","target":"rustfs::startup_entrypoint","filename":"rustfs/src/startup_entrypoint.rs","line_number":1721,"span":{"name":"run"},"spans":[{"name":"run"}],"threadName":"rustfs-worker","threadId":"ThreadId(23)"}
execute	Execute Action	2026-09-26T09:31:51.4301576Z [pod/rustfs-1/rustfs] {"timestamp":"2026-09-26T09:31:50.975711005Z","level":"INFO","message":"exit","target":"rustfs_ecstore::cluster::rpc::remote_disk","filename":"crates/ecstore/src/cluster/rpc/remote_disk.rs","line_number":967,"span":{"addr":"http://rustfs-3.rustfs-headless.rustfs.svc.cluster.local:9000","component":"ecstore","endpoint":"http://rustfs-3.rustfs-headless.rustfs.svc.cluster.local:9000/data","handle_id":"4b1feb5d-7a7c-42d6-8f45-ba01471707f5","kind":"remote_disk","subsystem":"remote_disk","name":"recovery-monitor"},"spans":[],"threadName":"rustfs-worker","threadId":"ThreadId(33)"}
execute	Execute Action	2026-09-26T09:31:51.4304652Z [pod/rustfs-1/rustfs] {"timestamp":"2026-09-26T09:31:50.975753911Z","level":"INFO","message":"exit","target":"rustfs::startup_entrypoint","filename":"rustfs/src/startup_entrypoint.rs","line_number":1721,"span":{"name":"run"},"spans":[],"threadName":"rustfs-worker","threadId":"ThreadId(23)"}
execute	Execute Action	2026-09-26T09:31:51.4308665Z [pod/rustfs-1/rustfs] {"timestamp":"2026-09-26T09:31:50.975752082Z","level":"INFO","message":"enter","target":"rustfs_ecstore::cluster::rpc::remote_disk","filename":"crates/ecstore/src/cluster/rpc/remote_disk.rs","line_number":967,"span":{"addr":"http://rustfs-2.rustfs-headless.rustfs.svc.cluster.local:9000","component":"ecstore","endpoint":"http://rustfs-2.rustfs-headless.rustfs.svc.cluster.local:9000/data","handle_id":"030cbc46-f48b-4aa2-9bb9-a8307aebbcab","kind":"remote_disk","subsystem":"remote_disk","name":"recovery-monitor"},"spans":[{"name":"run"},{"addr":"http://rustfs-2.rustfs-headless.rustfs.svc.cluster.local:9000","component":"ecstore","endpoint":"http://rustfs-2.rustfs-headless.rustfs.svc.cluster.local:9000/data","handle_id":"030cbc46-f48b-4aa2-9bb9-a8307aebbcab","kind":"remote_disk","subsystem":"remote_disk","name":"recovery-monitor"}],"threadName":"rustfs-worker","threadId":"ThreadId(27)"}
execute	Execute Action	2026-09-26T09:31:51.4315071Z [pod/rustfs-1/rustfs] {"timestamp":"2026-09-26T09:31:50.975751715Z","level":"INFO","message":"enter","target":"rustfs_ecstore::cluster::rpc::remote_disk","filename":"crates/ecstore/src/cluster/rpc/remote_disk.rs","line_number":967,"span":{"addr":"http://rustfs-2.rustfs-headless.rustfs.svc.cluster.local:9000","component":"ecstore","endpoint":"http://rustfs-2.rustfs-headless.rustfs.svc.cluster.local:9000/data","handle_id":"030cbc46-f48b-4aa2-9bb9-a8307aebbcab","kind":"remote_disk","subsystem":"remote_disk","name":"recovery-monitor"},"spans":[{"name":"run"},{"addr":"http://rustfs-2.rustfs-headless.rustfs.svc.cluster.local:9000","component":"ecstore","endpoint":"http://rustfs-2.rustfs-headless.rustfs.svc.cluster.local:9000/data","handle_id":"030cbc46-f48b-4aa2-9bb9-a8307aebbcab","kind":"remote_disk","subsystem":"remote_disk","name":"recovery-monitor"}],"threadName":"rustfs-worker","threadId":"ThreadId(34)"}
execute	Execute Action	2026-09-26T09:31:51.4321363Z [pod/rustfs-1/rustfs] {"timestamp":"2026-09-26T09:31:50.975771697Z","level":"INFO","message":"enter","target":"rustfs_ecstore::cluster::rpc::remote_disk","filename":"crates/ecstore/src/cluster/rpc/remote_disk.rs","line_number":967,"span":{"addr":"http://rustfs-2.rustfs-headless.rustfs.svc.cluster.local:9000","component":"ecstore","endpoint":"http://rustfs-2.rustfs-headless.rustfs.svc.cluster.local:9000/data","handle_id":"030cbc46-f48b-4aa2-9bb9-a8307aebbcab","kind":"remote_disk","subsystem":"remote_disk","name":"recovery-monitor"},"spans":[{"name":"run"},{"addr":"http://rustfs-2.rustfs-headless.rustfs.svc.cluster.local:9000","component":"ecstore","endpoint":"http://rustfs-2.rustfs-headless.rustfs.svc.cluster.local:9000/data","handle_id":"030cbc46-f48b-4aa2-9bb9-a8307aebbcab","kind":"remote_disk","subsystem":"remote_disk","name":"recovery-monitor"}],"threadName":"rustfs-worker","threadId":"ThreadId(21)"}
execute	Execute Action	2026-09-26T09:31:51.4326593Z [pod/rustfs-1/rustfs] {"timestamp":"2026-09-26T09:31:50.975788641Z","level":"INFO","message":"exit","target":"rustfs_ecstore::cluster::rpc::remote_disk","filename":"crates/ecstore/src/cluster/rpc/remote_disk.rs","line_number":967,"span":{"addr":"http://rustfs-2.rustfs-headless.rustfs.svc.cluster.local:9000","component":"ecstore","endpoint":"http://rustfs-2.rustfs-headless.rustfs.svc.cluster.local:9000/data","handle_id":"030cbc46-f48b-4aa2-9bb9-a8307aebbcab","kind":"remote_disk","subsystem":"remote_disk","name":"recovery-monitor"},"spans":[],"threadName":"rustfs-worker","threadId":"ThreadId(34)"}
execute	Execute Action	2026-09-26T09:31:51.4331847Z [pod/rustfs-1/rustfs] {"timestamp":"2026-09-26T09:31:50.975822291Z","level":"INFO","message":"enter","target":"rustfs_ecstore::cluster::rpc::remote_disk","filename":"crates/ecstore/src/cluster/rpc/remote_disk.rs","line_number":967,"span":{"addr":"http://rustfs-2.rustfs-headless.rustfs.svc.cluster.local:9000","component":"ecstore","endpoint":"http://rustfs-2.rustfs-headless.rustfs.svc.cluster.local:9000/data","handle_id":"030cbc46-f48b-4aa2-9bb9-a8307aebbcab","kind":"remote_disk","subsystem":"remote_disk","name":"recovery-monitor"},"spans":[{"name":"run"},{"addr":"http://rustfs-2.rustfs-headless.rustfs.svc.cluster.local:9000","component":"ecstore","endpoint":"http://rustfs-2.rustfs-headless.rustfs.svc.cluster.local:9000/data","handle_id":"030cbc46-f48b-4aa2-9bb9-a8307aebbcab","kind":"remote_disk","subsystem":"remote_disk","name":"recovery-monitor"}],"threadName":"rustfs-worker","threadId":"ThreadId(34)"}
execute	Execute Action	2026-09-26T09:31:51.4337062Z [pod/rustfs-1/rustfs] {"timestamp":"2026-09-26T09:31:50.975831645Z","level":"INFO","message":"exit","target":"rustfs_ecstore::cluster::rpc::remote_disk","filename":"crates/ecstore/src/cluster/rpc/remote_disk.rs","line_number":967,"span":{"addr":"http://rustfs-2.rustfs-headless.rustfs.svc.cluster.local:9000","component":"ecstore","endpoint":"http://rustfs-2.rustfs-headless.rustfs.svc.cluster.local:9000/data","handle_id":"030cbc46-f48b-4aa2-9bb9-a8307aebbcab","kind":"remote_disk","subsystem":"remote_disk","name":"recovery-monitor"},"spans":[],"threadName":"rustfs-worker","threadId":"ThreadId(21)"}
execute	Execute Action	2026-09-26T09:31:51.4341229Z [pod/rustfs-1/rustfs] {"timestamp":"2026-09-26T09:31:50.975858547Z","level":"INFO","message":"exit","target":"rustfs_ecstore::cluster::rpc::remote_disk","filename":"crates/ecstore/src/cluster/rpc/remote_disk.rs","line_number":967,"span":{"addr":"http://rustfs-2.rustfs-headless.rustfs.svc.cluster.local:9000","component":"ecstore","endpoint":"http://rustfs-2.rustfs-headless.rustfs.svc.cluster.local:9000/data","handle_id":"030cbc46-f48b-4aa2-9bb9-a8307aebbcab","kind":"remote_disk","subsystem":"remote_disk","name":"recovery-monitor"},"spans":[],"threadName":"rustfs-worker","threadId":"ThreadId(34)"}
execute	Execute Action	2026-09-26T09:31:51.4344222Z [pod/rustfs-1/rustfs] {"timestamp":"2026-09-26T09:31:50.975886951Z","level":"INFO","message":"enter","target":"rustfs::startup_entrypoint","filename":"rustfs/src/startup_entrypoint.rs","line_number":1721,"span":{"name":"run"},"spans":[{"name":"run"}],"threadName":"rustfs-worker","threadId":"ThreadId(33)"}
execute	Execute Action	2026-09-26T09:31:51.4347212Z [pod/rustfs-1/rustfs] {"timestamp":"2026-09-26T09:31:50.97590868Z","level":"INFO","message":"exit","target":"rustfs_ecstore::cluster::rpc::remote_disk","filename":"crates/ecstore/src/cluster/rpc/remote_disk.rs","line_number":967,"span":{"addr":"http://rustfs-2.rustfs-headless.rustfs.svc.cluster.local:9000","component":"ecstore","endpoint":"http://rustfs-2.rustfs-headless.rustfs.svc.cluster.local:9000/data","handle_id":"030cbc46-f48b-4aa2-9bb9-a8307aebbcab","kind":"remote_disk","subsystem":"remote_disk","name":"recovery-monitor"},"spans":[],"threadName":"rustfs-worker","threadId":"ThreadId(27)"}
execute	Execute Action	2026-09-26T09:31:51.4352428Z [pod/rustfs-1/rustfs] {"timestamp":"2026-09-26T09:31:50.975919106Z","level":"INFO","message":"enter","target":"rustfs_ecstore::cluster::rpc::remote_disk","filename":"crates/ecstore/src/cluster/rpc/remote_disk.rs","line_number":967,"span":{"addr":"http://rustfs-2.rustfs-headless.rustfs.svc.cluster.local:9000","component":"ecstore","endpoint":"http://rustfs-2.rustfs-headless.rustfs.svc.cluster.local:9000/data","handle_id":"030cbc46-f48b-4aa2-9bb9-a8307aebbcab","kind":"remote_disk","subsystem":"remote_disk","name":"recovery-monitor"},"spans":[{"name":"run"},{"addr":"http://rustfs-2.rustfs-headless.rustfs.svc.cluster.local:9000","component":"ecstore","endpoint":"http://rustfs-2.rustfs-headless.rustfs.svc.cluster.local:9000/data","handle_id":"030cbc46-f48b-4aa2-9bb9-a8307aebbcab","kind":"remote_disk","subsystem":"remote_disk","name":"recovery-monitor"}],"threadName":"rustfs-worker","threadId":"ThreadId(34)"}
execute	Execute Action	2026-09-26T09:31:51.4358737Z [pod/rustfs-1/rustfs] {"timestamp":"2026-09-26T09:31:50.975934437Z","level":"INFO","message":"enter","target":"rustfs_ecstore::cluster::rpc::remote_disk","filename":"crates/ecstore/src/cluster/rpc/remote_disk.rs","line_number":967,"span":{"addr":"http://rustfs-2.rustfs-headless.rustfs.svc.cluster.local:9000","component":"ecstore","endpoint":"http://rustfs-2.rustfs-headless.rustfs.svc.cluster.local:9000/data","handle_id":"030cbc46-f48b-4aa2-9bb9-a8307aebbcab","kind":"remote_disk","subsystem":"remote_disk","name":"recovery-monitor"},"spans":[{"name":"run"},{"addr":"http://rustfs-2.rustfs-headless.rustfs.svc.cluster.local:9000","component":"ecstore","endpoint":"http://rustfs-2.rustfs-headless.rustfs.svc.cluster.local:9000/data","handle_id":"030cbc46-f48b-4aa2-9bb9-a8307aebbcab","kind":"remote_disk","subsystem":"remote_disk","name":"recovery-monitor"}],"threadName":"rustfs-worker","threadId":"ThreadId(26)"}
execute	Execute Action	2026-09-26T09:31:51.4365127Z [pod/rustfs-1/rustfs] {"timestamp":"2026-09-26T09:31:50.975953423Z","level":"INFO","message":"enter","target":"rustfs_ecstore::cluster::rpc::remote_disk","filename":"crates/ecstore/src/cluster/rpc/remote_disk.rs","line_number":967,"span":{"addr":"http://rustfs-2.rustfs-headless.rustfs.svc.cluster.local:9000","component":"ecstore","endpoint":"http://rustfs-2.rustfs-headless.rustfs.svc.cluster.local:9000/data","handle_id":"030cbc46-f48b-4aa2-9bb9-a8307aebbcab","kind":"remote_disk","subsystem":"remote_disk","name":"recovery-monitor"},"spans":[{"name":"run"},{"addr":"http://rustfs-2.rustfs-headless.rustfs.svc.cluster.local:9000","component":"ecstore","endpoint":"http://rustfs-2.rustfs-headless.rustfs.svc.cluster.local:9000/data","handle_id":"030cbc46-f48b-4aa2-9bb9-a8307aebbcab","kind":"remote_disk","subsystem":"remote_disk","name":"recovery-monitor"}],"threadName":"rustfs-worker","threadId":"ThreadId(27)"}
execute	Execute Action	2026-09-26T09:31:51.4369135Z [pod/rustfs-1/rustfs] {"timestamp":"2026-09-26T09:31:50.97596417Z","level":"INFO","message":"exit","target":"rustfs::startup_entrypoint","filename":"rustfs/src/startup_entrypoint.rs","line_number":1721,"span":{"name":"run"},"spans":[],"threadName":"rustfs-worker","threadId":"ThreadId(33)"}
execute	Execute Action	2026-09-26T09:31:51.4372214Z [pod/rustfs-1/rustfs] {"timestamp":"2026-09-26T09:31:50.975977768Z","level":"INFO","message":"exit","target":"rustfs_ecstore::cluster::rpc::remote_disk","filename":"crates/ecstore/src/cluster/rpc/remote_disk.rs","line_number":967,"span":{"addr":"http://rustfs-2.rustfs-headless.rustfs.svc.cluster.local:9000","component":"ecstore","endpoint":"http://rustfs-2.rustfs-headless.rustfs.svc.cluster.local:9000/data","handle_id":"030cbc46-f48b-4aa2-9bb9-a8307aebbcab","kind":"remote_disk","subsystem":"remote_disk","name":"recovery-monitor"},"spans":[],"threadName":"rustfs-worker","threadId":"ThreadId(34)"}
execute	Execute Action	2026-09-26T09:31:51.4376255Z [pod/rustfs-1/rustfs] {"timestamp":"2026-09-26T09:31:50.975981117Z","level":"INFO","message":"exit","target":"rustfs_ecstore::cluster::rpc::remote_disk","filename":"crates/ecstore/src/cluster/rpc/remote_disk.rs","line_number":967,"span":{"addr":"http://rustfs-2.rustfs-headless.rustfs.svc.cluster.local:9000","component":"ecstore","endpoint":"http://rustfs-2.rustfs-headless.rustfs.svc.cluster.local:9000/data","handle_id":"030cbc46-f48b-4aa2-9bb9-a8307aebbcab","kind":"remote_disk","subsystem":"remote_disk","name":"recovery-monitor"},"spans":[],"threadName":"rustfs-worker","threadId":"ThreadId(26)"}
execute	Execute Action	2026-09-26T09:31:51.4381656Z [pod/rustfs-1/rustfs] {"timestamp":"2026-09-26T09:31:50.976007288Z","level":"INFO","message":"enter","target":"rustfs_ecstore::cluster::rpc::remote_disk","filename":"crates/ecstore/src/cluster/rpc/remote_disk.rs","line_number":967,"span":{"addr":"http://rustfs-2.rustfs-headless.rustfs.svc.cluster.local:9000","component":"ecstore","endpoint":"http://rustfs-2.rustfs-headless.rustfs.svc.cluster.local:9000/data","handle_id":"030cbc46-f48b-4aa2-9bb9-a8307aebbcab","kind":"remote_disk","subsystem":"remote_disk","name":"recovery-monitor"},"spans":[{"name":"run"},{"addr":"http://rustfs-2.rustfs-headless.rustfs.svc.cluster.local:9000","component":"ecstore","endpoint":"http://rustfs-2.rustfs-headless.rustfs.svc.cluster.local:9000/data","handle_id":"030cbc46-f48b-4aa2-9bb9-a8307aebbcab","kind":"remote_disk","subsystem":"remote_disk","name":"recovery-monitor"}],"threadName":"rustfs-worker","threadId":"ThreadId(26)"}
execute	Execute Action	2026-09-26T09:31:51.4386876Z [pod/rustfs-1/rustfs] {"timestamp":"2026-09-26T09:31:50.976037554Z","level":"INFO","message":"exit","target":"rustfs_ecstore::cluster::rpc::remote_disk","filename":"crates/ecstore/src/cluster/rpc/remote_disk.rs","line_number":967,"span":{"addr":"http://rustfs-2.rustfs-headless.rustfs.svc.cluster.local:9000","component":"ecstore","endpoint":"http://rustfs-2.rustfs-headless.rustfs.svc.cluster.local:9000/data","handle_id":"030cbc46-f48b-4aa2-9bb9-a8307aebbcab","kind":"remote_disk","subsystem":"remote_disk","name":"recovery-monitor"},"spans":[],"threadName":"rustfs-worker","threadId":"ThreadId(26)"}
execute	Execute Action	2026-09-26T09:31:51.4391074Z [pod/rustfs-1/rustfs] {"timestamp":"2026-09-26T09:31:50.976037865Z","level":"INFO","message":"exit","target":"rustfs_ecstore::cluster::rpc::remote_disk","filename":"crates/ecstore/src/cluster/rpc/remote_disk.rs","line_number":967,"span":{"addr":"http://rustfs-2.rustfs-headless.rustfs.svc.cluster.local:9000","component":"ecstore","endpoint":"http://rustfs-2.rustfs-headless.rustfs.svc.cluster.local:9000/data","handle_id":"030cbc46-f48b-4aa2-9bb9-a8307aebbcab","kind":"remote_disk","subsystem":"remote_disk","name":"recovery-monitor"},"spans":[],"threadName":"rustfs-worker","threadId":"ThreadId(27)"}
execute	Execute Action	2026-09-26T09:31:51.4394918Z [pod/rustfs-1/rustfs] {"timestamp":"2026-09-26T09:31:50.976070745Z","level":"INFO","message":"remote acquire_exclusive for .rustfs.sys/s3tables/catalog/table-buckets/01ca1703560cd9ff667fb2ad4a942bb1c5a79918f32e967e26c728db675ddc1b/warehouse-index/518423affcbd3a8bb3e289128fb4479d2026a08470229e21d25266814cdccf85.json@latest","target":"rustfs_ecstore::cluster::rpc::remote_locker","filename":"crates/ecstore/src/cluster/rpc/remote_locker.rs","line_number":682,"threadName":"rustfs-worker","threadId":"ThreadId(21)"}
execute	Execute Action	2026-09-26T09:31:51.4398490Z [pod/rustfs-1/rustfs] {"timestamp":"2026-09-26T09:31:50.976071933Z","level":"INFO","message":"remote release for .rustfs.sys/s3tables/catalog/table-buckets/01ca1703560cd9ff667fb2ad4a942bb1c5a79918f32e967e26c728db675ddc1b/namespaces/events/tables/bluesky_posts/table-entry.json@latest:b20bc2a1-2452-4a53-b88f-4286f11ceb0a","target":"rustfs_ecstore::cluster::rpc::remote_locker","filename":"crates/ecstore/src/cluster/rpc/remote_locker.rs","line_number":779,"threadName":"rustfs-worker","threadId":"ThreadId(26)"}
execute	Execute Action	2026-09-26T09:31:51.4403466Z [pod/rustfs-1/rustfs] {"timestamp":"2026-09-26T09:31:50.97607011Z","level":"INFO","message":"enter","target":"rustfs_ecstore::cluster::rpc::remote_disk","filename":"crates/ecstore/src/cluster/rpc/remote_disk.rs","line_number":967,"span":{"addr":"http://rustfs-2.rustfs-headless.rustfs.svc.cluster.local:9000","component":"ecstore","endpoint":"http://rustfs-2.rustfs-headless.rustfs.svc.cluster.local:9000/data","handle_id":"030cbc46-f48b-4aa2-9bb9-a8307aebbcab","kind":"remote_disk","subsystem":"remote_disk","name":"recovery-monitor"},"spans":[{"name":"run"},{"addr":"http://rustfs-2.rustfs-headless.rustfs.svc.cluster.local:9000","component":"ecstore","endpoint":"http://rustfs-2.rustfs-headless.rustfs.svc.cluster.local:9000/data","handle_id":"030cbc46-f48b-4aa2-9bb9-a8307aebbcab","kind":"remote_disk","subsystem":"remote_disk","name":"recovery-monitor"}],"threadName":"rustfs-worker","threadId":"ThreadId(27)"}
execute	Execute Action	2026-09-26T09:31:51.4408459Z [pod/rustfs-1/rustfs] {"timestamp":"2026-09-26T09:31:50.976081908Z","level":"INFO","message":"remote acquire_exclusive for .rustfs.sys/s3tables/catalog/table-buckets/01ca1703560cd9ff667fb2ad4a942bb1c5a79918f32e967e26c728db675ddc1b/warehouse-index/518423affcbd3a8bb3e289128fb4479d2026a08470229e21d25266814cdccf85.json@latest","target":"rustfs_ecstore::cluster::rpc::remote_locker","filename":"crates/ecstore/src/cluster/rpc/remote_locker.rs","line_number":682,"threadName":"rustfs-worker","threadId":"ThreadId(24)"}
execute	Execute Action	2026-09-26T09:31:51.4412410Z [pod/rustfs-1/rustfs] {"timestamp":"2026-09-26T09:31:50.976123784Z","level":"INFO","message":"exit","target":"rustfs_ecstore::cluster::rpc::remote_disk","filename":"crates/ecstore/src/cluster/rpc/remote_disk.rs","line_number":967,"span":{"addr":"http://rustfs-2.rustfs-headless.rustfs.svc.cluster.local:9000","component":"ecstore","endpoint":"http://rustfs-2.rustfs-headless.rustfs.svc.cluster.local:9000/data","handle_id":"030cbc46-f48b-4aa2-9bb9-a8307aebbcab","kind":"remote_disk","subsystem":"remote_disk","name":"recovery-monitor"},"spans":[],"threadName":"rustfs-worker","threadId":"ThreadId(27)"}
execute	Execute Action	2026-09-26T09:31:51.4415541Z [pod/rustfs-1/rustfs] {"timestamp":"2026-09-26T09:31:50.976968983Z","level":"INFO","message":"enter","target":"rustfs::startup_entrypoint","filename":"rustfs/src/startup_entrypoint.rs","line_number":1721,"span":{"name":"run"},"spans":[{"name":"run"}],"threadName":"rustfs-worker","threadId":"ThreadId(34)"}
execute	Execute Action	2026-09-26T09:31:51.4419611Z [pod/rustfs-1/rustfs] {"timestamp":"2026-09-26T09:31:50.976982695Z","level":"INFO","message":"enter","target":"rustfs_ecstore::cluster::rpc::remote_disk","filename":"crates/ecstore/src/cluster/rpc/remote_disk.rs","line_number":967,"span":{"addr":"http://rustfs-2.rustfs-headless.rustfs.svc.cluster.local:9000","component":"ecstore","endpoint":"http://rustfs-2.rustfs-headless.rustfs.svc.cluster.local:9000/data","handle_id":"030cbc46-f48b-4aa2-9bb9-a8307aebbcab","kind":"remote_disk","subsystem":"remote_disk","name":"recovery-monitor"},"spans":[{"name":"run"},{"addr":"http://rustfs-2.rustfs-headless.rustfs.svc.cluster.local:9000","component":"ecstore","endpoint":"http://rustfs-2.rustfs-headless.rustfs.svc.cluster.local:9000/data","handle_id":"030cbc46-f48b-4aa2-9bb9-a8307aebbcab","kind":"remote_disk","subsystem":"remote_disk","name":"recovery-monitor"}],"threadName":"rustfs-worker","threadId":"ThreadId(24)"}
execute	Execute Action	2026-09-26T09:31:51.4423781Z [pod/rustfs-1/rustfs] {"timestamp":"2026-09-26T09:31:50.976997867Z","level":"INFO","message":"exit","target":"rustfs::startup_entrypoint","filename":"rustfs/src/startup_entrypoint.rs","line_number":1721,"span":{"name":"run"},"spans":[],"threadName":"rustfs-worker","threadId":"ThreadId(34)"}
execute	Execute Action	2026-09-26T09:31:51.4426630Z [pod/rustfs-1/rustfs] {"timestamp":"2026-09-26T09:31:50.977005174Z","level":"INFO","message":"remote release for .rustfs.sys/s3tables/catalog/table-buckets/01ca1703560cd9ff667fb2ad4a942bb1c5a79918f32e967e26c728db675ddc1b/warehouse-index/518423affcbd3a8bb3e289128fb4479d2026a08470229e21d25266814cdccf85.json@latest:b172c064-15d7-421e-8b63-c0367adf9eab","target":"rustfs_ecstore::cluster::rpc::remote_locker","filename":"crates/ecstore/src/cluster/rpc/remote_locker.rs","line_number":779,"threadName":"rustfs-worker","threadId":"ThreadId(33)"}
execute	Execute Action	2026-09-26T09:31:51.4429497Z [pod/rustfs-1/rustfs] {"timestamp":"2026-09-26T09:31:50.977015909Z","level":"INFO","message":"enter","target":"rustfs::startup_entrypoint","filename":"rustfs/src/startup_entrypoint.rs","line_number":1721,"span":{"name":"run"},"spans":[{"name":"run"}],"threadName":"rustfs-worker","threadId":"ThreadId(28)"}
execute	Execute Action	2026-09-26T09:31:51.4432640Z [pod/rustfs-1/rustfs] {"timestamp":"2026-09-26T09:31:50.977028014Z","level":"INFO","message":"exit","target":"rustfs_ecstore::cluster::rpc::remote_disk","filename":"crates/ecstore/src/cluster/rpc/remote_disk.rs","line_number":967,"span":{"addr":"http://rustfs-2.rustfs-headless.rustfs.svc.cluster.local:9000","component":"ecstore","endpoint":"http://rustfs-2.rustfs-headless.rustfs.svc.cluster.local:9000/data","handle_id":"030cbc46-f48b-4aa2-9bb9-a8307aebbcab","kind":"remote_disk","subsystem":"remote_disk","name":"recovery-monitor"},"spans":[],"threadName":"rustfs-worker","threadId":"ThreadId(24)"}
execute	Execute Action	2026-09-26T09:31:51.4437885Z [pod/rustfs-1/rustfs] {"timestamp":"2026-09-26T09:31:50.977033402Z","level":"INFO","message":"enter","target":"rustfs_ecstore::cluster::rpc::remote_disk","filename":"crates/ecstore/src/cluster/rpc/remote_disk.rs","line_number":967,"span":{"addr":"http://rustfs-3.rustfs-headless.rustfs.svc.cluster.local:9000","component":"ecstore","endpoint":"http://rustfs-3.rustfs-headless.rustfs.svc.cluster.local:9000/data","handle_id":"4b1feb5d-7a7c-42d6-8f45-ba01471707f5","kind":"remote_disk","subsystem":"remote_disk","name":"recovery-monitor"},"spans":[{"name":"run"},{"addr":"http://rustfs-3.rustfs-headless.rustfs.svc.cluster.local:9000","component":"ecstore","endpoint":"http://rustfs-3.rustfs-headless.rustfs.svc.cluster.local:9000/data","handle_id":"4b1feb5d-7a7c-42d6-8f45-ba01471707f5","kind":"remote_disk","subsystem":"remote_disk","name":"recovery-monitor"}],"threadName":"rustfs-worker","threadId":"ThreadId(26)"}
execute	Execute Action	2026-09-26T09:31:51.4444326Z [pod/rustfs-1/rustfs] {"timestamp":"2026-09-26T09:31:50.977039928Z","level":"INFO","message":"enter","target":"rustfs_ecstore::cluster::rpc::remote_disk","filename":"crates/ecstore/src/cluster/rpc/remote_disk.rs","line_number":967,"span":{"addr":"http://rustfs-2.rustfs-headless.rustfs.svc.cluster.local:9000","component":"ecstore","endpoint":"http://rustfs-2.rustfs-headless.rustfs.svc.cluster.local:9000/data","handle_id":"030cbc46-f48b-4aa2-9bb9-a8307aebbcab","kind":"remote_disk","subsystem":"remote_disk","name":"recovery-monitor"},"spans":[{"name":"run"},{"addr":"http://rustfs-2.rustfs-headless.rustfs.svc.cluster.local:9000","component":"ecstore","endpoint":"http://rustfs-2.rustfs-headless.rustfs.svc.cluster.local:9000/data","handle_id":"030cbc46-f48b-4aa2-9bb9-a8307aebbcab","kind":"remote_disk","subsystem":"remote_disk","name":"recovery-monitor"}],"threadName":"rustfs-worker","threadId":"ThreadId(27)"}
execute	Execute Action	2026-09-26T09:31:51.4448382Z [pod/rustfs-1/rustfs] {"timestamp":"2026-09-26T09:31:50.977057819Z","level":"INFO","message":"enter","target":"rustfs::startup_entrypoint","filename":"rustfs/src/startup_entrypoint.rs","line_number":1721,"span":{"name":"run"},"spans":[{"name":"run"}],"threadName":"rustfs-worker","threadId":"ThreadId(24)"}
execute	Execute Action	2026-09-26T09:31:51.4450385Z [pod/rustfs-1/rustfs] {"timestamp":"2026-09-26T09:31:50.977057624Z","level":"INFO","message":"exit","target":"rustfs::startup_entrypoint","filename":"rustfs/src/startup_entrypoint.rs","line_number":1721,"span":{"name":"run"},"spans":[],"threadName":"rustfs-worker","threadId":"ThreadId(28)"}
execute	Execute Action	2026-09-26T09:31:51.4452292Z [pod/rustfs-1/rustfs] {"timestamp":"2026-09-26T09:31:50.977065114Z","level":"INFO","message":"enter","target":"rustfs::startup_entrypoint","filename":"rustfs/src/startup_entrypoint.rs","line_number":1721,"span":{"name":"run"},"spans":[{"name":"run"}],"threadName":"rustfs-worker","threadId":"ThreadId(34)"}
execute	Execute Action	2026-09-26T09:31:51.6386733Z [pod/rustfs-1/rustfs] {"timestamp":"2026-09-26T09:31:50.977075246Z","level":"INFO","message":"enter","target":"rustfs::startup_entrypoint","filename":"rustfs/src/startup_entrypoint.rs","line_number":1721,"span":{"name":"run"},"spans":[{"name":"run"}],"threadName":"rustfs-worker","threadId":"ThreadId(28)"}
execute	Execute Action	2026-09-26T09:31:51.6393489Z [pod/rustfs-1/rustfs] {"timestamp":"2026-09-26T09:31:50.977071949Z","level":"INFO","message":"exit","target":"rustfs_ecstore::cluster::rpc::remote_disk","filename":"crates/ecstore/src/cluster/rpc/remote_disk.rs","line_number":967,"span":{"addr":"http://rustfs-3.rustfs-headless.rustfs.svc.cluster.local:9000","component":"ecstore","endpoint":"http://rustfs-3.rustfs-headless.rustfs.svc.cluster.local:9000/data","handle_id":"4b1feb5d-7a7c-42d6-8f45-ba01471707f5","kind":"remote_disk","subsystem":"remote_disk","name":"recovery-monitor"},"spans":[],"threadName":"rustfs-worker","threadId":"ThreadId(26)"}
execute	Execute Action	2026-09-26T09:31:51.6400851Z [pod/rustfs-1/rustfs] {"timestamp":"2026-09-26T09:31:50.97708897Z","level":"INFO","message":"exit","target":"rustfs_ecstore::cluster::rpc::remote_disk","filename":"crates/ecstore/src/cluster/rpc/remote_disk.rs","line_number":967,"span":{"addr":"http://rustfs-2.rustfs-headless.rustfs.svc.cluster.local:9000","component":"ecstore","endpoint":"http://rustfs-2.rustfs-headless.rustfs.svc.cluster.local:9000/data","handle_id":"030cbc46-f48b-4aa2-9bb9-a8307aebbcab","kind":"remote_disk","subsystem":"remote_disk","name":"recovery-monitor"},"spans":[],"threadName":"rustfs-worker","threadId":"ThreadId(27)"}
execute	Execute Action	2026-09-26T09:31:51.6411399Z [pod/rustfs-1/rustfs] {"timestamp":"2026-09-26T09:31:50.977094682Z","level":"INFO","message":"enter","target":"rustfs_ecstore::cluster::rpc::remote_disk","filename":"crates/ecstore/src/cluster/rpc/remote_disk.rs","line_number":967,"span":{"addr":"http://rustfs-3.rustfs-headless.rustfs.svc.cluster.local:9000","component":"ecstore","endpoint":"http://rustfs-3.rustfs-headless.rustfs.svc.cluster.local:9000/data","handle_id":"4b1feb5d-7a7c-42d6-8f45-ba01471707f5","kind":"remote_disk","subsystem":"remote_disk","name":"recovery-monitor"},"spans":[{"name":"run"},{"addr":"http://rustfs-3.rustfs-headless.rustfs.svc.cluster.local:9000","component":"ecstore","endpoint":"http://rustfs-3.rustfs-headless.rustfs.svc.cluster.local:9000/data","handle_id":"4b1feb5d-7a7c-42d6-8f45-ba01471707f5","kind":"remote_disk","subsystem":"remote_disk","name":"recovery-monitor"}],"threadName":"rustfs-worker","threadId":"ThreadId(23)"}
execute	Execute Action	2026-09-26T09:31:51.6417095Z [pod/rustfs-1/rustfs] {"timestamp":"2026-09-26T09:31:50.977108494Z","level":"INFO","message":"exit","target":"rustfs::startup_entrypoint","filename":"rustfs/src/startup_entrypoint.rs","line_number":1721,"span":{"name":"run"},"spans":[],"threadName":"rustfs-worker","threadId":"ThreadId(34)"}
execute	Execute Action	2026-09-26T09:31:51.6421320Z [pod/rustfs-1/rustfs] {"timestamp":"2026-09-26T09:31:50.977121897Z","level":"INFO","message":"enter","target":"rustfs::startup_entrypoint","filename":"rustfs/src/startup_entrypoint.rs","line_number":1721,"span":{"name":"run"},"spans":[{"name":"run"}],"threadName":"rustfs-worker","threadId":"ThreadId(34)"}
execute	Execute Action	2026-09-26T09:31:51.6425525Z [pod/rustfs-1/rustfs] {"timestamp":"2026-09-26T09:31:50.977109442Z","level":"INFO","message":"enter","target":"rustfs_ecstore::cluster::rpc::remote_disk","filename":"crates/ecstore/src/cluster/rpc/remote_disk.rs","line_number":967,"span":{"addr":"http://rustfs-2.rustfs-headless.rustfs.svc.cluster.local:9000","component":"ecstore","endpoint":"http://rustfs-2.rustfs-headless.rustfs.svc.cluster.local:9000/data","handle_id":"030cbc46-f48b-4aa2-9bb9-a8307aebbcab","kind":"remote_disk","subsystem":"remote_disk","name":"recovery-monitor"},"spans":[{"name":"run"},{"addr":"http://rustfs-2.rustfs-headless.rustfs.svc.cluster.local:9000","component":"ecstore","endpoint":"http://rustfs-2.rustfs-headless.rustfs.svc.cluster.local:9000/data","handle_id":"030cbc46-f48b-4aa2-9bb9-a8307aebbcab","kind":"remote_disk","subsystem":"remote_disk","name":"recovery-monitor"}],"threadName":"rustfs-worker","threadId":"ThreadId(26)"}
execute	Execute Action	2026-09-26T09:31:51.6430878Z [pod/rustfs-1/rustfs] {"timestamp":"2026-09-26T09:31:50.977130166Z","level":"INFO","message":"exit","target":"rustfs::startup_entrypoint","filename":"rustfs/src/startup_entrypoint.rs","line_number":1721,"span":{"name":"run"},"spans":[],"threadName":"rustfs-worker","threadId":"ThreadId(24)"}
execute	Execute Action	2026-09-26T09:31:51.6437263Z [pod/rustfs-1/rustfs] {"timestamp":"2026-09-26T09:31:50.977137623Z","level":"INFO","message":"exit","target":"rustfs_ecstore::cluster::rpc::remote_disk","filename":"crates/ecstore/src/cluster/rpc/remote_disk.rs","line_number":967,"span":{"addr":"http://rustfs-3.rustfs-headless.rustfs.svc.cluster.local:9000","component":"ecstore","endpoint":"http://rustfs-3.rustfs-headless.rustfs.svc.cluster.local:9000/data","handle_id":"4b1feb5d-7a7c-42d6-8f45-ba01471707f5","kind":"remote_disk","subsystem":"remote_disk","name":"recovery-monitor"},"spans":[],"threadName":"rustfs-worker","threadId":"ThreadId(23)"}
execute	Execute Action	2026-09-26T09:31:51.6442942Z [pod/rustfs-1/rustfs] {"timestamp":"2026-09-26T09:31:50.97714326Z","level":"INFO","message":"exit","target":"rustfs::startup_entrypoint","filename":"rustfs/src/startup_entrypoint.rs","line_number":1721,"span":{"name":"run"},"spans":[],"threadName":"rustfs-worker","threadId":"ThreadId(28)"}
execute	Execute Action	2026-09-26T09:31:51.6445501Z [pod/rustfs-1/rustfs] {"timestamp":"2026-09-26T09:31:50.977147835Z","level":"INFO","message":"enter","target":"rustfs::startup_entrypoint","filename":"rustfs/src/startup_entrypoint.rs","line_number":1721,"span":{"name":"run"},"spans":[{"name":"run"}],"threadName":"rustfs-worker","threadId":"ThreadId(24)"}
execute	Execute Action	2026-09-26T09:31:51.6449822Z [pod/rustfs-1/rustfs] {"timestamp":"2026-09-26T09:31:50.977162439Z","level":"INFO","message":"exit","target":"rustfs::startup_entrypoint","filename":"rustfs/src/startup_entrypoint.rs","line_number":1721,"span":{"name":"run"},"spans":[],"threadName":"rustfs-worker","threadId":"ThreadId(24)"}
execute	Execute Action	2026-09-26T09:31:51.6452432Z [pod/rustfs-1/rustfs] {"timestamp":"2026-09-26T09:31:50.977164981Z","level":"INFO","message":"exit","target":"rustfs::startup_entrypoint","filename":"rustfs/src/startup_entrypoint.rs","line_number":1721,"span":{"name":"run"},"spans":[],"threadName":"rustfs-worker","threadId":"ThreadId(34)"}
execute	Execute Action	2026-09-26T09:31:51.6456604Z [pod/rustfs-1/rustfs] {"timestamp":"2026-09-26T09:31:50.977159219Z","level":"INFO","message":"enter","target":"rustfs::startup_entrypoint","filename":"rustfs/src/startup_entrypoint.rs","line_number":1721,"span":{"name":"run"},"spans":[{"name":"run"}],"threadName":"rustfs-worker","threadId":"ThreadId(20)"}
execute	Execute Action	2026-09-26T09:31:51.6464470Z [pod/rustfs-1/rustfs] {"timestamp":"2026-09-26T09:31:50.97719006Z","level":"INFO","message":"enter","target":"rustfs_ecstore::cluster::rpc::remote_disk","filename":"crates/ecstore/src/cluster/rpc/remote_disk.rs","line_number":967,"span":{"addr":"http://rustfs-3.rustfs-headless.rustfs.svc.cluster.local:9000","component":"ecstore","endpoint":"http://rustfs-3.rustfs-headless.rustfs.svc.cluster.local:9000/data","handle_id":"4b1feb5d-7a7c-42d6-8f45-ba01471707f5","kind":"remote_disk","subsystem":"remote_disk","name":"recovery-monitor"},"spans":[{"name":"run"},{"addr":"http://rustfs-3.rustfs-headless.rustfs.svc.cluster.local:9000","component":"ecstore","endpoint":"http://rustfs-3.rustfs-headless.rustfs.svc.cluster.local:9000/data","handle_id":"4b1feb5d-7a7c-42d6-8f45-ba01471707f5","kind":"remote_disk","subsystem":"remote_disk","name":"recovery-monitor"}],"threadName":"rustfs-worker","threadId":"ThreadId(29)"}
execute	Execute Action	2026-09-26T09:31:51.6476076Z [pod/rustfs-1/rustfs] {"timestamp":"2026-09-26T09:31:50.977207729Z","level":"INFO","message":"enter","target":"rustfs_ecstore::cluster::rpc::remote_disk","filename":"crates/ecstore/src/cluster/rpc/remote_disk.rs","line_number":967,"span":{"addr":"http://rustfs-3.rustfs-headless.rustfs.svc.cluster.local:9000","component":"ecstore","endpoint":"http://rustfs-3.rustfs-headless.rustfs.svc.cluster.local:9000/data","handle_id":"4b1feb5d-7a7c-42d6-8f45-ba01471707f5","kind":"remote_disk","subsystem":"remote_disk","name":"recovery-monitor"},"spans":[{"name":"run"},{"addr":"http://rustfs-3.rustfs-headless.rustfs.svc.cluster.local:9000","component":"ecstore","endpoint":"http://rustfs-3.rustfs-headless.rustfs.svc.cluster.local:9000/data","handle_id":"4b1feb5d-7a7c-42d6-8f45-ba01471707f5","kind":"remote_disk","subsystem":"remote_disk","name":"recovery-monitor"}],"threadName":"rustfs-worker","threadId":"ThreadId(23)"}
execute	Execute Action	2026-09-26T09:31:51.6486453Z [pod/rustfs-1/rustfs] {"timestamp":"2026-09-26T09:31:50.977207401Z","level":"INFO","message":"enter","target":"rustfs_ecstore::cluster::rpc::remote_disk","filename":"crates/ecstore/src/cluster/rpc/remote_disk.rs","line_number":967,"span":{"addr":"http://rustfs-3.rustfs-headless.rustfs.svc.cluster.local:9000","component":"ecstore","endpoint":"http://rustfs-3.rustfs-headless.rustfs.svc.cluster.local:9000/data","handle_id":"4b1feb5d-7a7c-42d6-8f45-ba01471707f5","kind":"remote_disk","subsystem":"remote_disk","name":"recovery-monitor"},"spans":[{"name":"run"},{"addr":"http://rustfs-3.rustfs-headless.rustfs.svc.cluster.local:9000","component":"ecstore","endpoint":"http://rustfs-3.rustfs-headless.rustfs.svc.cluster.local:9000/data","handle_id":"4b1feb5d-7a7c-42d6-8f45-ba01471707f5","kind":"remote_disk","subsystem":"remote_disk","name":"recovery-monitor"}],"threadName":"rustfs-worker","threadId":"ThreadId(28)"}
execute	Execute Action	2026-09-26T09:31:51.6493116Z [pod/rustfs-1/rustfs] {"timestamp":"2026-09-26T09:31:50.97721953Z","level":"INFO","message":"exit","target":"rustfs::startup_entrypoint","filename":"rustfs/src/startup_entrypoint.rs","line_number":1721,"span":{"name":"run"},"spans":[],"threadName":"rustfs-worker","threadId":"ThreadId(20)"}
execute	Execute Action	2026-09-26T09:31:51.6499317Z [pod/rustfs-1/rustfs] {"timestamp":"2026-09-26T09:31:50.97723797Z","level":"INFO","message":"exit","target":"rustfs_ecstore::cluster::rpc::remote_disk","filename":"crates/ecstore/src/cluster/rpc/remote_disk.rs","line_number":967,"span":{"addr":"http://rustfs-2.rustfs-headless.rustfs.svc.cluster.local:9000","component":"ecstore","endpoint":"http://rustfs-2.rustfs-headless.rustfs.svc.cluster.local:9000/data","handle_id":"030cbc46-f48b-4aa2-9bb9-a8307aebbcab","kind":"remote_disk","subsystem":"remote_disk","name":"recovery-monitor"},"spans":[],"threadName":"rustfs-worker","threadId":"ThreadId(26)"}
execute	Execute Action	2026-09-26T09:31:51.6507905Z [pod/rustfs-1/rustfs] {"timestamp":"2026-09-26T09:31:50.977241081Z","level":"INFO","message":"exit","target":"rustfs_ecstore::cluster::rpc::remote_disk","filename":"crates/ecstore/src/cluster/rpc/remote_disk.rs","line_number":967,"span":{"addr":"http://rustfs-3.rustfs-headless.rustfs.svc.cluster.local:9000","component":"ecstore","endpoint":"http://rustfs-3.rustfs-headless.rustfs.svc.cluster.local:9000/data","handle_id":"4b1feb5d-7a7c-42d6-8f45-ba01471707f5","kind":"remote_disk","subsystem":"remote_disk","name":"recovery-monitor"},"spans":[],"threadName":"rustfs-worker","threadId":"ThreadId(23)"}
execute	Execute Action	2026-09-26T09:31:51.6518638Z [pod/rustfs-1/rustfs] {"timestamp":"2026-09-26T09:31:50.977130922Z","level":"INFO","message":"enter","target":"rustfs_ecstore::cluster::rpc::remote_disk","filename":"crates/ecstore/src/cluster/rpc/remote_disk.rs","line_number":967,"span":{"addr":"http://rustfs-2.rustfs-headless.rustfs.svc.cluster.local:9000","component":"ecstore","endpoint":"http://rustfs-2.rustfs-headless.rustfs.svc.cluster.local:9000/data","handle_id":"030cbc46-f48b-4aa2-9bb9-a8307aebbcab","kind":"remote_disk","subsystem":"remote_disk","name":"recovery-monitor"},"spans":[{"name":"run"},{"addr":"http://rustfs-2.rustfs-headless.rustfs.svc.cluster.local:9000","component":"ecstore","endpoint":"http://rustfs-2.rustfs-headless.rustfs.svc.cluster.local:9000/data","handle_id":"030cbc46-f48b-4aa2-9bb9-a8307aebbcab","kind":"remote_disk","subsystem":"remote_disk","name":"recovery-monitor"}],"threadName":"rustfs-worker","threadId":"ThreadId(27)"}
execute	Execute Action	2026-09-26T09:31:51.6527569Z [pod/rustfs-1/rustfs] {"timestamp":"2026-09-26T09:31:50.977280488Z","level":"INFO","message":"exit","target":"rustfs_ecstore::cluster::rpc::remote_disk","filename":"crates/ecstore/src/cluster/rpc/remote_disk.rs","line_number":967,"span":{"addr":"http://rustfs-3.rustfs-headless.rustfs.svc.cluster.local:9000","component":"ecstore","endpoint":"http://rustfs-3.rustfs-headless.rustfs.svc.cluster.local:9000/data","handle_id":"4b1feb5d-7a7c-42d6-8f45-ba01471707f5","kind":"remote_disk","subsystem":"remote_disk","name":"recovery-monitor"},"spans":[],"threadName":"rustfs-worker","threadId":"ThreadId(28)"}
execute	Execute Action	2026-09-26T09:31:51.6531930Z [pod/rustfs-1/rustfs] {"timestamp":"2026-09-26T09:31:50.977294802Z","level":"INFO","message":"exit","target":"rustfs_ecstore::cluster::rpc::remote_disk","filename":"crates/ecstore/src/cluster/rpc/remote_disk.rs","line_number":967,"span":{"addr":"http://rustfs-3.rustfs-headless.rustfs.svc.cluster.local:9000","component":"ecstore","endpoint":"http://rustfs-3.rustfs-headless.rustfs.svc.cluster.local:9000/data","handle_id":"4b1feb5d-7a7c-42d6-8f45-ba01471707f5","kind":"remote_disk","subsystem":"remote_disk","name":"recovery-monitor"},"spans":[],"threadName":"rustfs-worker","threadId":"ThreadId(29)"}
execute	Execute Action	2026-09-26T09:31:51.6537275Z [pod/rustfs-1/rustfs] {"timestamp":"2026-09-26T09:31:50.977241174Z","level":"INFO","message":"enter","target":"rustfs_ecstore::cluster::rpc::remote_disk","filename":"crates/ecstore/src/cluster/rpc/remote_disk.rs","line_number":967,"span":{"addr":"http://rustfs-2.rustfs-headless.rustfs.svc.cluster.local:9000","component":"ecstore","endpoint":"http://rustfs-2.rustfs-headless.rustfs.svc.cluster.local:9000/data","handle_id":"030cbc46-f48b-4aa2-9bb9-a8307aebbcab","kind":"remote_disk","subsystem":"remote_disk","name":"recovery-monitor"},"spans":[{"name":"run"},{"addr":"http://rustfs-2.rustfs-headless.rustfs.svc.cluster.local:9000","component":"ecstore","endpoint":"http://rustfs-2.rustfs-headless.rustfs.svc.cluster.local:9000/data","handle_id":"030cbc46-f48b-4aa2-9bb9-a8307aebbcab","kind":"remote_disk","subsystem":"remote_disk","name":"recovery-monitor"}],"threadName":"rustfs-worker","threadId":"ThreadId(21)"}
execute	Execute Action	2026-09-26T09:31:51.6543739Z [pod/rustfs-1/rustfs] {"timestamp":"2026-09-26T09:31:50.977287959Z","level":"INFO","message":"enter","target":"rustfs_ecstore::cluster::rpc::remote_disk","filename":"crates/ecstore/src/cluster/rpc/remote_disk.rs","line_number":967,"span":{"addr":"http://rustfs-2.rustfs-headless.rustfs.svc.cluster.local:9000","component":"ecstore","endpoint":"http://rustfs-2.rustfs-headless.rustfs.svc.cluster.local:9000/data","handle_id":"030cbc46-f48b-4aa2-9bb9-a8307aebbcab","kind":"remote_disk","subsystem":"remote_disk","name":"recovery-monitor"},"spans":[{"name":"run"},{"addr":"http://rustfs-2.rustfs-headless.rustfs.svc.cluster.local:9000","component":"ecstore","endpoint":"http://rustfs-2.rustfs-headless.rustfs.svc.cluster.local:9000/data","handle_id":"030cbc46-f48b-4aa2-9bb9-a8307aebbcab","kind":"remote_disk","subsystem":"remote_disk","name":"recovery-monitor"}],"threadName":"rustfs-worker","threadId":"ThreadId(26)"}
execute	Execute Action	2026-09-26T09:31:51.6548870Z [pod/rustfs-1/rustfs] {"timestamp":"2026-09-26T09:31:50.977331057Z","level":"INFO","message":"exit","target":"rustfs_ecstore::cluster::rpc::remote_disk","filename":"crates/ecstore/src/cluster/rpc/remote_disk.rs","line_number":967,"span":{"addr":"http://rustfs-2.rustfs-headless.rustfs.svc.cluster.local:9000","component":"ecstore","endpoint":"http://rustfs-2.rustfs-headless.rustfs.svc.cluster.local:9000/data","handle_id":"030cbc46-f48b-4aa2-9bb9-a8307aebbcab","kind":"remote_disk","subsystem":"remote_disk","name":"recovery-monitor"},"spans":[],"threadName":"rustfs-worker","threadId":"ThreadId(27)"}
execute	Execute Action	2026-09-26T09:31:51.6554076Z [pod/rustfs-1/rustfs] {"timestamp":"2026-09-26T09:31:50.977345162Z","level":"INFO","message":"enter","target":"rustfs_ecstore::cluster::rpc::remote_disk","filename":"crates/ecstore/src/cluster/rpc/remote_disk.rs","line_number":967,"span":{"addr":"http://rustfs-3.rustfs-headless.rustfs.svc.cluster.local:9000","component":"ecstore","endpoint":"http://rustfs-3.rustfs-headless.rustfs.svc.cluster.local:9000/data","handle_id":"4b1feb5d-7a7c-42d6-8f45-ba01471707f5","kind":"remote_disk","subsystem":"remote_disk","name":"recovery-monitor"},"spans":[{"name":"run"},{"addr":"http://rustfs-3.rustfs-headless.rustfs.svc.cluster.local:9000","component":"ecstore","endpoint":"http://rustfs-3.rustfs-headless.rustfs.svc.cluster.local:9000/data","handle_id":"4b1feb5d-7a7c-42d6-8f45-ba01471707f5","kind":"remote_disk","subsystem":"remote_disk","name":"recovery-monitor"}],"threadName":"rustfs-worker","threadId":"ThreadId(29)"}
execute	Execute Action	2026-09-26T09:31:51.6559211Z [pod/rustfs-1/rustfs] {"timestamp":"2026-09-26T09:31:50.97735867Z","level":"INFO","message":"exit","target":"rustfs_ecstore::cluster::rpc::remote_disk","filename":"crates/ecstore/src/cluster/rpc/remote_disk.rs","line_number":967,"span":{"addr":"http://rustfs-2.rustfs-headless.rustfs.svc.cluster.local:9000","component":"ecstore","endpoint":"http://rustfs-2.rustfs-headless.rustfs.svc.cluster.local:9000/data","handle_id":"030cbc46-f48b-4aa2-9bb9-a8307aebbcab","kind":"remote_disk","subsystem":"remote_disk","name":"recovery-monitor"},"spans":[],"threadName":"rustfs-worker","threadId":"ThreadId(26)"}
execute	Execute Action	2026-09-26T09:31:51.6564664Z [pod/rustfs-1/rustfs] {"timestamp":"2026-09-26T09:31:50.977347515Z","level":"INFO","message":"enter","target":"rustfs_ecstore::cluster::rpc::remote_disk","filename":"crates/ecstore/src/cluster/rpc/remote_disk.rs","line_number":967,"span":{"addr":"http://rustfs-3.rustfs-headless.rustfs.svc.cluster.local:9000","component":"ecstore","endpoint":"http://rustfs-3.rustfs-headless.rustfs.svc.cluster.local:9000/data","handle_id":"4b1feb5d-7a7c-42d6-8f45-ba01471707f5","kind":"remote_disk","subsystem":"remote_disk","name":"recovery-monitor"},"spans":[{"name":"run"},{"addr":"http://rustfs-3.rustfs-headless.rustfs.svc.cluster.local:9000","component":"ecstore","endpoint":"http://rustfs-3.rustfs-headless.rustfs.svc.cluster.local:9000/data","handle_id":"4b1feb5d-7a7c-42d6-8f45-ba01471707f5","kind":"remote_disk","subsystem":"remote_disk","name":"recovery-monitor"}],"threadName":"rustfs-worker","threadId":"ThreadId(28)"}
execute	Execute Action	2026-09-26T09:31:51.6571179Z [pod/rustfs-1/rustfs] {"timestamp":"2026-09-26T09:31:50.977378057Z","level":"INFO","message":"enter","target":"rustfs_ecstore::cluster::rpc::remote_disk","filename":"crates/ecstore/src/cluster/rpc/remote_disk.rs","line_number":967,"span":{"addr":"http://rustfs-3.rustfs-headless.rustfs.svc.cluster.local:9000","component":"ecstore","endpoint":"http://rustfs-3.rustfs-headless.rustfs.svc.cluster.local:9000/data","handle_id":"4b1feb5d-7a7c-42d6-8f45-ba01471707f5","kind":"remote_disk","subsystem":"remote_disk","name":"recovery-monitor"},"spans":[{"name":"run"},{"addr":"http://rustfs-3.rustfs-headless.rustfs.svc.cluster.local:9000","component":"ecstore","endpoint":"http://rustfs-3.rustfs-headless.rustfs.svc.cluster.local:9000/data","handle_id":"4b1feb5d-7a7c-42d6-8f45-ba01471707f5","kind":"remote_disk","subsystem":"remote_disk","name":"recovery-monitor"}],"threadName":"rustfs-worker","threadId":"ThreadId(23)"}
execute	Execute Action	2026-09-26T09:31:51.6576324Z [pod/rustfs-1/rustfs] {"timestamp":"2026-09-26T09:31:50.97739452Z","level":"INFO","message":"exit","target":"rustfs_ecstore::cluster::rpc::remote_disk","filename":"crates/ecstore/src/cluster/rpc/remote_disk.rs","line_number":967,"span":{"addr":"http://rustfs-3.rustfs-headless.rustfs.svc.cluster.local:9000","component":"ecstore","endpoint":"http://rustfs-3.rustfs-headless.rustfs.svc.cluster.local:9000/data","handle_id":"4b1feb5d-7a7c-42d6-8f45-ba01471707f5","kind":"remote_disk","subsystem":"remote_disk","name":"recovery-monitor"},"spans":[],"threadName":"rustfs-worker","threadId":"ThreadId(29)"}
execute	Execute Action	2026-09-26T09:31:51.6580550Z [pod/rustfs-1/rustfs] {"timestamp":"2026-09-26T09:31:50.977410574Z","level":"INFO","message":"exit","target":"rustfs_ecstore::cluster::rpc::remote_disk","filename":"crates/ecstore/src/cluster/rpc/remote_disk.rs","line_number":967,"span":{"addr":"http://rustfs-3.rustfs-headless.rustfs.svc.cluster.local:9000","component":"ecstore","endpoint":"http://rustfs-3.rustfs-headless.rustfs.svc.cluster.local:9000/data","handle_id":"4b1feb5d-7a7c-42d6-8f45-ba01471707f5","kind":"remote_disk","subsystem":"remote_disk","name":"recovery-monitor"},"spans":[],"threadName":"rustfs-worker","threadId":"ThreadId(28)"}
execute	Execute Action	2026-09-26T09:31:51.6584622Z [pod/rustfs-1/rustfs] {"timestamp":"2026-09-26T09:31:50.977434819Z","level":"INFO","message":"exit","target":"rustfs_ecstore::cluster::rpc::remote_disk","filename":"crates/ecstore/src/cluster/rpc/remote_disk.rs","line_number":967,"span":{"addr":"http://rustfs-3.rustfs-headless.rustfs.svc.cluster.local:9000","component":"ecstore","endpoint":"http://rustfs-3.rustfs-headless.rustfs.svc.cluster.local:9000/data","handle_id":"4b1feb5d-7a7c-42d6-8f45-ba01471707f5","kind":"remote_disk","subsystem":"remote_disk","name":"recovery-monitor"},"spans":[],"threadName":"rustfs-worker","threadId":"ThreadId(23)"}
execute	Execute Action	2026-09-26T09:31:51.6588825Z [pod/rustfs-1/rustfs] {"timestamp":"2026-09-26T09:31:50.97739904Z","level":"INFO","message":"exit","target":"rustfs_ecstore::cluster::rpc::remote_disk","filename":"crates/ecstore/src/cluster/rpc/remote_disk.rs","line_number":967,"span":{"addr":"http://rustfs-2.rustfs-headless.rustfs.svc.cluster.local:9000","component":"ecstore","endpoint":"http://rustfs-2.rustfs-headless.rustfs.svc.cluster.local:9000/data","handle_id":"030cbc46-f48b-4aa2-9bb9-a8307aebbcab","kind":"remote_disk","subsystem":"remote_disk","name":"recovery-monitor"},"spans":[],"threadName":"rustfs-worker","threadId":"ThreadId(21)"}
execute	Execute Action	2026-09-26T09:31:51.6594123Z [pod/rustfs-1/rustfs] {"timestamp":"2026-09-26T09:31:50.97752263Z","level":"INFO","message":"enter","target":"rustfs_ecstore::cluster::rpc::remote_disk","filename":"crates/ecstore/src/cluster/rpc/remote_disk.rs","line_number":967,"span":{"addr":"http://rustfs-2.rustfs-headless.rustfs.svc.cluster.local:9000","component":"ecstore","endpoint":"http://rustfs-2.rustfs-headless.rustfs.svc.cluster.local:9000/data","handle_id":"030cbc46-f48b-4aa2-9bb9-a8307aebbcab","kind":"remote_disk","subsystem":"remote_disk","name":"recovery-monitor"},"spans":[{"name":"run"},{"addr":"http://rustfs-2.rustfs-headless.rustfs.svc.cluster.local:9000","component":"ecstore","endpoint":"http://rustfs-2.rustfs-headless.rustfs.svc.cluster.local:9000/data","handle_id":"030cbc46-f48b-4aa2-9bb9-a8307aebbcab","kind":"remote_disk","subsystem":"remote_disk","name":"recovery-monitor"}],"threadName":"rustfs-worker","threadId":"ThreadId(21)"}
execute	Execute Action	2026-09-26T09:31:51.6599400Z [pod/rustfs-1/rustfs] {"timestamp":"2026-09-26T09:31:50.977646032Z","level":"INFO","message":"exit","target":"rustfs_ecstore::cluster::rpc::remote_disk","filename":"crates/ecstore/src/cluster/rpc/remote_disk.rs","line_number":967,"span":{"addr":"http://rustfs-2.rustfs-headless.rustfs.svc.cluster.local:9000","component":"ecstore","endpoint":"http://rustfs-2.rustfs-headless.rustfs.svc.cluster.local:9000/data","handle_id":"030cbc46-f48b-4aa2-9bb9-a8307aebbcab","kind":"remote_disk","subsystem":"remote_disk","name":"recovery-monitor"},"spans":[],"threadName":"rustfs-worker","threadId":"ThreadId(21)"}
execute	Execute Action	2026-09-26T09:31:51.6604685Z [pod/rustfs-1/rustfs] {"timestamp":"2026-09-26T09:31:50.977698083Z","level":"INFO","message":"enter","target":"rustfs_ecstore::cluster::rpc::remote_disk","filename":"crates/ecstore/src/cluster/rpc/remote_disk.rs","line_number":967,"span":{"addr":"http://rustfs-3.rustfs-headless.rustfs.svc.cluster.local:9000","component":"ecstore","endpoint":"http://rustfs-3.rustfs-headless.rustfs.svc.cluster.local:9000/data","handle_id":"4b1feb5d-7a7c-42d6-8f45-ba01471707f5","kind":"remote_disk","subsystem":"remote_disk","name":"recovery-monitor"},"spans":[{"name":"run"},{"addr":"http://rustfs-3.rustfs-headless.rustfs.svc.cluster.local:9000","component":"ecstore","endpoint":"http://rustfs-3.rustfs-headless.rustfs.svc.cluster.local:9000/data","handle_id":"4b1feb5d-7a7c-42d6-8f45-ba01471707f5","kind":"remote_disk","subsystem":"remote_disk","name":"recovery-monitor"}],"threadName":"rustfs-worker","threadId":"ThreadId(33)"}
execute	Execute Action	2026-09-26T09:31:51.6609851Z [pod/rustfs-1/rustfs] {"timestamp":"2026-09-26T09:31:50.977770549Z","level":"INFO","message":"exit","target":"rustfs_ecstore::cluster::rpc::remote_disk","filename":"crates/ecstore/src/cluster/rpc/remote_disk.rs","line_number":967,"span":{"addr":"http://rustfs-3.rustfs-headless.rustfs.svc.cluster.local:9000","component":"ecstore","endpoint":"http://rustfs-3.rustfs-headless.rustfs.svc.cluster.local:9000/data","handle_id":"4b1feb5d-7a7c-42d6-8f45-ba01471707f5","kind":"remote_disk","subsystem":"remote_disk","name":"recovery-monitor"},"spans":[],"threadName":"rustfs-worker","threadId":"ThreadId(33)"}
execute	Execute Action	2026-09-26T09:31:51.6615109Z [pod/rustfs-1/rustfs] {"timestamp":"2026-09-26T09:31:50.977805246Z","level":"INFO","message":"enter","target":"rustfs_ecstore::cluster::rpc::remote_disk","filename":"crates/ecstore/src/cluster/rpc/remote_disk.rs","line_number":967,"span":{"addr":"http://rustfs-3.rustfs-headless.rustfs.svc.cluster.local:9000","component":"ecstore","endpoint":"http://rustfs-3.rustfs-headless.rustfs.svc.cluster.local:9000/data","handle_id":"4b1feb5d-7a7c-42d6-8f45-ba01471707f5","kind":"remote_disk","subsystem":"remote_disk","name":"recovery-monitor"},"spans":[{"name":"run"},{"addr":"http://rustfs-3.rustfs-headless.rustfs.svc.cluster.local:9000","component":"ecstore","endpoint":"http://rustfs-3.rustfs-headless.rustfs.svc.cluster.local:9000/data","handle_id":"4b1feb5d-7a7c-42d6-8f45-ba01471707f5","kind":"remote_disk","subsystem":"remote_disk","name":"recovery-monitor"}],"threadName":"rustfs-worker","threadId":"ThreadId(33)"}
execute	Execute Action	2026-09-26T09:31:51.6621629Z [pod/rustfs-1/rustfs] {"timestamp":"2026-09-26T09:31:50.97777109Z","level":"INFO","message":"enter","target":"rustfs_ecstore::cluster::rpc::remote_disk","filename":"crates/ecstore/src/cluster/rpc/remote_disk.rs","line_number":967,"span":{"addr":"http://rustfs-2.rustfs-headless.rustfs.svc.cluster.local:9000","component":"ecstore","endpoint":"http://rustfs-2.rustfs-headless.rustfs.svc.cluster.local:9000/data","handle_id":"030cbc46-f48b-4aa2-9bb9-a8307aebbcab","kind":"remote_disk","subsystem":"remote_disk","name":"recovery-monitor"},"spans":[{"name":"run"},{"addr":"http://rustfs-2.rustfs-headless.rustfs.svc.cluster.local:9000","component":"ecstore","endpoint":"http://rustfs-2.rustfs-headless.rustfs.svc.cluster.local:9000/data","handle_id":"030cbc46-f48b-4aa2-9bb9-a8307aebbcab","kind":"remote_disk","subsystem":"remote_disk","name":"recovery-monitor"}],"threadName":"rustfs-worker","threadId":"ThreadId(21)"}
execute	Execute Action	2026-09-26T09:31:51.6626902Z [pod/rustfs-1/rustfs] {"timestamp":"2026-09-26T09:31:50.977842596Z","level":"INFO","message":"exit","target":"rustfs_ecstore::cluster::rpc::remote_disk","filename":"crates/ecstore/src/cluster/rpc/remote_disk.rs","line_number":967,"span":{"addr":"http://rustfs-3.rustfs-headless.rustfs.svc.cluster.local:9000","component":"ecstore","endpoint":"http://rustfs-3.rustfs-headless.rustfs.svc.cluster.local:9000/data","handle_id":"4b1feb5d-7a7c-42d6-8f45-ba01471707f5","kind":"remote_disk","subsystem":"remote_disk","name":"recovery-monitor"},"spans":[],"threadName":"rustfs-worker","threadId":"ThreadId(33)"}
execute	Execute Action	2026-09-26T09:31:51.6632180Z [pod/rustfs-1/rustfs] {"timestamp":"2026-09-26T09:31:50.977876823Z","level":"INFO","message":"enter","target":"rustfs_ecstore::cluster::rpc::remote_disk","filename":"crates/ecstore/src/cluster/rpc/remote_disk.rs","line_number":967,"span":{"addr":"http://rustfs-3.rustfs-headless.rustfs.svc.cluster.local:9000","component":"ecstore","endpoint":"http://rustfs-3.rustfs-headless.rustfs.svc.cluster.local:9000/data","handle_id":"4b1feb5d-7a7c-42d6-8f45-ba01471707f5","kind":"remote_disk","subsystem":"remote_disk","name":"recovery-monitor"},"spans":[{"name":"run"},{"addr":"http://rustfs-3.rustfs-headless.rustfs.svc.cluster.local:9000","component":"ecstore","endpoint":"http://rustfs-3.rustfs-headless.rustfs.svc.cluster.local:9000/data","handle_id":"4b1feb5d-7a7c-42d6-8f45-ba01471707f5","kind":"remote_disk","subsystem":"remote_disk","name":"recovery-monitor"}],"threadName":"rustfs-worker","threadId":"ThreadId(33)"}
execute	Execute Action	2026-09-26T09:31:51.6637324Z [pod/rustfs-1/rustfs] {"timestamp":"2026-09-26T09:31:50.9779104Z","level":"INFO","message":"exit","target":"rustfs_ecstore::cluster::rpc::remote_disk","filename":"crates/ecstore/src/cluster/rpc/remote_disk.rs","line_number":967,"span":{"addr":"http://rustfs-3.rustfs-headless.rustfs.svc.cluster.local:9000","component":"ecstore","endpoint":"http://rustfs-3.rustfs-headless.rustfs.svc.cluster.local:9000/data","handle_id":"4b1feb5d-7a7c-42d6-8f45-ba01471707f5","kind":"remote_disk","subsystem":"remote_disk","name":"recovery-monitor"},"spans":[],"threadName":"rustfs-worker","threadId":"ThreadId(33)"}
execute	Execute Action	2026-09-26T09:31:51.6640443Z [pod/rustfs-1/rustfs] {"timestamp":"2026-09-26T09:31:50.97803419Z","level":"INFO","message":"enter","target":"rustfs::startup_entrypoint","filename":"rustfs/src/startup_entrypoint.rs","line_number":1721,"span":{"name":"run"},"spans":[{"name":"run"}],"threadName":"rustfs-worker","threadId":"ThreadId(29)"}
execute	Execute Action	2026-09-26T09:31:51.6644681Z [pod/rustfs-1/rustfs] {"timestamp":"2026-09-26T09:31:50.978038385Z","level":"INFO","message":"enter","target":"rustfs_ecstore::cluster::rpc::remote_disk","filename":"crates/ecstore/src/cluster/rpc/remote_disk.rs","line_number":967,"span":{"addr":"http://rustfs-3.rustfs-headless.rustfs.svc.cluster.local:9000","component":"ecstore","endpoint":"http://rustfs-3.rustfs-headless.rustfs.svc.cluster.local:9000/data","handle_id":"4b1feb5d-7a7c-42d6-8f45-ba01471707f5","kind":"remote_disk","subsystem":"remote_disk","name":"recovery-monitor"},"spans":[{"name":"run"},{"addr":"http://rustfs-3.rustfs-headless.rustfs.svc.cluster.local:9000","component":"ecstore","endpoint":"http://rustfs-3.rustfs-headless.rustfs.svc.cluster.local:9000/data","handle_id":"4b1feb5d-7a7c-42d6-8f45-ba01471707f5","kind":"remote_disk","subsystem":"remote_disk","name":"recovery-monitor"}],"threadName":"rustfs-worker","threadId":"ThreadId(28)"}
execute	Execute Action	2026-09-26T09:31:51.6648842Z [pod/rustfs-1/rustfs] {"timestamp":"2026-09-26T09:31:50.978080438Z","level":"INFO","message":"exit","target":"rustfs::startup_entrypoint","filename":"rustfs/src/startup_entrypoint.rs","line_number":1721,"span":{"name":"run"},"spans":[],"threadName":"rustfs-worker","threadId":"ThreadId(29)"}
execute	Execute Action	2026-09-26T09:31:51.6651946Z [pod/rustfs-1/rustfs] {"timestamp":"2026-09-26T09:31:50.978087Z","level":"INFO","message":"exit","target":"rustfs_ecstore::cluster::rpc::remote_disk","filename":"crates/ecstore/src/cluster/rpc/remote_disk.rs","line_number":967,"span":{"addr":"http://rustfs-3.rustfs-headless.rustfs.svc.cluster.local:9000","component":"ecstore","endpoint":"http://rustfs-3.rustfs-headless.rustfs.svc.cluster.local:9000/data","handle_id":"4b1feb5d-7a7c-42d6-8f45-ba01471707f5","kind":"remote_disk","subsystem":"remote_disk","name":"recovery-monitor"},"spans":[],"threadName":"rustfs-worker","threadId":"ThreadId(28)"}
execute	Execute Action	2026-09-26T09:31:51.6654975Z [pod/rustfs-1/rustfs] {"timestamp":"2026-09-26T09:31:50.978101148Z","level":"INFO","message":"enter","target":"rustfs::startup_entrypoint","filename":"rustfs/src/startup_entrypoint.rs","line_number":1721,"span":{"name":"run"},"spans":[{"name":"run"}],"threadName":"rustfs-worker","threadId":"ThreadId(29)"}
execute	Execute Action	2026-09-26T09:31:51.6656909Z [pod/rustfs-1/rustfs] {"timestamp":"2026-09-26T09:31:50.978122012Z","level":"INFO","message":"exit","target":"rustfs::startup_entrypoint","filename":"rustfs/src/startup_entrypoint.rs","line_number":1721,"span":{"name":"run"},"spans":[],"threadName":"rustfs-worker","threadId":"ThreadId(29)"}
execute	Execute Action	2026-09-26T09:31:51.6658836Z [pod/rustfs-1/rustfs] {"timestamp":"2026-09-26T09:31:50.978139533Z","level":"INFO","message":"enter","target":"rustfs::startup_entrypoint","filename":"rustfs/src/startup_entrypoint.rs","line_number":1721,"span":{"name":"run"},"spans":[{"name":"run"}],"threadName":"rustfs-worker","threadId":"ThreadId(29)"}
execute	Execute Action	2026-09-26T09:31:51.6661980Z [pod/rustfs-1/rustfs] {"timestamp":"2026-09-26T09:31:50.978109315Z","level":"INFO","message":"exit","target":"rustfs_ecstore::cluster::rpc::remote_disk","filename":"crates/ecstore/src/cluster/rpc/remote_disk.rs","line_number":967,"span":{"addr":"http://rustfs-2.rustfs-headless.rustfs.svc.cluster.local:9000","component":"ecstore","endpoint":"http://rustfs-2.rustfs-headless.rustfs.svc.cluster.local:9000/data","handle_id":"030cbc46-f48b-4aa2-9bb9-a8307aebbcab","kind":"remote_disk","subsystem":"remote_disk","name":"recovery-monitor"},"spans":[],"threadName":"rustfs-worker","threadId":"ThreadId(21)"}
execute	Execute Action	2026-09-26T09:31:51.6665086Z [pod/rustfs-1/rustfs] {"timestamp":"2026-09-26T09:31:50.978159282Z","level":"INFO","message":"exit","target":"rustfs::startup_entrypoint","filename":"rustfs/src/startup_entrypoint.rs","line_number":1721,"span":{"name":"run"},"spans":[],"threadName":"rustfs-worker","threadId":"ThreadId(29)"}
execute	Execute Action	2026-09-26T09:31:51.6667216Z [pod/rustfs-1/rustfs] {"timestamp":"2026-09-26T09:31:50.978258504Z","level":"INFO","message":"enter","target":"rustfs::startup_entrypoint","filename":"rustfs/src/startup_entrypoint.rs","line_number":1721,"span":{"name":"run"},"spans":[{"name":"run"}],"threadName":"rustfs-worker","threadId":"ThreadId(21)"}
execute	Execute Action	2026-09-26T09:31:51.6669568Z [pod/rustfs-1/rustfs] {"timestamp":"2026-09-26T09:31:50.978336532Z","level":"INFO","message":"exit","target":"rustfs::startup_entrypoint","filename":"rustfs/src/startup_entrypoint.rs","line_number":1721,"span":{"name":"run"},"spans":[],"threadName":"rustfs-worker","threadId":"ThreadId(21)"}
execute	Execute Action	2026-09-26T09:31:51.6673840Z [pod/rustfs-1/rustfs] {"timestamp":"2026-09-26T09:31:50.97858357Z","level":"INFO","message":"enter","target":"rustfs_ecstore::cluster::rpc::remote_disk","filename":"crates/ecstore/src/cluster/rpc/remote_disk.rs","line_number":967,"span":{"addr":"http://rustfs-2.rustfs-headless.rustfs.svc.cluster.local:9000","component":"ecstore","endpoint":"http://rustfs-2.rustfs-headless.rustfs.svc.cluster.local:9000/data","handle_id":"030cbc46-f48b-4aa2-9bb9-a8307aebbcab","kind":"remote_disk","subsystem":"remote_disk","name":"recovery-monitor"},"spans":[{"name":"run"},{"addr":"http://rustfs-2.rustfs-headless.rustfs.svc.cluster.local:9000","component":"ecstore","endpoint":"http://rustfs-2.rustfs-headless.rustfs.svc.cluster.local:9000/data","handle_id":"030cbc46-f48b-4aa2-9bb9-a8307aebbcab","kind":"remote_disk","subsystem":"remote_disk","name":"recovery-monitor"}],"threadName":"rustfs-worker","threadId":"ThreadId(27)"}
execute	Execute Action	2026-09-26T09:31:51.6679098Z [pod/rustfs-1/rustfs] {"timestamp":"2026-09-26T09:31:50.978654332Z","level":"INFO","message":"exit","target":"rustfs_ecstore::cluster::rpc::remote_disk","filename":"crates/ecstore/src/cluster/rpc/remote_disk.rs","line_number":967,"span":{"addr":"http://rustfs-2.rustfs-headless.rustfs.svc.cluster.local:9000","component":"ecstore","endpoint":"http://rustfs-2.rustfs-headless.rustfs.svc.cluster.local:9000/data","handle_id":"030cbc46-f48b-4aa2-9bb9-a8307aebbcab","kind":"remote_disk","subsystem":"remote_disk","name":"recovery-monitor"},"spans":[],"threadName":"rustfs-worker","threadId":"ThreadId(27)"}
execute	Execute Action	2026-09-26T09:31:51.6684340Z [pod/rustfs-1/rustfs] {"timestamp":"2026-09-26T09:31:50.978683819Z","level":"INFO","message":"enter","target":"rustfs_ecstore::cluster::rpc::remote_disk","filename":"crates/ecstore/src/cluster/rpc/remote_disk.rs","line_number":967,"span":{"addr":"http://rustfs-2.rustfs-headless.rustfs.svc.cluster.local:9000","component":"ecstore","endpoint":"http://rustfs-2.rustfs-headless.rustfs.svc.cluster.local:9000/data","handle_id":"030cbc46-f48b-4aa2-9bb9-a8307aebbcab","kind":"remote_disk","subsystem":"remote_disk","name":"recovery-monitor"},"spans":[{"name":"run"},{"addr":"http://rustfs-2.rustfs-headless.rustfs.svc.cluster.local:9000","component":"ecstore","endpoint":"http://rustfs-2.rustfs-headless.rustfs.svc.cluster.local:9000/data","handle_id":"030cbc46-f48b-4aa2-9bb9-a8307aebbcab","kind":"remote_disk","subsystem":"remote_disk","name":"recovery-monitor"}],"threadName":"rustfs-worker","threadId":"ThreadId(27)"}
execute	Execute Action	2026-09-26T09:31:51.6689456Z [pod/rustfs-1/rustfs] {"timestamp":"2026-09-26T09:31:50.978714911Z","level":"INFO","message":"exit","target":"rustfs_ecstore::cluster::rpc::remote_disk","filename":"crates/ecstore/src/cluster/rpc/remote_disk.rs","line_number":967,"span":{"addr":"http://rustfs-2.rustfs-headless.rustfs.svc.cluster.local:9000","component":"ecstore","endpoint":"http://rustfs-2.rustfs-headless.rustfs.svc.cluster.local:9000/data","handle_id":"030cbc46-f48b-4aa2-9bb9-a8307aebbcab","kind":"remote_disk","subsystem":"remote_disk","name":"recovery-monitor"},"spans":[],"threadName":"rustfs-worker","threadId":"ThreadId(27)"}
execute	Execute Action	2026-09-26T09:31:51.6695099Z [pod/rustfs-1/rustfs] {"timestamp":"2026-09-26T09:31:50.978749636Z","level":"INFO","message":"enter","target":"rustfs_ecstore::cluster::rpc::remote_disk","filename":"crates/ecstore/src/cluster/rpc/remote_disk.rs","line_number":967,"span":{"addr":"http://rustfs-2.rustfs-headless.rustfs.svc.cluster.local:9000","component":"ecstore","endpoint":"http://rustfs-2.rustfs-headless.rustfs.svc.cluster.local:9000/data","handle_id":"030cbc46-f48b-4aa2-9bb9-a8307aebbcab","kind":"remote_disk","subsystem":"remote_disk","name":"recovery-monitor"},"spans":[{"name":"run"},{"addr":"http://rustfs-2.rustfs-headless.rustfs.svc.cluster.local:9000","component":"ecstore","endpoint":"http://rustfs-2.rustfs-headless.rustfs.svc.cluster.local:9000/data","handle_id":"030cbc46-f48b-4aa2-9bb9-a8307aebbcab","kind":"remote_disk","subsystem":"remote_disk","name":"recovery-monitor"}],"threadName":"rustfs-worker","threadId":"ThreadId(27)"}
execute	Execute Action	2026-09-26T09:31:51.6700534Z [pod/rustfs-1/rustfs] {"timestamp":"2026-09-26T09:31:50.978779019Z","level":"INFO","message":"exit","target":"rustfs_ecstore::cluster::rpc::remote_disk","filename":"crates/ecstore/src/cluster/rpc/remote_disk.rs","line_number":967,"span":{"addr":"http://rustfs-2.rustfs-headless.rustfs.svc.cluster.local:9000","component":"ecstore","endpoint":"http://rustfs-2.rustfs-headless.rustfs.svc.cluster.local:9000/data","handle_id":"030cbc46-f48b-4aa2-9bb9-a8307aebbcab","kind":"remote_disk","subsystem":"remote_disk","name":"recovery-monitor"},"spans":[],"threadName":"rustfs-worker","threadId":"ThreadId(27)"}
execute	Execute Action	2026-09-26T09:31:51.6705771Z [pod/rustfs-1/rustfs] {"timestamp":"2026-09-26T09:31:50.9788694Z","level":"INFO","message":"enter","target":"rustfs_ecstore::cluster::rpc::remote_disk","filename":"crates/ecstore/src/cluster/rpc/remote_disk.rs","line_number":967,"span":{"addr":"http://rustfs-2.rustfs-headless.rustfs.svc.cluster.local:9000","component":"ecstore","endpoint":"http://rustfs-2.rustfs-headless.rustfs.svc.cluster.local:9000/data","handle_id":"030cbc46-f48b-4aa2-9bb9-a8307aebbcab","kind":"remote_disk","subsystem":"remote_disk","name":"recovery-monitor"},"spans":[{"name":"run"},{"addr":"http://rustfs-2.rustfs-headless.rustfs.svc.cluster.local:9000","component":"ecstore","endpoint":"http://rustfs-2.rustfs-headless.rustfs.svc.cluster.local:9000/data","handle_id":"030cbc46-f48b-4aa2-9bb9-a8307aebbcab","kind":"remote_disk","subsystem":"remote_disk","name":"recovery-monitor"}],"threadName":"rustfs-worker","threadId":"ThreadId(33)"}
execute	Execute Action	2026-09-26T09:31:51.6710938Z [pod/rustfs-1/rustfs] {"timestamp":"2026-09-26T09:31:50.978905178Z","level":"INFO","message":"remote release for .rustfs.sys/s3tables/catalog/table-buckets/01ca1703560cd9ff667fb2ad4a942bb1c5a79918f32e967e26c728db675ddc1b/warehouse-index/518423affcbd3a8bb3e289128fb4479d2026a08470229e21d25266814cdccf85.json@latest:b172c064-15d7-421e-8b63-c0367adf9eab","target":"rustfs_ecstore::cluster::rpc::remote_locker","filename":"crates/ecstore/src/cluster/rpc/remote_locker.rs","line_number":779,"threadName":"rustfs-worker","threadId":"ThreadId(26)"}
execute	Execute Action	2026-09-26T09:31:51.6714881Z [pod/rustfs-1/rustfs] {"timestamp":"2026-09-26T09:31:50.978906967Z","level":"INFO","message":"exit","target":"rustfs_ecstore::cluster::rpc::remote_disk","filename":"crates/ecstore/src/cluster/rpc/remote_disk.rs","line_number":967,"span":{"addr":"http://rustfs-2.rustfs-headless.rustfs.svc.cluster.local:9000","component":"ecstore","endpoint":"http://rustfs-2.rustfs-headless.rustfs.svc.cluster.local:9000/data","handle_id":"030cbc46-f48b-4aa2-9bb9-a8307aebbcab","kind":"remote_disk","subsystem":"remote_disk","name":"recovery-monitor"},"spans":[],"threadName":"rustfs-worker","threadId":"ThreadId(33)"}
execute	Execute Action	2026-09-26T09:31:51.6718473Z [pod/rustfs-1/rustfs] {"timestamp":"2026-09-26T09:31:50.97891283Z","level":"INFO","message":"remote acquire_exclusive for .rustfs.sys/s3tables/catalog/table-buckets/01ca1703560cd9ff667fb2ad4a942bb1c5a79918f32e967e26c728db675ddc1b/table-bucket.json@latest","target":"rustfs_ecstore::cluster::rpc::remote_locker","filename":"crates/ecstore/src/cluster/rpc/remote_locker.rs","line_number":682,"threadName":"rustfs-worker","threadId":"ThreadId(27)"}
execute	Execute Action	2026-09-26T09:31:51.6721645Z [pod/rustfs-1/rustfs] {"timestamp":"2026-09-26T09:31:50.978931009Z","level":"INFO","message":"remote acquire_exclusive for .rustfs.sys/s3tables/catalog/table-buckets/01ca1703560cd9ff667fb2ad4a942bb1c5a79918f32e967e26c728db675ddc1b/table-bucket.json@latest","target":"rustfs_ecstore::cluster::rpc::remote_locker","filename":"crates/ecstore/src/cluster/rpc/remote_locker.rs","line_number":682,"threadName":"rustfs-worker","threadId":"ThreadId(29)"}
execute	Execute Action	2026-09-26T09:31:51.6724364Z [pod/rustfs-1/rustfs] {"timestamp":"2026-09-26T09:31:50.979738221Z","level":"INFO","message":"enter","target":"rustfs::startup_entrypoint","filename":"rustfs/src/startup_entrypoint.rs","line_number":1721,"span":{"name":"run"},"spans":[{"name":"run"}],"threadName":"rustfs-worker","threadId":"ThreadId(20)"}
execute	Execute Action	2026-09-26T09:31:51.6728471Z [pod/rustfs-1/rustfs] {"timestamp":"2026-09-26T09:31:50.979737048Z","level":"INFO","message":"enter","target":"rustfs_ecstore::cluster::rpc::remote_disk","filename":"crates/ecstore/src/cluster/rpc/remote_disk.rs","line_number":967,"span":{"addr":"http://rustfs-3.rustfs-headless.rustfs.svc.cluster.local:9000","component":"ecstore","endpoint":"http://rustfs-3.rustfs-headless.rustfs.svc.cluster.local:9000/data","handle_id":"4b1feb5d-7a7c-42d6-8f45-ba01471707f5","kind":"remote_disk","subsystem":"remote_disk","name":"recovery-monitor"},"spans":[{"name":"run"},{"addr":"http://rustfs-3.rustfs-headless.rustfs.svc.cluster.local:9000","component":"ecstore","endpoint":"http://rustfs-3.rustfs-headless.rustfs.svc.cluster.local:9000/data","handle_id":"4b1feb5d-7a7c-42d6-8f45-ba01471707f5","kind":"remote_disk","subsystem":"remote_disk","name":"recovery-monitor"}],"threadName":"rustfs-worker","threadId":"ThreadId(27)"}
execute	Execute Action	2026-09-26T09:31:51.6732730Z [pod/rustfs-1/rustfs] {"timestamp":"2026-09-26T09:31:50.979763476Z","level":"INFO","message":"exit","target":"rustfs::startup_entrypoint","filename":"rustfs/src/startup_entrypoint.rs","line_number":1721,"span":{"name":"run"},"spans":[],"threadName":"rustfs-worker","threadId":"ThreadId(20)"}
execute	Execute Action	2026-09-26T09:31:51.6736763Z [pod/rustfs-1/rustfs] {"timestamp":"2026-09-26T09:31:50.979769853Z","level":"INFO","message":"enter","target":"rustfs_ecstore::cluster::rpc::remote_disk","filename":"crates/ecstore/src/cluster/rpc/remote_disk.rs","line_number":967,"span":{"addr":"http://rustfs-2.rustfs-headless.rustfs.svc.cluster.local:9000","component":"ecstore","endpoint":"http://rustfs-2.rustfs-headless.rustfs.svc.cluster.local:9000/data","handle_id":"030cbc46-f48b-4aa2-9bb9-a8307aebbcab","kind":"remote_disk","subsystem":"remote_disk","name":"recovery-monitor"},"spans":[{"name":"run"},{"addr":"http://rustfs-2.rustfs-headless.rustfs.svc.cluster.local:9000","component":"ecstore","endpoint":"http://rustfs-2.rustfs-headless.rustfs.svc.cluster.local:9000/data","handle_id":"030cbc46-f48b-4aa2-9bb9-a8307aebbcab","kind":"remote_disk","subsystem":"remote_disk","name":"recovery-monitor"}],"threadName":"rustfs-worker","threadId":"ThreadId(33)"}
execute	Execute Action	2026-09-26T09:31:51.6740936Z [pod/rustfs-1/rustfs] {"timestamp":"2026-09-26T09:31:50.979784937Z","level":"INFO","message":"enter","target":"rustfs::startup_entrypoint","filename":"rustfs/src/startup_entrypoint.rs","line_number":1721,"span":{"name":"run"},"spans":[{"name":"run"}],"threadName":"rustfs-worker","threadId":"ThreadId(31)"}
execute	Execute Action	2026-09-26T09:31:51.6743941Z [pod/rustfs-1/rustfs] {"timestamp":"2026-09-26T09:31:50.97977234Z","level":"INFO","message":"exit","target":"rustfs_ecstore::cluster::rpc::remote_disk","filename":"crates/ecstore/src/cluster/rpc/remote_disk.rs","line_number":967,"span":{"addr":"http://rustfs-3.rustfs-headless.rustfs.svc.cluster.local:9000","component":"ecstore","endpoint":"http://rustfs-3.rustfs-headless.rustfs.svc.cluster.local:9000/data","handle_id":"4b1feb5d-7a7c-42d6-8f45-ba01471707f5","kind":"remote_disk","subsystem":"remote_disk","name":"recovery-monitor"},"spans":[],"threadName":"rustfs-worker","threadId":"ThreadId(27)"}
execute	Execute Action	2026-09-26T09:31:51.6749065Z [pod/rustfs-1/rustfs] {"timestamp":"2026-09-26T09:31:50.979793447Z","level":"INFO","message":"enter","target":"rustfs_ecstore::cluster::rpc::remote_disk","filename":"crates/ecstore/src/cluster/rpc/remote_disk.rs","line_number":967,"span":{"addr":"http://rustfs-3.rustfs-headless.rustfs.svc.cluster.local:9000","component":"ecstore","endpoint":"http://rustfs-3.rustfs-headless.rustfs.svc.cluster.local:9000/data","handle_id":"4b1feb5d-7a7c-42d6-8f45-ba01471707f5","kind":"remote_disk","subsystem":"remote_disk","name":"recovery-monitor"},"spans":[{"name":"run"},{"addr":"http://rustfs-3.rustfs-headless.rustfs.svc.cluster.local:9000","component":"ecstore","endpoint":"http://rustfs-3.rustfs-headless.rustfs.svc.cluster.local:9000/data","handle_id":"4b1feb5d-7a7c-42d6-8f45-ba01471707f5","kind":"remote_disk","subsystem":"remote_disk","name":"recovery-monitor"}],"threadName":"rustfs-worker","threadId":"ThreadId(28)"}
execute	Execute Action	2026-09-26T09:31:51.6753330Z [pod/rustfs-1/rustfs] {"timestamp":"2026-09-26T09:31:50.979814266Z","level":"INFO","message":"exit","target":"rustfs::startup_entrypoint","filename":"rustfs/src/startup_entrypoint.rs","line_number":1721,"span":{"name":"run"},"spans":[],"threadName":"rustfs-worker","threadId":"ThreadId(31)"}
execute	Execute Action	2026-09-26T09:31:51.6756305Z [pod/rustfs-1/rustfs] {"timestamp":"2026-09-26T09:31:50.979813473Z","level":"INFO","message":"exit","target":"rustfs_ecstore::cluster::rpc::remote_disk","filename":"crates/ecstore/src/cluster/rpc/remote_disk.rs","line_number":967,"span":{"addr":"http://rustfs-2.rustfs-headless.rustfs.svc.cluster.local:9000","component":"ecstore","endpoint":"http://rustfs-2.rustfs-headless.rustfs.svc.cluster.local:9000/data","handle_id":"030cbc46-f48b-4aa2-9bb9-a8307aebbcab","kind":"remote_disk","subsystem":"remote_disk","name":"recovery-monitor"},"spans":[],"threadName":"rustfs-worker","threadId":"ThreadId(33)"}
execute	Execute Action	2026-09-26T09:31:51.6760117Z [pod/rustfs-1/rustfs] {"timestamp":"2026-09-26T09:31:50.979811797Z","level":"INFO","message":"remote release for .rustfs.sys/s3tables/catalog/table-buckets/01ca1703560cd9ff667fb2ad4a942bb1c5a79918f32e967e26c728db675ddc1b/table-bucket.json@latest:15d7502b-1c9c-4585-83ca-696042618dc7","target":"rustfs_ecstore::cluster::rpc::remote_locker","filename":"crates/ecstore/src/cluster/rpc/remote_locker.rs","line_number":779,"threadName":"rustfs-worker","threadId":"ThreadId(21)"}
execute	Execute Action	2026-09-26T09:31:51.6762850Z [pod/rustfs-1/rustfs] {"timestamp":"2026-09-26T09:31:50.979830041Z","level":"INFO","message":"enter","target":"rustfs::startup_entrypoint","filename":"rustfs/src/startup_entrypoint.rs","line_number":1721,"span":{"name":"run"},"spans":[{"name":"run"}],"threadName":"rustfs-worker","threadId":"ThreadId(31)"}
execute	Execute Action	2026-09-26T09:31:51.6764802Z [pod/rustfs-1/rustfs] {"timestamp":"2026-09-26T09:31:50.979831777Z","level":"INFO","message":"enter","target":"rustfs::startup_entrypoint","filename":"rustfs/src/startup_entrypoint.rs","line_number":1721,"span":{"name":"run"},"spans":[{"name":"run"}],"threadName":"rustfs-worker","threadId":"ThreadId(29)"}
execute	Execute Action	2026-09-26T09:31:51.6767810Z [pod/rustfs-1/rustfs] {"timestamp":"2026-09-26T09:31:50.979840753Z","level":"INFO","message":"exit","target":"rustfs_ecstore::cluster::rpc::remote_disk","filename":"crates/ecstore/src/cluster/rpc/remote_disk.rs","line_number":967,"span":{"addr":"http://rustfs-3.rustfs-headless.rustfs.svc.cluster.local:9000","component":"ecstore","endpoint":"http://rustfs-3.rustfs-headless.rustfs.svc.cluster.local:9000/data","handle_id":"4b1feb5d-7a7c-42d6-8f45-ba01471707f5","kind":"remote_disk","subsystem":"remote_disk","name":"recovery-monitor"},"spans":[],"threadName":"rustfs-worker","threadId":"ThreadId(28)"}
execute	Execute Action	2026-09-26T09:31:51.6770911Z [pod/rustfs-1/rustfs] {"timestamp":"2026-09-26T09:31:50.979848717Z","level":"INFO","message":"exit","target":"rustfs::startup_entrypoint","filename":"rustfs/src/startup_entrypoint.rs","line_number":1721,"span":{"name":"run"},"spans":[],"threadName":"rustfs-worker","threadId":"ThreadId(31)"}
execute	Execute Action	2026-09-26T09:31:51.6772820Z [pod/rustfs-1/rustfs] {"timestamp":"2026-09-26T09:31:50.979855389Z","level":"INFO","message":"enter","target":"rustfs::startup_entrypoint","filename":"rustfs/src/startup_entrypoint.rs","line_number":1721,"span":{"name":"run"},"spans":[{"name":"run"}],"threadName":"rustfs-worker","threadId":"ThreadId(24)"}
execute	Execute Action	2026-09-26T09:31:51.6776924Z [pod/rustfs-1/rustfs] {"timestamp":"2026-09-26T09:31:50.979848488Z","level":"INFO","message":"enter","target":"rustfs_ecstore::cluster::rpc::remote_disk","filename":"crates/ecstore/src/cluster/rpc/remote_disk.rs","line_number":967,"span":{"addr":"http://rustfs-2.rustfs-headless.rustfs.svc.cluster.local:9000","component":"ecstore","endpoint":"http://rustfs-2.rustfs-headless.rustfs.svc.cluster.local:9000/data","handle_id":"030cbc46-f48b-4aa2-9bb9-a8307aebbcab","kind":"remote_disk","subsystem":"remote_disk","name":"recovery-monitor"},"spans":[{"name":"run"},{"addr":"http://rustfs-2.rustfs-headless.rustfs.svc.cluster.local:9000","component":"ecstore","endpoint":"http://rustfs-2.rustfs-headless.rustfs.svc.cluster.local:9000/data","handle_id":"030cbc46-f48b-4aa2-9bb9-a8307aebbcab","kind":"remote_disk","subsystem":"remote_disk","name":"recovery-monitor"}],"threadName":"rustfs-worker","threadId":"ThreadId(33)"}
execute	Execute Action	2026-09-26T09:31:51.6781209Z [pod/rustfs-1/rustfs] {"timestamp":"2026-09-26T09:31:50.979874833Z","level":"INFO","message":"exit","target":"rustfs::startup_entrypoint","filename":"rustfs/src/startup_entrypoint.rs","line_number":1721,"span":{"name":"run"},"spans":[],"threadName":"rustfs-worker","threadId":"ThreadId(24)"}
execute	Execute Action	2026-09-26T09:31:51.6785358Z [pod/rustfs-1/rustfs] {"timestamp":"2026-09-26T09:31:50.979874291Z","level":"INFO","message":"enter","target":"rustfs_ecstore::cluster::rpc::remote_disk","filename":"crates/ecstore/src/cluster/rpc/remote_disk.rs","line_number":967,"span":{"addr":"http://rustfs-3.rustfs-headless.rustfs.svc.cluster.local:9000","component":"ecstore","endpoint":"http://rustfs-3.rustfs-headless.rustfs.svc.cluster.local:9000/data","handle_id":"4b1feb5d-7a7c-42d6-8f45-ba01471707f5","kind":"remote_disk","subsystem":"remote_disk","name":"recovery-monitor"},"spans":[{"name":"run"},{"addr":"http://rustfs-3.rustfs-headless.rustfs.svc.cluster.local:9000","component":"ecstore","endpoint":"http://rustfs-3.rustfs-headless.rustfs.svc.cluster.local:9000/data","handle_id":"4b1feb5d-7a7c-42d6-8f45-ba01471707f5","kind":"remote_disk","subsystem":"remote_disk","name":"recovery-monitor"}],"threadName":"rustfs-worker","threadId":"ThreadId(27)"}
execute	Execute Action	2026-09-26T09:31:51.6789423Z [pod/rustfs-1/rustfs] {"timestamp":"2026-09-26T09:31:50.979890441Z","level":"INFO","message":"enter","target":"rustfs::startup_entrypoint","filename":"rustfs/src/startup_entrypoint.rs","line_number":1721,"span":{"name":"run"},"spans":[{"name":"run"}],"threadName":"rustfs-worker","threadId":"ThreadId(24)"}
execute	Execute Action	2026-09-26T09:31:51.6791456Z [pod/rustfs-1/rustfs] {"timestamp":"2026-09-26T09:31:50.979891656Z","level":"INFO","message":"exit","target":"rustfs::startup_entrypoint","filename":"rustfs/src/startup_entrypoint.rs","line_number":1721,"span":{"name":"run"},"spans":[],"threadName":"rustfs-worker","threadId":"ThreadId(29)"}
execute	Execute Action	2026-09-26T09:31:51.6795496Z [pod/rustfs-1/rustfs] {"timestamp":"2026-09-26T09:31:50.979886988Z","level":"INFO","message":"enter","target":"rustfs_ecstore::cluster::rpc::remote_disk","filename":"crates/ecstore/src/cluster/rpc/remote_disk.rs","line_number":967,"span":{"addr":"http://rustfs-3.rustfs-headless.rustfs.svc.cluster.local:9000","component":"ecstore","endpoint":"http://rustfs-3.rustfs-headless.rustfs.svc.cluster.local:9000/data","handle_id":"4b1feb5d-7a7c-42d6-8f45-ba01471707f5","kind":"remote_disk","subsystem":"remote_disk","name":"recovery-monitor"},"spans":[{"name":"run"},{"addr":"http://rustfs-3.rustfs-headless.rustfs.svc.cluster.local:9000","component":"ecstore","endpoint":"http://rustfs-3.rustfs-headless.rustfs.svc.cluster.local:9000/data","handle_id":"4b1feb5d-7a7c-42d6-8f45-ba01471707f5","kind":"remote_disk","subsystem":"remote_disk","name":"recovery-monitor"}],"threadName":"rustfs-worker","threadId":"ThreadId(28)"}
execute	Execute Action	2026-09-26T09:31:51.6800714Z [pod/rustfs-1/rustfs] {"timestamp":"2026-09-26T09:31:50.979893534Z","level":"INFO","message":"exit","target":"rustfs_ecstore::cluster::rpc::remote_disk","filename":"crates/ecstore/src/cluster/rpc/remote_disk.rs","line_number":967,"span":{"addr":"http://rustfs-2.rustfs-headless.rustfs.svc.cluster.local:9000","component":"ecstore","endpoint":"http://rustfs-2.rustfs-headless.rustfs.svc.cluster.local:9000/data","handle_id":"030cbc46-f48b-4aa2-9bb9-a8307aebbcab","kind":"remote_disk","subsystem":"remote_disk","name":"recovery-monitor"},"spans":[],"threadName":"rustfs-worker","threadId":"ThreadId(33)"}
execute	Execute Action	2026-09-26T09:31:51.6803813Z [pod/rustfs-1/rustfs] {"timestamp":"2026-09-26T09:31:50.979905252Z","level":"INFO","message":"exit","target":"rustfs::startup_entrypoint","filename":"rustfs/src/startup_entrypoint.rs","line_number":1721,"span":{"name":"run"},"spans":[],"threadName":"rustfs-worker","threadId":"ThreadId(24)"}
execute	Execute Action	2026-09-26T09:31:51.6805714Z [pod/rustfs-1/rustfs] {"timestamp":"2026-09-26T09:31:50.979912362Z","level":"INFO","message":"enter","target":"rustfs::startup_entrypoint","filename":"rustfs/src/startup_entrypoint.rs","line_number":1721,"span":{"name":"run"},"spans":[{"name":"run"}],"threadName":"rustfs-worker","threadId":"ThreadId(29)"}
execute	Execute Action	2026-09-26T09:31:51.6809779Z [pod/rustfs-1/rustfs] {"timestamp":"2026-09-26T09:31:50.979900371Z","level":"INFO","message":"enter","target":"rustfs_ecstore::cluster::rpc::remote_disk","filename":"crates/ecstore/src/cluster/rpc/remote_disk.rs","line_number":967,"span":{"addr":"http://rustfs-3.rustfs-headless.rustfs.svc.cluster.local:9000","component":"ecstore","endpoint":"http://rustfs-3.rustfs-headless.rustfs.svc.cluster.local:9000/data","handle_id":"4b1feb5d-7a7c-42d6-8f45-ba01471707f5","kind":"remote_disk","subsystem":"remote_disk","name":"recovery-monitor"},"spans":[{"name":"run"},{"addr":"http://rustfs-3.rustfs-headless.rustfs.svc.cluster.local:9000","component":"ecstore","endpoint":"http://rustfs-3.rustfs-headless.rustfs.svc.cluster.local:9000/data","handle_id":"4b1feb5d-7a7c-42d6-8f45-ba01471707f5","kind":"remote_disk","subsystem":"remote_disk","name":"recovery-monitor"}],"threadName":"rustfs-worker","threadId":"ThreadId(31)"}
execute	Execute Action	2026-09-26T09:31:51.6815191Z [pod/rustfs-1/rustfs] {"timestamp":"2026-09-26T09:31:50.979921783Z","level":"INFO","message":"exit","target":"rustfs_ecstore::cluster::rpc::remote_disk","filename":"crates/ecstore/src/cluster/rpc/remote_disk.rs","line_number":967,"span":{"addr":"http://rustfs-3.rustfs-headless.rustfs.svc.cluster.local:9000","component":"ecstore","endpoint":"http://rustfs-3.rustfs-headless.rustfs.svc.cluster.local:9000/data","handle_id":"4b1feb5d-7a7c-42d6-8f45-ba01471707f5","kind":"remote_disk","subsystem":"remote_disk","name":"recovery-monitor"},"spans":[],"threadName":"rustfs-worker","threadId":"ThreadId(28)"}
execute	Execute Action	2026-09-26T09:31:51.6820419Z [pod/rustfs-1/rustfs] {"timestamp":"2026-09-26T09:31:50.979930104Z","level":"INFO","message":"enter","target":"rustfs_ecstore::cluster::rpc::remote_disk","filename":"crates/ecstore/src/cluster/rpc/remote_disk.rs","line_number":967,"span":{"addr":"http://rustfs-2.rustfs-headless.rustfs.svc.cluster.local:9000","component":"ecstore","endpoint":"http://rustfs-2.rustfs-headless.rustfs.svc.cluster.local:9000/data","handle_id":"030cbc46-f48b-4aa2-9bb9-a8307aebbcab","kind":"remote_disk","subsystem":"remote_disk","name":"recovery-monitor"},"spans":[{"name":"run"},{"addr":"http://rustfs-2.rustfs-headless.rustfs.svc.cluster.local:9000","component":"ecstore","endpoint":"http://rustfs-2.rustfs-headless.rustfs.svc.cluster.local:9000/data","handle_id":"030cbc46-f48b-4aa2-9bb9-a8307aebbcab","kind":"remote_disk","subsystem":"remote_disk","name":"recovery-monitor"}],"threadName":"rustfs-worker","threadId":"ThreadId(33)"}
execute	Execute Action	2026-09-26T09:31:51.6825542Z [pod/rustfs-1/rustfs] {"timestamp":"2026-09-26T09:31:50.979943821Z","level":"INFO","message":"exit","target":"rustfs_ecstore::cluster::rpc::remote_disk","filename":"crates/ecstore/src/cluster/rpc/remote_disk.rs","line_number":967,"span":{"addr":"http://rustfs-3.rustfs-headless.rustfs.svc.cluster.local:9000","component":"ecstore","endpoint":"http://rustfs-3.rustfs-headless.rustfs.svc.cluster.local:9000/data","handle_id":"4b1feb5d-7a7c-42d6-8f45-ba01471707f5","kind":"remote_disk","subsystem":"remote_disk","name":"recovery-monitor"},"spans":[],"threadName":"rustfs-worker","threadId":"ThreadId(27)"}
execute	Execute Action	2026-09-26T09:31:51.6828522Z [pod/rustfs-1/rustfs] {"timestamp":"2026-09-26T09:31:50.979947449Z","level":"INFO","message":"exit","target":"rustfs::startup_entrypoint","filename":"rustfs/src/startup_entrypoint.rs","line_number":1721,"span":{"name":"run"},"spans":[],"threadName":"rustfs-worker","threadId":"ThreadId(29)"}
execute	Execute Action	2026-09-26T09:31:51.6831748Z [pod/rustfs-1/rustfs] {"timestamp":"2026-09-26T09:31:50.979958764Z","level":"INFO","message":"exit","target":"rustfs_ecstore::cluster::rpc::remote_disk","filename":"crates/ecstore/src/cluster/rpc/remote_disk.rs","line_number":967,"span":{"addr":"http://rustfs-3.rustfs-headless.rustfs.svc.cluster.local:9000","component":"ecstore","endpoint":"http://rustfs-3.rustfs-headless.rustfs.svc.cluster.local:9000/data","handle_id":"4b1feb5d-7a7c-42d6-8f45-ba01471707f5","kind":"remote_disk","subsystem":"remote_disk","name":"recovery-monitor"},"spans":[],"threadName":"rustfs-worker","threadId":"ThreadId(31)"}
execute	Execute Action	2026-09-26T09:31:51.6835914Z [pod/rustfs-1/rustfs] {"timestamp":"2026-09-26T09:31:50.979965095Z","level":"INFO","message":"exit","target":"rustfs_ecstore::cluster::rpc::remote_disk","filename":"crates/ecstore/src/cluster/rpc/remote_disk.rs","line_number":967,"span":{"addr":"http://rustfs-2.rustfs-headless.rustfs.svc.cluster.local:9000","component":"ecstore","endpoint":"http://rustfs-2.rustfs-headless.rustfs.svc.cluster.local:9000/data","handle_id":"030cbc46-f48b-4aa2-9bb9-a8307aebbcab","kind":"remote_disk","subsystem":"remote_disk","name":"recovery-monitor"},"spans":[],"threadName":"rustfs-worker","threadId":"ThreadId(33)"}
execute	Execute Action	2026-09-26T09:31:51.6841168Z [pod/rustfs-1/rustfs] {"timestamp":"2026-09-26T09:31:50.979961478Z","level":"INFO","message":"enter","target":"rustfs_ecstore::cluster::rpc::remote_disk","filename":"crates/ecstore/src/cluster/rpc/remote_disk.rs","line_number":967,"span":{"addr":"http://rustfs-2.rustfs-headless.rustfs.svc.cluster.local:9000","component":"ecstore","endpoint":"http://rustfs-2.rustfs-headless.rustfs.svc.cluster.local:9000/data","handle_id":"030cbc46-f48b-4aa2-9bb9-a8307aebbcab","kind":"remote_disk","subsystem":"remote_disk","name":"recovery-monitor"},"spans":[{"name":"run"},{"addr":"http://rustfs-2.rustfs-headless.rustfs.svc.cluster.local:9000","component":"ecstore","endpoint":"http://rustfs-2.rustfs-headless.rustfs.svc.cluster.local:9000/data","handle_id":"030cbc46-f48b-4aa2-9bb9-a8307aebbcab","kind":"remote_disk","subsystem":"remote_disk","name":"recovery-monitor"}],"threadName":"rustfs-worker","threadId":"ThreadId(28)"}
execute	Execute Action	2026-09-26T09:31:51.6845233Z [pod/rustfs-1/rustfs] {"timestamp":"2026-09-26T09:31:50.979970251Z","level":"INFO","message":"enter","target":"rustfs::startup_entrypoint","filename":"rustfs/src/startup_entrypoint.rs","line_number":1721,"span":{"name":"run"},"spans":[{"name":"run"}],"threadName":"rustfs-worker","threadId":"ThreadId(29)"}
execute	Execute Action	2026-09-26T09:31:51.6849325Z [pod/rustfs-1/rustfs] {"timestamp":"2026-09-26T09:31:50.979976682Z","level":"INFO","message":"enter","target":"rustfs_ecstore::cluster::rpc::remote_disk","filename":"crates/ecstore/src/cluster/rpc/remote_disk.rs","line_number":967,"span":{"addr":"http://rustfs-3.rustfs-headless.rustfs.svc.cluster.local:9000","component":"ecstore","endpoint":"http://rustfs-3.rustfs-headless.rustfs.svc.cluster.local:9000/data","handle_id":"4b1feb5d-7a7c-42d6-8f45-ba01471707f5","kind":"remote_disk","subsystem":"remote_disk","name":"recovery-monitor"},"spans":[{"name":"run"},{"addr":"http://rustfs-3.rustfs-headless.rustfs.svc.cluster.local:9000","component":"ecstore","endpoint":"http://rustfs-3.rustfs-headless.rustfs.svc.cluster.local:9000/data","handle_id":"4b1feb5d-7a7c-42d6-8f45-ba01471707f5","kind":"remote_disk","subsystem":"remote_disk","name":"recovery-monitor"}],"threadName":"rustfs-worker","threadId":"ThreadId(27)"}
execute	Execute Action	2026-09-26T09:31:51.6855807Z [pod/rustfs-1/rustfs] {"timestamp":"2026-09-26T09:31:50.979995946Z","level":"INFO","message":"enter","target":"rustfs_ecstore::cluster::rpc::remote_disk","filename":"crates/ecstore/src/cluster/rpc/remote_disk.rs","line_number":967,"span":{"addr":"http://rustfs-2.rustfs-headless.rustfs.svc.cluster.local:9000","component":"ecstore","endpoint":"http://rustfs-2.rustfs-headless.rustfs.svc.cluster.local:9000/data","handle_id":"030cbc46-f48b-4aa2-9bb9-a8307aebbcab","kind":"remote_disk","subsystem":"remote_disk","name":"recovery-monitor"},"spans":[{"name":"run"},{"addr":"http://rustfs-2.rustfs-headless.rustfs.svc.cluster.local:9000","component":"ecstore","endpoint":"http://rustfs-2.rustfs-headless.rustfs.svc.cluster.local:9000/data","handle_id":"030cbc46-f48b-4aa2-9bb9-a8307aebbcab","kind":"remote_disk","subsystem":"remote_disk","name":"recovery-monitor"}],"threadName":"rustfs-worker","threadId":"ThreadId(33)"}
execute	Execute Action	2026-09-26T09:31:51.6861209Z [pod/rustfs-1/rustfs] {"timestamp":"2026-09-26T09:31:50.980013312Z","level":"INFO","message":"exit","target":"rustfs_ecstore::cluster::rpc::remote_disk","filename":"crates/ecstore/src/cluster/rpc/remote_disk.rs","line_number":967,"span":{"addr":"http://rustfs-3.rustfs-headless.rustfs.svc.cluster.local:9000","component":"ecstore","endpoint":"http://rustfs-3.rustfs-headless.rustfs.svc.cluster.local:9000/data","handle_id":"4b1feb5d-7a7c-42d6-8f45-ba01471707f5","kind":"remote_disk","subsystem":"remote_disk","name":"recovery-monitor"},"spans":[],"threadName":"rustfs-worker","threadId":"ThreadId(27)"}
execute	Execute Action	2026-09-26T09:31:51.6866438Z [pod/rustfs-1/rustfs] {"timestamp":"2026-09-26T09:31:50.979999021Z","level":"INFO","message":"enter","target":"rustfs_ecstore::cluster::rpc::remote_disk","filename":"crates/ecstore/src/cluster/rpc/remote_disk.rs","line_number":967,"span":{"addr":"http://rustfs-3.rustfs-headless.rustfs.svc.cluster.local:9000","component":"ecstore","endpoint":"http://rustfs-3.rustfs-headless.rustfs.svc.cluster.local:9000/data","handle_id":"4b1feb5d-7a7c-42d6-8f45-ba01471707f5","kind":"remote_disk","subsystem":"remote_disk","name":"recovery-monitor"},"spans":[{"name":"run"},{"addr":"http://rustfs-3.rustfs-headless.rustfs.svc.cluster.local:9000","component":"ecstore","endpoint":"http://rustfs-3.rustfs-headless.rustfs.svc.cluster.local:9000/data","handle_id":"4b1feb5d-7a7c-42d6-8f45-ba01471707f5","kind":"remote_disk","subsystem":"remote_disk","name":"recovery-monitor"}],"threadName":"rustfs-worker","threadId":"ThreadId(31)"}
execute	Execute Action	2026-09-26T09:31:51.6870603Z [pod/rustfs-1/rustfs] {"timestamp":"2026-09-26T09:31:50.980024161Z","level":"INFO","message":"exit","target":"rustfs::startup_entrypoint","filename":"rustfs/src/startup_entrypoint.rs","line_number":1721,"span":{"name":"run"},"spans":[],"threadName":"rustfs-worker","threadId":"ThreadId(29)"}
execute	Execute Action	2026-09-26T09:31:51.6873571Z [pod/rustfs-1/rustfs] {"timestamp":"2026-09-26T09:31:50.980031831Z","level":"INFO","message":"exit","target":"rustfs_ecstore::cluster::rpc::remote_disk","filename":"crates/ecstore/src/cluster/rpc/remote_disk.rs","line_number":967,"span":{"addr":"http://rustfs-2.rustfs-headless.rustfs.svc.cluster.local:9000","component":"ecstore","endpoint":"http://rustfs-2.rustfs-headless.rustfs.svc.cluster.local:9000/data","handle_id":"030cbc46-f48b-4aa2-9bb9-a8307aebbcab","kind":"remote_disk","subsystem":"remote_disk","name":"recovery-monitor"},"spans":[],"threadName":"rustfs-worker","threadId":"ThreadId(33)"}
execute	Execute Action	2026-09-26T09:31:51.6877636Z [pod/rustfs-1/rustfs] {"timestamp":"2026-09-26T09:31:50.980042751Z","level":"INFO","message":"exit","target":"rustfs_ecstore::cluster::rpc::remote_disk","filename":"crates/ecstore/src/cluster/rpc/remote_disk.rs","line_number":967,"span":{"addr":"http://rustfs-3.rustfs-headless.rustfs.svc.cluster.local:9000","component":"ecstore","endpoint":"http://rustfs-3.rustfs-headless.rustfs.svc.cluster.local:9000/data","handle_id":"4b1feb5d-7a7c-42d6-8f45-ba01471707f5","kind":"remote_disk","subsystem":"remote_disk","name":"recovery-monitor"},"spans":[],"threadName":"rustfs-worker","threadId":"ThreadId(31)"}
execute	Execute Action	2026-09-26T09:31:51.6882859Z [pod/rustfs-1/rustfs] {"timestamp":"2026-09-26T09:31:50.98004537Z","level":"INFO","message":"enter","target":"rustfs_ecstore::cluster::rpc::remote_disk","filename":"crates/ecstore/src/cluster/rpc/remote_disk.rs","line_number":967,"span":{"addr":"http://rustfs-3.rustfs-headless.rustfs.svc.cluster.local:9000","component":"ecstore","endpoint":"http://rustfs-3.rustfs-headless.rustfs.svc.cluster.local:9000/data","handle_id":"4b1feb5d-7a7c-42d6-8f45-ba01471707f5","kind":"remote_disk","subsystem":"remote_disk","name":"recovery-monitor"},"spans":[{"name":"run"},{"addr":"http://rustfs-3.rustfs-headless.rustfs.svc.cluster.local:9000","component":"ecstore","endpoint":"http://rustfs-3.rustfs-headless.rustfs.svc.cluster.local:9000/data","handle_id":"4b1feb5d-7a7c-42d6-8f45-ba01471707f5","kind":"remote_disk","subsystem":"remote_disk","name":"recovery-monitor"}],"threadName":"rustfs-worker","threadId":"ThreadId(24)"}
execute	Execute Action	2026-09-26T09:31:51.6888109Z [pod/rustfs-1/rustfs] {"timestamp":"2026-09-26T09:31:50.980065864Z","level":"INFO","message":"exit","target":"rustfs_ecstore::cluster::rpc::remote_disk","filename":"crates/ecstore/src/cluster/rpc/remote_disk.rs","line_number":967,"span":{"addr":"http://rustfs-2.rustfs-headless.rustfs.svc.cluster.local:9000","component":"ecstore","endpoint":"http://rustfs-2.rustfs-headless.rustfs.svc.cluster.local:9000/data","handle_id":"030cbc46-f48b-4aa2-9bb9-a8307aebbcab","kind":"remote_disk","subsystem":"remote_disk","name":"recovery-monitor"},"spans":[],"threadName":"rustfs-worker","threadId":"ThreadId(28)"}
execute	Execute Action	2026-09-26T09:31:51.6893460Z [pod/rustfs-1/rustfs] {"timestamp":"2026-09-26T09:31:50.980062523Z","level":"INFO","message":"enter","target":"rustfs_ecstore::cluster::rpc::remote_disk","filename":"crates/ecstore/src/cluster/rpc/remote_disk.rs","line_number":967,"span":{"addr":"http://rustfs-2.rustfs-headless.rustfs.svc.cluster.local:9000","component":"ecstore","endpoint":"http://rustfs-2.rustfs-headless.rustfs.svc.cluster.local:9000/data","handle_id":"030cbc46-f48b-4aa2-9bb9-a8307aebbcab","kind":"remote_disk","subsystem":"remote_disk","name":"recovery-monitor"},"spans":[{"name":"run"},{"addr":"http://rustfs-2.rustfs-headless.rustfs.svc.cluster.local:9000","component":"ecstore","endpoint":"http://rustfs-2.rustfs-headless.rustfs.svc.cluster.local:9000/data","handle_id":"030cbc46-f48b-4aa2-9bb9-a8307aebbcab","kind":"remote_disk","subsystem":"remote_disk","name":"recovery-monitor"}],"threadName":"rustfs-worker","threadId":"ThreadId(33)"}
execute	Execute Action	2026-09-26T09:31:51.6898604Z [pod/rustfs-1/rustfs] {"timestamp":"2026-09-26T09:31:50.980091444Z","level":"INFO","message":"exit","target":"rustfs_ecstore::cluster::rpc::remote_disk","filename":"crates/ecstore/src/cluster/rpc/remote_disk.rs","line_number":967,"span":{"addr":"http://rustfs-2.rustfs-headless.rustfs.svc.cluster.local:9000","component":"ecstore","endpoint":"http://rustfs-2.rustfs-headless.rustfs.svc.cluster.local:9000/data","handle_id":"030cbc46-f48b-4aa2-9bb9-a8307aebbcab","kind":"remote_disk","subsystem":"remote_disk","name":"recovery-monitor"},"spans":[],"threadName":"rustfs-worker","threadId":"ThreadId(33)"}
execute	Execute Action	2026-09-26T09:31:51.6903815Z [pod/rustfs-1/rustfs] {"timestamp":"2026-09-26T09:31:50.980094432Z","level":"INFO","message":"enter","target":"rustfs_ecstore::cluster::rpc::remote_disk","filename":"crates/ecstore/src/cluster/rpc/remote_disk.rs","line_number":967,"span":{"addr":"http://rustfs-2.rustfs-headless.rustfs.svc.cluster.local:9000","component":"ecstore","endpoint":"http://rustfs-2.rustfs-headless.rustfs.svc.cluster.local:9000/data","handle_id":"030cbc46-f48b-4aa2-9bb9-a8307aebbcab","kind":"remote_disk","subsystem":"remote_disk","name":"recovery-monitor"},"spans":[{"name":"run"},{"addr":"http://rustfs-2.rustfs-headless.rustfs.svc.cluster.local:9000","component":"ecstore","endpoint":"http://rustfs-2.rustfs-headless.rustfs.svc.cluster.local:9000/data","handle_id":"030cbc46-f48b-4aa2-9bb9-a8307aebbcab","kind":"remote_disk","subsystem":"remote_disk","name":"recovery-monitor"}],"threadName":"rustfs-worker","threadId":"ThreadId(28)"}
execute	Execute Action	2026-09-26T09:31:51.6908917Z [pod/rustfs-1/rustfs] {"timestamp":"2026-09-26T09:31:50.980116266Z","level":"INFO","message":"exit","target":"rustfs_ecstore::cluster::rpc::remote_disk","filename":"crates/ecstore/src/cluster/rpc/remote_disk.rs","line_number":967,"span":{"addr":"http://rustfs-3.rustfs-headless.rustfs.svc.cluster.local:9000","component":"ecstore","endpoint":"http://rustfs-3.rustfs-headless.rustfs.svc.cluster.local:9000/data","handle_id":"4b1feb5d-7a7c-42d6-8f45-ba01471707f5","kind":"remote_disk","subsystem":"remote_disk","name":"recovery-monitor"},"spans":[],"threadName":"rustfs-worker","threadId":"ThreadId(24)"}
execute	Execute Action	2026-09-26T09:31:51.6913197Z [pod/rustfs-1/rustfs] {"timestamp":"2026-09-26T09:31:50.980122851Z","level":"INFO","message":"exit","target":"rustfs_ecstore::cluster::rpc::remote_disk","filename":"crates/ecstore/src/cluster/rpc/remote_disk.rs","line_number":967,"span":{"addr":"http://rustfs-2.rustfs-headless.rustfs.svc.cluster.local:9000","component":"ecstore","endpoint":"http://rustfs-2.rustfs-headless.rustfs.svc.cluster.local:9000/data","handle_id":"030cbc46-f48b-4aa2-9bb9-a8307aebbcab","kind":"remote_disk","subsystem":"remote_disk","name":"recovery-monitor"},"spans":[],"threadName":"rustfs-worker","threadId":"ThreadId(28)"}
execute	Execute Action	2026-09-26T09:31:51.6918488Z [pod/rustfs-1/rustfs] {"timestamp":"2026-09-26T09:31:50.98020365Z","level":"INFO","message":"enter","target":"rustfs_ecstore::cluster::rpc::remote_disk","filename":"crates/ecstore/src/cluster/rpc/remote_disk.rs","line_number":967,"span":{"addr":"http://rustfs-2.rustfs-headless.rustfs.svc.cluster.local:9000","component":"ecstore","endpoint":"http://rustfs-2.rustfs-headless.rustfs.svc.cluster.local:9000/data","handle_id":"030cbc46-f48b-4aa2-9bb9-a8307aebbcab","kind":"remote_disk","subsystem":"remote_disk","name":"recovery-monitor"},"spans":[{"name":"run"},{"addr":"http://rustfs-2.rustfs-headless.rustfs.svc.cluster.local:9000","component":"ecstore","endpoint":"http://rustfs-2.rustfs-headless.rustfs.svc.cluster.local:9000/data","handle_id":"030cbc46-f48b-4aa2-9bb9-a8307aebbcab","kind":"remote_disk","subsystem":"remote_disk","name":"recovery-monitor"}],"threadName":"rustfs-worker","threadId":"ThreadId(27)"}
execute	Execute Action	2026-09-26T09:31:51.6924769Z [pod/rustfs-1/rustfs] {"timestamp":"2026-09-26T09:31:50.980427985Z","level":"INFO","message":"enter","target":"rustfs_ecstore::cluster::rpc::remote_disk","filename":"crates/ecstore/src/cluster/rpc/remote_disk.rs","line_number":967,"span":{"addr":"http://rustfs-3.rustfs-headless.rustfs.svc.cluster.local:9000","component":"ecstore","endpoint":"http://rustfs-3.rustfs-headless.rustfs.svc.cluster.local:9000/data","handle_id":"4b1feb5d-7a7c-42d6-8f45-ba01471707f5","kind":"remote_disk","subsystem":"remote_disk","name":"recovery-monitor"},"spans":[{"name":"run"},{"addr":"http://rustfs-3.rustfs-headless.rustfs.svc.cluster.local:9000","component":"ecstore","endpoint":"http://rustfs-3.rustfs-headless.rustfs.svc.cluster.local:9000/data","handle_id":"4b1feb5d-7a7c-42d6-8f45-ba01471707f5","kind":"remote_disk","subsystem":"remote_disk","name":"recovery-monitor"}],"threadName":"rustfs-worker","threadId":"ThreadId(26)"}
execute	Execute Action	2026-09-26T09:31:51.6929878Z [pod/rustfs-1/rustfs] {"timestamp":"2026-09-26T09:31:50.980496317Z","level":"INFO","message":"exit","target":"rustfs_ecstore::cluster::rpc::remote_disk","filename":"crates/ecstore/src/cluster/rpc/remote_disk.rs","line_number":967,"span":{"addr":"http://rustfs-3.rustfs-headless.rustfs.svc.cluster.local:9000","component":"ecstore","endpoint":"http://rustfs-3.rustfs-headless.rustfs.svc.cluster.local:9000/data","handle_id":"4b1feb5d-7a7c-42d6-8f45-ba01471707f5","kind":"remote_disk","subsystem":"remote_disk","name":"recovery-monitor"},"spans":[],"threadName":"rustfs-worker","threadId":"ThreadId(26)"}
execute	Execute Action	2026-09-26T09:31:51.6934531Z [pod/rustfs-1/rustfs] {"timestamp":"2026-09-26T09:31:50.980449919Z","level":"INFO","message":"exit","target":"rustfs_ecstore::cluster::rpc::remote_disk","filename":"crates/ecstore/src/cluster/rpc/remote_disk.rs","line_number":967,"span":{"addr":"http://rustfs-2.rustfs-headless.rustfs.svc.cluster.local:9000","component":"ecstore","endpoint":"http://rustfs-2.rustfs-headless.rustfs.svc.cluster.local:9000/data","handle_id":"030cbc46-f48b-4aa2-9bb9-a8307aebbcab","kind":"remote_disk","subsystem":"remote_disk","name":"recovery-monitor"},"spans":[],"threadName":"rustfs-worker","threadId":"ThreadId(27)"}
execute	Execute Action	2026-09-26T09:31:51.6939805Z [pod/rustfs-1/rustfs] {"timestamp":"2026-09-26T09:31:50.980530486Z","level":"INFO","message":"enter","target":"rustfs_ecstore::cluster::rpc::remote_disk","filename":"crates/ecstore/src/cluster/rpc/remote_disk.rs","line_number":967,"span":{"addr":"http://rustfs-3.rustfs-headless.rustfs.svc.cluster.local:9000","component":"ecstore","endpoint":"http://rustfs-3.rustfs-headless.rustfs.svc.cluster.local:9000/data","handle_id":"4b1feb5d-7a7c-42d6-8f45-ba01471707f5","kind":"remote_disk","subsystem":"remote_disk","name":"recovery-monitor"},"spans":[{"name":"run"},{"addr":"http://rustfs-3.rustfs-headless.rustfs.svc.cluster.local:9000","component":"ecstore","endpoint":"http://rustfs-3.rustfs-headless.rustfs.svc.cluster.local:9000/data","handle_id":"4b1feb5d-7a7c-42d6-8f45-ba01471707f5","kind":"remote_disk","subsystem":"remote_disk","name":"recovery-monitor"}],"threadName":"rustfs-worker","threadId":"ThreadId(26)"}
execute	Execute Action	2026-09-26T09:31:51.6945304Z [pod/rustfs-1/rustfs] {"timestamp":"2026-09-26T09:31:50.980562646Z","level":"INFO","message":"exit","target":"rustfs_ecstore::cluster::rpc::remote_disk","filename":"crates/ecstore/src/cluster/rpc/remote_disk.rs","line_number":967,"span":{"addr":"http://rustfs-3.rustfs-headless.rustfs.svc.cluster.local:9000","component":"ecstore","endpoint":"http://rustfs-3.rustfs-headless.rustfs.svc.cluster.local:9000/data","handle_id":"4b1feb5d-7a7c-42d6-8f45-ba01471707f5","kind":"remote_disk","subsystem":"remote_disk","name":"recovery-monitor"},"spans":[],"threadName":"rustfs-worker","threadId":"ThreadId(26)"}
execute	Execute Action	2026-09-26T09:31:51.6950503Z [pod/rustfs-1/rustfs] {"timestamp":"2026-09-26T09:31:50.980593793Z","level":"INFO","message":"enter","target":"rustfs_ecstore::cluster::rpc::remote_disk","filename":"crates/ecstore/src/cluster/rpc/remote_disk.rs","line_number":967,"span":{"addr":"http://rustfs-3.rustfs-headless.rustfs.svc.cluster.local:9000","component":"ecstore","endpoint":"http://rustfs-3.rustfs-headless.rustfs.svc.cluster.local:9000/data","handle_id":"4b1feb5d-7a7c-42d6-8f45-ba01471707f5","kind":"remote_disk","subsystem":"remote_disk","name":"recovery-monitor"},"spans":[{"name":"run"},{"addr":"http://rustfs-3.rustfs-headless.rustfs.svc.cluster.local:9000","component":"ecstore","endpoint":"http://rustfs-3.rustfs-headless.rustfs.svc.cluster.local:9000/data","handle_id":"4b1feb5d-7a7c-42d6-8f45-ba01471707f5","kind":"remote_disk","subsystem":"remote_disk","name":"recovery-monitor"}],"threadName":"rustfs-worker","threadId":"ThreadId(26)"}
execute	Execute Action	2026-09-26T09:31:51.6955606Z [pod/rustfs-1/rustfs] {"timestamp":"2026-09-26T09:31:50.980621812Z","level":"INFO","message":"exit","target":"rustfs_ecstore::cluster::rpc::remote_disk","filename":"crates/ecstore/src/cluster/rpc/remote_disk.rs","line_number":967,"span":{"addr":"http://rustfs-3.rustfs-headless.rustfs.svc.cluster.local:9000","component":"ecstore","endpoint":"http://rustfs-3.rustfs-headless.rustfs.svc.cluster.local:9000/data","handle_id":"4b1feb5d-7a7c-42d6-8f45-ba01471707f5","kind":"remote_disk","subsystem":"remote_disk","name":"recovery-monitor"},"spans":[],"threadName":"rustfs-worker","threadId":"ThreadId(26)"}
execute	Execute Action	2026-09-26T09:31:51.6960826Z [pod/rustfs-1/rustfs] {"timestamp":"2026-09-26T09:31:50.980723469Z","level":"INFO","message":"enter","target":"rustfs_ecstore::cluster::rpc::remote_disk","filename":"crates/ecstore/src/cluster/rpc/remote_disk.rs","line_number":967,"span":{"addr":"http://rustfs-2.rustfs-headless.rustfs.svc.cluster.local:9000","component":"ecstore","endpoint":"http://rustfs-2.rustfs-headless.rustfs.svc.cluster.local:9000/data","handle_id":"030cbc46-f48b-4aa2-9bb9-a8307aebbcab","kind":"remote_disk","subsystem":"remote_disk","name":"recovery-monitor"},"spans":[{"name":"run"},{"addr":"http://rustfs-2.rustfs-headless.rustfs.svc.cluster.local:9000","component":"ecstore","endpoint":"http://rustfs-2.rustfs-headless.rustfs.svc.cluster.local:9000/data","handle_id":"030cbc46-f48b-4aa2-9bb9-a8307aebbcab","kind":"remote_disk","subsystem":"remote_disk","name":"recovery-monitor"}],"threadName":"rustfs-worker","threadId":"ThreadId(24)"}
execute	Execute Action	2026-09-26T09:31:51.6966991Z [pod/rustfs-1/rustfs] {"timestamp":"2026-09-26T09:31:50.980731112Z","level":"INFO","message":"enter","target":"rustfs_ecstore::cluster::rpc::remote_disk","filename":"crates/ecstore/src/cluster/rpc/remote_disk.rs","line_number":967,"span":{"addr":"http://rustfs-3.rustfs-headless.rustfs.svc.cluster.local:9000","component":"ecstore","endpoint":"http://rustfs-3.rustfs-headless.rustfs.svc.cluster.local:9000/data","handle_id":"4b1feb5d-7a7c-42d6-8f45-ba01471707f5","kind":"remote_disk","subsystem":"remote_disk","name":"recovery-monitor"},"spans":[{"name":"run"},{"addr":"http://rustfs-3.rustfs-headless.rustfs.svc.cluster.local:9000","component":"ecstore","endpoint":"http://rustfs-3.rustfs-headless.rustfs.svc.cluster.local:9000/data","handle_id":"4b1feb5d-7a7c-42d6-8f45-ba01471707f5","kind":"remote_disk","subsystem":"remote_disk","name":"recovery-monitor"}],"threadName":"rustfs-worker","threadId":"ThreadId(26)"}
execute	Execute Action	2026-09-26T09:31:51.6972451Z [pod/rustfs-1/rustfs] {"timestamp":"2026-09-26T09:31:50.980762624Z","level":"INFO","message":"exit","target":"rustfs_ecstore::cluster::rpc::remote_disk","filename":"crates/ecstore/src/cluster/rpc/remote_disk.rs","line_number":967,"span":{"addr":"http://rustfs-3.rustfs-headless.rustfs.svc.cluster.local:9000","component":"ecstore","endpoint":"http://rustfs-3.rustfs-headless.rustfs.svc.cluster.local:9000/data","handle_id":"4b1feb5d-7a7c-42d6-8f45-ba01471707f5","kind":"remote_disk","subsystem":"remote_disk","name":"recovery-monitor"},"spans":[],"threadName":"rustfs-worker","threadId":"ThreadId(26)"}
execute	Execute Action	2026-09-26T09:31:51.6976503Z [pod/rustfs-1/rustfs] {"timestamp":"2026-09-26T09:31:50.980826086Z","level":"INFO","message":"exit","target":"rustfs_ecstore::cluster::rpc::remote_disk","filename":"crates/ecstore/src/cluster/rpc/remote_disk.rs","line_number":967,"span":{"addr":"http://rustfs-2.rustfs-headless.rustfs.svc.cluster.local:9000","component":"ecstore","endpoint":"http://rustfs-2.rustfs-headless.rustfs.svc.cluster.local:9000/data","handle_id":"030cbc46-f48b-4aa2-9bb9-a8307aebbcab","kind":"remote_disk","subsystem":"remote_disk","name":"recovery-monitor"},"spans":[],"threadName":"rustfs-worker","threadId":"ThreadId(24)"}
execute	Execute Action	2026-09-26T09:31:51.6981723Z [pod/rustfs-1/rustfs] {"timestamp":"2026-09-26T09:31:50.980861915Z","level":"INFO","message":"enter","target":"rustfs_ecstore::cluster::rpc::remote_disk","filename":"crates/ecstore/src/cluster/rpc/remote_disk.rs","line_number":967,"span":{"addr":"http://rustfs-2.rustfs-headless.rustfs.svc.cluster.local:9000","component":"ecstore","endpoint":"http://rustfs-2.rustfs-headless.rustfs.svc.cluster.local:9000/data","handle_id":"030cbc46-f48b-4aa2-9bb9-a8307aebbcab","kind":"remote_disk","subsystem":"remote_disk","name":"recovery-monitor"},"spans":[{"name":"run"},{"addr":"http://rustfs-2.rustfs-headless.rustfs.svc.cluster.local:9000","component":"ecstore","endpoint":"http://rustfs-2.rustfs-headless.rustfs.svc.cluster.local:9000/data","handle_id":"030cbc46-f48b-4aa2-9bb9-a8307aebbcab","kind":"remote_disk","subsystem":"remote_disk","name":"recovery-monitor"}],"threadName":"rustfs-worker","threadId":"ThreadId(24)"}
execute	Execute Action	2026-09-26T09:31:51.6986843Z [pod/rustfs-1/rustfs] {"timestamp":"2026-09-26T09:31:50.980902035Z","level":"INFO","message":"exit","target":"rustfs_ecstore::cluster::rpc::remote_disk","filename":"crates/ecstore/src/cluster/rpc/remote_disk.rs","line_number":967,"span":{"addr":"http://rustfs-2.rustfs-headless.rustfs.svc.cluster.local:9000","component":"ecstore","endpoint":"http://rustfs-2.rustfs-headless.rustfs.svc.cluster.local:9000/data","handle_id":"030cbc46-f48b-4aa2-9bb9-a8307aebbcab","kind":"remote_disk","subsystem":"remote_disk","name":"recovery-monitor"},"spans":[],"threadName":"rustfs-worker","threadId":"ThreadId(24)"}
execute	Execute Action	2026-09-26T09:31:51.6992057Z [pod/rustfs-1/rustfs] {"timestamp":"2026-09-26T09:31:50.980947136Z","level":"INFO","message":"enter","target":"rustfs_ecstore::cluster::rpc::remote_disk","filename":"crates/ecstore/src/cluster/rpc/remote_disk.rs","line_number":967,"span":{"addr":"http://rustfs-2.rustfs-headless.rustfs.svc.cluster.local:9000","component":"ecstore","endpoint":"http://rustfs-2.rustfs-headless.rustfs.svc.cluster.local:9000/data","handle_id":"030cbc46-f48b-4aa2-9bb9-a8307aebbcab","kind":"remote_disk","subsystem":"remote_disk","name":"recovery-monitor"},"spans":[{"name":"run"},{"addr":"http://rustfs-2.rustfs-headless.rustfs.svc.cluster.local:9000","component":"ecstore","endpoint":"http://rustfs-2.rustfs-headless.rustfs.svc.cluster.local:9000/data","handle_id":"030cbc46-f48b-4aa2-9bb9-a8307aebbcab","kind":"remote_disk","subsystem":"remote_disk","name":"recovery-monitor"}],"threadName":"rustfs-worker","threadId":"ThreadId(24)"}
execute	Execute Action	2026-09-26T09:31:51.6997297Z [pod/rustfs-1/rustfs] {"timestamp":"2026-09-26T09:31:50.980981696Z","level":"INFO","message":"exit","target":"rustfs_ecstore::cluster::rpc::remote_disk","filename":"crates/ecstore/src/cluster/rpc/remote_disk.rs","line_number":967,"span":{"addr":"http://rustfs-2.rustfs-headless.rustfs.svc.cluster.local:9000","component":"ecstore","endpoint":"http://rustfs-2.rustfs-headless.rustfs.svc.cluster.local:9000/data","handle_id":"030cbc46-f48b-4aa2-9bb9-a8307aebbcab","kind":"remote_disk","subsystem":"remote_disk","name":"recovery-monitor"},"spans":[],"threadName":"rustfs-worker","threadId":"ThreadId(24)"}
execute	Execute Action	2026-09-26T09:31:51.7000520Z [pod/rustfs-1/rustfs] {"timestamp":"2026-09-26T09:31:50.981024983Z","level":"INFO","message":"enter","target":"rustfs::startup_entrypoint","filename":"rustfs/src/startup_entrypoint.rs","line_number":1721,"span":{"name":"run"},"spans":[{"name":"run"}],"threadName":"rustfs-worker","threadId":"ThreadId(33)"}
execute	Execute Action	2026-09-26T09:31:51.7002436Z [pod/rustfs-1/rustfs] {"timestamp":"2026-09-26T09:31:50.981098568Z","level":"INFO","message":"exit","target":"rustfs::startup_entrypoint","filename":"rustfs/src/startup_entrypoint.rs","line_number":1721,"span":{"name":"run"},"spans":[],"threadName":"rustfs-worker","threadId":"ThreadId(33)"}
execute	Execute Action	2026-09-26T09:31:51.7004348Z [pod/rustfs-1/rustfs] {"timestamp":"2026-09-26T09:31:50.981112141Z","level":"INFO","message":"enter","target":"rustfs::startup_entrypoint","filename":"rustfs/src/startup_entrypoint.rs","line_number":1721,"span":{"name":"run"},"spans":[{"name":"run"}],"threadName":"rustfs-worker","threadId":"ThreadId(33)"}
execute	Execute Action	2026-09-26T09:31:51.7008416Z [pod/rustfs-1/rustfs] {"timestamp":"2026-09-26T09:31:50.981104614Z","level":"INFO","message":"enter","target":"rustfs_ecstore::cluster::rpc::remote_disk","filename":"crates/ecstore/src/cluster/rpc/remote_disk.rs","line_number":967,"span":{"addr":"http://rustfs-2.rustfs-headless.rustfs.svc.cluster.local:9000","component":"ecstore","endpoint":"http://rustfs-2.rustfs-headless.rustfs.svc.cluster.local:9000/data","handle_id":"030cbc46-f48b-4aa2-9bb9-a8307aebbcab","kind":"remote_disk","subsystem":"remote_disk","name":"recovery-monitor"},"spans":[{"name":"run"},{"addr":"http://rustfs-2.rustfs-headless.rustfs.svc.cluster.local:9000","component":"ecstore","endpoint":"http://rustfs-2.rustfs-headless.rustfs.svc.cluster.local:9000/data","handle_id":"030cbc46-f48b-4aa2-9bb9-a8307aebbcab","kind":"remote_disk","subsystem":"remote_disk","name":"recovery-monitor"}],"threadName":"rustfs-worker","threadId":"ThreadId(24)"}
execute	Execute Action	2026-09-26T09:31:51.7012554Z [pod/rustfs-1/rustfs] {"timestamp":"2026-09-26T09:31:50.981128467Z","level":"INFO","message":"exit","target":"rustfs::startup_entrypoint","filename":"rustfs/src/startup_entrypoint.rs","line_number":1721,"span":{"name":"run"},"spans":[],"threadName":"rustfs-worker","threadId":"ThreadId(33)"}
execute	Execute Action	2026-09-26T09:31:51.7014462Z [pod/rustfs-1/rustfs] {"timestamp":"2026-09-26T09:31:50.981141833Z","level":"INFO","message":"enter","target":"rustfs::startup_entrypoint","filename":"rustfs/src/startup_entrypoint.rs","line_number":1721,"span":{"name":"run"},"spans":[{"name":"run"}],"threadName":"rustfs-worker","threadId":"ThreadId(33)"}
execute	Execute Action	2026-09-26T09:31:51.7017456Z [pod/rustfs-1/rustfs] {"timestamp":"2026-09-26T09:31:50.981140734Z","level":"INFO","message":"exit","target":"rustfs_ecstore::cluster::rpc::remote_disk","filename":"crates/ecstore/src/cluster/rpc/remote_disk.rs","line_number":967,"span":{"addr":"http://rustfs-2.rustfs-headless.rustfs.svc.cluster.local:9000","component":"ecstore","endpoint":"http://rustfs-2.rustfs-headless.rustfs.svc.cluster.local:9000/data","handle_id":"030cbc46-f48b-4aa2-9bb9-a8307aebbcab","kind":"remote_disk","subsystem":"remote_disk","name":"recovery-monitor"},"spans":[],"threadName":"rustfs-worker","threadId":"ThreadId(24)"}
execute	Execute Action	2026-09-26T09:31:51.7020657Z [pod/rustfs-1/rustfs] {"timestamp":"2026-09-26T09:31:50.981156237Z","level":"INFO","message":"exit","target":"rustfs::startup_entrypoint","filename":"rustfs/src/startup_entrypoint.rs","line_number":1721,"span":{"name":"run"},"spans":[],"threadName":"rustfs-worker","threadId":"ThreadId(33)"}
execute	Execute Action	2026-09-26T09:31:51.7022575Z [pod/rustfs-1/rustfs] {"timestamp":"2026-09-26T09:31:50.981259079Z","level":"INFO","message":"enter","target":"rustfs::startup_entrypoint","filename":"rustfs/src/startup_entrypoint.rs","line_number":1721,"span":{"name":"run"},"spans":[{"name":"run"}],"threadName":"rustfs-worker","threadId":"ThreadId(26)"}
execute	Execute Action	2026-09-26T09:31:51.7024660Z [pod/rustfs-1/rustfs] {"timestamp":"2026-09-26T09:31:50.981282438Z","level":"INFO","message":"exit","target":"rustfs::startup_entrypoint","filename":"rustfs/src/startup_entrypoint.rs","line_number":1721,"span":{"name":"run"},"spans":[],"threadName":"rustfs-worker","threadId":"ThreadId(26)"}
execute	Execute Action	2026-09-26T09:31:51.7027254Z [pod/rustfs-1/rustfs] {"timestamp":"2026-09-26T09:31:50.981362453Z","level":"INFO","message":"remote release for .rustfs.sys/s3tables/catalog/table-buckets/01ca1703560cd9ff667fb2ad4a942bb1c5a79918f32e967e26c728db675ddc1b/table-bucket.json@latest:15d7502b-1c9c-4585-83ca-696042618dc7","target":"rustfs_ecstore::cluster::rpc::remote_locker","filename":"crates/ecstore/src/cluster/rpc/remote_locker.rs","line_number":779,"threadName":"rustfs-worker","threadId":"ThreadId(26)"}
execute	Execute Action	2026-09-26T09:31:51.7030533Z [pod/rustfs-1/rustfs] {"timestamp":"2026-09-26T09:31:50.981476413Z","level":"INFO","message":"remote acquire_exclusive for datalake/tables/305c440c-c4c6-4821-b74a-504dd009c463/data/day=2026-09-25/00000-0-bf4ee273-6e7a-4ef2-8a83-b09a66b10ed5.parquet@latest","target":"rustfs_ecstore::cluster::rpc::remote_locker","filename":"crates/ecstore/src/cluster/rpc/remote_locker.rs","line_number":682,"threadName":"rustfs-worker","threadId":"ThreadId(24)"}
execute	Execute Action	2026-09-26T09:31:51.7033593Z [pod/rustfs-1/rustfs] {"timestamp":"2026-09-26T09:31:50.98150805Z","level":"INFO","message":"remote acquire_exclusive for datalake/tables/305c440c-c4c6-4821-b74a-504dd009c463/data/day=2026-09-25/00000-0-bf4ee273-6e7a-4ef2-8a83-b09a66b10ed5.parquet@latest","target":"rustfs_ecstore::cluster::rpc::remote_locker","filename":"crates/ecstore/src/cluster/rpc/remote_locker.rs","line_number":682,"threadName":"rustfs-worker","threadId":"ThreadId(33)"}
execute	Execute Action	2026-09-26T09:31:51.7036067Z [pod/rustfs-1/rustfs] {"timestamp":"2026-09-26T09:31:50.982639412Z","level":"INFO","message":"enter","target":"rustfs::startup_entrypoint","filename":"rustfs/src/startup_entrypoint.rs","line_number":1721,"span":{"name":"run"},"spans":[{"name":"run"}],"threadName":"rustfs-worker","threadId":"ThreadId(27)"}
execute	Execute Action	2026-09-26T09:31:51.7037981Z [pod/rustfs-1/rustfs] {"timestamp":"2026-09-26T09:31:50.982667814Z","level":"INFO","message":"exit","target":"rustfs::startup_entrypoint","filename":"rustfs/src/startup_entrypoint.rs","line_number":1721,"span":{"name":"run"},"spans":[],"threadName":"rustfs-worker","threadId":"ThreadId(27)"}
execute	Execute Action	2026-09-26T09:31:51.7040641Z [pod/rustfs-1/rustfs] {"timestamp":"2026-09-26T09:31:50.98267669Z","level":"INFO","message":"remote release for datalake/tables/305c440c-c4c6-4821-b74a-504dd009c463/data/day=2026-09-25/00000-0-bf4ee273-6e7a-4ef2-8a83-b09a66b10ed5.parquet@latest:d2f47bfa-15e3-46b5-92d4-b93fc1383d91","target":"rustfs_ecstore::cluster::rpc::remote_locker","filename":"crates/ecstore/src/cluster/rpc/remote_locker.rs","line_number":779,"threadName":"rustfs-worker","threadId":"ThreadId(26)"}
execute	Execute Action	2026-09-26T09:31:51.7045436Z [pod/rustfs-1/rustfs] {"timestamp":"2026-09-26T09:31:50.98265701Z","level":"INFO","message":"enter","target":"rustfs_ecstore::cluster::rpc::remote_disk","filename":"crates/ecstore/src/cluster/rpc/remote_disk.rs","line_number":967,"span":{"addr":"http://rustfs-3.rustfs-headless.rustfs.svc.cluster.local:9000","component":"ecstore","endpoint":"http://rustfs-3.rustfs-headless.rustfs.svc.cluster.local:9000/data","handle_id":"4b1feb5d-7a7c-42d6-8f45-ba01471707f5","kind":"remote_disk","subsystem":"remote_disk","name":"recovery-monitor"},"spans":[{"name":"run"},{"addr":"http://rustfs-3.rustfs-headless.rustfs.svc.cluster.local:9000","component":"ecstore","endpoint":"http://rustfs-3.rustfs-headless.rustfs.svc.cluster.local:9000/data","handle_id":"4b1feb5d-7a7c-42d6-8f45-ba01471707f5","kind":"remote_disk","subsystem":"remote_disk","name":"recovery-monitor"}],"threadName":"rustfs-worker","threadId":"ThreadId(31)"}
execute	Execute Action	2026-09-26T09:31:51.7049640Z [pod/rustfs-1/rustfs] {"timestamp":"2026-09-26T09:31:50.9826867Z","level":"INFO","message":"enter","target":"rustfs::startup_entrypoint","filename":"rustfs/src/startup_entrypoint.rs","line_number":1721,"span":{"name":"run"},"spans":[{"name":"run"}],"threadName":"rustfs-worker","threadId":"ThreadId(27)"}
execute	Execute Action	2026-09-26T09:31:51.7051777Z [pod/rustfs-1/rustfs] {"timestamp":"2026-09-26T09:31:50.98271874Z","level":"INFO","message":"exit","target":"rustfs::startup_entrypoint","filename":"rustfs/src/startup_entrypoint.rs","line_number":1721,"span":{"name":"run"},"spans":[],"threadName":"rustfs-worker","threadId":"ThreadId(27)"}
execute	Execute Action	2026-09-26T09:31:51.7054752Z [pod/rustfs-1/rustfs] {"timestamp":"2026-09-26T09:31:50.982710515Z","level":"INFO","message":"exit","target":"rustfs_ecstore::cluster::rpc::remote_disk","filename":"crates/ecstore/src/cluster/rpc/remote_disk.rs","line_number":967,"span":{"addr":"http://rustfs-3.rustfs-headless.rustfs.svc.cluster.local:9000","component":"ecstore","endpoint":"http://rustfs-3.rustfs-headless.rustfs.svc.cluster.local:9000/data","handle_id":"4b1feb5d-7a7c-42d6-8f45-ba01471707f5","kind":"remote_disk","subsystem":"remote_disk","name":"recovery-monitor"},"spans":[],"threadName":"rustfs-worker","threadId":"ThreadId(31)"}
execute	Execute Action	2026-09-26T09:31:51.7057766Z [pod/rustfs-1/rustfs] {"timestamp":"2026-09-26T09:31:50.982731181Z","level":"INFO","message":"enter","target":"rustfs::startup_entrypoint","filename":"rustfs/src/startup_entrypoint.rs","line_number":1721,"span":{"name":"run"},"spans":[{"name":"run"}],"threadName":"rustfs-worker","threadId":"ThreadId(27)"}
execute	Execute Action	2026-09-26T09:31:51.7059681Z [pod/rustfs-1/rustfs] {"timestamp":"2026-09-26T09:31:50.982744345Z","level":"INFO","message":"exit","target":"rustfs::startup_entrypoint","filename":"rustfs/src/startup_entrypoint.rs","line_number":1721,"span":{"name":"run"},"spans":[],"threadName":"rustfs-worker","threadId":"ThreadId(27)"}
execute	Execute Action	2026-09-26T09:31:51.7061699Z [pod/rustfs-1/rustfs] {"timestamp":"2026-09-26T09:31:50.982756753Z","level":"INFO","message":"enter","target":"rustfs::startup_entrypoint","filename":"rustfs/src/startup_entrypoint.rs","line_number":1721,"span":{"name":"run"},"spans":[{"name":"run"}],"threadName":"rustfs-worker","threadId":"ThreadId(27)"}
execute	Execute Action	2026-09-26T09:31:51.7063619Z [pod/rustfs-1/rustfs] {"timestamp":"2026-09-26T09:31:50.982820254Z","level":"INFO","message":"exit","target":"rustfs::startup_entrypoint","filename":"rustfs/src/startup_entrypoint.rs","line_number":1721,"span":{"name":"run"},"spans":[],"threadName":"rustfs-worker","threadId":"ThreadId(27)"}
execute	Execute Action	2026-09-26T09:31:51.7065531Z [pod/rustfs-1/rustfs] {"timestamp":"2026-09-26T09:31:50.982831708Z","level":"INFO","message":"enter","target":"rustfs::startup_entrypoint","filename":"rustfs/src/startup_entrypoint.rs","line_number":1721,"span":{"name":"run"},"spans":[{"name":"run"}],"threadName":"rustfs-worker","threadId":"ThreadId(27)"}
execute	Execute Action	2026-09-26T09:31:51.7067477Z [pod/rustfs-1/rustfs] {"timestamp":"2026-09-26T09:31:50.982844126Z","level":"INFO","message":"enter","target":"rustfs::startup_entrypoint","filename":"rustfs/src/startup_entrypoint.rs","line_number":1721,"span":{"name":"run"},"spans":[{"name":"run"}],"threadName":"rustfs-worker","threadId":"ThreadId(26)"}
execute	Execute Action	2026-09-26T09:31:51.7069403Z [pod/rustfs-1/rustfs] {"timestamp":"2026-09-26T09:31:50.982845018Z","level":"INFO","message":"exit","target":"rustfs::startup_entrypoint","filename":"rustfs/src/startup_entrypoint.rs","line_number":1721,"span":{"name":"run"},"spans":[],"threadName":"rustfs-worker","threadId":"ThreadId(27)"}
execute	Execute Action	2026-09-26T09:31:51.7071545Z [pod/rustfs-1/rustfs] {"timestamp":"2026-09-26T09:31:50.982859249Z","level":"INFO","message":"exit","target":"rustfs::startup_entrypoint","filename":"rustfs/src/startup_entrypoint.rs","line_number":1721,"span":{"name":"run"},"spans":[],"threadName":"rustfs-worker","threadId":"ThreadId(26)"}
execute	Execute Action	2026-09-26T09:31:51.7073453Z [pod/rustfs-1/rustfs] {"timestamp":"2026-09-26T09:31:50.982870332Z","level":"INFO","message":"enter","target":"rustfs::startup_entrypoint","filename":"rustfs/src/startup_entrypoint.rs","line_number":1721,"span":{"name":"run"},"spans":[{"name":"run"}],"threadName":"rustfs-worker","threadId":"ThreadId(26)"}
execute	Execute Action	2026-09-26T09:31:51.7075482Z [pod/rustfs-1/rustfs] {"timestamp":"2026-09-26T09:31:50.982881831Z","level":"INFO","message":"exit","target":"rustfs::startup_entrypoint","filename":"rustfs/src/startup_entrypoint.rs","line_number":1721,"span":{"name":"run"},"spans":[],"threadName":"rustfs-worker","threadId":"ThreadId(26)"}
execute	Execute Action	2026-09-26T09:31:51.7077393Z [pod/rustfs-1/rustfs] {"timestamp":"2026-09-26T09:31:50.982894927Z","level":"INFO","message":"enter","target":"rustfs::startup_entrypoint","filename":"rustfs/src/startup_entrypoint.rs","line_number":1721,"span":{"name":"run"},"spans":[{"name":"run"}],"threadName":"rustfs-worker","threadId":"ThreadId(26)"}
execute	Execute Action	2026-09-26T09:31:51.7081616Z [pod/rustfs-1/rustfs] {"timestamp":"2026-09-26T09:31:50.982930647Z","level":"INFO","message":"enter","target":"rustfs_ecstore::cluster::rpc::remote_disk","filename":"crates/ecstore/src/cluster/rpc/remote_disk.rs","line_number":967,"span":{"addr":"http://rustfs-2.rustfs-headless.rustfs.svc.cluster.local:9000","component":"ecstore","endpoint":"http://rustfs-2.rustfs-headless.rustfs.svc.cluster.local:9000/data","handle_id":"030cbc46-f48b-4aa2-9bb9-a8307aebbcab","kind":"remote_disk","subsystem":"remote_disk","name":"recovery-monitor"},"spans":[{"name":"run"},{"addr":"http://rustfs-2.rustfs-headless.rustfs.svc.cluster.local:9000","component":"ecstore","endpoint":"http://rustfs-2.rustfs-headless.rustfs.svc.cluster.local:9000/data","handle_id":"030cbc46-f48b-4aa2-9bb9-a8307aebbcab","kind":"remote_disk","subsystem":"remote_disk","name":"recovery-monitor"}],"threadName":"rustfs-worker","threadId":"ThreadId(27)"}
execute	Execute Action	2026-09-26T09:31:51.7085670Z [pod/rustfs-1/rustfs] {"timestamp":"2026-09-26T09:31:50.982920409Z","level":"INFO","message":"exit","target":"rustfs::startup_entrypoint","filename":"rustfs/src/startup_entrypoint.rs","line_number":1721,"span":{"name":"run"},"spans":[],"threadName":"rustfs-worker","threadId":"ThreadId(26)"}
execute	Execute Action	2026-09-26T09:31:51.7088655Z [pod/rustfs-1/rustfs] {"timestamp":"2026-09-26T09:31:50.982972526Z","level":"INFO","message":"exit","target":"rustfs_ecstore::cluster::rpc::remote_disk","filename":"crates/ecstore/src/cluster/rpc/remote_disk.rs","line_number":967,"span":{"addr":"http://rustfs-2.rustfs-headless.rustfs.svc.cluster.local:9000","component":"ecstore","endpoint":"http://rustfs-2.rustfs-headless.rustfs.svc.cluster.local:9000/data","handle_id":"030cbc46-f48b-4aa2-9bb9-a8307aebbcab","kind":"remote_disk","subsystem":"remote_disk","name":"recovery-monitor"},"spans":[],"threadName":"rustfs-worker","threadId":"ThreadId(27)"}
execute	Execute Action	2026-09-26T09:31:51.7093872Z [pod/rustfs-1/rustfs] {"timestamp":"2026-09-26T09:31:50.982976316Z","level":"INFO","message":"enter","target":"rustfs_ecstore::cluster::rpc::remote_disk","filename":"crates/ecstore/src/cluster/rpc/remote_disk.rs","line_number":967,"span":{"addr":"http://rustfs-3.rustfs-headless.rustfs.svc.cluster.local:9000","component":"ecstore","endpoint":"http://rustfs-3.rustfs-headless.rustfs.svc.cluster.local:9000/data","handle_id":"4b1feb5d-7a7c-42d6-8f45-ba01471707f5","kind":"remote_disk","subsystem":"remote_disk","name":"recovery-monitor"},"spans":[{"name":"run"},{"addr":"http://rustfs-3.rustfs-headless.rustfs.svc.cluster.local:9000","component":"ecstore","endpoint":"http://rustfs-3.rustfs-headless.rustfs.svc.cluster.local:9000/data","handle_id":"4b1feb5d-7a7c-42d6-8f45-ba01471707f5","kind":"remote_disk","subsystem":"remote_disk","name":"recovery-monitor"}],"threadName":"rustfs-worker","threadId":"ThreadId(26)"}
execute	Execute Action	2026-09-26T09:31:51.7100183Z [pod/rustfs-1/rustfs] {"timestamp":"2026-09-26T09:31:50.983008127Z","level":"INFO","message":"enter","target":"rustfs_ecstore::cluster::rpc::remote_disk","filename":"crates/ecstore/src/cluster/rpc/remote_disk.rs","line_number":967,"span":{"addr":"http://rustfs-2.rustfs-headless.rustfs.svc.cluster.local:9000","component":"ecstore","endpoint":"http://rustfs-2.rustfs-headless.rustfs.svc.cluster.local:9000/data","handle_id":"030cbc46-f48b-4aa2-9bb9-a8307aebbcab","kind":"remote_disk","subsystem":"remote_disk","name":"recovery-monitor"},"spans":[{"name":"run"},{"addr":"http://rustfs-2.rustfs-headless.rustfs.svc.cluster.local:9000","component":"ecstore","endpoint":"http://rustfs-2.rustfs-headless.rustfs.svc.cluster.local:9000/data","handle_id":"030cbc46-f48b-4aa2-9bb9-a8307aebbcab","kind":"remote_disk","subsystem":"remote_disk","name":"recovery-monitor"}],"threadName":"rustfs-worker","threadId":"ThreadId(27)"}
execute	Execute Action	2026-09-26T09:31:51.7105548Z [pod/rustfs-1/rustfs] {"timestamp":"2026-09-26T09:31:50.983016733Z","level":"INFO","message":"exit","target":"rustfs_ecstore::cluster::rpc::remote_disk","filename":"crates/ecstore/src/cluster/rpc/remote_disk.rs","line_number":967,"span":{"addr":"http://rustfs-3.rustfs-headless.rustfs.svc.cluster.local:9000","component":"ecstore","endpoint":"http://rustfs-3.rustfs-headless.rustfs.svc.cluster.local:9000/data","handle_id":"4b1feb5d-7a7c-42d6-8f45-ba01471707f5","kind":"remote_disk","subsystem":"remote_disk","name":"recovery-monitor"},"spans":[],"threadName":"rustfs-worker","threadId":"ThreadId(26)"}
execute	Execute Action	2026-09-26T09:31:51.7110807Z [pod/rustfs-1/rustfs] {"timestamp":"2026-09-26T09:31:50.983042996Z","level":"INFO","message":"enter","target":"rustfs_ecstore::cluster::rpc::remote_disk","filename":"crates/ecstore/src/cluster/rpc/remote_disk.rs","line_number":967,"span":{"addr":"http://rustfs-3.rustfs-headless.rustfs.svc.cluster.local:9000","component":"ecstore","endpoint":"http://rustfs-3.rustfs-headless.rustfs.svc.cluster.local:9000/data","handle_id":"4b1feb5d-7a7c-42d6-8f45-ba01471707f5","kind":"remote_disk","subsystem":"remote_disk","name":"recovery-monitor"},"spans":[{"name":"run"},{"addr":"http://rustfs-3.rustfs-headless.rustfs.svc.cluster.local:9000","component":"ecstore","endpoint":"http://rustfs-3.rustfs-headless.rustfs.svc.cluster.local:9000/data","handle_id":"4b1feb5d-7a7c-42d6-8f45-ba01471707f5","kind":"remote_disk","subsystem":"remote_disk","name":"recovery-monitor"}],"threadName":"rustfs-worker","threadId":"ThreadId(26)"}
execute	Execute Action	2026-09-26T09:31:51.7115936Z [pod/rustfs-1/rustfs] {"timestamp":"2026-09-26T09:31:50.98305259Z","level":"INFO","message":"exit","target":"rustfs_ecstore::cluster::rpc::remote_disk","filename":"crates/ecstore/src/cluster/rpc/remote_disk.rs","line_number":967,"span":{"addr":"http://rustfs-2.rustfs-headless.rustfs.svc.cluster.local:9000","component":"ecstore","endpoint":"http://rustfs-2.rustfs-headless.rustfs.svc.cluster.local:9000/data","handle_id":"030cbc46-f48b-4aa2-9bb9-a8307aebbcab","kind":"remote_disk","subsystem":"remote_disk","name":"recovery-monitor"},"spans":[],"threadName":"rustfs-worker","threadId":"ThreadId(27)"}
execute	Execute Action	2026-09-26T09:31:51.7120011Z [pod/rustfs-1/rustfs] {"timestamp":"2026-09-26T09:31:50.983073453Z","level":"INFO","message":"exit","target":"rustfs_ecstore::cluster::rpc::remote_disk","filename":"crates/ecstore/src/cluster/rpc/remote_disk.rs","line_number":967,"span":{"addr":"http://rustfs-3.rustfs-headless.rustfs.svc.cluster.local:9000","component":"ecstore","endpoint":"http://rustfs-3.rustfs-headless.rustfs.svc.cluster.local:9000/data","handle_id":"4b1feb5d-7a7c-42d6-8f45-ba01471707f5","kind":"remote_disk","subsystem":"remote_disk","name":"recovery-monitor"},"spans":[],"threadName":"rustfs-worker","threadId":"ThreadId(26)"}
execute	Execute Action	2026-09-26T09:31:51.7125589Z [pod/rustfs-1/rustfs] {"timestamp":"2026-09-26T09:31:50.983083039Z","level":"INFO","message":"enter","target":"rustfs_ecstore::cluster::rpc::remote_disk","filename":"crates/ecstore/src/cluster/rpc/remote_disk.rs","line_number":967,"span":{"addr":"http://rustfs-2.rustfs-headless.rustfs.svc.cluster.local:9000","component":"ecstore","endpoint":"http://rustfs-2.rustfs-headless.rustfs.svc.cluster.local:9000/data","handle_id":"030cbc46-f48b-4aa2-9bb9-a8307aebbcab","kind":"remote_disk","subsystem":"remote_disk","name":"recovery-monitor"},"spans":[{"name":"run"},{"addr":"http://rustfs-2.rustfs-headless.rustfs.svc.cluster.local:9000","component":"ecstore","endpoint":"http://rustfs-2.rustfs-headless.rustfs.svc.cluster.local:9000/data","handle_id":"030cbc46-f48b-4aa2-9bb9-a8307aebbcab","kind":"remote_disk","subsystem":"remote_disk","name":"recovery-monitor"}],"threadName":"rustfs-worker","threadId":"ThreadId(27)"}
execute	Execute Action	2026-09-26T09:31:51.7132011Z [pod/rustfs-1/rustfs] {"timestamp":"2026-09-26T09:31:50.983099033Z","level":"INFO","message":"enter","target":"rustfs_ecstore::cluster::rpc::remote_disk","filename":"crates/ecstore/src/cluster/rpc/remote_disk.rs","line_number":967,"span":{"addr":"http://rustfs-3.rustfs-headless.rustfs.svc.cluster.local:9000","component":"ecstore","endpoint":"http://rustfs-3.rustfs-headless.rustfs.svc.cluster.local:9000/data","handle_id":"4b1feb5d-7a7c-42d6-8f45-ba01471707f5","kind":"remote_disk","subsystem":"remote_disk","name":"recovery-monitor"},"spans":[{"name":"run"},{"addr":"http://rustfs-3.rustfs-headless.rustfs.svc.cluster.local:9000","component":"ecstore","endpoint":"http://rustfs-3.rustfs-headless.rustfs.svc.cluster.local:9000/data","handle_id":"4b1feb5d-7a7c-42d6-8f45-ba01471707f5","kind":"remote_disk","subsystem":"remote_disk","name":"recovery-monitor"}],"threadName":"rustfs-worker","threadId":"ThreadId(26)"}
execute	Execute Action	2026-09-26T09:31:51.7137151Z [pod/rustfs-1/rustfs] {"timestamp":"2026-09-26T09:31:50.983112517Z","level":"INFO","message":"exit","target":"rustfs_ecstore::cluster::rpc::remote_disk","filename":"crates/ecstore/src/cluster/rpc/remote_disk.rs","line_number":967,"span":{"addr":"http://rustfs-2.rustfs-headless.rustfs.svc.cluster.local:9000","component":"ecstore","endpoint":"http://rustfs-2.rustfs-headless.rustfs.svc.cluster.local:9000/data","handle_id":"030cbc46-f48b-4aa2-9bb9-a8307aebbcab","kind":"remote_disk","subsystem":"remote_disk","name":"recovery-monitor"},"spans":[],"threadName":"rustfs-worker","threadId":"ThreadId(27)"}
execute	Execute Action	2026-09-26T09:31:51.7141312Z [pod/rustfs-1/rustfs] {"timestamp":"2026-09-26T09:31:50.983173049Z","level":"INFO","message":"exit","target":"rustfs_ecstore::cluster::rpc::remote_disk","filename":"crates/ecstore/src/cluster/rpc/remote_disk.rs","line_number":967,"span":{"addr":"http://rustfs-3.rustfs-headless.rustfs.svc.cluster.local:9000","component":"ecstore","endpoint":"http://rustfs-3.rustfs-headless.rustfs.svc.cluster.local:9000/data","handle_id":"4b1feb5d-7a7c-42d6-8f45-ba01471707f5","kind":"remote_disk","subsystem":"remote_disk","name":"recovery-monitor"},"spans":[],"threadName":"rustfs-worker","threadId":"ThreadId(26)"}
execute	Execute Action	2026-09-26T09:31:51.7146462Z [pod/rustfs-1/rustfs] {"timestamp":"2026-09-26T09:31:50.983196649Z","level":"INFO","message":"enter","target":"rustfs_ecstore::cluster::rpc::remote_disk","filename":"crates/ecstore/src/cluster/rpc/remote_disk.rs","line_number":967,"span":{"addr":"http://rustfs-3.rustfs-headless.rustfs.svc.cluster.local:9000","component":"ecstore","endpoint":"http://rustfs-3.rustfs-headless.rustfs.svc.cluster.local:9000/data","handle_id":"4b1feb5d-7a7c-42d6-8f45-ba01471707f5","kind":"remote_disk","subsystem":"remote_disk","name":"recovery-monitor"},"spans":[{"name":"run"},{"addr":"http://rustfs-3.rustfs-headless.rustfs.svc.cluster.local:9000","component":"ecstore","endpoint":"http://rustfs-3.rustfs-headless.rustfs.svc.cluster.local:9000/data","handle_id":"4b1feb5d-7a7c-42d6-8f45-ba01471707f5","kind":"remote_disk","subsystem":"remote_disk","name":"recovery-monitor"}],"threadName":"rustfs-worker","threadId":"ThreadId(26)"}
execute	Execute Action	2026-09-26T09:31:51.7151824Z [pod/rustfs-1/rustfs] {"timestamp":"2026-09-26T09:31:50.98321943Z","level":"INFO","message":"exit","target":"rustfs_ecstore::cluster::rpc::remote_disk","filename":"crates/ecstore/src/cluster/rpc/remote_disk.rs","line_number":967,"span":{"addr":"http://rustfs-3.rustfs-headless.rustfs.svc.cluster.local:9000","component":"ecstore","endpoint":"http://rustfs-3.rustfs-headless.rustfs.svc.cluster.local:9000/data","handle_id":"4b1feb5d-7a7c-42d6-8f45-ba01471707f5","kind":"remote_disk","subsystem":"remote_disk","name":"recovery-monitor"},"spans":[],"threadName":"rustfs-worker","threadId":"ThreadId(26)"}
execute	Execute Action	2026-09-26T09:31:51.7156949Z [pod/rustfs-1/rustfs] {"timestamp":"2026-09-26T09:31:50.983254121Z","level":"INFO","message":"enter","target":"rustfs_ecstore::cluster::rpc::remote_disk","filename":"crates/ecstore/src/cluster/rpc/remote_disk.rs","line_number":967,"span":{"addr":"http://rustfs-3.rustfs-headless.rustfs.svc.cluster.local:9000","component":"ecstore","endpoint":"http://rustfs-3.rustfs-headless.rustfs.svc.cluster.local:9000/data","handle_id":"4b1feb5d-7a7c-42d6-8f45-ba01471707f5","kind":"remote_disk","subsystem":"remote_disk","name":"recovery-monitor"},"spans":[{"name":"run"},{"addr":"http://rustfs-3.rustfs-headless.rustfs.svc.cluster.local:9000","component":"ecstore","endpoint":"http://rustfs-3.rustfs-headless.rustfs.svc.cluster.local:9000/data","handle_id":"4b1feb5d-7a7c-42d6-8f45-ba01471707f5","kind":"remote_disk","subsystem":"remote_disk","name":"recovery-monitor"}],"threadName":"rustfs-worker","threadId":"ThreadId(26)"}
execute	Execute Action	2026-09-26T09:31:51.7162338Z [pod/rustfs-1/rustfs] {"timestamp":"2026-09-26T09:31:50.983279373Z","level":"INFO","message":"exit","target":"rustfs_ecstore::cluster::rpc::remote_disk","filename":"crates/ecstore/src/cluster/rpc/remote_disk.rs","line_number":967,"span":{"addr":"http://rustfs-3.rustfs-headless.rustfs.svc.cluster.local:9000","component":"ecstore","endpoint":"http://rustfs-3.rustfs-headless.rustfs.svc.cluster.local:9000/data","handle_id":"4b1feb5d-7a7c-42d6-8f45-ba01471707f5","kind":"remote_disk","subsystem":"remote_disk","name":"recovery-monitor"},"spans":[],"threadName":"rustfs-worker","threadId":"ThreadId(26)"}
execute	Execute Action	2026-09-26T09:31:51.7167476Z [pod/rustfs-1/rustfs] {"timestamp":"2026-09-26T09:31:50.983303342Z","level":"INFO","message":"enter","target":"rustfs_ecstore::cluster::rpc::remote_disk","filename":"crates/ecstore/src/cluster/rpc/remote_disk.rs","line_number":967,"span":{"addr":"http://rustfs-3.rustfs-headless.rustfs.svc.cluster.local:9000","component":"ecstore","endpoint":"http://rustfs-3.rustfs-headless.rustfs.svc.cluster.local:9000/data","handle_id":"4b1feb5d-7a7c-42d6-8f45-ba01471707f5","kind":"remote_disk","subsystem":"remote_disk","name":"recovery-monitor"},"spans":[{"name":"run"},{"addr":"http://rustfs-3.rustfs-headless.rustfs.svc.cluster.local:9000","component":"ecstore","endpoint":"http://rustfs-3.rustfs-headless.rustfs.svc.cluster.local:9000/data","handle_id":"4b1feb5d-7a7c-42d6-8f45-ba01471707f5","kind":"remote_disk","subsystem":"remote_disk","name":"recovery-monitor"}],"threadName":"rustfs-worker","threadId":"ThreadId(26)"}
execute	Execute Action	2026-09-26T09:31:51.7172774Z [pod/rustfs-1/rustfs] {"timestamp":"2026-09-26T09:31:50.983327312Z","level":"INFO","message":"exit","target":"rustfs_ecstore::cluster::rpc::remote_disk","filename":"crates/ecstore/src/cluster/rpc/remote_disk.rs","line_number":967,"span":{"addr":"http://rustfs-3.rustfs-headless.rustfs.svc.cluster.local:9000","component":"ecstore","endpoint":"http://rustfs-3.rustfs-headless.rustfs.svc.cluster.local:9000/data","handle_id":"4b1feb5d-7a7c-42d6-8f45-ba01471707f5","kind":"remote_disk","subsystem":"remote_disk","name":"recovery-monitor"},"spans":[],"threadName":"rustfs-worker","threadId":"ThreadId(26)"}
execute	Execute Action	2026-09-26T09:31:51.7177894Z [pod/rustfs-1/rustfs] {"timestamp":"2026-09-26T09:31:50.983351711Z","level":"INFO","message":"enter","target":"rustfs_ecstore::cluster::rpc::remote_disk","filename":"crates/ecstore/src/cluster/rpc/remote_disk.rs","line_number":967,"span":{"addr":"http://rustfs-3.rustfs-headless.rustfs.svc.cluster.local:9000","component":"ecstore","endpoint":"http://rustfs-3.rustfs-headless.rustfs.svc.cluster.local:9000/data","handle_id":"4b1feb5d-7a7c-42d6-8f45-ba01471707f5","kind":"remote_disk","subsystem":"remote_disk","name":"recovery-monitor"},"spans":[{"name":"run"},{"addr":"http://rustfs-3.rustfs-headless.rustfs.svc.cluster.local:9000","component":"ecstore","endpoint":"http://rustfs-3.rustfs-headless.rustfs.svc.cluster.local:9000/data","handle_id":"4b1feb5d-7a7c-42d6-8f45-ba01471707f5","kind":"remote_disk","subsystem":"remote_disk","name":"recovery-monitor"}],"threadName":"rustfs-worker","threadId":"ThreadId(26)"}
execute	Execute Action	2026-09-26T09:31:51.7183481Z [pod/rustfs-1/rustfs] {"timestamp":"2026-09-26T09:31:50.983394174Z","level":"INFO","message":"exit","target":"rustfs_ecstore::cluster::rpc::remote_disk","filename":"crates/ecstore/src/cluster/rpc/remote_disk.rs","line_number":967,"span":{"addr":"http://rustfs-3.rustfs-headless.rustfs.svc.cluster.local:9000","component":"ecstore","endpoint":"http://rustfs-3.rustfs-headless.rustfs.svc.cluster.local:9000/data","handle_id":"4b1feb5d-7a7c-42d6-8f45-ba01471707f5","kind":"remote_disk","subsystem":"remote_disk","name":"recovery-monitor"},"spans":[],"threadName":"rustfs-worker","threadId":"ThreadId(26)"}
execute	Execute Action	2026-09-26T09:31:51.7188783Z [pod/rustfs-1/rustfs] {"timestamp":"2026-09-26T09:31:50.983472408Z","level":"INFO","message":"enter","target":"rustfs_ecstore::cluster::rpc::remote_disk","filename":"crates/ecstore/src/cluster/rpc/remote_disk.rs","line_number":967,"span":{"addr":"http://rustfs-2.rustfs-headless.rustfs.svc.cluster.local:9000","component":"ecstore","endpoint":"http://rustfs-2.rustfs-headless.rustfs.svc.cluster.local:9000/data","handle_id":"030cbc46-f48b-4aa2-9bb9-a8307aebbcab","kind":"remote_disk","subsystem":"remote_disk","name":"recovery-monitor"},"spans":[{"name":"run"},{"addr":"http://rustfs-2.rustfs-headless.rustfs.svc.cluster.local:9000","component":"ecstore","endpoint":"http://rustfs-2.rustfs-headless.rustfs.svc.cluster.local:9000/data","handle_id":"030cbc46-f48b-4aa2-9bb9-a8307aebbcab","kind":"remote_disk","subsystem":"remote_disk","name":"recovery-monitor"}],"threadName":"rustfs-worker","threadId":"ThreadId(27)"}
execute	Execute Action	2026-09-26T09:31:51.7194042Z [pod/rustfs-1/rustfs] {"timestamp":"2026-09-26T09:31:50.983575396Z","level":"INFO","message":"exit","target":"rustfs_ecstore::cluster::rpc::remote_disk","filename":"crates/ecstore/src/cluster/rpc/remote_disk.rs","line_number":967,"span":{"addr":"http://rustfs-2.rustfs-headless.rustfs.svc.cluster.local:9000","component":"ecstore","endpoint":"http://rustfs-2.rustfs-headless.rustfs.svc.cluster.local:9000/data","handle_id":"030cbc46-f48b-4aa2-9bb9-a8307aebbcab","kind":"remote_disk","subsystem":"remote_disk","name":"recovery-monitor"},"spans":[],"threadName":"rustfs-worker","threadId":"ThreadId(27)"}
execute	Execute Action	2026-09-26T09:31:51.7199168Z [pod/rustfs-1/rustfs] {"timestamp":"2026-09-26T09:31:50.983606637Z","level":"INFO","message":"enter","target":"rustfs_ecstore::cluster::rpc::remote_disk","filename":"crates/ecstore/src/cluster/rpc/remote_disk.rs","line_number":967,"span":{"addr":"http://rustfs-2.rustfs-headless.rustfs.svc.cluster.local:9000","component":"ecstore","endpoint":"http://rustfs-2.rustfs-headless.rustfs.svc.cluster.local:9000/data","handle_id":"030cbc46-f48b-4aa2-9bb9-a8307aebbcab","kind":"remote_disk","subsystem":"remote_disk","name":"recovery-monitor"},"spans":[{"name":"run"},{"addr":"http://rustfs-2.rustfs-headless.rustfs.svc.cluster.local:9000","component":"ecstore","endpoint":"http://rustfs-2.rustfs-headless.rustfs.svc.cluster.local:9000/data","handle_id":"030cbc46-f48b-4aa2-9bb9-a8307aebbcab","kind":"remote_disk","subsystem":"remote_disk","name":"recovery-monitor"}],"threadName":"rustfs-worker","threadId":"ThreadId(27)"}
execute	Execute Action	2026-09-26T09:31:51.7204423Z [pod/rustfs-1/rustfs] {"timestamp":"2026-09-26T09:31:50.983637399Z","level":"INFO","message":"exit","target":"rustfs_ecstore::cluster::rpc::remote_disk","filename":"crates/ecstore/src/cluster/rpc/remote_disk.rs","line_number":967,"span":{"addr":"http://rustfs-2.rustfs-headless.rustfs.svc.cluster.local:9000","component":"ecstore","endpoint":"http://rustfs-2.rustfs-headless.rustfs.svc.cluster.local:9000/data","handle_id":"030cbc46-f48b-4aa2-9bb9-a8307aebbcab","kind":"remote_disk","subsystem":"remote_disk","name":"recovery-monitor"},"spans":[],"threadName":"rustfs-worker","threadId":"ThreadId(27)"}
execute	Execute Action	2026-09-26T09:31:51.7209690Z [pod/rustfs-1/rustfs] {"timestamp":"2026-09-26T09:31:50.983973239Z","level":"INFO","message":"enter","target":"rustfs_ecstore::cluster::rpc::remote_disk","filename":"crates/ecstore/src/cluster/rpc/remote_disk.rs","line_number":967,"span":{"addr":"http://rustfs-2.rustfs-headless.rustfs.svc.cluster.local:9000","component":"ecstore","endpoint":"http://rustfs-2.rustfs-headless.rustfs.svc.cluster.local:9000/data","handle_id":"030cbc46-f48b-4aa2-9bb9-a8307aebbcab","kind":"remote_disk","subsystem":"remote_disk","name":"recovery-monitor"},"spans":[{"name":"run"},{"addr":"http://rustfs-2.rustfs-headless.rustfs.svc.cluster.local:9000","component":"ecstore","endpoint":"http://rustfs-2.rustfs-headless.rustfs.svc.cluster.local:9000/data","handle_id":"030cbc46-f48b-4aa2-9bb9-a8307aebbcab","kind":"remote_disk","subsystem":"remote_disk","name":"recovery-monitor"}],"threadName":"rustfs-worker","threadId":"ThreadId(33)"}
execute	Execute Action	2026-09-26T09:31:51.7215077Z [pod/rustfs-1/rustfs] {"timestamp":"2026-09-26T09:31:50.984014987Z","level":"INFO","message":"exit","target":"rustfs_ecstore::cluster::rpc::remote_disk","filename":"crates/ecstore/src/cluster/rpc/remote_disk.rs","line_number":967,"span":{"addr":"http://rustfs-2.rustfs-headless.rustfs.svc.cluster.local:9000","component":"ecstore","endpoint":"http://rustfs-2.rustfs-headless.rustfs.svc.cluster.local:9000/data","handle_id":"030cbc46-f48b-4aa2-9bb9-a8307aebbcab","kind":"remote_disk","subsystem":"remote_disk","name":"recovery-monitor"},"spans":[],"threadName":"rustfs-worker","threadId":"ThreadId(33)"}
execute	Execute Action	2026-09-26T09:31:51.7220832Z [pod/rustfs-1/rustfs] {"timestamp":"2026-09-26T09:31:50.984048987Z","level":"INFO","message":"enter","target":"rustfs_ecstore::cluster::rpc::remote_disk","filename":"crates/ecstore/src/cluster/rpc/remote_disk.rs","line_number":967,"span":{"addr":"http://rustfs-2.rustfs-headless.rustfs.svc.cluster.local:9000","component":"ecstore","endpoint":"http://rustfs-2.rustfs-headless.rustfs.svc.cluster.local:9000/data","handle_id":"030cbc46-f48b-4aa2-9bb9-a8307aebbcab","kind":"remote_disk","subsystem":"remote_disk","name":"recovery-monitor"},"spans":[{"name":"run"},{"addr":"http://rustfs-2.rustfs-headless.rustfs.svc.cluster.local:9000","component":"ecstore","endpoint":"http://rustfs-2.rustfs-headless.rustfs.svc.cluster.local:9000/data","handle_id":"030cbc46-f48b-4aa2-9bb9-a8307aebbcab","kind":"remote_disk","subsystem":"remote_disk","name":"recovery-monitor"}],"threadName":"rustfs-worker","threadId":"ThreadId(33)"}
execute	Execute Action	2026-09-26T09:31:51.7225982Z [pod/rustfs-1/rustfs] {"timestamp":"2026-09-26T09:31:50.984084251Z","level":"INFO","message":"exit","target":"rustfs_ecstore::cluster::rpc::remote_disk","filename":"crates/ecstore/src/cluster/rpc/remote_disk.rs","line_number":967,"span":{"addr":"http://rustfs-2.rustfs-headless.rustfs.svc.cluster.local:9000","component":"ecstore","endpoint":"http://rustfs-2.rustfs-headless.rustfs.svc.cluster.local:9000/data","handle_id":"030cbc46-f48b-4aa2-9bb9-a8307aebbcab","kind":"remote_disk","subsystem":"remote_disk","name":"recovery-monitor"},"spans":[],"threadName":"rustfs-worker","threadId":"ThreadId(33)"}
execute	Execute Action	2026-09-26T09:31:51.7231219Z [pod/rustfs-1/rustfs] {"timestamp":"2026-09-26T09:31:50.984118247Z","level":"INFO","message":"enter","target":"rustfs_ecstore::cluster::rpc::remote_disk","filename":"crates/ecstore/src/cluster/rpc/remote_disk.rs","line_number":967,"span":{"addr":"http://rustfs-2.rustfs-headless.rustfs.svc.cluster.local:9000","component":"ecstore","endpoint":"http://rustfs-2.rustfs-headless.rustfs.svc.cluster.local:9000/data","handle_id":"030cbc46-f48b-4aa2-9bb9-a8307aebbcab","kind":"remote_disk","subsystem":"remote_disk","name":"recovery-monitor"},"spans":[{"name":"run"},{"addr":"http://rustfs-2.rustfs-headless.rustfs.svc.cluster.local:9000","component":"ecstore","endpoint":"http://rustfs-2.rustfs-headless.rustfs.svc.cluster.local:9000/data","handle_id":"030cbc46-f48b-4aa2-9bb9-a8307aebbcab","kind":"remote_disk","subsystem":"remote_disk","name":"recovery-monitor"}],"threadName":"rustfs-worker","threadId":"ThreadId(33)"}
execute	Execute Action	2026-09-26T09:31:51.8751728Z [pod/rustfs-1/rustfs] {"timestamp":"2026-09-26T09:31:50.984131408Z","level":"INFO","message":"enter","target":"rustfs_ecstore::cluster::rpc::remote_disk","filename":"crates/ecstore/src/cluster/rpc/remote_disk.rs","line_number":967,"span":{"addr":"http://rustfs-3.rustfs-headless.rustfs.svc.cluster.local:9000","component":"ecstore","endpoint":"http://rustfs-3.rustfs-headless.rustfs.svc.cluster.local:9000/data","handle_id":"4b1feb5d-7a7c-42d6-8f45-ba01471707f5","kind":"remote_disk","subsystem":"remote_disk","name":"recovery-monitor"},"spans":[{"name":"run"},{"addr":"http://rustfs-3.rustfs-headless.rustfs.svc.cluster.local:9000","component":"ecstore","endpoint":"http://rustfs-3.rustfs-headless.rustfs.svc.cluster.local:9000/data","handle_id":"4b1feb5d-7a7c-42d6-8f45-ba01471707f5","kind":"remote_disk","subsystem":"remote_disk","name":"recovery-monitor"}],"threadName":"rustfs-worker","threadId":"ThreadId(26)"}
execute	Execute Action	2026-09-26T09:31:51.8760986Z [pod/rustfs-1/rustfs] {"timestamp":"2026-09-26T09:31:50.984194891Z","level":"INFO","message":"exit","target":"rustfs_ecstore::cluster::rpc::remote_disk","filename":"crates/ecstore/src/cluster/rpc/remote_disk.rs","line_number":967,"span":{"addr":"http://rustfs-2.rustfs-headless.rustfs.svc.cluster.local:9000","component":"ecstore","endpoint":"http://rustfs-2.rustfs-headless.rustfs.svc.cluster.local:9000/data","handle_id":"030cbc46-f48b-4aa2-9bb9-a8307aebbcab","kind":"remote_disk","subsystem":"remote_disk","name":"recovery-monitor"},"spans":[],"threadName":"rustfs-worker","threadId":"ThreadId(33)"}
execute	Execute Action	2026-09-26T09:31:51.8765386Z [pod/rustfs-1/rustfs] {"timestamp":"2026-09-26T09:31:50.984194536Z","level":"INFO","message":"exit","target":"rustfs_ecstore::cluster::rpc::remote_disk","filename":"crates/ecstore/src/cluster/rpc/remote_disk.rs","line_number":967,"span":{"addr":"http://rustfs-3.rustfs-headless.rustfs.svc.cluster.local:9000","component":"ecstore","endpoint":"http://rustfs-3.rustfs-headless.rustfs.svc.cluster.local:9000/data","handle_id":"4b1feb5d-7a7c-42d6-8f45-ba01471707f5","kind":"remote_disk","subsystem":"remote_disk","name":"recovery-monitor"},"spans":[],"threadName":"rustfs-worker","threadId":"ThreadId(26)"}
execute	Execute Action	2026-09-26T09:31:51.8770587Z [pod/rustfs-1/rustfs] {"timestamp":"2026-09-26T09:31:50.984232617Z","level":"INFO","message":"enter","target":"rustfs_ecstore::cluster::rpc::remote_disk","filename":"crates/ecstore/src/cluster/rpc/remote_disk.rs","line_number":967,"span":{"addr":"http://rustfs-3.rustfs-headless.rustfs.svc.cluster.local:9000","component":"ecstore","endpoint":"http://rustfs-3.rustfs-headless.rustfs.svc.cluster.local:9000/data","handle_id":"4b1feb5d-7a7c-42d6-8f45-ba01471707f5","kind":"remote_disk","subsystem":"remote_disk","name":"recovery-monitor"},"spans":[{"name":"run"},{"addr":"http://rustfs-3.rustfs-headless.rustfs.svc.cluster.local:9000","component":"ecstore","endpoint":"http://rustfs-3.rustfs-headless.rustfs.svc.cluster.local:9000/data","handle_id":"4b1feb5d-7a7c-42d6-8f45-ba01471707f5","kind":"remote_disk","subsystem":"remote_disk","name":"recovery-monitor"}],"threadName":"rustfs-worker","threadId":"ThreadId(26)"}
execute	Execute Action	2026-09-26T09:31:51.8775673Z [pod/rustfs-1/rustfs] {"timestamp":"2026-09-26T09:31:50.984270065Z","level":"INFO","message":"exit","target":"rustfs_ecstore::cluster::rpc::remote_disk","filename":"crates/ecstore/src/cluster/rpc/remote_disk.rs","line_number":967,"span":{"addr":"http://rustfs-3.rustfs-headless.rustfs.svc.cluster.local:9000","component":"ecstore","endpoint":"http://rustfs-3.rustfs-headless.rustfs.svc.cluster.local:9000/data","handle_id":"4b1feb5d-7a7c-42d6-8f45-ba01471707f5","kind":"remote_disk","subsystem":"remote_disk","name":"recovery-monitor"},"spans":[],"threadName":"rustfs-worker","threadId":"ThreadId(26)"}
execute	Execute Action	2026-09-26T09:31:51.8785059Z [pod/rustfs-1/rustfs] {"timestamp":"2026-09-26T09:31:50.984305212Z","level":"INFO","message":"enter","target":"rustfs_ecstore::cluster::rpc::remote_disk","filename":"crates/ecstore/src/cluster/rpc/remote_disk.rs","line_number":967,"span":{"addr":"http://rustfs-3.rustfs-headless.rustfs.svc.cluster.local:9000","component":"ecstore","endpoint":"http://rustfs-3.rustfs-headless.rustfs.svc.cluster.local:9000/data","handle_id":"4b1feb5d-7a7c-42d6-8f45-ba01471707f5","kind":"remote_disk","subsystem":"remote_disk","name":"recovery-monitor"},"spans":[{"name":"run"},{"addr":"http://rustfs-3.rustfs-headless.rustfs.svc.cluster.local:9000","component":"ecstore","endpoint":"http://rustfs-3.rustfs-headless.rustfs.svc.cluster.local:9000/data","handle_id":"4b1feb5d-7a7c-42d6-8f45-ba01471707f5","kind":"remote_disk","subsystem":"remote_disk","name":"recovery-monitor"}],"threadName":"rustfs-worker","threadId":"ThreadId(26)"}
execute	Execute Action	2026-09-26T09:31:51.8794378Z [pod/rustfs-1/rustfs] {"timestamp":"2026-09-26T09:31:50.984341871Z","level":"INFO","message":"exit","target":"rustfs_ecstore::cluster::rpc::remote_disk","filename":"crates/ecstore/src/cluster/rpc/remote_disk.rs","line_number":967,"span":{"addr":"http://rustfs-3.rustfs-headless.rustfs.svc.cluster.local:9000","component":"ecstore","endpoint":"http://rustfs-3.rustfs-headless.rustfs.svc.cluster.local:9000/data","handle_id":"4b1feb5d-7a7c-42d6-8f45-ba01471707f5","kind":"remote_disk","subsystem":"remote_disk","name":"recovery-monitor"},"spans":[],"threadName":"rustfs-worker","threadId":"ThreadId(26)"}
execute	Execute Action	2026-09-26T09:31:51.8801897Z [pod/rustfs-1/rustfs] {"timestamp":"2026-09-26T09:31:50.985009378Z","level":"INFO","message":"enter","target":"rustfs_ecstore::cluster::rpc::remote_disk","filename":"crates/ecstore/src/cluster/rpc/remote_disk.rs","line_number":967,"span":{"addr":"http://rustfs-3.rustfs-headless.rustfs.svc.cluster.local:9000","component":"ecstore","endpoint":"http://rustfs-3.rustfs-headless.rustfs.svc.cluster.local:9000/data","handle_id":"4b1feb5d-7a7c-42d6-8f45-ba01471707f5","kind":"remote_disk","subsystem":"remote_disk","name":"recovery-monitor"},"spans":[{"name":"run"},{"addr":"http://rustfs-3.rustfs-headless.rustfs.svc.cluster.local:9000","component":"ecstore","endpoint":"http://rustfs-3.rustfs-headless.rustfs.svc.cluster.local:9000/data","handle_id":"4b1feb5d-7a7c-42d6-8f45-ba01471707f5","kind":"remote_disk","subsystem":"remote_disk","name":"recovery-monitor"}],"threadName":"rustfs-worker","threadId":"ThreadId(26)"}
execute	Execute Action	2026-09-26T09:31:51.8812096Z [pod/rustfs-1/rustfs] {"timestamp":"2026-09-26T09:31:50.985005991Z","level":"INFO","message":"enter","target":"rustfs_ecstore::cluster::rpc::remote_disk","filename":"crates/ecstore/src/cluster/rpc/remote_disk.rs","line_number":967,"span":{"addr":"http://rustfs-2.rustfs-headless.rustfs.svc.cluster.local:9000","component":"ecstore","endpoint":"http://rustfs-2.rustfs-headless.rustfs.svc.cluster.local:9000/data","handle_id":"030cbc46-f48b-4aa2-9bb9-a8307aebbcab","kind":"remote_disk","subsystem":"remote_disk","name":"recovery-monitor"},"spans":[{"name":"run"},{"addr":"http://rustfs-2.rustfs-headless.rustfs.svc.cluster.local:9000","component":"ecstore","endpoint":"http://rustfs-2.rustfs-headless.rustfs.svc.cluster.local:9000/data","handle_id":"030cbc46-f48b-4aa2-9bb9-a8307aebbcab","kind":"remote_disk","subsystem":"remote_disk","name":"recovery-monitor"}],"threadName":"rustfs-worker","threadId":"ThreadId(33)"}
execute	Execute Action	2026-09-26T09:31:51.8820537Z [pod/rustfs-1/rustfs] {"timestamp":"2026-09-26T09:31:50.985086534Z","level":"INFO","message":"exit","target":"rustfs_ecstore::cluster::rpc::remote_disk","filename":"crates/ecstore/src/cluster/rpc/remote_disk.rs","line_number":967,"span":{"addr":"http://rustfs-3.rustfs-headless.rustfs.svc.cluster.local:9000","component":"ecstore","endpoint":"http://rustfs-3.rustfs-headless.rustfs.svc.cluster.local:9000/data","handle_id":"4b1feb5d-7a7c-42d6-8f45-ba01471707f5","kind":"remote_disk","subsystem":"remote_disk","name":"recovery-monitor"},"spans":[],"threadName":"rustfs-worker","threadId":"ThreadId(26)"}
execute	Execute Action	2026-09-26T09:31:51.8825699Z [pod/rustfs-1/rustfs] {"timestamp":"2026-09-26T09:31:50.985098384Z","level":"INFO","message":"exit","target":"rustfs_ecstore::cluster::rpc::remote_disk","filename":"crates/ecstore/src/cluster/rpc/remote_disk.rs","line_number":967,"span":{"addr":"http://rustfs-2.rustfs-headless.rustfs.svc.cluster.local:9000","component":"ecstore","endpoint":"http://rustfs-2.rustfs-headless.rustfs.svc.cluster.local:9000/data","handle_id":"030cbc46-f48b-4aa2-9bb9-a8307aebbcab","kind":"remote_disk","subsystem":"remote_disk","name":"recovery-monitor"},"spans":[],"threadName":"rustfs-worker","threadId":"ThreadId(33)"}
execute	Execute Action	2026-09-26T09:31:51.8832459Z [pod/rustfs-1/rustfs] {"timestamp":"2026-09-26T09:31:50.985140259Z","level":"INFO","message":"enter","target":"rustfs_ecstore::cluster::rpc::remote_disk","filename":"crates/ecstore/src/cluster/rpc/remote_disk.rs","line_number":967,"span":{"addr":"http://rustfs-2.rustfs-headless.rustfs.svc.cluster.local:9000","component":"ecstore","endpoint":"http://rustfs-2.rustfs-headless.rustfs.svc.cluster.local:9000/data","handle_id":"030cbc46-f48b-4aa2-9bb9-a8307aebbcab","kind":"remote_disk","subsystem":"remote_disk","name":"recovery-monitor"},"spans":[{"name":"run"},{"addr":"http://rustfs-2.rustfs-headless.rustfs.svc.cluster.local:9000","component":"ecstore","endpoint":"http://rustfs-2.rustfs-headless.rustfs.svc.cluster.local:9000/data","handle_id":"030cbc46-f48b-4aa2-9bb9-a8307aebbcab","kind":"remote_disk","subsystem":"remote_disk","name":"recovery-monitor"}],"threadName":"rustfs-worker","threadId":"ThreadId(33)"}
execute	Execute Action	2026-09-26T09:31:51.8839066Z [pod/rustfs-1/rustfs] {"timestamp":"2026-09-26T09:31:50.985190589Z","level":"INFO","message":"exit","target":"rustfs_ecstore::cluster::rpc::remote_disk","filename":"crates/ecstore/src/cluster/rpc/remote_disk.rs","line_number":967,"span":{"addr":"http://rustfs-2.rustfs-headless.rustfs.svc.cluster.local:9000","component":"ecstore","endpoint":"http://rustfs-2.rustfs-headless.rustfs.svc.cluster.local:9000/data","handle_id":"030cbc46-f48b-4aa2-9bb9-a8307aebbcab","kind":"remote_disk","subsystem":"remote_disk","name":"recovery-monitor"},"spans":[],"threadName":"rustfs-worker","threadId":"ThreadId(33)"}
execute	Execute Action	2026-09-26T09:31:51.8845782Z [pod/rustfs-1/rustfs] {"timestamp":"2026-09-26T09:31:50.98522749Z","level":"INFO","message":"enter","target":"rustfs_ecstore::cluster::rpc::remote_disk","filename":"crates/ecstore/src/cluster/rpc/remote_disk.rs","line_number":967,"span":{"addr":"http://rustfs-3.rustfs-headless.rustfs.svc.cluster.local:9000","component":"ecstore","endpoint":"http://rustfs-3.rustfs-headless.rustfs.svc.cluster.local:9000/data","handle_id":"4b1feb5d-7a7c-42d6-8f45-ba01471707f5","kind":"remote_disk","subsystem":"remote_disk","name":"recovery-monitor"},"spans":[{"name":"run"},{"addr":"http://rustfs-3.rustfs-headless.rustfs.svc.cluster.local:9000","component":"ecstore","endpoint":"http://rustfs-3.rustfs-headless.rustfs.svc.cluster.local:9000/data","handle_id":"4b1feb5d-7a7c-42d6-8f45-ba01471707f5","kind":"remote_disk","subsystem":"remote_disk","name":"recovery-monitor"}],"threadName":"rustfs-worker","threadId":"ThreadId(31)"}
execute	Execute Action	2026-09-26T09:31:51.8853024Z [pod/rustfs-1/rustfs] {"timestamp":"2026-09-26T09:31:50.985271725Z","level":"INFO","message":"exit","target":"rustfs_ecstore::cluster::rpc::remote_disk","filename":"crates/ecstore/src/cluster/rpc/remote_disk.rs","line_number":967,"span":{"addr":"http://rustfs-3.rustfs-headless.rustfs.svc.cluster.local:9000","component":"ecstore","endpoint":"http://rustfs-3.rustfs-headless.rustfs.svc.cluster.local:9000/data","handle_id":"4b1feb5d-7a7c-42d6-8f45-ba01471707f5","kind":"remote_disk","subsystem":"remote_disk","name":"recovery-monitor"},"spans":[],"threadName":"rustfs-worker","threadId":"ThreadId(31)"}
execute	Execute Action	2026-09-26T09:31:51.8859159Z [pod/rustfs-1/rustfs] {"timestamp":"2026-09-26T09:31:50.985264793Z","level":"INFO","message":"enter","target":"rustfs_ecstore::cluster::rpc::remote_disk","filename":"crates/ecstore/src/cluster/rpc/remote_disk.rs","line_number":967,"span":{"addr":"http://rustfs-2.rustfs-headless.rustfs.svc.cluster.local:9000","component":"ecstore","endpoint":"http://rustfs-2.rustfs-headless.rustfs.svc.cluster.local:9000/data","handle_id":"030cbc46-f48b-4aa2-9bb9-a8307aebbcab","kind":"remote_disk","subsystem":"remote_disk","name":"recovery-monitor"},"spans":[{"name":"run"},{"addr":"http://rustfs-2.rustfs-headless.rustfs.svc.cluster.local:9000","component":"ecstore","endpoint":"http://rustfs-2.rustfs-headless.rustfs.svc.cluster.local:9000/data","handle_id":"030cbc46-f48b-4aa2-9bb9-a8307aebbcab","kind":"remote_disk","subsystem":"remote_disk","name":"recovery-monitor"}],"threadName":"rustfs-worker","threadId":"ThreadId(33)"}
execute	Execute Action	2026-09-26T09:31:51.8866168Z [pod/rustfs-1/rustfs] {"timestamp":"2026-09-26T09:31:50.98530824Z","level":"INFO","message":"exit","target":"rustfs_ecstore::cluster::rpc::remote_disk","filename":"crates/ecstore/src/cluster/rpc/remote_disk.rs","line_number":967,"span":{"addr":"http://rustfs-2.rustfs-headless.rustfs.svc.cluster.local:9000","component":"ecstore","endpoint":"http://rustfs-2.rustfs-headless.rustfs.svc.cluster.local:9000/data","handle_id":"030cbc46-f48b-4aa2-9bb9-a8307aebbcab","kind":"remote_disk","subsystem":"remote_disk","name":"recovery-monitor"},"spans":[],"threadName":"rustfs-worker","threadId":"ThreadId(33)"}
execute	Execute Action	2026-09-26T09:31:51.8873080Z [pod/rustfs-1/rustfs] {"timestamp":"2026-09-26T09:31:50.98542252Z","level":"INFO","message":"enter","target":"rustfs_ecstore::cluster::rpc::remote_disk","filename":"crates/ecstore/src/cluster/rpc/remote_disk.rs","line_number":967,"span":{"addr":"http://rustfs-2.rustfs-headless.rustfs.svc.cluster.local:9000","component":"ecstore","endpoint":"http://rustfs-2.rustfs-headless.rustfs.svc.cluster.local:9000/data","handle_id":"030cbc46-f48b-4aa2-9bb9-a8307aebbcab","kind":"remote_disk","subsystem":"remote_disk","name":"recovery-monitor"},"spans":[{"name":"run"},{"addr":"http://rustfs-2.rustfs-headless.rustfs.svc.cluster.local:9000","component":"ecstore","endpoint":"http://rustfs-2.rustfs-headless.rustfs.svc.cluster.local:9000/data","handle_id":"030cbc46-f48b-4aa2-9bb9-a8307aebbcab","kind":"remote_disk","subsystem":"remote_disk","name":"recovery-monitor"}],"threadName":"rustfs-worker","threadId":"ThreadId(31)"}
execute	Execute Action	2026-09-26T09:31:51.8882101Z [pod/rustfs-1/rustfs] {"timestamp":"2026-09-26T09:31:50.985465213Z","level":"INFO","message":"exit","target":"rustfs_ecstore::cluster::rpc::remote_disk","filename":"crates/ecstore/src/cluster/rpc/remote_disk.rs","line_number":967,"span":{"addr":"http://rustfs-2.rustfs-headless.rustfs.svc.cluster.local:9000","component":"ecstore","endpoint":"http://rustfs-2.rustfs-headless.rustfs.svc.cluster.local:9000/data","handle_id":"030cbc46-f48b-4aa2-9bb9-a8307aebbcab","kind":"remote_disk","subsystem":"remote_disk","name":"recovery-monitor"},"spans":[],"threadName":"rustfs-worker","threadId":"ThreadId(31)"}
execute	Execute Action	2026-09-26T09:31:51.8886835Z [pod/rustfs-1/rustfs] {"timestamp":"2026-09-26T09:31:50.985632283Z","level":"INFO","message":"enter","target":"rustfs::startup_entrypoint","filename":"rustfs/src/startup_entrypoint.rs","line_number":1721,"span":{"name":"run"},"spans":[{"name":"run"}],"threadName":"rustfs-worker","threadId":"ThreadId(29)"}
execute	Execute Action	2026-09-26T09:31:51.8889315Z [pod/rustfs-1/rustfs] {"timestamp":"2026-09-26T09:31:50.985858176Z","level":"INFO","message":"exit","target":"rustfs::startup_entrypoint","filename":"rustfs/src/startup_entrypoint.rs","line_number":1721,"span":{"name":"run"},"spans":[],"threadName":"rustfs-worker","threadId":"ThreadId(29)"}
execute	Execute Action	2026-09-26T09:31:51.8891829Z [pod/rustfs-1/rustfs] {"timestamp":"2026-09-26T09:31:50.986003883Z","level":"INFO","message":"enter","target":"rustfs::startup_entrypoint","filename":"rustfs/src/startup_entrypoint.rs","line_number":1721,"span":{"name":"run"},"spans":[{"name":"run"}],"threadName":"rustfs-worker","threadId":"ThreadId(29)"}
execute	Execute Action	2026-09-26T09:31:51.8893762Z [pod/rustfs-1/rustfs] {"timestamp":"2026-09-26T09:31:50.98610285Z","level":"INFO","message":"exit","target":"rustfs::startup_entrypoint","filename":"rustfs/src/startup_entrypoint.rs","line_number":1721,"span":{"name":"run"},"spans":[],"threadName":"rustfs-worker","threadId":"ThreadId(29)"}
execute	Execute Action	2026-09-26T09:31:51.8896043Z [pod/rustfs-1/rustfs] {"timestamp":"2026-09-26T09:31:50.98635962Z","level":"INFO","message":"enter","target":"rustfs::startup_entrypoint","filename":"rustfs/src/startup_entrypoint.rs","line_number":1721,"span":{"name":"run"},"spans":[{"name":"run"}],"threadName":"rustfs-worker","threadId":"ThreadId(29)"}
execute	Execute Action	2026-09-26T09:31:51.8897955Z [pod/rustfs-1/rustfs] {"timestamp":"2026-09-26T09:31:50.986580967Z","level":"INFO","message":"exit","target":"rustfs::startup_entrypoint","filename":"rustfs/src/startup_entrypoint.rs","line_number":1721,"span":{"name":"run"},"spans":[],"threadName":"rustfs-worker","threadId":"ThreadId(29)"}
execute	Execute Action	2026-09-26T09:31:51.8901065Z [pod/rustfs-1/rustfs] {"timestamp":"2026-09-26T09:31:50.988128953Z","level":"INFO","message":"remote release for datalake/tables/305c440c-c4c6-4821-b74a-504dd009c463/data/day=2026-09-25/00000-0-bf4ee273-6e7a-4ef2-8a83-b09a66b10ed5.parquet@latest:d2f47bfa-15e3-46b5-92d4-b93fc1383d91","target":"rustfs_ecstore::cluster::rpc::remote_locker","filename":"crates/ecstore/src/cluster/rpc/remote_locker.rs","line_number":779,"threadName":"rustfs-worker","threadId":"ThreadId(29)"}
execute	Execute Action	2026-09-26T09:31:51.8904282Z [pod/rustfs-1/rustfs] {"timestamp":"2026-09-26T09:31:50.988427654Z","level":"INFO","message":"enter","target":"rustfs::startup_entrypoint","filename":"rustfs/src/startup_entrypoint.rs","line_number":1721,"span":{"name":"run"},"spans":[{"name":"run"}],"threadName":"rustfs-worker","threadId":"ThreadId(31)"}
execute	Execute Action	2026-09-26T09:31:51.8907579Z [pod/rustfs-1/rustfs] {"timestamp":"2026-09-26T09:31:50.988454069Z","level":"INFO","message":"exit","target":"rustfs::startup_entrypoint","filename":"rustfs/src/startup_entrypoint.rs","line_number":1721,"span":{"name":"run"},"spans":[],"threadName":"rustfs-worker","threadId":"ThreadId(31)"}
execute	Execute Action	2026-09-26T09:31:51.8909287Z → recent jobs in *** (last 4)
execute	Execute Action	2026-09-26T09:31:53.7951144Z generator-batch-29840175             Failed     0/1           44m        44m
execute	Execute Action	2026-09-26T09:31:53.7952261Z manual-maintenance-20260926-085159   Failed     0/1           39m        39m
execute	Execute Action	2026-09-26T09:31:53.7953393Z manual-maintenance-20260926-091315   Running    0/1           18m        18m
execute	Execute Action	2026-09-26T09:31:53.7954807Z generator-batch-29840235             Failed     0/1           16m        16m
execute	Execute Action	2026-09-26T09:31:55.5387128Z → job job.batch/manual-maintenance-20260926-091315
execute	Execute Action	2026-09-26T09:31:55.5757956Z error: there is no need to specify a resource type as a separate argument when passing arguments in resource/name form (e.g. 'kubectl get resource/<resource_name>' instead of 'kubectl get resource resource/<resource_name>'
execute	Execute Action	2026-09-26T09:31:56.3278071Z Error from server (BadRequest): Unable to find "/v1, Resource=pods" that match label selector "job-name=job.batch/manual-maintenance-20260926-091315", field selector "": unable to parse requirement: values[0][job-name]: Invalid value: "job.batch/manual-maintenance-20260926-091315": a valid label must be an empty string or consist of alphanumeric characters, '-', '_' or '.', and must start and end with an alphanumeric character (e.g. 'MyValue',  or 'my_value',  or '12345', regex used for validation is '(([A-Za-z0-9][-A-Za-z0-9_.]*)?[A-Za-z0-9])?')
execute	Execute Action	2026-09-26T09:31:56.3283658Z → job job.batch/generator-batch-29840235
execute	Execute Action	2026-09-26T09:31:56.3654475Z error: there is no need to specify a resource type as a separate argument when passing arguments in resource/name form (e.g. 'kubectl get resource/<resource_name>' instead of 'kubectl get resource resource/<resource_name>'
execute	Execute Action	2026-09-26T09:31:57.1222193Z Error from server (BadRequest): Unable to find "/v1, Resource=pods" that match label selector "job-name=job.batch/generator-batch-29840235", field selector "": unable to parse requirement: values[0][job-name]: Invalid value: "job.batch/generator-batch-29840235": a valid label must be an empty string or consist of alphanumeric characters, '-', '_' or '.', and must start and end with an alphanumeric character (e.g. 'MyValue',  or 'my_value',  or '12345', regex used for validation is '(([A-Za-z0-9][-A-Za-z0-9_.]*)?[A-Za-z0-9])?')
execute	Post Setup Tailscale	﻿2026-09-26T09:31:57.1391450Z Post job cleanup.
execute	Post Setup Tailscale	2026-09-26T09:31:57.2035330Z ##[group]Cleaning up Tailscale
execute	Post Setup Tailscale	2026-09-26T09:31:57.2037673Z 🔄 Logging out of Tailscale...
execute	Post Setup Tailscale	2026-09-26T09:31:57.2177462Z Running: sudo -E tailscale logout
execute	Post Setup Tailscale	2026-09-26T09:31:57.4804330Z ✅ Successfully logged out of Tailscale
execute	Post Setup Tailscale	2026-09-26T09:31:57.4805152Z Stopping tailscale
execute	Post Setup Tailscale	2026-09-26T09:31:57.6639726Z ✅ Stopped tailscale
execute	Post Setup Tailscale	2026-09-26T09:31:57.6641045Z ##[endgroup]
execute	Post Run actions/checkout@v4	﻿2026-09-26T09:31:57.6782883Z Post job cleanup.
execute	Post Run actions/checkout@v4	2026-09-26T09:31:57.7661939Z [command]/usr/bin/git version
execute	Post Run actions/checkout@v4	2026-09-26T09:31:57.7704724Z git version 2.55.0
execute	Post Run actions/checkout@v4	2026-09-26T09:31:57.7745488Z Temporarily overriding HOME='/home/runner/work/_temp/309511e2-a438-4c37-877f-7d3cdd5920d0' before making global git config changes
execute	Post Run actions/checkout@v4	2026-09-26T09:31:57.7747364Z Adding repository directory to the temporary git global config as a safe directory
execute	Post Run actions/checkout@v4	2026-09-26T09:31:57.7751936Z [command]/usr/bin/git config --global --add safe.directory /home/runner/work/***/***
execute	Post Run actions/checkout@v4	2026-09-26T09:31:57.7791776Z [command]/usr/bin/git config --local --name-only --get-regexp core\.sshCommand
execute	Post Run actions/checkout@v4	2026-09-26T09:31:57.7829556Z [command]/usr/bin/git submodule foreach --recursive sh -c "git config --local --name-only --get-regexp 'core\.sshCommand' && git config --local --unset-all 'core.sshCommand' || :"
execute	Post Run actions/checkout@v4	2026-09-26T09:31:57.8156272Z [command]/usr/bin/git config --local --name-only --get-regexp http\.https\:\/\/github\.com\/\.extraheader
execute	Post Run actions/checkout@v4	2026-09-26T09:31:57.8195800Z http.https://github.com/.extraheader
execute	Post Run actions/checkout@v4	2026-09-26T09:31:57.8213204Z [command]/usr/bin/git config --local --unset-all http.https://github.com/.extraheader
execute	Post Run actions/checkout@v4	2026-09-26T09:31:57.8261446Z [command]/usr/bin/git submodule foreach --recursive sh -c "git config --local --name-only --get-regexp 'http\.https\:\/\/github\.com\/\.extraheader' && git config --local --unset-all 'http.https://github.com/.extraheader' || :"
execute	Post Run actions/checkout@v4	2026-09-26T09:31:57.8632867Z [command]/usr/bin/git config --local --name-only --get-regexp ^includeIf\.gitdir:
execute	Post Run actions/checkout@v4	2026-09-26T09:31:57.8689068Z [command]/usr/bin/git submodule foreach --recursive git config --local --show-origin --name-only --get-regexp remote.origin.url
execute	Complete job	﻿2026-09-26T09:31:57.9117841Z Cleaning up orphan processes
execute	Complete job	2026-09-26T09:31:57.9428747Z ##[warning]Node.js 20 is deprecated. The following actions target Node.js 20 but are being forced to run on Node.js 24: actions/checkout@v4, azure/setup-helm@v4, azure/setup-kubectl@v4. For more information see: https://github.blog/changelog/2025-09-19-deprecation-of-node-20-on-github-actions-runners/
