execute	Set up job	﻿2026-09-26T07:26:31.9170861Z Current runner version: '2.337.0'
execute	Set up job	2026-09-26T07:26:31.9199170Z Hosted Compute Agent
execute	Set up job	2026-09-26T07:26:31.9200253Z Version: 20260828.587
execute	Set up job	2026-09-26T07:26:31.9201194Z Commit: abac92662cab4cc7352de4f9f9d2e2419aad9c29
execute	Set up job	2026-09-26T07:26:31.9202183Z Build Date: 2026-08-28T16:44:25Z
execute	Set up job	2026-09-26T07:26:31.9203070Z Worker ID: {62c58a18-fce6-43d6-bb19-e03da10c47e4}
execute	Set up job	2026-09-26T07:26:31.9204034Z Azure Region: westus3
execute	Set up job	2026-09-26T07:26:31.9207393Z Ubuntu
execute	Set up job	2026-09-26T07:26:31.9208134Z 24.04.5
execute	Set up job	2026-09-26T07:26:31.9208819Z LTS
execute	Set up job	2026-09-26T07:26:31.9211193Z Image: ubuntu-24.04
execute	Set up job	2026-09-26T07:26:31.9211984Z Version: 20260920.314.1
execute	Set up job	2026-09-26T07:26:31.9213208Z Included Software: https://github.com/actions/runner-images/blob/ubuntu24/20260920.314/images/ubuntu/Ubuntu2404-Readme.md
execute	Set up job	2026-09-26T07:26:31.9215068Z Image Release: https://github.com/actions/runner-images/releases/tag/ubuntu24%2F20260920.314
execute	Set up job	2026-09-26T07:26:31.9220183Z Contents: read
execute	Set up job	2026-09-26T07:26:31.9221133Z Metadata: read
execute	Set up job	2026-09-26T07:26:31.9221890Z Packages: read
execute	Set up job	2026-09-26T07:26:31.9225084Z Secret source: Actions
execute	Set up job	2026-09-26T07:26:31.9226328Z Cache mode: write
execute	Set up job	2026-09-26T07:26:31.9227205Z Prepare workflow directory
execute	Set up job	2026-09-26T07:26:31.9756630Z Prepare all required actions
execute	Set up job	2026-09-26T07:26:31.9806127Z Getting action download info
execute	Set up job	2026-09-26T07:26:32.3050898Z Download action repository 'actions/checkout@v4' (SHA:11d5960a326750d5838078e36cf38b85af677262)
execute	Set up job	2026-09-26T07:26:32.4027951Z Download action repository 'azure/setup-kubectl@v4' (SHA:776406bce94f63e41d621b960d78ee25c8b76ede)
execute	Set up job	2026-09-26T07:26:32.7900510Z Download action repository 'azure/setup-helm@v4' (SHA:1a275c3b69536ee54be43f2070a358922e12c8d4)
execute	Set up job	2026-09-26T07:26:33.2730649Z Download action repository 'tailscale/github-action@v4' (SHA:d1b6cd204f8dceda5b3eaad7f1f767be390056cd)
execute	Set up job	2026-09-26T07:26:34.0196528Z Complete job name: execute
execute	Validate module	2026-09-26T07:26:34.0960331Z shell: /usr/bin/bash -e {0}
execute	Validate module	2026-09-26T07:26:34.0961242Z env:
execute	Validate module	2026-09-26T07:26:34.0961732Z   MODULE_PATH: maintenance
execute	Validate module	2026-09-26T07:26:34.0962237Z   K8S_ACTION: trigger
execute	Validate module	2026-09-26T07:26:34.0963149Z   RUSTFS_ACCESS_KEY: ***
execute	Validate module	2026-09-26T07:26:34.0963685Z   RUSTFS_SECRET_KEY: ***
execute	Validate module	2026-09-26T07:26:34.0964327Z   DUCKFLIGHT_USER: ***
execute	Validate module	2026-09-26T07:26:34.0965116Z   DUCKFLIGHT_PASSWORD: ***
execute	Run actions/checkout@v4	2026-09-26T07:26:34.1304713Z with:
execute	Run actions/checkout@v4	2026-09-26T07:26:34.1305316Z   repository: daun-gatal/***
execute	Run actions/checkout@v4	2026-09-26T07:26:34.1308766Z   token: ***
execute	Run actions/checkout@v4	2026-09-26T07:26:34.1309248Z   ssh-strict: true
execute	Run actions/checkout@v4	2026-09-26T07:26:34.1310060Z   ssh-*** git
execute	Run actions/checkout@v4	2026-09-26T07:26:34.1310593Z   persist-credentials: true
execute	Run actions/checkout@v4	2026-09-26T07:26:34.1311125Z   clean: true
execute	Run actions/checkout@v4	2026-09-26T07:26:34.1311620Z   sparse-checkout-cone-mode: true
execute	Run actions/checkout@v4	2026-09-26T07:26:34.1312182Z   fetch-depth: 1
execute	Run actions/checkout@v4	2026-09-26T07:26:34.1312651Z   fetch-tags: false
execute	Run actions/checkout@v4	2026-09-26T07:26:34.1313130Z   show-progress: true
execute	Run actions/checkout@v4	2026-09-26T07:26:34.1313600Z   lfs: false
execute	Run actions/checkout@v4	2026-09-26T07:26:34.1314062Z   submodules: false
execute	Run actions/checkout@v4	2026-09-26T07:26:34.1314568Z   set-safe-directory: true
execute	Run actions/checkout@v4	2026-09-26T07:26:34.1315106Z   allow-unsafe-pr-checkout: false
execute	Run actions/checkout@v4	2026-09-26T07:26:34.1315636Z env:
execute	Run actions/checkout@v4	2026-09-26T07:26:34.1316086Z   MODULE_PATH: maintenance
execute	Run actions/checkout@v4	2026-09-26T07:26:34.1316727Z   K8S_ACTION: trigger
execute	Run actions/checkout@v4	2026-09-26T07:26:34.1317530Z   RUSTFS_ACCESS_KEY: ***
execute	Run actions/checkout@v4	2026-09-26T07:26:34.1318022Z   RUSTFS_SECRET_KEY: ***
execute	Run actions/checkout@v4	2026-09-26T07:26:34.1318550Z   DUCKFLIGHT_USER: ***
execute	Run actions/checkout@v4	2026-09-26T07:26:34.1319025Z   DUCKFLIGHT_PASSWORD: ***
execute	Run actions/checkout@v4	2026-09-26T07:26:34.2296351Z Syncing repository: daun-gatal/***
execute	Run actions/checkout@v4	2026-09-26T07:26:34.2299486Z Working directory is '/home/runner/work/***/***'
execute	Run actions/checkout@v4	2026-09-26T07:26:34.2300663Z [command]/usr/bin/git version
execute	Run actions/checkout@v4	2026-09-26T07:26:34.2355706Z git version 2.55.0
execute	Run actions/checkout@v4	2026-09-26T07:26:34.2392853Z Temporarily overriding HOME='/home/runner/work/_temp/2903aa53-5183-4a70-8832-be98e03da0dd' before making global git config changes
execute	Run actions/checkout@v4	2026-09-26T07:26:34.2395386Z Adding repository directory to the temporary git global config as a safe directory
execute	Run actions/checkout@v4	2026-09-26T07:26:34.2400441Z [command]/usr/bin/git config --global --add safe.directory /home/runner/work/***/***
execute	Run actions/checkout@v4	2026-09-26T07:26:34.2457841Z Deleting the contents of '/home/runner/work/***/***'
execute	Run actions/checkout@v4	2026-09-26T07:26:34.2466993Z [command]/usr/bin/git init /home/runner/work/***/***
execute	Run actions/checkout@v4	2026-09-26T07:26:34.2570774Z hint: Using 'master' as the name for the initial branch. This default branch name
execute	Run actions/checkout@v4	2026-09-26T07:26:34.2572496Z hint: will change to "main" in Git 3.0. To configure the initial branch name
execute	Run actions/checkout@v4	2026-09-26T07:26:34.2573915Z hint: to use in all of your new repositories, which will suppress this warning,
execute	Run actions/checkout@v4	2026-09-26T07:26:34.2575131Z hint: call:
execute	Run actions/checkout@v4	2026-09-26T07:26:34.2575878Z hint:
execute	Run actions/checkout@v4	2026-09-26T07:26:34.2576847Z hint: 	git config --global init.defaultBranch <name>
execute	Run actions/checkout@v4	2026-09-26T07:26:34.2577859Z hint:
execute	Run actions/checkout@v4	2026-09-26T07:26:34.2578873Z hint: Names commonly chosen instead of 'master' are 'main', 'trunk' and
execute	Run actions/checkout@v4	2026-09-26T07:26:34.2580463Z hint: 'development'. The just-created branch can be renamed via this command:
execute	Run actions/checkout@v4	2026-09-26T07:26:34.2581671Z hint:
execute	Run actions/checkout@v4	2026-09-26T07:26:34.2582473Z hint: 	git branch -m <name>
execute	Run actions/checkout@v4	2026-09-26T07:26:34.2583381Z hint:
execute	Run actions/checkout@v4	2026-09-26T07:26:34.2584468Z hint: Disable this message with "git config set advice.defaultBranchName false"
execute	Run actions/checkout@v4	2026-09-26T07:26:34.2591593Z Initialized empty Git repository in /home/runner/work/***/***/.git/
execute	Run actions/checkout@v4	2026-09-26T07:26:34.2603327Z [command]/usr/bin/git remote add origin https://github.com/daun-gatal/***
execute	Run actions/checkout@v4	2026-09-26T07:26:34.2654046Z [command]/usr/bin/git config --local gc.auto 0
execute	Run actions/checkout@v4	2026-09-26T07:26:34.2691674Z [command]/usr/bin/git config --local --name-only --get-regexp core\.sshCommand
execute	Run actions/checkout@v4	2026-09-26T07:26:34.2720094Z [command]/usr/bin/git submodule foreach --recursive sh -c "git config --local --name-only --get-regexp 'core\.sshCommand' && git config --local --unset-all 'core.sshCommand' || :"
execute	Run actions/checkout@v4	2026-09-26T07:26:34.3048977Z [command]/usr/bin/git config --local --name-only --get-regexp http\.https\:\/\/github\.com\/\.extraheader
execute	Run actions/checkout@v4	2026-09-26T07:26:34.3082626Z [command]/usr/bin/git submodule foreach --recursive sh -c "git config --local --name-only --get-regexp 'http\.https\:\/\/github\.com\/\.extraheader' && git config --local --unset-all 'http.https://github.com/.extraheader' || :"
execute	Run actions/checkout@v4	2026-09-26T07:26:34.3280325Z [command]/usr/bin/git config --local --name-only --get-regexp ^includeIf\.gitdir:
execute	Run actions/checkout@v4	2026-09-26T07:26:34.3309136Z [command]/usr/bin/git submodule foreach --recursive git config --local --show-origin --name-only --get-regexp remote.origin.url
execute	Run actions/checkout@v4	2026-09-26T07:26:34.3490865Z [command]/usr/bin/git config --local http.https://github.com/.extraheader AUTHORIZATION: basic ***
execute	Run actions/checkout@v4	2026-09-26T07:26:34.3537636Z [command]/usr/bin/git -c protocol.version=2 fetch --no-tags --prune --no-recurse-submodules --depth=1 origin +52281264ed6434ed7e21c5645f66a0d205082833:refs/remotes/origin/master
execute	Run actions/checkout@v4	2026-09-26T07:26:34.8591184Z From https://github.com/daun-gatal/***
execute	Run actions/checkout@v4	2026-09-26T07:26:34.8592727Z  * [new ref]         52281264ed6434ed7e21c5645f66a0d205082833 -> origin/master
execute	Run actions/checkout@v4	2026-09-26T07:26:34.8605179Z [command]/usr/bin/git sparse-checkout disable
execute	Run actions/checkout@v4	2026-09-26T07:26:34.8652626Z [command]/usr/bin/git config --local --unset-all extensions.worktreeConfig
execute	Run actions/checkout@v4	2026-09-26T07:26:34.8685170Z [command]/usr/bin/git checkout --progress --force -B master refs/remotes/origin/master
execute	Run actions/checkout@v4	2026-09-26T07:26:34.8751260Z Reset branch 'master'
execute	Run actions/checkout@v4	2026-09-26T07:26:34.8757137Z branch 'master' set up to track 'origin/master'.
execute	Run actions/checkout@v4	2026-09-26T07:26:34.8798950Z [command]/usr/bin/git log -1 --format=%H
execute	Run actions/checkout@v4	2026-09-26T07:26:34.8821040Z 52281264ed6434ed7e21c5645f66a0d205082833
execute	Setup kubectl	2026-09-26T07:26:34.8977685Z with:
execute	Setup kubectl	2026-09-26T07:26:34.8978047Z   version: v1.30.0
execute	Setup kubectl	2026-09-26T07:26:34.8978419Z env:
execute	Setup kubectl	2026-09-26T07:26:34.8978781Z   MODULE_PATH: maintenance
execute	Setup kubectl	2026-09-26T07:26:34.8979219Z   K8S_ACTION: trigger
execute	Setup kubectl	2026-09-26T07:26:34.8979903Z   RUSTFS_ACCESS_KEY: ***
execute	Setup kubectl	2026-09-26T07:26:34.8980442Z   RUSTFS_SECRET_KEY: ***
execute	Setup kubectl	2026-09-26T07:26:34.8980944Z   DUCKFLIGHT_USER: ***
execute	Setup kubectl	2026-09-26T07:26:34.8981496Z   DUCKFLIGHT_PASSWORD: ***
execute	Setup Helm	2026-09-26T07:26:35.2298896Z with:
execute	Setup Helm	2026-09-26T07:26:35.2380205Z   version: v3.14.4
execute	Setup Helm	2026-09-26T07:26:35.2384389Z   token: ***
execute	Setup Helm	2026-09-26T07:26:35.2384896Z   downloadBaseURL: https://get.helm.sh
execute	Setup Helm	2026-09-26T07:26:35.2385377Z env:
execute	Setup Helm	2026-09-26T07:26:35.2385788Z   MODULE_PATH: maintenance
execute	Setup Helm	2026-09-26T07:26:35.2386374Z   K8S_ACTION: trigger
execute	Setup Helm	2026-09-26T07:26:35.2386942Z   RUSTFS_ACCESS_KEY: ***
execute	Setup Helm	2026-09-26T07:26:35.2387495Z   RUSTFS_SECRET_KEY: ***
execute	Setup Helm	2026-09-26T07:26:35.2388081Z   DUCKFLIGHT_USER: ***
execute	Setup Helm	2026-09-26T07:26:35.2388634Z   DUCKFLIGHT_PASSWORD: ***
execute	Setup Helm	2026-09-26T07:26:35.3109212Z Downloading 'v3.14.4' from 'https://get.helm.sh'
execute	Setup Helm	2026-09-26T07:26:35.4623766Z [command]/usr/bin/tar xz --warning=no-unknown-keyword --overwrite -C /home/runner/work/_temp/5da6af39-7fca-452d-a754-f4dcf7372463 -f /home/runner/work/_temp/34c4a101-29b5-4069-8610-6c78ddfaa23e
execute	Setup Helm	2026-09-26T07:26:35.7989583Z Helm tool version 'v3.14.4' has been cached at /opt/hostedtoolcache/helm/3.14.4/x64/linux-amd64/helm
execute	Setup Tailscale	2026-09-26T07:26:35.8138910Z with:
execute	Setup Tailscale	2026-09-26T07:26:35.8139489Z   oauth-client-id: ***
execute	Setup Tailscale	2026-09-26T07:26:35.8140274Z   oauth-secret: ***
execute	Setup Tailscale	2026-09-26T07:26:35.8140575Z   tags: tag:git
execute	Setup Tailscale	2026-09-26T07:26:35.8140858Z   version: 1.94.2
execute	Setup Tailscale	2026-09-26T07:26:35.8141137Z   timeout: 2m
execute	Setup Tailscale	2026-09-26T07:26:35.8141427Z   retry: 5
execute	Setup Tailscale	2026-09-26T07:26:35.8141698Z   use-cache: true
execute	Setup Tailscale	2026-09-26T07:26:35.8141987Z   log-mode: grouped
execute	Setup Tailscale	2026-09-26T07:26:35.8142264Z env:
execute	Setup Tailscale	2026-09-26T07:26:35.8142545Z   MODULE_PATH: maintenance
execute	Setup Tailscale	2026-09-26T07:26:35.8142862Z   K8S_ACTION: trigger
execute	Setup Tailscale	2026-09-26T07:26:35.8143166Z   RUSTFS_ACCESS_KEY: ***
execute	Setup Tailscale	2026-09-26T07:26:35.8143524Z   RUSTFS_SECRET_KEY: ***
execute	Setup Tailscale	2026-09-26T07:26:35.8143847Z   DUCKFLIGHT_USER: ***
execute	Setup Tailscale	2026-09-26T07:26:35.8144177Z   DUCKFLIGHT_PASSWORD: ***
execute	Setup Tailscale	2026-09-26T07:26:35.9356806Z Resolved Tailscale version: 1.94.2
execute	Setup Tailscale	2026-09-26T07:26:36.1428493Z Cache hit for: action-setup-tailscale/1.94.2/Linux-amd64
execute	Setup Tailscale	2026-09-26T07:26:37.3803119Z Received 26371401 of 34760009 (75.9%), 25.1 MBs/sec
execute	Setup Tailscale	2026-09-26T07:26:37.4143767Z Received 34760009 of 34760009 (100.0%), 32.1 MBs/sec
execute	Setup Tailscale	2026-09-26T07:26:37.4144574Z Cache Size: ~33 MB (34760009 B)
execute	Setup Tailscale	2026-09-26T07:26:37.4260721Z [command]/usr/bin/tar -xf /home/runner/work/_temp/033e8f4f-70b4-4ab9-a086-d4b490af9160/cache.tzst -P -C /home/runner/work/***/*** --use-compress-program unzstd
execute	Setup Tailscale	2026-09-26T07:26:37.5158659Z Cache restored successfully
execute	Setup Tailscale	2026-09-26T07:26:37.5173108Z Found Tailscale 1.94.2 in cache: /opt/hostedtoolcache/tailscale/1.94.2/Linux-amd64
execute	Setup Tailscale	2026-09-26T07:26:37.5176174Z ▶️ copy tailscale from cache
execute	Setup Tailscale	2026-09-26T07:26:37.5373276Z ▶️ copy tailscaled from cache
execute	Setup Tailscale	2026-09-26T07:26:37.5580993Z ▶️ chmod tailscale
execute	Setup Tailscale	2026-09-26T07:26:37.5667020Z ▶️ chmod tailscaled
execute	Setup Tailscale	2026-09-26T07:26:37.5750001Z Starting tailscaled daemon...
execute	Setup Tailscale	2026-09-26T07:26:37.5771696Z Waiting for tailscaled daemon to become ready...
execute	Setup Tailscale	2026-09-26T07:26:37.5772659Z ▶️ get tailscale status
execute	Setup Tailscale	2026-09-26T07:26:37.8407714Z Daemon ready! Initial state: NeedsLogin
execute	Setup Tailscale	2026-09-26T07:26:37.8408939Z ✅ tailscaled daemon is up and running!
execute	Setup Tailscale	2026-09-26T07:26:37.8412467Z ▶️ hostname
execute	Setup Tailscale	2026-09-26T07:26:37.8455568Z Attempt 1 to bring up Tailscale...
execute	Setup Tailscale	2026-09-26T07:26:37.8456633Z ▶️ tailscale up
execute	Setup Tailscale	2026-09-26T07:26:39.6449622Z ✅ Tailscale up command completed successfully on attempt 1
execute	Setup Tailscale	2026-09-26T07:26:39.6452588Z ▶️ get tailscale status
execute	Setup Tailscale	2026-09-26T07:26:39.6541684Z ✅ Tailscale is running and connected!
execute	Write Kubeconfig	2026-09-26T07:26:39.6763530Z shell: /usr/bin/bash -e {0}
execute	Write Kubeconfig	2026-09-26T07:26:39.6763875Z env:
execute	Write Kubeconfig	2026-09-26T07:26:39.6764173Z   MODULE_PATH: maintenance
execute	Write Kubeconfig	2026-09-26T07:26:39.6764505Z   K8S_ACTION: trigger
execute	Write Kubeconfig	2026-09-26T07:26:39.6764927Z   RUSTFS_ACCESS_KEY: ***
execute	Write Kubeconfig	2026-09-26T07:26:39.6765270Z   RUSTFS_SECRET_KEY: ***
execute	Write Kubeconfig	2026-09-26T07:26:39.6765750Z   DUCKFLIGHT_USER: ***
execute	Write Kubeconfig	2026-09-26T07:26:39.6766077Z   DUCKFLIGHT_PASSWORD: ***
execute	Write Kubeconfig	2026-09-26T07:26:39.6880310Z Kubeconfig server:
execute	Write Kubeconfig	2026-09-26T07:26:39.6889303Z     ***
execute	Write Kubeconfig	2026-09-26T07:26:41.4990717Z ^[[0;32mKubernetes control plane^[[0m is running at ^[[0;33mhttps://100.67.79.243:6443^[[0m
execute	Write Kubeconfig	2026-09-26T07:26:41.4992600Z ^[[0;32mCoreDNS^[[0m is running at ^[[0;33mhttps://100.67.79.243:6443/api/v1/namespaces/kube-system/services/kube-dns:dns/proxy^[[0m
execute	Write Kubeconfig	2026-09-26T07:26:41.5000788Z ^[[0;32mMetrics-server^[[0m is running at ^[[0;33mhttps://100.67.79.243:6443/api/v1/namespaces/kube-system/services/https:metrics-server:https/proxy^[[0m
execute	Write Kubeconfig	2026-09-26T07:26:41.5001943Z 
execute	Write Kubeconfig	2026-09-26T07:26:41.5002749Z To further debug and diagnose cluster problems, use 'kubectl cluster-info dump'.
execute	Write Kubeconfig	2026-09-26T07:26:42.1225945Z NAME        STATUS   AGE
execute	Write Kubeconfig	2026-09-26T07:26:42.1226841Z ***   Active   30h
execute	Ensure Namespaces	2026-09-26T07:26:42.1312643Z shell: /usr/bin/bash -e {0}
execute	Ensure Namespaces	2026-09-26T07:26:42.1312982Z env:
execute	Ensure Namespaces	2026-09-26T07:26:42.1313266Z   MODULE_PATH: maintenance
execute	Ensure Namespaces	2026-09-26T07:26:42.1313604Z   K8S_ACTION: trigger
execute	Ensure Namespaces	2026-09-26T07:26:42.1313945Z   RUSTFS_ACCESS_KEY: ***
execute	Ensure Namespaces	2026-09-26T07:26:42.1314284Z   RUSTFS_SECRET_KEY: ***
execute	Ensure Namespaces	2026-09-26T07:26:42.1314602Z   DUCKFLIGHT_USER: ***
execute	Ensure Namespaces	2026-09-26T07:26:42.1314933Z   DUCKFLIGHT_PASSWORD: ***
execute	Ensure Namespaces	2026-09-26T07:26:42.1315267Z   KUBECONFIG: /home/runner/.kube/config
execute	Ensure Namespaces	2026-09-26T07:26:42.1372236Z → ensuring namespace/***
execute	Ensure Namespaces	2026-09-26T07:26:45.2156041Z namespace/*** configured
execute	Ensure Namespaces	2026-09-26T07:26:45.2164428Z → ensuring namespace/rustfs
execute	Ensure Namespaces	2026-09-26T07:26:46.9164400Z namespace/rustfs configured
execute	Create Secrets from GitHub Secrets	2026-09-26T07:26:46.9254049Z shell: /usr/bin/bash -e {0}
execute	Create Secrets from GitHub Secrets	2026-09-26T07:26:46.9254410Z env:
execute	Create Secrets from GitHub Secrets	2026-09-26T07:26:46.9254701Z   MODULE_PATH: maintenance
execute	Create Secrets from GitHub Secrets	2026-09-26T07:26:46.9255025Z   K8S_ACTION: trigger
execute	Create Secrets from GitHub Secrets	2026-09-26T07:26:46.9255366Z   RUSTFS_ACCESS_KEY: ***
execute	Create Secrets from GitHub Secrets	2026-09-26T07:26:46.9255696Z   RUSTFS_SECRET_KEY: ***
execute	Create Secrets from GitHub Secrets	2026-09-26T07:26:46.9256017Z   DUCKFLIGHT_USER: ***
execute	Create Secrets from GitHub Secrets	2026-09-26T07:26:46.9256343Z   DUCKFLIGHT_PASSWORD: ***
execute	Create Secrets from GitHub Secrets	2026-09-26T07:26:46.9256674Z   KUBECONFIG: /home/runner/.kube/config
execute	Create Secrets from GitHub Secrets	2026-09-26T07:26:50.6962689Z secret/rustfs-credentials configured
execute	Create Secrets from GitHub Secrets	2026-09-26T07:26:52.0151825Z secret/rustfs-credentials configured
execute	Create Secrets from GitHub Secrets	2026-09-26T07:26:53.7137352Z secret/duckflight-auth configured
execute	Kustomize Build	2026-09-26T07:26:53.7244328Z shell: /usr/bin/bash -e {0}
execute	Kustomize Build	2026-09-26T07:26:53.7244673Z env:
execute	Kustomize Build	2026-09-26T07:26:53.7244967Z   MODULE_PATH: maintenance
execute	Kustomize Build	2026-09-26T07:26:53.7245294Z   K8S_ACTION: trigger
execute	Kustomize Build	2026-09-26T07:26:53.7245653Z   RUSTFS_ACCESS_KEY: ***
execute	Kustomize Build	2026-09-26T07:26:53.7245985Z   RUSTFS_SECRET_KEY: ***
execute	Kustomize Build	2026-09-26T07:26:53.7246306Z   DUCKFLIGHT_USER: ***
execute	Kustomize Build	2026-09-26T07:26:53.7246633Z   DUCKFLIGHT_PASSWORD: ***
execute	Kustomize Build	2026-09-26T07:26:53.7246967Z   KUBECONFIG: /home/runner/.kube/config
execute	Kustomize Build	2026-09-26T07:26:53.7303275Z ▶ Building maintenance
execute	Kustomize Build	2026-09-26T07:26:53.7739694Z Built 2 resources
execute	Kustomize Build	2026-09-26T07:26:53.7746939Z ***
execute	Kustomize Build	2026-09-26T07:26:53.7747204Z data:
execute	Kustomize Build	2026-09-26T07:26:53.7747641Z   MAINT_ORPHAN_MIN_AGE: 72h
execute	Kustomize Build	2026-09-26T07:26:53.7748221Z   MAINT_RETAIN_LAST: "10"
execute	Kustomize Build	2026-09-26T07:26:53.7748771Z   MAINT_SNAPSHOT_MAX_AGE: 7d
execute	Kustomize Build	2026-09-26T07:26:53.7749361Z   MAINT_TARGET_FILE_SIZE: 512MB
execute	Kustomize Build	2026-09-26T07:26:53.7750135Z   maintenance.py: |
execute	Kustomize Build	2026-09-26T07:26:53.7750615Z     #!/usr/bin/env python3
execute	Kustomize Build	2026-09-26T07:26:53.7751368Z     """Iceberg table maintenance for the *** datalake (RustFS)."""
execute	Kustomize Build	2026-09-26T07:26:53.7751910Z 
execute	Kustomize Build	2026-09-26T07:26:53.7752125Z     import os
execute	Kustomize Build	2026-09-26T07:26:53.7752588Z     import re
execute	Kustomize Build	2026-09-26T07:26:53.7753033Z     import sys
execute	Kustomize Build	2026-09-26T07:26:53.7753517Z     import traceback
execute	Kustomize Build	2026-09-26T07:26:53.7754122Z     from datetime import datetime, timedelta, timezone
execute	Kustomize Build	2026-09-26T07:26:53.7754578Z 
execute	Kustomize Build	2026-09-26T07:26:53.7754845Z     from pyspark.sql import SparkSession
execute	Kustomize Build	2026-09-26T07:26:53.7755260Z 
execute	Kustomize Build	2026-09-26T07:26:53.7755458Z     CATALOG = os.getenv("MAINT_CATALOG_NAME", "datalake")
execute	Kustomize Build	2026-09-26T07:26:53.7755732Z 
execute	Kustomize Build	2026-09-26T07:26:53.7755960Z     DURATION_RE = re.compile(r"^\s*(\d+)\s*([dhms])\s*$", re.IGNORECASE)
execute	Kustomize Build	2026-09-26T07:26:53.7756445Z     DURATION_UNITS = {"d": 86400, "h": 3600, "m": 60, "s": 1}
execute	Kustomize Build	2026-09-26T07:26:53.7756707Z 
execute	Kustomize Build	2026-09-26T07:26:53.7756929Z     BYTES_RE = re.compile(r"^\s*(\d+)\s*([kmgt]?i?b?)\s*$", re.IGNORECASE)
execute	Kustomize Build	2026-09-26T07:26:53.7757570Z     BYTE_UNITS = {"": 1, "k": 1024, "m": 1024**2, "g": 1024**3, "t": 1024**4}
execute	Kustomize Build	2026-09-26T07:26:53.7758106Z 
execute	Kustomize Build	2026-09-26T07:26:53.7758114Z 
execute	Kustomize Build	2026-09-26T07:26:53.7758366Z     def fail(message, missing=None):
execute	Kustomize Build	2026-09-26T07:26:53.7759085Z         """Fail fast with a clear message — mirror generate-config.sh style."""
execute	Kustomize Build	2026-09-26T07:26:53.7759557Z         if missing:
execute	Kustomize Build	2026-09-26T07:26:53.7760135Z             message = f"{message}: {', '.join(missing)}"
execute	Kustomize Build	2026-09-26T07:26:53.7760670Z         print(f"❌ maintenance: {message}", file=sys.stderr)
execute	Kustomize Build	2026-09-26T07:26:53.7761071Z         sys.exit(2)
execute	Kustomize Build	2026-09-26T07:26:53.7761233Z 
execute	Kustomize Build	2026-09-26T07:26:53.7761255Z 
execute	Kustomize Build	2026-09-26T07:26:53.7761404Z     def parse_seconds(raw, default):
execute	Kustomize Build	2026-09-26T07:26:53.7761889Z         """'7d' / '72h' / '45m' / '30s' -> seconds; falls back to default."""
execute	Kustomize Build	2026-09-26T07:26:53.7762336Z         match = DURATION_RE.match(raw or "")
execute	Kustomize Build	2026-09-26T07:26:53.7762690Z         if not match:
execute	Kustomize Build	2026-09-26T07:26:53.7762999Z             return default
execute	Kustomize Build	2026-09-26T07:26:53.7763409Z         return int(match.group(1)) * DURATION_UNITS[match.group(2).lower()]
execute	Kustomize Build	2026-09-26T07:26:53.7763727Z 
execute	Kustomize Build	2026-09-26T07:26:53.7763732Z 
execute	Kustomize Build	2026-09-26T07:26:53.7763872Z     def parse_bytes(raw, default):
execute	Kustomize Build	2026-09-26T07:26:53.7764286Z         """'512MB' / '1GiB' / plain int -> bytes; falls back to default."""
execute	Kustomize Build	2026-09-26T07:26:53.7764723Z         match = BYTES_RE.match(raw or "")
execute	Kustomize Build	2026-09-26T07:26:53.7765074Z         if not match:
execute	Kustomize Build	2026-09-26T07:26:53.7765377Z             return default
execute	Kustomize Build	2026-09-26T07:26:53.7765755Z         unit = match.group(2).lower().replace("i", "").replace("b", "")
execute	Kustomize Build	2026-09-26T07:26:53.7766570Z         return int(match.group(1)) * BYTE_UNITS[unit]
execute	Kustomize Build	2026-09-26T07:26:53.7766915Z 
execute	Kustomize Build	2026-09-26T07:26:53.7766919Z 
execute	Kustomize Build	2026-09-26T07:26:53.7767058Z     def ts_literal(moment):
execute	Kustomize Build	2026-09-26T07:26:53.7767476Z         """Spark SQL TIMESTAMP literal, e.g. TIMESTAMP '2026-09-18 02:00:00'."""
execute	Kustomize Build	2026-09-26T07:26:53.7767987Z         return moment.strftime("%Y-%m-%d %H:%M:%S")
execute	Kustomize Build	2026-09-26T07:26:53.7768229Z 
execute	Kustomize Build	2026-09-26T07:26:53.7768234Z 
execute	Kustomize Build	2026-09-26T07:26:53.7768375Z     def discover_tables(spark):
execute	Kustomize Build	2026-09-26T07:26:53.7768791Z         """All tables in the catalog, fully qualified as <namespace>.<table>."""
execute	Kustomize Build	2026-09-26T07:26:53.7769226Z         tables = []
execute	Kustomize Build	2026-09-26T07:26:53.7769605Z         for ns_row in spark.sql(f"SHOW NAMESPACES IN {CATALOG}").collect():
execute	Kustomize Build	2026-09-26T07:26:53.7770560Z             namespace = ".".join(ns_row["namespace"])
execute	Kustomize Build	2026-09-26T07:26:53.7771048Z             for t_row in spark.sql(f"SHOW TABLES IN {CATALOG}.{namespace}").collect():
execute	Kustomize Build	2026-09-26T07:26:53.7771577Z                 tables.append(f"{namespace}.{t_row['tableName']}")
execute	Kustomize Build	2026-09-26T07:26:53.7771986Z         return tables
execute	Kustomize Build	2026-09-26T07:26:53.7772165Z 
execute	Kustomize Build	2026-09-26T07:26:53.7772170Z 
execute	Kustomize Build	2026-09-26T07:26:53.7772328Z     def compact(spark, table, target_bytes):
execute	Kustomize Build	2026-09-26T07:26:53.7772735Z         """Bin-pack small data files up to the target size.
execute	Kustomize Build	2026-09-26T07:26:53.7773006Z 
execute	Kustomize Build	2026-09-26T07:26:53.7773244Z         partial-progress commits every few file groups so a long compaction
execute	Kustomize Build	2026-09-26T07:26:53.7773726Z         can be retried without redoing everything.
execute	Kustomize Build	2026-09-26T07:26:53.7774089Z         """
execute	Kustomize Build	2026-09-26T07:26:53.7774374Z         result = spark.sql(f"""
execute	Kustomize Build	2026-09-26T07:26:53.7774727Z             CALL {CATALOG}.system.rewrite_data_files(
execute	Kustomize Build	2026-09-26T07:26:53.7775111Z                 table => '{table}',
execute	Kustomize Build	2026-09-26T07:26:53.7775448Z                 options => map(
execute	Kustomize Build	2026-09-26T07:26:53.7775815Z                     'target-file-size-bytes', '{target_bytes}',
execute	Kustomize Build	2026-09-26T07:26:53.7776240Z                     'partial-progress.enabled', 'true',
execute	Kustomize Build	2026-09-26T07:26:53.7776666Z                     'partial-progress.max-commits', '5'
execute	Execute Action	2026-09-26T07:26:53.7954073Z shell: /usr/bin/bash -e {0}
execute	Execute Action	2026-09-26T07:26:53.7954418Z env:
execute	Execute Action	2026-09-26T07:26:53.7954717Z   MODULE_PATH: maintenance
execute	Execute Action	2026-09-26T07:26:53.7955044Z   K8S_ACTION: trigger
execute	Execute Action	2026-09-26T07:26:53.7955391Z   RUSTFS_ACCESS_KEY: ***
execute	Execute Action	2026-09-26T07:26:53.7955740Z   RUSTFS_SECRET_KEY: ***
execute	Execute Action	2026-09-26T07:26:53.7956057Z   DUCKFLIGHT_USER: ***
execute	Execute Action	2026-09-26T07:26:53.7956391Z   DUCKFLIGHT_PASSWORD: ***
execute	Execute Action	2026-09-26T07:26:53.7956729Z   KUBECONFIG: /home/runner/.kube/config
execute	Execute Action	2026-09-26T07:26:53.8010218Z Target: maintenance  Action: trigger
execute	Execute Action	2026-09-26T07:26:53.8013309Z ▶ Triggering maintenance
execute	Execute Action	2026-09-26T07:26:54.6221094Z job.batch/manual-maintenance-20260926-072653 created
execute	Execute Action	2026-09-26T07:26:54.6224133Z → created job manual-maintenance-20260926-072653; watching it (max 15m)
execute	Execute Action	2026-09-26T07:27:50.2203904Z → job/manual-maintenance-20260926-072653 status:
execute	Execute Action	2026-09-26T07:27:50.8463482Z NAME                                 STATUS   COMPLETIONS   DURATION   AGE   CONTAINERS    IMAGES                                                    SELECTOR
execute	Execute Action	2026-09-26T07:27:50.8465244Z manual-maintenance-20260926-072653   Failed   0/1           56s        56s   maintenance   ghcr.io/daun-gatal/***/iceberg-maintenance:latest   batch.kubernetes.io/controller-uid=cf915037-5834-47bb-8620-36a1e1811bbe
execute	Execute Action	2026-09-26T07:27:51.6621346Z NAME                                       READY   STATUS   RESTARTS   AGE   IP            NODE    NOMINATED NODE   READINESS GATES
execute	Execute Action	2026-09-26T07:27:51.6623047Z manual-maintenance-20260926-072653-f8zxx   0/1     Error    0          56s   10.42.0.240   rsudo   <none>           <none>
execute	Execute Action	2026-09-26T07:27:51.6625520Z manual-maintenance-20260926-072653-vz4zk   0/1     Error    0          26s   10.42.0.241   rsudo   <none>           <none>
execute	Execute Action	2026-09-26T07:27:52.4861233Z → kubectl logs pod/manual-maintenance-20260926-072653-f8zxx --tail=2000
execute	Execute Action	2026-09-26T07:27:53.7465426Z [pod/manual-maintenance-20260926-072653-f8zxx/maintenance] WARNING: Using incubator modules: jdk.incubator.vector
execute	Execute Action	2026-09-26T07:27:53.7466818Z [pod/manual-maintenance-20260926-072653-f8zxx/maintenance] Using Spark's default log4j profile: org/apache/spark/log4j2-defaults.properties
execute	Execute Action	2026-09-26T07:27:53.7468379Z [pod/manual-maintenance-20260926-072653-f8zxx/maintenance] 26/09/26 07:27:09 INFO SparkContext: Running Spark version 4.0.4
execute	Execute Action	2026-09-26T07:27:53.7470544Z [pod/manual-maintenance-20260926-072653-f8zxx/maintenance] 26/09/26 07:27:09 INFO SparkContext: OS info Linux, 7.0.0-34-generic, amd64
execute	Execute Action	2026-09-26T07:27:53.7472075Z [pod/manual-maintenance-20260926-072653-f8zxx/maintenance] 26/09/26 07:27:09 INFO SparkContext: Java version 17.0.19
execute	Execute Action	2026-09-26T07:27:53.7473999Z [pod/manual-maintenance-20260926-072653-f8zxx/maintenance] 26/09/26 07:27:09 WARN NativeCodeLoader: Unable to load native-hadoop library for your platform... using builtin-java classes where applicable
execute	Execute Action	2026-09-26T07:27:53.7475906Z [pod/manual-maintenance-20260926-072653-f8zxx/maintenance] 26/09/26 07:27:10 INFO ResourceUtils: ==============================================================
execute	Execute Action	2026-09-26T07:27:53.7477677Z [pod/manual-maintenance-20260926-072653-f8zxx/maintenance] 26/09/26 07:27:10 INFO ResourceUtils: No custom resources configured for spark.driver.
execute	Execute Action	2026-09-26T07:27:53.7479528Z [pod/manual-maintenance-20260926-072653-f8zxx/maintenance] 26/09/26 07:27:10 INFO ResourceUtils: ==============================================================
execute	Execute Action	2026-09-26T07:27:53.7481676Z [pod/manual-maintenance-20260926-072653-f8zxx/maintenance] 26/09/26 07:27:10 INFO SparkContext: Submitted application: iceberg-maintenance
execute	Execute Action	2026-09-26T07:27:53.7484393Z [pod/manual-maintenance-20260926-072653-f8zxx/maintenance] 26/09/26 07:27:10 INFO ResourceProfile: Default ResourceProfile created, executor resources: Map(cores -> name: cores, amount: 1, script: , vendor: , memory -> name: memory, amount: 1024, script: , vendor: , offHeap -> name: offHeap, amount: 0, script: , vendor: ), task resources: Map(cpus -> name: cpus, amount: 1.0)
execute	Execute Action	2026-09-26T07:27:53.7487977Z [pod/manual-maintenance-20260926-072653-f8zxx/maintenance] 26/09/26 07:27:10 INFO ResourceProfile: Limiting resource is cpu
execute	Execute Action	2026-09-26T07:27:53.7489684Z [pod/manual-maintenance-20260926-072653-f8zxx/maintenance] 26/09/26 07:27:10 INFO ResourceProfileManager: Added ResourceProfile id: 0
execute	Execute Action	2026-09-26T07:27:53.7491934Z [pod/manual-maintenance-20260926-072653-f8zxx/maintenance] 26/09/26 07:27:10 INFO SecurityManager: Changing view acls to: spark
execute	Execute Action	2026-09-26T07:27:53.7493287Z [pod/manual-maintenance-20260926-072653-f8zxx/maintenance] 26/09/26 07:27:10 INFO SecurityManager: Changing modify acls to: spark
execute	Execute Action	2026-09-26T07:27:53.7495023Z [pod/manual-maintenance-20260926-072653-f8zxx/maintenance] 26/09/26 07:27:10 INFO SecurityManager: Changing view acls groups to: spark
execute	Execute Action	2026-09-26T07:27:53.7496791Z [pod/manual-maintenance-20260926-072653-f8zxx/maintenance] 26/09/26 07:27:10 INFO SecurityManager: Changing modify acls groups to: spark
execute	Execute Action	2026-09-26T07:27:53.7499581Z [pod/manual-maintenance-20260926-072653-f8zxx/maintenance] 26/09/26 07:27:10 INFO SecurityManager: SecurityManager: authentication disabled; ui acls disabled; users with view permissions: spark groups with view permissions: EMPTY; users with modify permissions: spark; groups with modify permissions: EMPTY; RPC SSL disabled
execute	Execute Action	2026-09-26T07:27:53.7502074Z [pod/manual-maintenance-20260926-072653-f8zxx/maintenance] 26/09/26 07:27:10 INFO Utils: Successfully started service 'sparkDriver' on port 38549.
execute	Execute Action	2026-09-26T07:27:53.7503211Z [pod/manual-maintenance-20260926-072653-f8zxx/maintenance] 26/09/26 07:27:10 INFO SparkEnv: Registering MapOutputTracker
execute	Execute Action	2026-09-26T07:27:53.7504483Z [pod/manual-maintenance-20260926-072653-f8zxx/maintenance] 26/09/26 07:27:10 INFO SparkEnv: Registering BlockManagerMaster
execute	Execute Action	2026-09-26T07:27:53.7505876Z [pod/manual-maintenance-20260926-072653-f8zxx/maintenance] 26/09/26 07:27:10 INFO BlockManagerMasterEndpoint: Using org.apache.spark.storage.DefaultTopologyMapper for getting topology information
execute	Execute Action	2026-09-26T07:27:53.7507350Z [pod/manual-maintenance-20260926-072653-f8zxx/maintenance] 26/09/26 07:27:10 INFO BlockManagerMasterEndpoint: BlockManagerMasterEndpoint up
execute	Execute Action	2026-09-26T07:27:53.7508509Z [pod/manual-maintenance-20260926-072653-f8zxx/maintenance] 26/09/26 07:27:10 INFO SparkEnv: Registering BlockManagerMasterHeartbeat
execute	Execute Action	2026-09-26T07:27:53.7510040Z [pod/manual-maintenance-20260926-072653-f8zxx/maintenance] 26/09/26 07:27:10 INFO DiskBlockManager: Created local directory at /tmp/blockmgr-bacacb1b-3520-42e8-80bc-fdd51dfa817b
execute	Execute Action	2026-09-26T07:27:53.7511500Z [pod/manual-maintenance-20260926-072653-f8zxx/maintenance] 26/09/26 07:27:10 INFO SparkEnv: Registering OutputCommitCoordinator
execute	Execute Action	2026-09-26T07:27:53.7512398Z [pod/manual-maintenance-20260926-072653-f8zxx/maintenance] 26/09/26 07:27:10 INFO JettyUtils: Start Jetty 0.0.0.0:4040 for SparkUI
execute	Execute Action	2026-09-26T07:27:53.7513331Z [pod/manual-maintenance-20260926-072653-f8zxx/maintenance] 26/09/26 07:27:10 INFO Utils: Successfully started service 'SparkUI' on port 4040.
execute	Execute Action	2026-09-26T07:27:53.7514254Z [pod/manual-maintenance-20260926-072653-f8zxx/maintenance] 26/09/26 07:27:10 INFO SecurityManager: Changing view acls to: spark
execute	Execute Action	2026-09-26T07:27:53.7515132Z [pod/manual-maintenance-20260926-072653-f8zxx/maintenance] 26/09/26 07:27:10 INFO SecurityManager: Changing modify acls to: spark
execute	Execute Action	2026-09-26T07:27:53.7516025Z [pod/manual-maintenance-20260926-072653-f8zxx/maintenance] 26/09/26 07:27:10 INFO SecurityManager: Changing view acls groups to: spark
execute	Execute Action	2026-09-26T07:27:53.7516947Z [pod/manual-maintenance-20260926-072653-f8zxx/maintenance] 26/09/26 07:27:10 INFO SecurityManager: Changing modify acls groups to: spark
execute	Execute Action	2026-09-26T07:27:53.7518484Z [pod/manual-maintenance-20260926-072653-f8zxx/maintenance] 26/09/26 07:27:10 INFO SecurityManager: SecurityManager: authentication disabled; ui acls disabled; users with view permissions: spark groups with view permissions: EMPTY; users with modify permissions: spark; groups with modify permissions: EMPTY; RPC SSL disabled
execute	Execute Action	2026-09-26T07:27:53.7520572Z [pod/manual-maintenance-20260926-072653-f8zxx/maintenance] 26/09/26 07:27:10 INFO Executor: Starting executor ID driver on host manual-maintenance-20260926-072653-f8zxx
execute	Execute Action	2026-09-26T07:27:53.7521600Z [pod/manual-maintenance-20260926-072653-f8zxx/maintenance] 26/09/26 07:27:10 INFO Executor: OS info Linux, 7.0.0-34-generic, amd64
execute	Execute Action	2026-09-26T07:27:53.7522443Z [pod/manual-maintenance-20260926-072653-f8zxx/maintenance] 26/09/26 07:27:10 INFO Executor: Java version 17.0.19
execute	Execute Action	2026-09-26T07:27:53.7523447Z [pod/manual-maintenance-20260926-072653-f8zxx/maintenance] 26/09/26 07:27:10 INFO Executor: Starting executor with user classpath (userClassPathFirst = false): ''
execute	Execute Action	2026-09-26T07:27:53.7524675Z [pod/manual-maintenance-20260926-072653-f8zxx/maintenance] 26/09/26 07:27:10 INFO Executor: Created or updated repl class loader org.apache.spark.util.MutableURLClassLoader@3e7b9972 for default.
execute	Execute Action	2026-09-26T07:27:53.7526025Z [pod/manual-maintenance-20260926-072653-f8zxx/maintenance] 26/09/26 07:27:10 INFO Utils: Successfully started service 'org.apache.spark.network.netty.NettyBlockTransferService' on port 36655.
execute	Execute Action	2026-09-26T07:27:53.7527304Z [pod/manual-maintenance-20260926-072653-f8zxx/maintenance] 26/09/26 07:27:10 INFO NettyBlockTransferService: Server created on manual-maintenance-20260926-072653-f8zxx:36655
execute	Execute Action	2026-09-26T07:27:53.7528573Z [pod/manual-maintenance-20260926-072653-f8zxx/maintenance] 26/09/26 07:27:10 INFO BlockManager: Using org.apache.spark.storage.RandomBlockReplicationPolicy for block replication policy
execute	Execute Action	2026-09-26T07:27:53.7530112Z [pod/manual-maintenance-20260926-072653-f8zxx/maintenance] 26/09/26 07:27:10 INFO BlockManagerMaster: Registering BlockManager BlockManagerId(driver, manual-maintenance-20260926-072653-f8zxx, 36655, None)
execute	Execute Action	2026-09-26T07:27:53.7531886Z [pod/manual-maintenance-20260926-072653-f8zxx/maintenance] 26/09/26 07:27:10 INFO BlockManagerMasterEndpoint: Registering block manager manual-maintenance-20260926-072653-f8zxx:36655 with 434.4 MiB RAM, BlockManagerId(driver, manual-maintenance-20260926-072653-f8zxx, 36655, None)
execute	Execute Action	2026-09-26T07:27:53.7533531Z [pod/manual-maintenance-20260926-072653-f8zxx/maintenance] 26/09/26 07:27:10 INFO BlockManagerMaster: Registered BlockManager BlockManagerId(driver, manual-maintenance-20260926-072653-f8zxx, 36655, None)
execute	Execute Action	2026-09-26T07:27:53.7534936Z [pod/manual-maintenance-20260926-072653-f8zxx/maintenance] 26/09/26 07:27:10 INFO BlockManager: Initialized BlockManager: BlockManagerId(driver, manual-maintenance-20260926-072653-f8zxx, 36655, None)
execute	Execute Action	2026-09-26T07:27:53.7536235Z [pod/manual-maintenance-20260926-072653-f8zxx/maintenance] 26/09/26 07:27:13 INFO SharedState: Setting hive.metastore.warehouse.dir ('null') to the value of spark.sql.warehouse.dir.
execute	Execute Action	2026-09-26T07:27:53.7537397Z [pod/manual-maintenance-20260926-072653-f8zxx/maintenance] 26/09/26 07:27:13 INFO SharedState: Warehouse path is 'file:/opt/spark/work-dir/spark-warehouse'.
execute	Execute Action	2026-09-26T07:27:53.7538463Z [pod/manual-maintenance-20260926-072653-f8zxx/maintenance] DEBUG spark conf spark.sql.catalog.datalake=org.apache.iceberg.spark.SparkCatalog
execute	Execute Action	2026-09-26T07:27:53.7539475Z [pod/manual-maintenance-20260926-072653-f8zxx/maintenance] DEBUG spark conf spark.sql.catalog.datalake.client.access-key-id=<len 5>
execute	Execute Action	2026-09-26T07:27:53.7540547Z [pod/manual-maintenance-20260926-072653-f8zxx/maintenance] DEBUG spark conf spark.sql.catalog.datalake.client.region=us-east-1
execute	Execute Action	2026-09-26T07:27:53.7541531Z [pod/manual-maintenance-20260926-072653-f8zxx/maintenance] DEBUG spark conf spark.sql.catalog.datalake.client.secret-access-key=<len 16>
execute	Execute Action	2026-09-26T07:27:53.7542578Z [pod/manual-maintenance-20260926-072653-f8zxx/maintenance] DEBUG spark conf spark.sql.catalog.datalake.io-impl=org.apache.iceberg.aws.s3.S3FileIO
execute	Execute Action	2026-09-26T07:27:53.7543622Z [pod/manual-maintenance-20260926-072653-f8zxx/maintenance] DEBUG spark conf spark.sql.catalog.datalake.rest.access-key-id=<len 5>
execute	Execute Action	2026-09-26T07:27:53.7544683Z [pod/manual-maintenance-20260926-072653-f8zxx/maintenance] DEBUG spark conf spark.sql.catalog.datalake.rest.secret-access-key=<len 16>
execute	Execute Action	2026-09-26T07:27:53.7545660Z [pod/manual-maintenance-20260926-072653-f8zxx/maintenance] DEBUG spark conf spark.sql.catalog.datalake.rest.signing-name=s3
execute	Execute Action	2026-09-26T07:27:53.7546622Z [pod/manual-maintenance-20260926-072653-f8zxx/maintenance] DEBUG spark conf spark.sql.catalog.datalake.rest.signing-region=us-east-1
execute	Execute Action	2026-09-26T07:27:53.7547593Z [pod/manual-maintenance-20260926-072653-f8zxx/maintenance] DEBUG spark conf spark.sql.catalog.datalake.rest.sigv4-enabled=true
execute	Execute Action	2026-09-26T07:27:53.7548551Z [pod/manual-maintenance-20260926-072653-f8zxx/maintenance] DEBUG spark conf spark.sql.catalog.datalake.s3.access-key-id=<len 5>
execute	Execute Action	2026-09-26T07:27:53.7549646Z [pod/manual-maintenance-20260926-072653-f8zxx/maintenance] DEBUG spark conf spark.sql.catalog.datalake.s3.endpoint=http://rustfs-svc.rustfs.svc.cluster.local:9000
execute	Execute Action	2026-09-26T07:27:53.7550807Z [pod/manual-maintenance-20260926-072653-f8zxx/maintenance] DEBUG spark conf spark.sql.catalog.datalake.s3.path-style-access=true
execute	Execute Action	2026-09-26T07:27:53.7551751Z [pod/manual-maintenance-20260926-072653-f8zxx/maintenance] DEBUG spark conf spark.sql.catalog.datalake.s3.region=us-east-1
execute	Execute Action	2026-09-26T07:27:53.7552706Z [pod/manual-maintenance-20260926-072653-f8zxx/maintenance] DEBUG spark conf spark.sql.catalog.datalake.s3.secret-access-key=<len 16>
execute	Execute Action	2026-09-26T07:27:53.7553626Z [pod/manual-maintenance-20260926-072653-f8zxx/maintenance] DEBUG spark conf spark.sql.catalog.datalake.type=rest
execute	Execute Action	2026-09-26T07:27:53.7554643Z [pod/manual-maintenance-20260926-072653-f8zxx/maintenance] DEBUG spark conf spark.sql.catalog.datalake.uri=http://rustfs-svc.rustfs.svc.cluster.local:9000/iceberg
execute	Execute Action	2026-09-26T07:27:53.7555692Z [pod/manual-maintenance-20260926-072653-f8zxx/maintenance] DEBUG spark conf spark.sql.catalog.datalake.warehouse=datalake
execute	Execute Action	2026-09-26T07:27:53.7556577Z [pod/manual-maintenance-20260926-072653-f8zxx/maintenance] DEBUG env RUSTFS_ACCESS_KEY len=5
execute	Execute Action	2026-09-26T07:27:53.7557288Z [pod/manual-maintenance-20260926-072653-f8zxx/maintenance] DEBUG env RUSTFS_SECRET_KEY len=16
execute	Execute Action	2026-09-26T07:27:53.7557986Z [pod/manual-maintenance-20260926-072653-f8zxx/maintenance] DEBUG env AWS_ACCESS_KEY_ID len=5
execute	Execute Action	2026-09-26T07:27:53.7558696Z [pod/manual-maintenance-20260926-072653-f8zxx/maintenance] DEBUG env AWS_SECRET_ACCESS_KEY len=16
execute	Execute Action	2026-09-26T07:27:53.7559393Z [pod/manual-maintenance-20260926-072653-f8zxx/maintenance] DEBUG env AWS_REGION len=9
execute	Execute Action	2026-09-26T07:27:53.7560585Z [pod/manual-maintenance-20260926-072653-f8zxx/maintenance] 26/09/26 07:27:14 WARN AuthManagers: The property rest.sigv4-enabled is deprecated and will be removed in a future release. Please use the property rest.auth.type=sigv4 instead.
execute	Execute Action	2026-09-26T07:27:53.7561988Z [pod/manual-maintenance-20260926-072653-f8zxx/maintenance] 26/09/26 07:27:14 INFO AuthManagers: Loading AuthManager implementation: org.apache.iceberg.rest.auth.OAuth2Manager
execute	Execute Action	2026-09-26T07:27:53.7563225Z [pod/manual-maintenance-20260926-072653-f8zxx/maintenance] 26/09/26 07:27:14 INFO AuthManagers: Loading AuthManager implementation: org.apache.iceberg.aws.RESTSigV4AuthManager
execute	Execute Action	2026-09-26T07:27:53.7564486Z [pod/manual-maintenance-20260926-072653-f8zxx/maintenance] 26/09/26 07:27:14 INFO CatalogUtil: Loading custom FileIO implementation: org.apache.iceberg.aws.s3.S3FileIO
execute	Execute Action	2026-09-26T07:27:53.7565497Z [pod/manual-maintenance-20260926-072653-f8zxx/maintenance] 26/09/26 07:27:15 INFO CodeGenerator: Code generated in 196.104669 ms
execute	Execute Action	2026-09-26T07:27:53.7566373Z [pod/manual-maintenance-20260926-072653-f8zxx/maintenance] 26/09/26 07:27:15 INFO CodeGenerator: Code generated in 5.054517 ms
execute	Execute Action	2026-09-26T07:27:53.7567428Z [pod/manual-maintenance-20260926-072653-f8zxx/maintenance] ❌ maintenance: table discovery failed
execute	Execute Action	2026-09-26T07:27:53.7568135Z [pod/manual-maintenance-20260926-072653-f8zxx/maintenance] Traceback (most recent call last):
execute	Execute Action	2026-09-26T07:27:53.7569099Z [pod/manual-maintenance-20260926-072653-f8zxx/maintenance]   File "/opt/maintenance/..2026_09_26_07_26_55.636434324/maintenance.py", line 237, in main
execute	Execute Action	2026-09-26T07:27:53.7570034Z [pod/manual-maintenance-20260926-072653-f8zxx/maintenance]     tables = discover_tables(spark)
execute	Execute Action	2026-09-26T07:27:53.7570932Z [pod/manual-maintenance-20260926-072653-f8zxx/maintenance]   File "/opt/maintenance/..2026_09_26_07_26_55.636434324/maintenance.py", line 56, in discover_tables
execute	Execute Action	2026-09-26T07:27:53.7571956Z [pod/manual-maintenance-20260926-072653-f8zxx/maintenance]     for t_row in spark.sql(f"SHOW TABLES IN {CATALOG}.{namespace}").collect():
execute	Execute Action	2026-09-26T07:27:53.7572938Z [pod/manual-maintenance-20260926-072653-f8zxx/maintenance]   File "/opt/spark/python/lib/pyspark.zip/pyspark/sql/session.py", line 1810, in sql
execute	Execute Action	2026-09-26T07:27:53.7573905Z [pod/manual-maintenance-20260926-072653-f8zxx/maintenance]     return DataFrame(self._jsparkSession.sql(sqlQuery, litArgs), self)
execute	Execute Action	2026-09-26T07:27:53.7574934Z [pod/manual-maintenance-20260926-072653-f8zxx/maintenance]   File "/opt/spark/python/lib/py4j-0.10.9.9-src.zip/py4j/java_gateway.py", line 1362, in __call__
execute	Execute Action	2026-09-26T07:27:53.7575828Z [pod/manual-maintenance-20260926-072653-f8zxx/maintenance]     return_value = get_return_value(
execute	Execute Action	2026-09-26T07:27:53.7576748Z [pod/manual-maintenance-20260926-072653-f8zxx/maintenance]   File "/opt/spark/python/lib/pyspark.zip/pyspark/errors/exceptions/captured.py", line 282, in deco
execute	Execute Action	2026-09-26T07:27:53.7577620Z [pod/manual-maintenance-20260926-072653-f8zxx/maintenance]     return f(*a, **kw)
execute	Execute Action	2026-09-26T07:27:53.7578486Z [pod/manual-maintenance-20260926-072653-f8zxx/maintenance]   File "/opt/spark/python/lib/py4j-0.10.9.9-src.zip/py4j/protocol.py", line 327, in get_return_value
execute	Execute Action	2026-09-26T07:27:53.7579371Z [pod/manual-maintenance-20260926-072653-f8zxx/maintenance]     raise Py4JJavaError(
execute	Execute Action	2026-09-26T07:27:53.7580268Z [pod/manual-maintenance-20260926-072653-f8zxx/maintenance] py4j.protocol.Py4JJavaError: An error occurred while calling o68.sql.
execute	Execute Action	2026-09-26T07:27:53.7582007Z [pod/manual-maintenance-20260926-072653-f8zxx/maintenance] : org.apache.iceberg.exceptions.ForbiddenException: Forbidden: The request signature we calculated does not match the signature you provided. Check your AWS secret access key and signing method. For more information, see REST Authentication and SOAP Authentication for details.
execute	Execute Action	2026-09-26T07:27:53.7583993Z [pod/manual-maintenance-20260926-072653-f8zxx/maintenance] 	at org.apache.iceberg.rest.ErrorHandlers$DefaultErrorHandler.accept(ErrorHandlers.java:345)
execute	Execute Action	2026-09-26T07:27:53.7585751Z [pod/manual-maintenance-20260926-072653-f8zxx/maintenance] 	at org.apache.iceberg.rest.ErrorHandlers$NamespaceErrorHandler.accept(ErrorHandlers.java:285)
execute	Execute Action	2026-09-26T07:27:53.7587600Z [pod/manual-maintenance-20260926-072653-f8zxx/maintenance] 	at org.apache.iceberg.rest.ErrorHandlers$NamespaceErrorHandler.accept(ErrorHandlers.java:266)
execute	Execute Action	2026-09-26T07:27:53.7589369Z [pod/manual-maintenance-20260926-072653-f8zxx/maintenance] 	at org.apache.iceberg.rest.HTTPClient.throwFailure(HTTPClient.java:242)
execute	Execute Action	2026-09-26T07:27:53.7591087Z [pod/manual-maintenance-20260926-072653-f8zxx/maintenance] 	at org.apache.iceberg.rest.HTTPClient.execute(HTTPClient.java:347)
execute	Execute Action	2026-09-26T07:27:53.7592387Z [pod/manual-maintenance-20260926-072653-f8zxx/maintenance] 	at org.apache.iceberg.rest.HTTPClient.execute(HTTPClient.java:299)
execute	Execute Action	2026-09-26T07:27:53.7593340Z [pod/manual-maintenance-20260926-072653-f8zxx/maintenance] 	at org.apache.iceberg.rest.BaseHTTPClient.get(BaseHTTPClient.java:77)
execute	Execute Action	2026-09-26T07:27:53.7594383Z [pod/manual-maintenance-20260926-072653-f8zxx/maintenance] 	at org.apache.iceberg.rest.RESTSessionCatalog.listTables(RESTSessionCatalog.java:325)
execute	Execute Action	2026-09-26T07:27:53.7595520Z [pod/manual-maintenance-20260926-072653-f8zxx/maintenance] 	at org.apache.iceberg.catalog.BaseSessionCatalog$AsCatalog.listTables(BaseSessionCatalog.java:79)
execute	Execute Action	2026-09-26T07:27:53.7596605Z [pod/manual-maintenance-20260926-072653-f8zxx/maintenance] 	at org.apache.iceberg.rest.RESTCatalog.listTables(RESTCatalog.java:114)
execute	Execute Action	2026-09-26T07:27:53.7597781Z [pod/manual-maintenance-20260926-072653-f8zxx/maintenance] 	at org.apache.iceberg.CachingCatalog.listTables(CachingCatalog.java:136)
execute	Execute Action	2026-09-26T07:27:53.7598780Z [pod/manual-maintenance-20260926-072653-f8zxx/maintenance] 	at org.apache.iceberg.spark.SparkCatalog.listTables(SparkCatalog.java:428)
execute	Execute Action	2026-09-26T07:27:53.7600019Z [pod/manual-maintenance-20260926-072653-f8zxx/maintenance] 	at org.apache.spark.sql.execution.datasources.v2.ShowTablesExec.run(ShowTablesExec.scala:40)
execute	Execute Action	2026-09-26T07:27:53.7601209Z [pod/manual-maintenance-20260926-072653-f8zxx/maintenance] 	at org.apache.spark.sql.execution.datasources.v2.V2CommandExec.result$lzycompute(V2CommandExec.scala:43)
execute	Execute Action	2026-09-26T07:27:53.7602403Z [pod/manual-maintenance-20260926-072653-f8zxx/maintenance] 	at org.apache.spark.sql.execution.datasources.v2.V2CommandExec.result(V2CommandExec.scala:43)
execute	Execute Action	2026-09-26T07:27:53.7603615Z [pod/manual-maintenance-20260926-072653-f8zxx/maintenance] 	at org.apache.spark.sql.execution.datasources.v2.V2CommandExec.executeCollect(V2CommandExec.scala:49)
execute	Execute Action	2026-09-26T07:27:53.7604857Z [pod/manual-maintenance-20260926-072653-f8zxx/maintenance] 	at org.apache.spark.sql.execution.QueryExecution.$anonfun$eagerlyExecuteCommands$2(QueryExecution.scala:155)
execute	Execute Action	2026-09-26T07:27:53.7606062Z [pod/manual-maintenance-20260926-072653-f8zxx/maintenance] 	at org.apache.spark.sql.execution.SQLExecution$.$anonfun$withNewExecutionId0$8(SQLExecution.scala:163)
execute	Execute Action	2026-09-26T07:27:53.7607228Z [pod/manual-maintenance-20260926-072653-f8zxx/maintenance] 	at org.apache.spark.sql.execution.SQLExecution$.withSessionTagsApplied(SQLExecution.scala:272)
execute	Execute Action	2026-09-26T07:27:53.7608387Z [pod/manual-maintenance-20260926-072653-f8zxx/maintenance] 	at org.apache.spark.sql.execution.SQLExecution$.$anonfun$withNewExecutionId0$7(SQLExecution.scala:125)
execute	Execute Action	2026-09-26T07:27:53.7609523Z [pod/manual-maintenance-20260926-072653-f8zxx/maintenance] 	at org.apache.spark.JobArtifactSet$.withActiveJobArtifactState(JobArtifactSet.scala:94)
execute	Execute Action	2026-09-26T07:27:53.7610797Z [pod/manual-maintenance-20260926-072653-f8zxx/maintenance] 	at org.apache.spark.sql.artifact.ArtifactManager.$anonfun$withResources$1(ArtifactManager.scala:112)
execute	Execute Action	2026-09-26T07:27:53.7611998Z [pod/manual-maintenance-20260926-072653-f8zxx/maintenance] 	at org.apache.spark.sql.artifact.ArtifactManager.withClassLoaderIfNeeded(ArtifactManager.scala:106)
execute	Execute Action	2026-09-26T07:27:53.7613186Z [pod/manual-maintenance-20260926-072653-f8zxx/maintenance] 	at org.apache.spark.sql.artifact.ArtifactManager.withResources(ArtifactManager.scala:111)
execute	Execute Action	2026-09-26T07:27:53.7614347Z [pod/manual-maintenance-20260926-072653-f8zxx/maintenance] 	at org.apache.spark.sql.execution.SQLExecution$.$anonfun$withNewExecutionId0$6(SQLExecution.scala:125)
execute	Execute Action	2026-09-26T07:27:53.7615496Z [pod/manual-maintenance-20260926-072653-f8zxx/maintenance] 	at org.apache.spark.sql.execution.SQLExecution$.withSQLConfPropagated(SQLExecution.scala:295)
execute	Execute Action	2026-09-26T07:27:53.7616650Z [pod/manual-maintenance-20260926-072653-f8zxx/maintenance] 	at org.apache.spark.sql.execution.SQLExecution$.$anonfun$withNewExecutionId0$1(SQLExecution.scala:124)
execute	Execute Action	2026-09-26T07:27:53.7617751Z [pod/manual-maintenance-20260926-072653-f8zxx/maintenance] 	at org.apache.spark.sql.SparkSession.withActive(SparkSession.scala:804)
execute	Execute Action	2026-09-26T07:27:53.7618791Z [pod/manual-maintenance-20260926-072653-f8zxx/maintenance] 	at org.apache.spark.sql.execution.SQLExecution$.withNewExecutionId0(SQLExecution.scala:78)
execute	Execute Action	2026-09-26T07:27:53.7619957Z [pod/manual-maintenance-20260926-072653-f8zxx/maintenance] 	at org.apache.spark.sql.execution.SQLExecution$.withNewExecutionId(SQLExecution.scala:237)
execute	Execute Action	2026-09-26T07:27:53.7631421Z [pod/manual-maintenance-20260926-072653-f8zxx/maintenance] 	at org.apache.spark.sql.execution.QueryExecution.$anonfun$eagerlyExecuteCommands$1(QueryExecution.scala:155)
execute	Execute Action	2026-09-26T07:27:53.7632754Z [pod/manual-maintenance-20260926-072653-f8zxx/maintenance] 	at org.apache.spark.sql.execution.QueryExecution$.withInternalError(QueryExecution.scala:654)
execute	Execute Action	2026-09-26T07:27:53.7634245Z [pod/manual-maintenance-20260926-072653-f8zxx/maintenance] 	at org.apache.spark.sql.execution.QueryExecution.org$apache$spark$sql$execution$QueryExecution$$eagerlyExecute$1(QueryExecution.scala:154)
execute	Execute Action	2026-09-26T07:27:53.7635638Z [pod/manual-maintenance-20260926-072653-f8zxx/maintenance] 	at org.apache.spark.sql.execution.QueryExecution$$anonfun$eagerlyExecuteCommands$3.applyOrElse(QueryExecution.scala:169)
execute	Execute Action	2026-09-26T07:27:53.7636980Z [pod/manual-maintenance-20260926-072653-f8zxx/maintenance] 	at org.apache.spark.sql.execution.QueryExecution$$anonfun$eagerlyExecuteCommands$3.applyOrElse(QueryExecution.scala:164)
execute	Execute Action	2026-09-26T07:27:53.7638251Z [pod/manual-maintenance-20260926-072653-f8zxx/maintenance] 	at org.apache.spark.sql.catalyst.trees.TreeNode.$anonfun$transformDownWithPruning$1(TreeNode.scala:470)
execute	Execute Action	2026-09-26T07:27:53.7639397Z [pod/manual-maintenance-20260926-072653-f8zxx/maintenance] 	at org.apache.spark.sql.catalyst.trees.CurrentOrigin$.withOrigin(origin.scala:86)
execute	Execute Action	2026-09-26T07:27:53.7640820Z [pod/manual-maintenance-20260926-072653-f8zxx/maintenance] 	at org.apache.spark.sql.catalyst.trees.TreeNode.transformDownWithPruning(TreeNode.scala:470)
execute	Execute Action	2026-09-26T07:27:53.7642271Z [pod/manual-maintenance-20260926-072653-f8zxx/maintenance] 	at org.apache.spark.sql.catalyst.plans.logical.LogicalPlan.org$apache$spark$sql$catalyst$plans$logical$AnalysisHelper$$super$transformDownWithPruning(LogicalPlan.scala:37)
execute	Execute Action	2026-09-26T07:27:53.7643821Z [pod/manual-maintenance-20260926-072653-f8zxx/maintenance] 	at org.apache.spark.sql.catalyst.plans.logical.AnalysisHelper.transformDownWithPruning(AnalysisHelper.scala:360)
execute	Execute Action	2026-09-26T07:27:53.7645208Z [pod/manual-maintenance-20260926-072653-f8zxx/maintenance] 	at org.apache.spark.sql.catalyst.plans.logical.AnalysisHelper.transformDownWithPruning$(AnalysisHelper.scala:356)
execute	Execute Action	2026-09-26T07:27:53.7646547Z [pod/manual-maintenance-20260926-072653-f8zxx/maintenance] 	at org.apache.spark.sql.catalyst.plans.logical.LogicalPlan.transformDownWithPruning(LogicalPlan.scala:37)
execute	Execute Action	2026-09-26T07:27:53.7647937Z [pod/manual-maintenance-20260926-072653-f8zxx/maintenance] 	at org.apache.spark.sql.catalyst.plans.logical.LogicalPlan.transformDownWithPruning(LogicalPlan.scala:37)
execute	Execute Action	2026-09-26T07:27:53.7649121Z [pod/manual-maintenance-20260926-072653-f8zxx/maintenance] 	at org.apache.spark.sql.catalyst.trees.TreeNode.transformDown(TreeNode.scala:446)
execute	Execute Action	2026-09-26T07:27:53.7650349Z [pod/manual-maintenance-20260926-072653-f8zxx/maintenance] 	at org.apache.spark.sql.execution.QueryExecution.eagerlyExecuteCommands(QueryExecution.scala:164)
execute	Execute Action	2026-09-26T07:27:53.7651564Z [pod/manual-maintenance-20260926-072653-f8zxx/maintenance] 	at org.apache.spark.sql.execution.QueryExecution.$anonfun$lazyCommandExecuted$1(QueryExecution.scala:126)
execute	Execute Action	2026-09-26T07:27:53.7652552Z [pod/manual-maintenance-20260926-072653-f8zxx/maintenance] 	at scala.util.Try$.apply(Try.scala:217)
execute	Execute Action	2026-09-26T07:27:53.7653450Z [pod/manual-maintenance-20260926-072653-f8zxx/maintenance] 	at org.apache.spark.util.Utils$.doTryWithCallerStacktrace(Utils.scala:1378)
execute	Execute Action	2026-09-26T07:27:53.7654462Z [pod/manual-maintenance-20260926-072653-f8zxx/maintenance] 	at org.apache.spark.util.Utils$.getTryWithCallerStacktrace(Utils.scala:1439)
execute	Execute Action	2026-09-26T07:27:53.7655385Z [pod/manual-maintenance-20260926-072653-f8zxx/maintenance] 	at org.apache.spark.util.LazyTry.get(LazyTry.scala:58)
execute	Execute Action	2026-09-26T07:27:53.7656389Z [pod/manual-maintenance-20260926-072653-f8zxx/maintenance] 	at org.apache.spark.sql.execution.QueryExecution.commandExecuted(QueryExecution.scala:131)
execute	Execute Action	2026-09-26T07:27:53.7657499Z [pod/manual-maintenance-20260926-072653-f8zxx/maintenance] 	at org.apache.spark.sql.classic.Dataset.<init>(Dataset.scala:277)
execute	Execute Action	2026-09-26T07:27:53.7658460Z [pod/manual-maintenance-20260926-072653-f8zxx/maintenance] 	at org.apache.spark.sql.classic.Dataset$.$anonfun$ofRows$5(Dataset.scala:140)
execute	Execute Action	2026-09-26T07:27:53.7659453Z [pod/manual-maintenance-20260926-072653-f8zxx/maintenance] 	at org.apache.spark.sql.SparkSession.withActive(SparkSession.scala:804)
execute	Execute Action	2026-09-26T07:27:53.7660488Z [pod/manual-maintenance-20260926-072653-f8zxx/maintenance] 	at org.apache.spark.sql.classic.Dataset$.ofRows(Dataset.scala:136)
execute	Execute Action	2026-09-26T07:27:53.7661556Z [pod/manual-maintenance-20260926-072653-f8zxx/maintenance] 	at org.apache.spark.sql.classic.SparkSession.$anonfun$sql$1(SparkSession.scala:462)
execute	Execute Action	2026-09-26T07:27:53.7662577Z [pod/manual-maintenance-20260926-072653-f8zxx/maintenance] 	at org.apache.spark.sql.SparkSession.withActive(SparkSession.scala:804)
execute	Execute Action	2026-09-26T07:27:53.7663561Z [pod/manual-maintenance-20260926-072653-f8zxx/maintenance] 	at org.apache.spark.sql.classic.SparkSession.sql(SparkSession.scala:449)
execute	Execute Action	2026-09-26T07:27:53.7664558Z [pod/manual-maintenance-20260926-072653-f8zxx/maintenance] 	at org.apache.spark.sql.classic.SparkSession.sql(SparkSession.scala:467)
execute	Execute Action	2026-09-26T07:27:53.7665594Z [pod/manual-maintenance-20260926-072653-f8zxx/maintenance] 	at java.base/jdk.internal.reflect.NativeMethodAccessorImpl.invoke0(Native Method)
execute	Execute Action	2026-09-26T07:27:53.7666738Z [pod/manual-maintenance-20260926-072653-f8zxx/maintenance] 	at java.base/jdk.internal.reflect.NativeMethodAccessorImpl.invoke(NativeMethodAccessorImpl.java:77)
execute	Execute Action	2026-09-26T07:27:53.7667986Z [pod/manual-maintenance-20260926-072653-f8zxx/maintenance] 	at java.base/jdk.internal.reflect.DelegatingMethodAccessorImpl.invoke(DelegatingMethodAccessorImpl.java:43)
execute	Execute Action	2026-09-26T07:27:53.7669074Z [pod/manual-maintenance-20260926-072653-f8zxx/maintenance] 	at java.base/java.lang.reflect.Method.invoke(Method.java:569)
execute	Execute Action	2026-09-26T07:27:53.7670051Z [pod/manual-maintenance-20260926-072653-f8zxx/maintenance] 	at py4j.reflection.MethodInvoker.invoke(MethodInvoker.java:244)
execute	Execute Action	2026-09-26T07:27:53.7670995Z [pod/manual-maintenance-20260926-072653-f8zxx/maintenance] 	at py4j.reflection.ReflectionEngine.invoke(ReflectionEngine.java:374)
execute	Execute Action	2026-09-26T07:27:53.7671872Z [pod/manual-maintenance-20260926-072653-f8zxx/maintenance] 	at py4j.Gateway.invoke(Gateway.java:282)
execute	Execute Action	2026-09-26T07:27:53.7672744Z [pod/manual-maintenance-20260926-072653-f8zxx/maintenance] 	at py4j.commands.AbstractCommand.invokeMethod(AbstractCommand.java:132)
execute	Execute Action	2026-09-26T07:27:53.7674404Z [pod/manual-maintenance-20260926-072653-f8zxx/maintenance] 	at py4j.commands.CallCommand.execute(CallCommand.java:79)
execute	Execute Action	2026-09-26T07:27:53.7675970Z [pod/manual-maintenance-20260926-072653-f8zxx/maintenance] 	at py4j.ClientServerConnection.waitForCommands(ClientServerConnection.java:184)
execute	Execute Action	2026-09-26T07:27:53.7677589Z [pod/manual-maintenance-20260926-072653-f8zxx/maintenance] 	at py4j.ClientServerConnection.run(ClientServerConnection.java:108)
execute	Execute Action	2026-09-26T07:27:53.7678543Z [pod/manual-maintenance-20260926-072653-f8zxx/maintenance] 	at java.base/java.lang.Thread.run(Thread.java:840)
execute	Execute Action	2026-09-26T07:27:53.7679658Z [pod/manual-maintenance-20260926-072653-f8zxx/maintenance] 	Suppressed: org.apache.spark.util.Utils$OriginalTryStackTraceException: Full stacktrace of original doTryWithCallerStacktrace caller
execute	Execute Action	2026-09-26T07:27:53.7681231Z [pod/manual-maintenance-20260926-072653-f8zxx/maintenance] 		at org.apache.iceberg.rest.ErrorHandlers$DefaultErrorHandler.accept(ErrorHandlers.java:345)
execute	Execute Action	2026-09-26T07:27:53.7682404Z [pod/manual-maintenance-20260926-072653-f8zxx/maintenance] 		at org.apache.iceberg.rest.ErrorHandlers$NamespaceErrorHandler.accept(ErrorHandlers.java:285)
execute	Execute Action	2026-09-26T07:27:53.7683541Z [pod/manual-maintenance-20260926-072653-f8zxx/maintenance] 		at org.apache.iceberg.rest.ErrorHandlers$NamespaceErrorHandler.accept(ErrorHandlers.java:266)
execute	Execute Action	2026-09-26T07:27:53.7684601Z [pod/manual-maintenance-20260926-072653-f8zxx/maintenance] 		at org.apache.iceberg.rest.HTTPClient.throwFailure(HTTPClient.java:242)
execute	Execute Action	2026-09-26T07:27:53.7685567Z [pod/manual-maintenance-20260926-072653-f8zxx/maintenance] 		at org.apache.iceberg.rest.HTTPClient.execute(HTTPClient.java:347)
execute	Execute Action	2026-09-26T07:27:53.7686512Z [pod/manual-maintenance-20260926-072653-f8zxx/maintenance] 		at org.apache.iceberg.rest.HTTPClient.execute(HTTPClient.java:299)
execute	Execute Action	2026-09-26T07:27:53.7687474Z [pod/manual-maintenance-20260926-072653-f8zxx/maintenance] 		at org.apache.iceberg.rest.BaseHTTPClient.get(BaseHTTPClient.java:77)
execute	Execute Action	2026-09-26T07:27:53.7688669Z [pod/manual-maintenance-20260926-072653-f8zxx/maintenance] 		at org.apache.iceberg.rest.RESTSessionCatalog.listTables(RESTSessionCatalog.java:325)
execute	Execute Action	2026-09-26T07:27:53.7689897Z [pod/manual-maintenance-20260926-072653-f8zxx/maintenance] 		at org.apache.iceberg.catalog.BaseSessionCatalog$AsCatalog.listTables(BaseSessionCatalog.java:79)
execute	Execute Action	2026-09-26T07:27:53.7690979Z [pod/manual-maintenance-20260926-072653-f8zxx/maintenance] 		at org.apache.iceberg.rest.RESTCatalog.listTables(RESTCatalog.java:114)
execute	Execute Action	2026-09-26T07:27:53.7691960Z [pod/manual-maintenance-20260926-072653-f8zxx/maintenance] 		at org.apache.iceberg.CachingCatalog.listTables(CachingCatalog.java:136)
execute	Execute Action	2026-09-26T07:27:53.7692957Z [pod/manual-maintenance-20260926-072653-f8zxx/maintenance] 		at org.apache.iceberg.spark.SparkCatalog.listTables(SparkCatalog.java:428)
execute	Execute Action	2026-09-26T07:27:53.7694042Z [pod/manual-maintenance-20260926-072653-f8zxx/maintenance] 		at org.apache.spark.sql.execution.datasources.v2.ShowTablesExec.run(ShowTablesExec.scala:40)
execute	Execute Action	2026-09-26T07:27:53.7695242Z [pod/manual-maintenance-20260926-072653-f8zxx/maintenance] 		at org.apache.spark.sql.execution.datasources.v2.V2CommandExec.result$lzycompute(V2CommandExec.scala:43)
execute	Execute Action	2026-09-26T07:27:53.7696458Z [pod/manual-maintenance-20260926-072653-f8zxx/maintenance] 		at org.apache.spark.sql.execution.datasources.v2.V2CommandExec.result(V2CommandExec.scala:43)
execute	Execute Action	2026-09-26T07:27:53.7697676Z [pod/manual-maintenance-20260926-072653-f8zxx/maintenance] 		at org.apache.spark.sql.execution.datasources.v2.V2CommandExec.executeCollect(V2CommandExec.scala:49)
execute	Execute Action	2026-09-26T07:27:53.7698919Z [pod/manual-maintenance-20260926-072653-f8zxx/maintenance] 		at org.apache.spark.sql.execution.QueryExecution.$anonfun$eagerlyExecuteCommands$2(QueryExecution.scala:155)
execute	Execute Action	2026-09-26T07:27:53.7700195Z [pod/manual-maintenance-20260926-072653-f8zxx/maintenance] 		at org.apache.spark.sql.execution.SQLExecution$.$anonfun$withNewExecutionId0$8(SQLExecution.scala:163)
execute	Execute Action	2026-09-26T07:27:53.7701459Z [pod/manual-maintenance-20260926-072653-f8zxx/maintenance] 		at org.apache.spark.sql.execution.SQLExecution$.withSessionTagsApplied(SQLExecution.scala:272)
execute	Execute Action	2026-09-26T07:27:53.7702634Z [pod/manual-maintenance-20260926-072653-f8zxx/maintenance] 		at org.apache.spark.sql.execution.SQLExecution$.$anonfun$withNewExecutionId0$7(SQLExecution.scala:125)
execute	Execute Action	2026-09-26T07:27:53.7703786Z [pod/manual-maintenance-20260926-072653-f8zxx/maintenance] 		at org.apache.spark.JobArtifactSet$.withActiveJobArtifactState(JobArtifactSet.scala:94)
execute	Execute Action	2026-09-26T07:27:53.7704927Z [pod/manual-maintenance-20260926-072653-f8zxx/maintenance] 		at org.apache.spark.sql.artifact.ArtifactManager.$anonfun$withResources$1(ArtifactManager.scala:112)
execute	Execute Action	2026-09-26T07:27:53.7706129Z [pod/manual-maintenance-20260926-072653-f8zxx/maintenance] 		at org.apache.spark.sql.artifact.ArtifactManager.withClassLoaderIfNeeded(ArtifactManager.scala:106)
execute	Execute Action	2026-09-26T07:27:53.7707313Z [pod/manual-maintenance-20260926-072653-f8zxx/maintenance] 		at org.apache.spark.sql.artifact.ArtifactManager.withResources(ArtifactManager.scala:111)
execute	Execute Action	2026-09-26T07:27:53.7708484Z [pod/manual-maintenance-20260926-072653-f8zxx/maintenance] 		at org.apache.spark.sql.execution.SQLExecution$.$anonfun$withNewExecutionId0$6(SQLExecution.scala:125)
execute	Execute Action	2026-09-26T07:27:53.7709651Z [pod/manual-maintenance-20260926-072653-f8zxx/maintenance] 		at org.apache.spark.sql.execution.SQLExecution$.withSQLConfPropagated(SQLExecution.scala:295)
execute	Execute Action	2026-09-26T07:27:53.7710867Z [pod/manual-maintenance-20260926-072653-f8zxx/maintenance] 		at org.apache.spark.sql.execution.SQLExecution$.$anonfun$withNewExecutionId0$1(SQLExecution.scala:124)
execute	Execute Action	2026-09-26T07:27:53.7711957Z [pod/manual-maintenance-20260926-072653-f8zxx/maintenance] 		at org.apache.spark.sql.SparkSession.withActive(SparkSession.scala:804)
execute	Execute Action	2026-09-26T07:27:53.7713008Z [pod/manual-maintenance-20260926-072653-f8zxx/maintenance] 		at org.apache.spark.sql.execution.SQLExecution$.withNewExecutionId0(SQLExecution.scala:78)
execute	Execute Action	2026-09-26T07:27:53.7714112Z [pod/manual-maintenance-20260926-072653-f8zxx/maintenance] 		at org.apache.spark.sql.execution.SQLExecution$.withNewExecutionId(SQLExecution.scala:237)
execute	Execute Action	2026-09-26T07:27:53.7715338Z [pod/manual-maintenance-20260926-072653-f8zxx/maintenance] 		at org.apache.spark.sql.execution.QueryExecution.$anonfun$eagerlyExecuteCommands$1(QueryExecution.scala:155)
execute	Execute Action	2026-09-26T07:27:53.7716531Z [pod/manual-maintenance-20260926-072653-f8zxx/maintenance] 		at org.apache.spark.sql.execution.QueryExecution$.withInternalError(QueryExecution.scala:654)
execute	Execute Action	2026-09-26T07:27:53.7717817Z [pod/manual-maintenance-20260926-072653-f8zxx/maintenance] 		at org.apache.spark.sql.execution.QueryExecution.org$apache$spark$sql$execution$QueryExecution$$eagerlyExecute$1(QueryExecution.scala:154)
execute	Execute Action	2026-09-26T07:27:53.7719196Z [pod/manual-maintenance-20260926-072653-f8zxx/maintenance] 		at org.apache.spark.sql.execution.QueryExecution$$anonfun$eagerlyExecuteCommands$3.applyOrElse(QueryExecution.scala:169)
execute	Execute Action	2026-09-26T07:27:53.7720590Z [pod/manual-maintenance-20260926-072653-f8zxx/maintenance] 		at org.apache.spark.sql.execution.QueryExecution$$anonfun$eagerlyExecuteCommands$3.applyOrElse(QueryExecution.scala:164)
execute	Execute Action	2026-09-26T07:27:53.7721856Z [pod/manual-maintenance-20260926-072653-f8zxx/maintenance] 		at org.apache.spark.sql.catalyst.trees.TreeNode.$anonfun$transformDownWithPruning$1(TreeNode.scala:470)
execute	Execute Action	2026-09-26T07:27:53.7722982Z [pod/manual-maintenance-20260926-072653-f8zxx/maintenance] 		at org.apache.spark.sql.catalyst.trees.CurrentOrigin$.withOrigin(origin.scala:86)
execute	Execute Action	2026-09-26T07:27:53.7724113Z [pod/manual-maintenance-20260926-072653-f8zxx/maintenance] 		at org.apache.spark.sql.catalyst.trees.TreeNode.transformDownWithPruning(TreeNode.scala:470)
execute	Execute Action	2026-09-26T07:27:53.7725548Z [pod/manual-maintenance-20260926-072653-f8zxx/maintenance] 		at org.apache.spark.sql.catalyst.plans.logical.LogicalPlan.org$apache$spark$sql$catalyst$plans$logical$AnalysisHelper$$super$transformDownWithPruning(LogicalPlan.scala:37)
execute	Execute Action	2026-09-26T07:27:53.7727143Z [pod/manual-maintenance-20260926-072653-f8zxx/maintenance] 		at org.apache.spark.sql.catalyst.plans.logical.AnalysisHelper.transformDownWithPruning(AnalysisHelper.scala:360)
execute	Execute Action	2026-09-26T07:27:53.7728511Z [pod/manual-maintenance-20260926-072653-f8zxx/maintenance] 		at org.apache.spark.sql.catalyst.plans.logical.AnalysisHelper.transformDownWithPruning$(AnalysisHelper.scala:356)
execute	Execute Action	2026-09-26T07:27:53.7729889Z [pod/manual-maintenance-20260926-072653-f8zxx/maintenance] 		at org.apache.spark.sql.catalyst.plans.logical.LogicalPlan.transformDownWithPruning(LogicalPlan.scala:37)
execute	Execute Action	2026-09-26T07:27:53.7731197Z [pod/manual-maintenance-20260926-072653-f8zxx/maintenance] 		at org.apache.spark.sql.catalyst.plans.logical.LogicalPlan.transformDownWithPruning(LogicalPlan.scala:37)
execute	Execute Action	2026-09-26T07:27:53.7732377Z [pod/manual-maintenance-20260926-072653-f8zxx/maintenance] 		at org.apache.spark.sql.catalyst.trees.TreeNode.transformDown(TreeNode.scala:446)
execute	Execute Action	2026-09-26T07:27:53.7733518Z [pod/manual-maintenance-20260926-072653-f8zxx/maintenance] 		at org.apache.spark.sql.execution.QueryExecution.eagerlyExecuteCommands(QueryExecution.scala:164)
execute	Execute Action	2026-09-26T07:27:53.7734734Z [pod/manual-maintenance-20260926-072653-f8zxx/maintenance] 		at org.apache.spark.sql.execution.QueryExecution.$anonfun$lazyCommandExecuted$1(QueryExecution.scala:126)
execute	Execute Action	2026-09-26T07:27:53.7735740Z [pod/manual-maintenance-20260926-072653-f8zxx/maintenance] 		at scala.util.Try$.apply(Try.scala:217)
execute	Execute Action	2026-09-26T07:27:53.7736610Z [pod/manual-maintenance-20260926-072653-f8zxx/maintenance] 		at org.apache.spark.util.Utils$.doTryWithCallerStacktrace(Utils.scala:1378)
execute	Execute Action	2026-09-26T07:27:53.7737574Z [pod/manual-maintenance-20260926-072653-f8zxx/maintenance] 		at org.apache.spark.util.LazyTry.tryT$lzycompute(LazyTry.scala:46)
execute	Execute Action	2026-09-26T07:27:53.7738482Z [pod/manual-maintenance-20260926-072653-f8zxx/maintenance] 		at org.apache.spark.util.LazyTry.tryT(LazyTry.scala:46)
execute	Execute Action	2026-09-26T07:27:53.7739199Z [pod/manual-maintenance-20260926-072653-f8zxx/maintenance] 		... 22 more
execute	Execute Action	2026-09-26T07:27:53.7739792Z [pod/manual-maintenance-20260926-072653-f8zxx/maintenance] 
execute	Execute Action	2026-09-26T07:27:53.7740735Z [pod/manual-maintenance-20260926-072653-f8zxx/maintenance] 26/09/26 07:27:15 INFO SparkContext: SparkContext is stopping with exitCode 0 from stop at NativeMethodAccessorImpl.java:0.
execute	Execute Action	2026-09-26T07:27:53.7741964Z [pod/manual-maintenance-20260926-072653-f8zxx/maintenance] 26/09/26 07:27:15 INFO SparkUI: Stopped Spark web UI at http://manual-maintenance-20260926-072653-f8zxx:4040
execute	Execute Action	2026-09-26T07:27:53.7743088Z [pod/manual-maintenance-20260926-072653-f8zxx/maintenance] 26/09/26 07:27:15 INFO MapOutputTrackerMasterEndpoint: MapOutputTrackerMasterEndpoint stopped!
execute	Execute Action	2026-09-26T07:27:53.7744104Z [pod/manual-maintenance-20260926-072653-f8zxx/maintenance] 26/09/26 07:27:15 INFO MemoryStore: MemoryStore started with capacity 434.4 MiB
execute	Execute Action	2026-09-26T07:27:53.7744986Z [pod/manual-maintenance-20260926-072653-f8zxx/maintenance] 26/09/26 07:27:15 INFO MemoryStore: MemoryStore cleared
execute	Execute Action	2026-09-26T07:27:53.7745811Z [pod/manual-maintenance-20260926-072653-f8zxx/maintenance] 26/09/26 07:27:15 INFO BlockManager: BlockManager stopped
execute	Execute Action	2026-09-26T07:27:53.7746678Z [pod/manual-maintenance-20260926-072653-f8zxx/maintenance] 26/09/26 07:27:15 INFO BlockManagerMaster: BlockManagerMaster stopped
execute	Execute Action	2026-09-26T07:27:53.7747731Z [pod/manual-maintenance-20260926-072653-f8zxx/maintenance] 26/09/26 07:27:15 INFO OutputCommitCoordinator$OutputCommitCoordinatorEndpoint: OutputCommitCoordinator stopped!
execute	Execute Action	2026-09-26T07:27:53.7748794Z [pod/manual-maintenance-20260926-072653-f8zxx/maintenance] 26/09/26 07:27:15 INFO SparkContext: Successfully stopped SparkContext
execute	Execute Action	2026-09-26T07:27:53.9382064Z [pod/manual-maintenance-20260926-072653-f8zxx/maintenance] 26/09/26 07:27:15 INFO ShutdownHookManager: Shutdown hook called
execute	Execute Action	2026-09-26T07:27:53.9383540Z [pod/manual-maintenance-20260926-072653-f8zxx/maintenance] 26/09/26 07:27:15 INFO ShutdownHookManager: Deleting directory /tmp/spark-fc7b1590-f675-450e-b652-a18eacdf861b
execute	Execute Action	2026-09-26T07:27:53.9385374Z [pod/manual-maintenance-20260926-072653-f8zxx/maintenance] 26/09/26 07:27:15 INFO ShutdownHookManager: Deleting directory /tmp/spark-dbe1c0f6-9445-4b43-8a95-acca194127ca/pyspark-aafffdfd-10bb-43b0-9353-67d0b702c032
execute	Execute Action	2026-09-26T07:27:53.9387528Z [pod/manual-maintenance-20260926-072653-f8zxx/maintenance] 26/09/26 07:27:15 INFO ShutdownHookManager: Deleting directory /tmp/spark-dbe1c0f6-9445-4b43-8a95-acca194127ca
execute	Execute Action	2026-09-26T07:27:53.9389193Z [pod/manual-maintenance-20260926-072653-f8zxx/maintenance] 26/09/26 07:27:15 INFO ShutdownHookManager: Deleting directory /tmp/artifacts-156a9b65-4d76-48dc-89d9-af0a6579bbaf
execute	Execute Action	2026-09-26T07:27:53.9391352Z → kubectl logs pod/manual-maintenance-20260926-072653-vz4zk --tail=2000
execute	Execute Action	2026-09-26T07:27:56.0978882Z [pod/manual-maintenance-20260926-072653-vz4zk/maintenance] WARNING: Using incubator modules: jdk.incubator.vector
execute	Execute Action	2026-09-26T07:27:56.0981148Z [pod/manual-maintenance-20260926-072653-vz4zk/maintenance] Using Spark's default log4j profile: org/apache/spark/log4j2-defaults.properties
execute	Execute Action	2026-09-26T07:27:56.0983373Z [pod/manual-maintenance-20260926-072653-vz4zk/maintenance] 26/09/26 07:27:28 INFO SparkContext: Running Spark version 4.0.4
execute	Execute Action	2026-09-26T07:27:56.0985172Z [pod/manual-maintenance-20260926-072653-vz4zk/maintenance] 26/09/26 07:27:28 INFO SparkContext: OS info Linux, 7.0.0-34-generic, amd64
execute	Execute Action	2026-09-26T07:27:56.0987059Z [pod/manual-maintenance-20260926-072653-vz4zk/maintenance] 26/09/26 07:27:28 INFO SparkContext: Java version 17.0.19
execute	Execute Action	2026-09-26T07:27:56.0989162Z [pod/manual-maintenance-20260926-072653-vz4zk/maintenance] 26/09/26 07:27:28 WARN NativeCodeLoader: Unable to load native-hadoop library for your platform... using builtin-java classes where applicable
execute	Execute Action	2026-09-26T07:27:56.0991718Z [pod/manual-maintenance-20260926-072653-vz4zk/maintenance] 26/09/26 07:27:28 INFO ResourceUtils: ==============================================================
execute	Execute Action	2026-09-26T07:27:56.0993907Z [pod/manual-maintenance-20260926-072653-vz4zk/maintenance] 26/09/26 07:27:28 INFO ResourceUtils: No custom resources configured for spark.driver.
execute	Execute Action	2026-09-26T07:27:56.0995593Z [pod/manual-maintenance-20260926-072653-vz4zk/maintenance] 26/09/26 07:27:28 INFO ResourceUtils: ==============================================================
execute	Execute Action	2026-09-26T07:27:56.0997762Z [pod/manual-maintenance-20260926-072653-vz4zk/maintenance] 26/09/26 07:27:28 INFO SparkContext: Submitted application: iceberg-maintenance
execute	Execute Action	2026-09-26T07:27:56.1001576Z [pod/manual-maintenance-20260926-072653-vz4zk/maintenance] 26/09/26 07:27:28 INFO ResourceProfile: Default ResourceProfile created, executor resources: Map(cores -> name: cores, amount: 1, script: , vendor: , memory -> name: memory, amount: 1024, script: , vendor: , offHeap -> name: offHeap, amount: 0, script: , vendor: ), task resources: Map(cpus -> name: cpus, amount: 1.0)
execute	Execute Action	2026-09-26T07:27:56.1003871Z [pod/manual-maintenance-20260926-072653-vz4zk/maintenance] 26/09/26 07:27:28 INFO ResourceProfile: Limiting resource is cpu
execute	Execute Action	2026-09-26T07:27:56.1005605Z [pod/manual-maintenance-20260926-072653-vz4zk/maintenance] 26/09/26 07:27:28 INFO ResourceProfileManager: Added ResourceProfile id: 0
execute	Execute Action	2026-09-26T07:27:56.1007663Z [pod/manual-maintenance-20260926-072653-vz4zk/maintenance] 26/09/26 07:27:28 INFO SecurityManager: Changing view acls to: spark
execute	Execute Action	2026-09-26T07:27:56.1008980Z [pod/manual-maintenance-20260926-072653-vz4zk/maintenance] 26/09/26 07:27:28 INFO SecurityManager: Changing modify acls to: spark
execute	Execute Action	2026-09-26T07:27:56.1010299Z [pod/manual-maintenance-20260926-072653-vz4zk/maintenance] 26/09/26 07:27:28 INFO SecurityManager: Changing view acls groups to: spark
execute	Execute Action	2026-09-26T07:27:56.1011427Z [pod/manual-maintenance-20260926-072653-vz4zk/maintenance] 26/09/26 07:27:28 INFO SecurityManager: Changing modify acls groups to: spark
execute	Execute Action	2026-09-26T07:27:56.1013299Z [pod/manual-maintenance-20260926-072653-vz4zk/maintenance] 26/09/26 07:27:28 INFO SecurityManager: SecurityManager: authentication disabled; ui acls disabled; users with view permissions: spark groups with view permissions: EMPTY; users with modify permissions: spark; groups with modify permissions: EMPTY; RPC SSL disabled
execute	Execute Action	2026-09-26T07:27:56.1015433Z [pod/manual-maintenance-20260926-072653-vz4zk/maintenance] 26/09/26 07:27:29 INFO Utils: Successfully started service 'sparkDriver' on port 35231.
execute	Execute Action	2026-09-26T07:27:56.1016579Z [pod/manual-maintenance-20260926-072653-vz4zk/maintenance] 26/09/26 07:27:29 INFO SparkEnv: Registering MapOutputTracker
execute	Execute Action	2026-09-26T07:27:56.1017616Z [pod/manual-maintenance-20260926-072653-vz4zk/maintenance] 26/09/26 07:27:29 INFO SparkEnv: Registering BlockManagerMaster
execute	Execute Action	2026-09-26T07:27:56.1018982Z [pod/manual-maintenance-20260926-072653-vz4zk/maintenance] 26/09/26 07:27:29 INFO BlockManagerMasterEndpoint: Using org.apache.spark.storage.DefaultTopologyMapper for getting topology information
execute	Execute Action	2026-09-26T07:27:56.1020509Z [pod/manual-maintenance-20260926-072653-vz4zk/maintenance] 26/09/26 07:27:29 INFO BlockManagerMasterEndpoint: BlockManagerMasterEndpoint up
execute	Execute Action	2026-09-26T07:27:56.1021668Z [pod/manual-maintenance-20260926-072653-vz4zk/maintenance] 26/09/26 07:27:29 INFO SparkEnv: Registering BlockManagerMasterHeartbeat
execute	Execute Action	2026-09-26T07:27:56.1022961Z [pod/manual-maintenance-20260926-072653-vz4zk/maintenance] 26/09/26 07:27:29 INFO DiskBlockManager: Created local directory at /tmp/blockmgr-bee215d6-6731-4bb9-bb3d-d35649c6bfc3
execute	Execute Action	2026-09-26T07:27:56.1024242Z [pod/manual-maintenance-20260926-072653-vz4zk/maintenance] 26/09/26 07:27:29 INFO SparkEnv: Registering OutputCommitCoordinator
execute	Execute Action	2026-09-26T07:27:56.1025310Z [pod/manual-maintenance-20260926-072653-vz4zk/maintenance] 26/09/26 07:27:29 INFO JettyUtils: Start Jetty 0.0.0.0:4040 for SparkUI
execute	Execute Action	2026-09-26T07:27:56.1026426Z [pod/manual-maintenance-20260926-072653-vz4zk/maintenance] 26/09/26 07:27:29 INFO Utils: Successfully started service 'SparkUI' on port 4040.
execute	Execute Action	2026-09-26T07:27:56.1027559Z [pod/manual-maintenance-20260926-072653-vz4zk/maintenance] 26/09/26 07:27:29 INFO SecurityManager: Changing view acls to: spark
execute	Execute Action	2026-09-26T07:27:56.1028630Z [pod/manual-maintenance-20260926-072653-vz4zk/maintenance] 26/09/26 07:27:29 INFO SecurityManager: Changing modify acls to: spark
execute	Execute Action	2026-09-26T07:27:56.1029638Z [pod/manual-maintenance-20260926-072653-vz4zk/maintenance] 26/09/26 07:27:29 INFO SecurityManager: Changing view acls groups to: spark
execute	Execute Action	2026-09-26T07:27:56.1030632Z [pod/manual-maintenance-20260926-072653-vz4zk/maintenance] 26/09/26 07:27:29 INFO SecurityManager: Changing modify acls groups to: spark
execute	Execute Action	2026-09-26T07:27:56.1032183Z [pod/manual-maintenance-20260926-072653-vz4zk/maintenance] 26/09/26 07:27:29 INFO SecurityManager: SecurityManager: authentication disabled; ui acls disabled; users with view permissions: spark groups with view permissions: EMPTY; users with modify permissions: spark; groups with modify permissions: EMPTY; RPC SSL disabled
execute	Execute Action	2026-09-26T07:27:56.1033845Z [pod/manual-maintenance-20260926-072653-vz4zk/maintenance] 26/09/26 07:27:29 INFO Executor: Starting executor ID driver on host manual-maintenance-20260926-072653-vz4zk
execute	Execute Action	2026-09-26T07:27:56.1034852Z [pod/manual-maintenance-20260926-072653-vz4zk/maintenance] 26/09/26 07:27:29 INFO Executor: OS info Linux, 7.0.0-34-generic, amd64
execute	Execute Action	2026-09-26T07:27:56.1035708Z [pod/manual-maintenance-20260926-072653-vz4zk/maintenance] 26/09/26 07:27:29 INFO Executor: Java version 17.0.19
execute	Execute Action	2026-09-26T07:27:56.1036666Z [pod/manual-maintenance-20260926-072653-vz4zk/maintenance] 26/09/26 07:27:29 INFO Executor: Starting executor with user classpath (userClassPathFirst = false): ''
execute	Execute Action	2026-09-26T07:27:56.1037879Z [pod/manual-maintenance-20260926-072653-vz4zk/maintenance] 26/09/26 07:27:29 INFO Executor: Created or updated repl class loader org.apache.spark.util.MutableURLClassLoader@460f7f85 for default.
execute	Execute Action	2026-09-26T07:27:56.1039228Z [pod/manual-maintenance-20260926-072653-vz4zk/maintenance] 26/09/26 07:27:29 INFO Utils: Successfully started service 'org.apache.spark.network.netty.NettyBlockTransferService' on port 46539.
execute	Execute Action	2026-09-26T07:27:56.1040585Z [pod/manual-maintenance-20260926-072653-vz4zk/maintenance] 26/09/26 07:27:29 INFO NettyBlockTransferService: Server created on manual-maintenance-20260926-072653-vz4zk:46539
execute	Execute Action	2026-09-26T07:27:56.1041919Z [pod/manual-maintenance-20260926-072653-vz4zk/maintenance] 26/09/26 07:27:29 INFO BlockManager: Using org.apache.spark.storage.RandomBlockReplicationPolicy for block replication policy
execute	Execute Action	2026-09-26T07:27:56.1043291Z [pod/manual-maintenance-20260926-072653-vz4zk/maintenance] 26/09/26 07:27:29 INFO BlockManagerMaster: Registering BlockManager BlockManagerId(driver, manual-maintenance-20260926-072653-vz4zk, 46539, None)
execute	Execute Action	2026-09-26T07:27:56.1044946Z [pod/manual-maintenance-20260926-072653-vz4zk/maintenance] 26/09/26 07:27:29 INFO BlockManagerMasterEndpoint: Registering block manager manual-maintenance-20260926-072653-vz4zk:46539 with 434.4 MiB RAM, BlockManagerId(driver, manual-maintenance-20260926-072653-vz4zk, 46539, None)
execute	Execute Action	2026-09-26T07:27:56.1046602Z [pod/manual-maintenance-20260926-072653-vz4zk/maintenance] 26/09/26 07:27:29 INFO BlockManagerMaster: Registered BlockManager BlockManagerId(driver, manual-maintenance-20260926-072653-vz4zk, 46539, None)
execute	Execute Action	2026-09-26T07:27:56.1048054Z [pod/manual-maintenance-20260926-072653-vz4zk/maintenance] 26/09/26 07:27:29 INFO BlockManager: Initialized BlockManager: BlockManagerId(driver, manual-maintenance-20260926-072653-vz4zk, 46539, None)
execute	Execute Action	2026-09-26T07:27:56.1049391Z [pod/manual-maintenance-20260926-072653-vz4zk/maintenance] 26/09/26 07:27:32 INFO SharedState: Setting hive.metastore.warehouse.dir ('null') to the value of spark.sql.warehouse.dir.
execute	Execute Action	2026-09-26T07:27:56.1050602Z [pod/manual-maintenance-20260926-072653-vz4zk/maintenance] 26/09/26 07:27:32 INFO SharedState: Warehouse path is 'file:/opt/spark/work-dir/spark-warehouse'.
execute	Execute Action	2026-09-26T07:27:56.1051669Z [pod/manual-maintenance-20260926-072653-vz4zk/maintenance] DEBUG spark conf spark.sql.catalog.datalake=org.apache.iceberg.spark.SparkCatalog
execute	Execute Action	2026-09-26T07:27:56.1052698Z [pod/manual-maintenance-20260926-072653-vz4zk/maintenance] DEBUG spark conf spark.sql.catalog.datalake.client.access-key-id=<len 5>
execute	Execute Action	2026-09-26T07:27:56.1053674Z [pod/manual-maintenance-20260926-072653-vz4zk/maintenance] DEBUG spark conf spark.sql.catalog.datalake.client.region=us-east-1
execute	Execute Action	2026-09-26T07:27:56.1054735Z [pod/manual-maintenance-20260926-072653-vz4zk/maintenance] DEBUG spark conf spark.sql.catalog.datalake.client.secret-access-key=<len 16>
execute	Execute Action	2026-09-26T07:27:56.1055790Z [pod/manual-maintenance-20260926-072653-vz4zk/maintenance] DEBUG spark conf spark.sql.catalog.datalake.io-impl=org.apache.iceberg.aws.s3.S3FileIO
execute	Execute Action	2026-09-26T07:27:56.1056817Z [pod/manual-maintenance-20260926-072653-vz4zk/maintenance] DEBUG spark conf spark.sql.catalog.datalake.rest.access-key-id=<len 5>
execute	Execute Action	2026-09-26T07:27:56.1057817Z [pod/manual-maintenance-20260926-072653-vz4zk/maintenance] DEBUG spark conf spark.sql.catalog.datalake.rest.secret-access-key=<len 16>
execute	Execute Action	2026-09-26T07:27:56.1058830Z [pod/manual-maintenance-20260926-072653-vz4zk/maintenance] DEBUG spark conf spark.sql.catalog.datalake.rest.signing-name=s3
execute	Execute Action	2026-09-26T07:27:56.1059868Z [pod/manual-maintenance-20260926-072653-vz4zk/maintenance] DEBUG spark conf spark.sql.catalog.datalake.rest.signing-region=us-east-1
execute	Execute Action	2026-09-26T07:27:56.1060870Z [pod/manual-maintenance-20260926-072653-vz4zk/maintenance] DEBUG spark conf spark.sql.catalog.datalake.rest.sigv4-enabled=true
execute	Execute Action	2026-09-26T07:27:56.1061829Z [pod/manual-maintenance-20260926-072653-vz4zk/maintenance] DEBUG spark conf spark.sql.catalog.datalake.s3.access-key-id=<len 5>
execute	Execute Action	2026-09-26T07:27:56.1062930Z [pod/manual-maintenance-20260926-072653-vz4zk/maintenance] DEBUG spark conf spark.sql.catalog.datalake.s3.endpoint=http://rustfs-svc.rustfs.svc.cluster.local:9000
execute	Execute Action	2026-09-26T07:27:56.1064029Z [pod/manual-maintenance-20260926-072653-vz4zk/maintenance] DEBUG spark conf spark.sql.catalog.datalake.s3.path-style-access=true
execute	Execute Action	2026-09-26T07:27:56.1064996Z [pod/manual-maintenance-20260926-072653-vz4zk/maintenance] DEBUG spark conf spark.sql.catalog.datalake.s3.region=us-east-1
execute	Execute Action	2026-09-26T07:27:56.1065952Z [pod/manual-maintenance-20260926-072653-vz4zk/maintenance] DEBUG spark conf spark.sql.catalog.datalake.s3.secret-access-key=<len 16>
execute	Execute Action	2026-09-26T07:27:56.1066942Z [pod/manual-maintenance-20260926-072653-vz4zk/maintenance] DEBUG spark conf spark.sql.catalog.datalake.type=rest
execute	Execute Action	2026-09-26T07:27:56.1067973Z [pod/manual-maintenance-20260926-072653-vz4zk/maintenance] DEBUG spark conf spark.sql.catalog.datalake.uri=http://rustfs-svc.rustfs.svc.cluster.local:9000/iceberg
execute	Execute Action	2026-09-26T07:27:56.1069034Z [pod/manual-maintenance-20260926-072653-vz4zk/maintenance] DEBUG spark conf spark.sql.catalog.datalake.warehouse=datalake
execute	Execute Action	2026-09-26T07:27:56.1069918Z [pod/manual-maintenance-20260926-072653-vz4zk/maintenance] DEBUG env RUSTFS_ACCESS_KEY len=5
execute	Execute Action	2026-09-26T07:27:56.1070623Z [pod/manual-maintenance-20260926-072653-vz4zk/maintenance] DEBUG env RUSTFS_SECRET_KEY len=16
execute	Execute Action	2026-09-26T07:27:56.1071319Z [pod/manual-maintenance-20260926-072653-vz4zk/maintenance] DEBUG env AWS_ACCESS_KEY_ID len=5
execute	Execute Action	2026-09-26T07:27:56.1072030Z [pod/manual-maintenance-20260926-072653-vz4zk/maintenance] DEBUG env AWS_SECRET_ACCESS_KEY len=16
execute	Execute Action	2026-09-26T07:27:56.1072714Z [pod/manual-maintenance-20260926-072653-vz4zk/maintenance] DEBUG env AWS_REGION len=9
execute	Execute Action	2026-09-26T07:27:56.1073838Z [pod/manual-maintenance-20260926-072653-vz4zk/maintenance] 26/09/26 07:27:32 WARN AuthManagers: The property rest.sigv4-enabled is deprecated and will be removed in a future release. Please use the property rest.auth.type=sigv4 instead.
execute	Execute Action	2026-09-26T07:27:56.1075225Z [pod/manual-maintenance-20260926-072653-vz4zk/maintenance] 26/09/26 07:27:32 INFO AuthManagers: Loading AuthManager implementation: org.apache.iceberg.rest.auth.OAuth2Manager
execute	Execute Action	2026-09-26T07:27:56.1076488Z [pod/manual-maintenance-20260926-072653-vz4zk/maintenance] 26/09/26 07:27:32 INFO AuthManagers: Loading AuthManager implementation: org.apache.iceberg.aws.RESTSigV4AuthManager
execute	Execute Action	2026-09-26T07:27:56.1077671Z [pod/manual-maintenance-20260926-072653-vz4zk/maintenance] 26/09/26 07:27:33 INFO CatalogUtil: Loading custom FileIO implementation: org.apache.iceberg.aws.s3.S3FileIO
execute	Execute Action	2026-09-26T07:27:56.1078684Z [pod/manual-maintenance-20260926-072653-vz4zk/maintenance] 26/09/26 07:27:34 INFO CodeGenerator: Code generated in 236.721094 ms
execute	Execute Action	2026-09-26T07:27:56.1079626Z [pod/manual-maintenance-20260926-072653-vz4zk/maintenance] 26/09/26 07:27:34 INFO CodeGenerator: Code generated in 6.439527 ms
execute	Execute Action	2026-09-26T07:27:56.1080759Z [pod/manual-maintenance-20260926-072653-vz4zk/maintenance] ❌ maintenance: table discovery failed
execute	Execute Action	2026-09-26T07:27:56.1081489Z [pod/manual-maintenance-20260926-072653-vz4zk/maintenance] Traceback (most recent call last):
execute	Execute Action	2026-09-26T07:27:56.1082366Z [pod/manual-maintenance-20260926-072653-vz4zk/maintenance]   File "/opt/maintenance/..2026_09_26_07_27_25.814036861/maintenance.py", line 237, in main
execute	Execute Action	2026-09-26T07:27:56.1083243Z [pod/manual-maintenance-20260926-072653-vz4zk/maintenance]     tables = discover_tables(spark)
execute	Execute Action	2026-09-26T07:27:56.1084157Z [pod/manual-maintenance-20260926-072653-vz4zk/maintenance]   File "/opt/maintenance/..2026_09_26_07_27_25.814036861/maintenance.py", line 56, in discover_tables
execute	Execute Action	2026-09-26T07:27:56.1085173Z [pod/manual-maintenance-20260926-072653-vz4zk/maintenance]     for t_row in spark.sql(f"SHOW TABLES IN {CATALOG}.{namespace}").collect():
execute	Execute Action	2026-09-26T07:27:56.1086170Z [pod/manual-maintenance-20260926-072653-vz4zk/maintenance]   File "/opt/spark/python/lib/pyspark.zip/pyspark/sql/session.py", line 1810, in sql
execute	Execute Action	2026-09-26T07:27:56.1087146Z [pod/manual-maintenance-20260926-072653-vz4zk/maintenance]     return DataFrame(self._jsparkSession.sql(sqlQuery, litArgs), self)
execute	Execute Action	2026-09-26T07:27:56.1088146Z [pod/manual-maintenance-20260926-072653-vz4zk/maintenance]   File "/opt/spark/python/lib/py4j-0.10.9.9-src.zip/py4j/java_gateway.py", line 1362, in __call__
execute	Execute Action	2026-09-26T07:27:56.1089038Z [pod/manual-maintenance-20260926-072653-vz4zk/maintenance]     return_value = get_return_value(
execute	Execute Action	2026-09-26T07:27:56.1090021Z [pod/manual-maintenance-20260926-072653-vz4zk/maintenance]   File "/opt/spark/python/lib/pyspark.zip/pyspark/errors/exceptions/captured.py", line 282, in deco
execute	Execute Action	2026-09-26T07:27:56.1090887Z [pod/manual-maintenance-20260926-072653-vz4zk/maintenance]     return f(*a, **kw)
execute	Execute Action	2026-09-26T07:27:56.1091851Z [pod/manual-maintenance-20260926-072653-vz4zk/maintenance]   File "/opt/spark/python/lib/py4j-0.10.9.9-src.zip/py4j/protocol.py", line 327, in get_return_value
execute	Execute Action	2026-09-26T07:27:56.1092728Z [pod/manual-maintenance-20260926-072653-vz4zk/maintenance]     raise Py4JJavaError(
execute	Execute Action	2026-09-26T07:27:56.1093536Z [pod/manual-maintenance-20260926-072653-vz4zk/maintenance] py4j.protocol.Py4JJavaError: An error occurred while calling o68.sql.
execute	Execute Action	2026-09-26T07:27:56.1095174Z [pod/manual-maintenance-20260926-072653-vz4zk/maintenance] : org.apache.iceberg.exceptions.ForbiddenException: Forbidden: The request signature we calculated does not match the signature you provided. Check your AWS secret access key and signing method. For more information, see REST Authentication and SOAP Authentication for details.
execute	Execute Action	2026-09-26T07:27:56.1096898Z [pod/manual-maintenance-20260926-072653-vz4zk/maintenance] 	at org.apache.iceberg.rest.ErrorHandlers$DefaultErrorHandler.accept(ErrorHandlers.java:345)
execute	Execute Action	2026-09-26T07:27:56.1098032Z [pod/manual-maintenance-20260926-072653-vz4zk/maintenance] 	at org.apache.iceberg.rest.ErrorHandlers$NamespaceErrorHandler.accept(ErrorHandlers.java:285)
execute	Execute Action	2026-09-26T07:27:56.1099154Z [pod/manual-maintenance-20260926-072653-vz4zk/maintenance] 	at org.apache.iceberg.rest.ErrorHandlers$NamespaceErrorHandler.accept(ErrorHandlers.java:266)
execute	Execute Action	2026-09-26T07:27:56.1100284Z [pod/manual-maintenance-20260926-072653-vz4zk/maintenance] 	at org.apache.iceberg.rest.HTTPClient.throwFailure(HTTPClient.java:242)
execute	Execute Action	2026-09-26T07:27:56.1101265Z [pod/manual-maintenance-20260926-072653-vz4zk/maintenance] 	at org.apache.iceberg.rest.HTTPClient.execute(HTTPClient.java:347)
execute	Execute Action	2026-09-26T07:27:56.1102205Z [pod/manual-maintenance-20260926-072653-vz4zk/maintenance] 	at org.apache.iceberg.rest.HTTPClient.execute(HTTPClient.java:299)
execute	Execute Action	2026-09-26T07:27:56.1103161Z [pod/manual-maintenance-20260926-072653-vz4zk/maintenance] 	at org.apache.iceberg.rest.BaseHTTPClient.get(BaseHTTPClient.java:77)
execute	Execute Action	2026-09-26T07:27:56.1104205Z [pod/manual-maintenance-20260926-072653-vz4zk/maintenance] 	at org.apache.iceberg.rest.RESTSessionCatalog.listTables(RESTSessionCatalog.java:325)
execute	Execute Action	2026-09-26T07:27:56.1105442Z [pod/manual-maintenance-20260926-072653-vz4zk/maintenance] 	at org.apache.iceberg.catalog.BaseSessionCatalog$AsCatalog.listTables(BaseSessionCatalog.java:79)
execute	Execute Action	2026-09-26T07:27:56.1106535Z [pod/manual-maintenance-20260926-072653-vz4zk/maintenance] 	at org.apache.iceberg.rest.RESTCatalog.listTables(RESTCatalog.java:114)
execute	Execute Action	2026-09-26T07:27:56.1107526Z [pod/manual-maintenance-20260926-072653-vz4zk/maintenance] 	at org.apache.iceberg.CachingCatalog.listTables(CachingCatalog.java:136)
execute	Execute Action	2026-09-26T07:27:56.1108525Z [pod/manual-maintenance-20260926-072653-vz4zk/maintenance] 	at org.apache.iceberg.spark.SparkCatalog.listTables(SparkCatalog.java:428)
execute	Execute Action	2026-09-26T07:27:56.1109613Z [pod/manual-maintenance-20260926-072653-vz4zk/maintenance] 	at org.apache.spark.sql.execution.datasources.v2.ShowTablesExec.run(ShowTablesExec.scala:40)
execute	Execute Action	2026-09-26T07:27:56.1110888Z [pod/manual-maintenance-20260926-072653-vz4zk/maintenance] 	at org.apache.spark.sql.execution.datasources.v2.V2CommandExec.result$lzycompute(V2CommandExec.scala:43)
execute	Execute Action	2026-09-26T07:27:56.1112089Z [pod/manual-maintenance-20260926-072653-vz4zk/maintenance] 	at org.apache.spark.sql.execution.datasources.v2.V2CommandExec.result(V2CommandExec.scala:43)
execute	Execute Action	2026-09-26T07:27:56.1113285Z [pod/manual-maintenance-20260926-072653-vz4zk/maintenance] 	at org.apache.spark.sql.execution.datasources.v2.V2CommandExec.executeCollect(V2CommandExec.scala:49)
execute	Execute Action	2026-09-26T07:27:56.1114532Z [pod/manual-maintenance-20260926-072653-vz4zk/maintenance] 	at org.apache.spark.sql.execution.QueryExecution.$anonfun$eagerlyExecuteCommands$2(QueryExecution.scala:155)
execute	Execute Action	2026-09-26T07:27:56.1115757Z [pod/manual-maintenance-20260926-072653-vz4zk/maintenance] 	at org.apache.spark.sql.execution.SQLExecution$.$anonfun$withNewExecutionId0$8(SQLExecution.scala:163)
execute	Execute Action	2026-09-26T07:27:56.1116925Z [pod/manual-maintenance-20260926-072653-vz4zk/maintenance] 	at org.apache.spark.sql.execution.SQLExecution$.withSessionTagsApplied(SQLExecution.scala:272)
execute	Execute Action	2026-09-26T07:27:56.1118146Z [pod/manual-maintenance-20260926-072653-vz4zk/maintenance] 	at org.apache.spark.sql.execution.SQLExecution$.$anonfun$withNewExecutionId0$7(SQLExecution.scala:125)
execute	Execute Action	2026-09-26T07:27:56.1119273Z [pod/manual-maintenance-20260926-072653-vz4zk/maintenance] 	at org.apache.spark.JobArtifactSet$.withActiveJobArtifactState(JobArtifactSet.scala:94)
execute	Execute Action	2026-09-26T07:27:56.1120488Z [pod/manual-maintenance-20260926-072653-vz4zk/maintenance] 	at org.apache.spark.sql.artifact.ArtifactManager.$anonfun$withResources$1(ArtifactManager.scala:112)
execute	Execute Action	2026-09-26T07:27:56.1121679Z [pod/manual-maintenance-20260926-072653-vz4zk/maintenance] 	at org.apache.spark.sql.artifact.ArtifactManager.withClassLoaderIfNeeded(ArtifactManager.scala:106)
execute	Execute Action	2026-09-26T07:27:56.1122852Z [pod/manual-maintenance-20260926-072653-vz4zk/maintenance] 	at org.apache.spark.sql.artifact.ArtifactManager.withResources(ArtifactManager.scala:111)
execute	Execute Action	2026-09-26T07:27:56.1124007Z [pod/manual-maintenance-20260926-072653-vz4zk/maintenance] 	at org.apache.spark.sql.execution.SQLExecution$.$anonfun$withNewExecutionId0$6(SQLExecution.scala:125)
execute	Execute Action	2026-09-26T07:27:56.1125170Z [pod/manual-maintenance-20260926-072653-vz4zk/maintenance] 	at org.apache.spark.sql.execution.SQLExecution$.withSQLConfPropagated(SQLExecution.scala:295)
execute	Execute Action	2026-09-26T07:27:56.1126321Z [pod/manual-maintenance-20260926-072653-vz4zk/maintenance] 	at org.apache.spark.sql.execution.SQLExecution$.$anonfun$withNewExecutionId0$1(SQLExecution.scala:124)
execute	Execute Action	2026-09-26T07:27:56.1127413Z [pod/manual-maintenance-20260926-072653-vz4zk/maintenance] 	at org.apache.spark.sql.SparkSession.withActive(SparkSession.scala:804)
execute	Execute Action	2026-09-26T07:27:56.1128467Z [pod/manual-maintenance-20260926-072653-vz4zk/maintenance] 	at org.apache.spark.sql.execution.SQLExecution$.withNewExecutionId0(SQLExecution.scala:78)
execute	Execute Action	2026-09-26T07:27:56.1129572Z [pod/manual-maintenance-20260926-072653-vz4zk/maintenance] 	at org.apache.spark.sql.execution.SQLExecution$.withNewExecutionId(SQLExecution.scala:237)
execute	Execute Action	2026-09-26T07:27:56.1130935Z [pod/manual-maintenance-20260926-072653-vz4zk/maintenance] 	at org.apache.spark.sql.execution.QueryExecution.$anonfun$eagerlyExecuteCommands$1(QueryExecution.scala:155)
execute	Execute Action	2026-09-26T07:27:56.1132118Z [pod/manual-maintenance-20260926-072653-vz4zk/maintenance] 	at org.apache.spark.sql.execution.QueryExecution$.withInternalError(QueryExecution.scala:654)
execute	Execute Action	2026-09-26T07:27:56.1133406Z [pod/manual-maintenance-20260926-072653-vz4zk/maintenance] 	at org.apache.spark.sql.execution.QueryExecution.org$apache$spark$sql$execution$QueryExecution$$eagerlyExecute$1(QueryExecution.scala:154)
execute	Execute Action	2026-09-26T07:27:56.1134798Z [pod/manual-maintenance-20260926-072653-vz4zk/maintenance] 	at org.apache.spark.sql.execution.QueryExecution$$anonfun$eagerlyExecuteCommands$3.applyOrElse(QueryExecution.scala:169)
execute	Execute Action	2026-09-26T07:27:56.1136135Z [pod/manual-maintenance-20260926-072653-vz4zk/maintenance] 	at org.apache.spark.sql.execution.QueryExecution$$anonfun$eagerlyExecuteCommands$3.applyOrElse(QueryExecution.scala:164)
execute	Execute Action	2026-09-26T07:27:56.1137396Z [pod/manual-maintenance-20260926-072653-vz4zk/maintenance] 	at org.apache.spark.sql.catalyst.trees.TreeNode.$anonfun$transformDownWithPruning$1(TreeNode.scala:470)
execute	Execute Action	2026-09-26T07:27:56.1138528Z [pod/manual-maintenance-20260926-072653-vz4zk/maintenance] 	at org.apache.spark.sql.catalyst.trees.CurrentOrigin$.withOrigin(origin.scala:86)
execute	Execute Action	2026-09-26T07:27:56.1139658Z [pod/manual-maintenance-20260926-072653-vz4zk/maintenance] 	at org.apache.spark.sql.catalyst.trees.TreeNode.transformDownWithPruning(TreeNode.scala:470)
execute	Execute Action	2026-09-26T07:27:56.1141155Z [pod/manual-maintenance-20260926-072653-vz4zk/maintenance] 	at org.apache.spark.sql.catalyst.plans.logical.LogicalPlan.org$apache$spark$sql$catalyst$plans$logical$AnalysisHelper$$super$transformDownWithPruning(LogicalPlan.scala:37)
execute	Execute Action	2026-09-26T07:27:56.1142679Z [pod/manual-maintenance-20260926-072653-vz4zk/maintenance] 	at org.apache.spark.sql.catalyst.plans.logical.AnalysisHelper.transformDownWithPruning(AnalysisHelper.scala:360)
execute	Execute Action	2026-09-26T07:27:56.1144133Z [pod/manual-maintenance-20260926-072653-vz4zk/maintenance] 	at org.apache.spark.sql.catalyst.plans.logical.AnalysisHelper.transformDownWithPruning$(AnalysisHelper.scala:356)
execute	Execute Action	2026-09-26T07:27:56.1145469Z [pod/manual-maintenance-20260926-072653-vz4zk/maintenance] 	at org.apache.spark.sql.catalyst.plans.logical.LogicalPlan.transformDownWithPruning(LogicalPlan.scala:37)
execute	Execute Action	2026-09-26T07:27:56.1146764Z [pod/manual-maintenance-20260926-072653-vz4zk/maintenance] 	at org.apache.spark.sql.catalyst.plans.logical.LogicalPlan.transformDownWithPruning(LogicalPlan.scala:37)
execute	Execute Action	2026-09-26T07:27:56.1147942Z [pod/manual-maintenance-20260926-072653-vz4zk/maintenance] 	at org.apache.spark.sql.catalyst.trees.TreeNode.transformDown(TreeNode.scala:446)
execute	Execute Action	2026-09-26T07:27:56.1149131Z [pod/manual-maintenance-20260926-072653-vz4zk/maintenance] 	at org.apache.spark.sql.execution.QueryExecution.eagerlyExecuteCommands(QueryExecution.scala:164)
execute	Execute Action	2026-09-26T07:27:56.1150416Z [pod/manual-maintenance-20260926-072653-vz4zk/maintenance] 	at org.apache.spark.sql.execution.QueryExecution.$anonfun$lazyCommandExecuted$1(QueryExecution.scala:126)
execute	Execute Action	2026-09-26T07:27:56.1151406Z [pod/manual-maintenance-20260926-072653-vz4zk/maintenance] 	at scala.util.Try$.apply(Try.scala:217)
execute	Execute Action	2026-09-26T07:27:56.1152281Z [pod/manual-maintenance-20260926-072653-vz4zk/maintenance] 	at org.apache.spark.util.Utils$.doTryWithCallerStacktrace(Utils.scala:1378)
execute	Execute Action	2026-09-26T07:27:56.1153276Z [pod/manual-maintenance-20260926-072653-vz4zk/maintenance] 	at org.apache.spark.util.Utils$.getTryWithCallerStacktrace(Utils.scala:1439)
execute	Execute Action	2026-09-26T07:27:56.1154209Z [pod/manual-maintenance-20260926-072653-vz4zk/maintenance] 	at org.apache.spark.util.LazyTry.get(LazyTry.scala:58)
execute	Execute Action	2026-09-26T07:27:56.1155201Z [pod/manual-maintenance-20260926-072653-vz4zk/maintenance] 	at org.apache.spark.sql.execution.QueryExecution.commandExecuted(QueryExecution.scala:131)
execute	Execute Action	2026-09-26T07:27:56.1156237Z [pod/manual-maintenance-20260926-072653-vz4zk/maintenance] 	at org.apache.spark.sql.classic.Dataset.<init>(Dataset.scala:277)
execute	Execute Action	2026-09-26T07:27:56.1157271Z [pod/manual-maintenance-20260926-072653-vz4zk/maintenance] 	at org.apache.spark.sql.classic.Dataset$.$anonfun$ofRows$5(Dataset.scala:140)
execute	Execute Action	2026-09-26T07:27:56.1158266Z [pod/manual-maintenance-20260926-072653-vz4zk/maintenance] 	at org.apache.spark.sql.SparkSession.withActive(SparkSession.scala:804)
execute	Execute Action	2026-09-26T07:27:56.1159227Z [pod/manual-maintenance-20260926-072653-vz4zk/maintenance] 	at org.apache.spark.sql.classic.Dataset$.ofRows(Dataset.scala:136)
execute	Execute Action	2026-09-26T07:27:56.1160293Z [pod/manual-maintenance-20260926-072653-vz4zk/maintenance] 	at org.apache.spark.sql.classic.SparkSession.$anonfun$sql$1(SparkSession.scala:462)
execute	Execute Action	2026-09-26T07:27:56.1161320Z [pod/manual-maintenance-20260926-072653-vz4zk/maintenance] 	at org.apache.spark.sql.SparkSession.withActive(SparkSession.scala:804)
execute	Execute Action	2026-09-26T07:27:56.1162300Z [pod/manual-maintenance-20260926-072653-vz4zk/maintenance] 	at org.apache.spark.sql.classic.SparkSession.sql(SparkSession.scala:449)
execute	Execute Action	2026-09-26T07:27:56.1163307Z [pod/manual-maintenance-20260926-072653-vz4zk/maintenance] 	at org.apache.spark.sql.classic.SparkSession.sql(SparkSession.scala:467)
execute	Execute Action	2026-09-26T07:27:56.1164341Z [pod/manual-maintenance-20260926-072653-vz4zk/maintenance] 	at java.base/jdk.internal.reflect.NativeMethodAccessorImpl.invoke0(Native Method)
execute	Execute Action	2026-09-26T07:27:56.1165481Z [pod/manual-maintenance-20260926-072653-vz4zk/maintenance] 	at java.base/jdk.internal.reflect.NativeMethodAccessorImpl.invoke(NativeMethodAccessorImpl.java:77)
execute	Execute Action	2026-09-26T07:27:56.1166722Z [pod/manual-maintenance-20260926-072653-vz4zk/maintenance] 	at java.base/jdk.internal.reflect.DelegatingMethodAccessorImpl.invoke(DelegatingMethodAccessorImpl.java:43)
execute	Execute Action	2026-09-26T07:27:56.1167815Z [pod/manual-maintenance-20260926-072653-vz4zk/maintenance] 	at java.base/java.lang.reflect.Method.invoke(Method.java:569)
execute	Execute Action	2026-09-26T07:27:56.1168727Z [pod/manual-maintenance-20260926-072653-vz4zk/maintenance] 	at py4j.reflection.MethodInvoker.invoke(MethodInvoker.java:244)
execute	Execute Action	2026-09-26T07:27:56.1169879Z [pod/manual-maintenance-20260926-072653-vz4zk/maintenance] 	at py4j.reflection.ReflectionEngine.invoke(ReflectionEngine.java:374)
execute	Execute Action	2026-09-26T07:27:56.1170744Z [pod/manual-maintenance-20260926-072653-vz4zk/maintenance] 	at py4j.Gateway.invoke(Gateway.java:282)
execute	Execute Action	2026-09-26T07:27:56.1171626Z [pod/manual-maintenance-20260926-072653-vz4zk/maintenance] 	at py4j.commands.AbstractCommand.invokeMethod(AbstractCommand.java:132)
execute	Execute Action	2026-09-26T07:27:56.1172573Z [pod/manual-maintenance-20260926-072653-vz4zk/maintenance] 	at py4j.commands.CallCommand.execute(CallCommand.java:79)
execute	Execute Action	2026-09-26T07:27:56.1173553Z [pod/manual-maintenance-20260926-072653-vz4zk/maintenance] 	at py4j.ClientServerConnection.waitForCommands(ClientServerConnection.java:184)
execute	Execute Action	2026-09-26T07:27:56.1174575Z [pod/manual-maintenance-20260926-072653-vz4zk/maintenance] 	at py4j.ClientServerConnection.run(ClientServerConnection.java:108)
execute	Execute Action	2026-09-26T07:27:56.1175456Z [pod/manual-maintenance-20260926-072653-vz4zk/maintenance] 	at java.base/java.lang.Thread.run(Thread.java:840)
execute	Execute Action	2026-09-26T07:27:56.1176571Z [pod/manual-maintenance-20260926-072653-vz4zk/maintenance] 	Suppressed: org.apache.spark.util.Utils$OriginalTryStackTraceException: Full stacktrace of original doTryWithCallerStacktrace caller
execute	Execute Action	2026-09-26T07:27:56.1177839Z [pod/manual-maintenance-20260926-072653-vz4zk/maintenance] 		at org.apache.iceberg.rest.ErrorHandlers$DefaultErrorHandler.accept(ErrorHandlers.java:345)
execute	Execute Action	2026-09-26T07:27:56.1178959Z [pod/manual-maintenance-20260926-072653-vz4zk/maintenance] 		at org.apache.iceberg.rest.ErrorHandlers$NamespaceErrorHandler.accept(ErrorHandlers.java:285)
execute	Execute Action	2026-09-26T07:27:56.1180154Z [pod/manual-maintenance-20260926-072653-vz4zk/maintenance] 		at org.apache.iceberg.rest.ErrorHandlers$NamespaceErrorHandler.accept(ErrorHandlers.java:266)
execute	Execute Action	2026-09-26T07:27:56.1181211Z [pod/manual-maintenance-20260926-072653-vz4zk/maintenance] 		at org.apache.iceberg.rest.HTTPClient.throwFailure(HTTPClient.java:242)
execute	Execute Action	2026-09-26T07:27:56.1182176Z [pod/manual-maintenance-20260926-072653-vz4zk/maintenance] 		at org.apache.iceberg.rest.HTTPClient.execute(HTTPClient.java:347)
execute	Execute Action	2026-09-26T07:27:56.1183213Z [pod/manual-maintenance-20260926-072653-vz4zk/maintenance] 		at org.apache.iceberg.rest.HTTPClient.execute(HTTPClient.java:299)
execute	Execute Action	2026-09-26T07:27:56.1184181Z [pod/manual-maintenance-20260926-072653-vz4zk/maintenance] 		at org.apache.iceberg.rest.BaseHTTPClient.get(BaseHTTPClient.java:77)
execute	Execute Action	2026-09-26T07:27:56.1185213Z [pod/manual-maintenance-20260926-072653-vz4zk/maintenance] 		at org.apache.iceberg.rest.RESTSessionCatalog.listTables(RESTSessionCatalog.java:325)
execute	Execute Action	2026-09-26T07:27:56.1186367Z [pod/manual-maintenance-20260926-072653-vz4zk/maintenance] 		at org.apache.iceberg.catalog.BaseSessionCatalog$AsCatalog.listTables(BaseSessionCatalog.java:79)
execute	Execute Action	2026-09-26T07:27:56.1187454Z [pod/manual-maintenance-20260926-072653-vz4zk/maintenance] 		at org.apache.iceberg.rest.RESTCatalog.listTables(RESTCatalog.java:114)
execute	Execute Action	2026-09-26T07:27:56.1188446Z [pod/manual-maintenance-20260926-072653-vz4zk/maintenance] 		at org.apache.iceberg.CachingCatalog.listTables(CachingCatalog.java:136)
execute	Execute Action	2026-09-26T07:27:56.1189453Z [pod/manual-maintenance-20260926-072653-vz4zk/maintenance] 		at org.apache.iceberg.spark.SparkCatalog.listTables(SparkCatalog.java:428)
execute	Execute Action	2026-09-26T07:27:56.1190614Z [pod/manual-maintenance-20260926-072653-vz4zk/maintenance] 		at org.apache.spark.sql.execution.datasources.v2.ShowTablesExec.run(ShowTablesExec.scala:40)
execute	Execute Action	2026-09-26T07:27:56.1191818Z [pod/manual-maintenance-20260926-072653-vz4zk/maintenance] 		at org.apache.spark.sql.execution.datasources.v2.V2CommandExec.result$lzycompute(V2CommandExec.scala:43)
execute	Execute Action	2026-09-26T07:27:56.1193030Z [pod/manual-maintenance-20260926-072653-vz4zk/maintenance] 		at org.apache.spark.sql.execution.datasources.v2.V2CommandExec.result(V2CommandExec.scala:43)
execute	Execute Action	2026-09-26T07:27:56.1194240Z [pod/manual-maintenance-20260926-072653-vz4zk/maintenance] 		at org.apache.spark.sql.execution.datasources.v2.V2CommandExec.executeCollect(V2CommandExec.scala:49)
execute	Execute Action	2026-09-26T07:27:56.1195583Z [pod/manual-maintenance-20260926-072653-vz4zk/maintenance] 		at org.apache.spark.sql.execution.QueryExecution.$anonfun$eagerlyExecuteCommands$2(QueryExecution.scala:155)
execute	Execute Action	2026-09-26T07:27:56.1196815Z [pod/manual-maintenance-20260926-072653-vz4zk/maintenance] 		at org.apache.spark.sql.execution.SQLExecution$.$anonfun$withNewExecutionId0$8(SQLExecution.scala:163)
execute	Execute Action	2026-09-26T07:27:56.1197999Z [pod/manual-maintenance-20260926-072653-vz4zk/maintenance] 		at org.apache.spark.sql.execution.SQLExecution$.withSessionTagsApplied(SQLExecution.scala:272)
execute	Execute Action	2026-09-26T07:27:56.1199170Z [pod/manual-maintenance-20260926-072653-vz4zk/maintenance] 		at org.apache.spark.sql.execution.SQLExecution$.$anonfun$withNewExecutionId0$7(SQLExecution.scala:125)
execute	Execute Action	2026-09-26T07:27:56.1200372Z [pod/manual-maintenance-20260926-072653-vz4zk/maintenance] 		at org.apache.spark.JobArtifactSet$.withActiveJobArtifactState(JobArtifactSet.scala:94)
execute	Execute Action	2026-09-26T07:27:56.1201516Z [pod/manual-maintenance-20260926-072653-vz4zk/maintenance] 		at org.apache.spark.sql.artifact.ArtifactManager.$anonfun$withResources$1(ArtifactManager.scala:112)
execute	Execute Action	2026-09-26T07:27:56.1202718Z [pod/manual-maintenance-20260926-072653-vz4zk/maintenance] 		at org.apache.spark.sql.artifact.ArtifactManager.withClassLoaderIfNeeded(ArtifactManager.scala:106)
execute	Execute Action	2026-09-26T07:27:56.1203891Z [pod/manual-maintenance-20260926-072653-vz4zk/maintenance] 		at org.apache.spark.sql.artifact.ArtifactManager.withResources(ArtifactManager.scala:111)
execute	Execute Action	2026-09-26T07:27:56.1205042Z [pod/manual-maintenance-20260926-072653-vz4zk/maintenance] 		at org.apache.spark.sql.execution.SQLExecution$.$anonfun$withNewExecutionId0$6(SQLExecution.scala:125)
execute	Execute Action	2026-09-26T07:27:56.1206194Z [pod/manual-maintenance-20260926-072653-vz4zk/maintenance] 		at org.apache.spark.sql.execution.SQLExecution$.withSQLConfPropagated(SQLExecution.scala:295)
execute	Execute Action	2026-09-26T07:27:56.1207343Z [pod/manual-maintenance-20260926-072653-vz4zk/maintenance] 		at org.apache.spark.sql.execution.SQLExecution$.$anonfun$withNewExecutionId0$1(SQLExecution.scala:124)
execute	Execute Action	2026-09-26T07:27:56.1208500Z [pod/manual-maintenance-20260926-072653-vz4zk/maintenance] 		at org.apache.spark.sql.SparkSession.withActive(SparkSession.scala:804)
execute	Execute Action	2026-09-26T07:27:56.1209539Z [pod/manual-maintenance-20260926-072653-vz4zk/maintenance] 		at org.apache.spark.sql.execution.SQLExecution$.withNewExecutionId0(SQLExecution.scala:78)
execute	Execute Action	2026-09-26T07:27:56.1210721Z [pod/manual-maintenance-20260926-072653-vz4zk/maintenance] 		at org.apache.spark.sql.execution.SQLExecution$.withNewExecutionId(SQLExecution.scala:237)
execute	Execute Action	2026-09-26T07:27:56.1211913Z [pod/manual-maintenance-20260926-072653-vz4zk/maintenance] 		at org.apache.spark.sql.execution.QueryExecution.$anonfun$eagerlyExecuteCommands$1(QueryExecution.scala:155)
execute	Execute Action	2026-09-26T07:27:56.1213102Z [pod/manual-maintenance-20260926-072653-vz4zk/maintenance] 		at org.apache.spark.sql.execution.QueryExecution$.withInternalError(QueryExecution.scala:654)
execute	Execute Action	2026-09-26T07:27:56.1214392Z [pod/manual-maintenance-20260926-072653-vz4zk/maintenance] 		at org.apache.spark.sql.execution.QueryExecution.org$apache$spark$sql$execution$QueryExecution$$eagerlyExecute$1(QueryExecution.scala:154)
execute	Execute Action	2026-09-26T07:27:56.1215797Z [pod/manual-maintenance-20260926-072653-vz4zk/maintenance] 		at org.apache.spark.sql.execution.QueryExecution$$anonfun$eagerlyExecuteCommands$3.applyOrElse(QueryExecution.scala:169)
execute	Execute Action	2026-09-26T07:27:56.1217141Z [pod/manual-maintenance-20260926-072653-vz4zk/maintenance] 		at org.apache.spark.sql.execution.QueryExecution$$anonfun$eagerlyExecuteCommands$3.applyOrElse(QueryExecution.scala:164)
execute	Execute Action	2026-09-26T07:27:56.1218406Z [pod/manual-maintenance-20260926-072653-vz4zk/maintenance] 		at org.apache.spark.sql.catalyst.trees.TreeNode.$anonfun$transformDownWithPruning$1(TreeNode.scala:470)
execute	Execute Action	2026-09-26T07:27:56.1219542Z [pod/manual-maintenance-20260926-072653-vz4zk/maintenance] 		at org.apache.spark.sql.catalyst.trees.CurrentOrigin$.withOrigin(origin.scala:86)
execute	Execute Action	2026-09-26T07:27:56.1220736Z [pod/manual-maintenance-20260926-072653-vz4zk/maintenance] 		at org.apache.spark.sql.catalyst.trees.TreeNode.transformDownWithPruning(TreeNode.scala:470)
execute	Execute Action	2026-09-26T07:27:56.1222228Z [pod/manual-maintenance-20260926-072653-vz4zk/maintenance] 		at org.apache.spark.sql.catalyst.plans.logical.LogicalPlan.org$apache$spark$sql$catalyst$plans$logical$AnalysisHelper$$super$transformDownWithPruning(LogicalPlan.scala:37)
execute	Execute Action	2026-09-26T07:27:56.1223765Z [pod/manual-maintenance-20260926-072653-vz4zk/maintenance] 		at org.apache.spark.sql.catalyst.plans.logical.AnalysisHelper.transformDownWithPruning(AnalysisHelper.scala:360)
execute	Execute Action	2026-09-26T07:27:56.1225132Z [pod/manual-maintenance-20260926-072653-vz4zk/maintenance] 		at org.apache.spark.sql.catalyst.plans.logical.AnalysisHelper.transformDownWithPruning$(AnalysisHelper.scala:356)
execute	Execute Action	2026-09-26T07:27:56.1226471Z [pod/manual-maintenance-20260926-072653-vz4zk/maintenance] 		at org.apache.spark.sql.catalyst.plans.logical.LogicalPlan.transformDownWithPruning(LogicalPlan.scala:37)
execute	Execute Action	2026-09-26T07:27:56.1227763Z [pod/manual-maintenance-20260926-072653-vz4zk/maintenance] 		at org.apache.spark.sql.catalyst.plans.logical.LogicalPlan.transformDownWithPruning(LogicalPlan.scala:37)
execute	Execute Action	2026-09-26T07:27:56.1228949Z [pod/manual-maintenance-20260926-072653-vz4zk/maintenance] 		at org.apache.spark.sql.catalyst.trees.TreeNode.transformDown(TreeNode.scala:446)
execute	Execute Action	2026-09-26T07:27:56.1230156Z [pod/manual-maintenance-20260926-072653-vz4zk/maintenance] 		at org.apache.spark.sql.execution.QueryExecution.eagerlyExecuteCommands(QueryExecution.scala:164)
execute	Execute Action	2026-09-26T07:27:56.1231370Z [pod/manual-maintenance-20260926-072653-vz4zk/maintenance] 		at org.apache.spark.sql.execution.QueryExecution.$anonfun$lazyCommandExecuted$1(QueryExecution.scala:126)
execute	Execute Action	2026-09-26T07:27:56.1232360Z [pod/manual-maintenance-20260926-072653-vz4zk/maintenance] 		at scala.util.Try$.apply(Try.scala:217)
execute	Execute Action	2026-09-26T07:27:56.1233227Z [pod/manual-maintenance-20260926-072653-vz4zk/maintenance] 		at org.apache.spark.util.Utils$.doTryWithCallerStacktrace(Utils.scala:1378)
execute	Execute Action	2026-09-26T07:27:56.1234189Z [pod/manual-maintenance-20260926-072653-vz4zk/maintenance] 		at org.apache.spark.util.LazyTry.tryT$lzycompute(LazyTry.scala:46)
execute	Execute Action	2026-09-26T07:27:56.1235152Z [pod/manual-maintenance-20260926-072653-vz4zk/maintenance] 		at org.apache.spark.util.LazyTry.tryT(LazyTry.scala:46)
execute	Execute Action	2026-09-26T07:27:56.1235874Z [pod/manual-maintenance-20260926-072653-vz4zk/maintenance] 		... 22 more
execute	Execute Action	2026-09-26T07:27:56.1236401Z [pod/manual-maintenance-20260926-072653-vz4zk/maintenance] 
execute	Execute Action	2026-09-26T07:27:56.1237265Z [pod/manual-maintenance-20260926-072653-vz4zk/maintenance] 26/09/26 07:27:34 INFO SparkContext: SparkContext is stopping with exitCode 0 from stop at NativeMethodAccessorImpl.java:0.
execute	Execute Action	2026-09-26T07:27:56.1238476Z [pod/manual-maintenance-20260926-072653-vz4zk/maintenance] 26/09/26 07:27:34 INFO SparkUI: Stopped Spark web UI at http://manual-maintenance-20260926-072653-vz4zk:4040
execute	Execute Action	2026-09-26T07:27:56.1239598Z [pod/manual-maintenance-20260926-072653-vz4zk/maintenance] 26/09/26 07:27:34 INFO MapOutputTrackerMasterEndpoint: MapOutputTrackerMasterEndpoint stopped!
execute	Execute Action	2026-09-26T07:27:56.1240694Z [pod/manual-maintenance-20260926-072653-vz4zk/maintenance] 26/09/26 07:27:34 INFO MemoryStore: MemoryStore started with capacity 434.4 MiB
execute	Execute Action	2026-09-26T07:27:56.1241583Z [pod/manual-maintenance-20260926-072653-vz4zk/maintenance] 26/09/26 07:27:34 INFO MemoryStore: MemoryStore cleared
execute	Execute Action	2026-09-26T07:27:56.1242402Z [pod/manual-maintenance-20260926-072653-vz4zk/maintenance] 26/09/26 07:27:34 INFO BlockManager: BlockManager stopped
execute	Execute Action	2026-09-26T07:27:56.1243267Z [pod/manual-maintenance-20260926-072653-vz4zk/maintenance] 26/09/26 07:27:34 INFO BlockManagerMaster: BlockManagerMaster stopped
execute	Execute Action	2026-09-26T07:27:56.1244340Z [pod/manual-maintenance-20260926-072653-vz4zk/maintenance] 26/09/26 07:27:34 INFO OutputCommitCoordinator$OutputCommitCoordinatorEndpoint: OutputCommitCoordinator stopped!
execute	Execute Action	2026-09-26T07:27:56.1245405Z [pod/manual-maintenance-20260926-072653-vz4zk/maintenance] 26/09/26 07:27:34 INFO SparkContext: Successfully stopped SparkContext
execute	Execute Action	2026-09-26T07:27:56.2957965Z [pod/manual-maintenance-20260926-072653-vz4zk/maintenance] 26/09/26 07:27:34 INFO ShutdownHookManager: Shutdown hook called
execute	Execute Action	2026-09-26T07:27:56.2959556Z [pod/manual-maintenance-20260926-072653-vz4zk/maintenance] 26/09/26 07:27:34 INFO ShutdownHookManager: Deleting directory /tmp/spark-2230809a-a595-4ebe-807d-023cddb0db2c
execute	Execute Action	2026-09-26T07:27:56.2962588Z [pod/manual-maintenance-20260926-072653-vz4zk/maintenance] 26/09/26 07:27:34 INFO ShutdownHookManager: Deleting directory /tmp/spark-2230809a-a595-4ebe-807d-023cddb0db2c/pyspark-75094355-78f6-4658-84e9-b9ac665319f9
execute	Execute Action	2026-09-26T07:27:56.2965095Z [pod/manual-maintenance-20260926-072653-vz4zk/maintenance] 26/09/26 07:27:34 INFO ShutdownHookManager: Deleting directory /tmp/spark-6ec68689-f476-4e76-a3a8-9953231a2782
execute	Execute Action	2026-09-26T07:27:56.2967359Z [pod/manual-maintenance-20260926-072653-vz4zk/maintenance] 26/09/26 07:27:34 INFO ShutdownHookManager: Deleting directory /tmp/artifacts-38c96213-cdbd-4a3c-b777-f1992850374d
execute	Execute Action	2026-09-26T07:27:56.2969381Z ❌ manual-maintenance-20260926-072653 did not complete successfully
execute	Execute Action	2026-09-26T07:27:56.2982068Z ##[error]Process completed with exit code 1.
execute	Post Setup Tailscale	﻿2026-09-26T07:27:56.3088596Z Post job cleanup.
execute	Post Setup Tailscale	2026-09-26T07:27:56.3739147Z 🔄 Logging out of Tailscale...
execute	Post Setup Tailscale	2026-09-26T07:27:56.3885940Z Running: sudo -E tailscale logout
execute	Post Setup Tailscale	2026-09-26T07:27:56.6706999Z ✅ Successfully logged out of Tailscale
execute	Post Setup Tailscale	2026-09-26T07:27:56.6707826Z Stopping tailscale
execute	Post Setup Tailscale	2026-09-26T07:27:56.9357672Z ✅ Stopped tailscale
execute	Post Run actions/checkout@v4	﻿2026-09-26T07:27:56.9484605Z Post job cleanup.
execute	Post Run actions/checkout@v4	2026-09-26T07:27:57.0344815Z [command]/usr/bin/git version
execute	Post Run actions/checkout@v4	2026-09-26T07:27:57.0385173Z git version 2.55.0
execute	Post Run actions/checkout@v4	2026-09-26T07:27:57.0424450Z Temporarily overriding HOME='/home/runner/work/_temp/8330ed29-4cf9-47e9-9d9c-2fd4558e5930' before making global git config changes
execute	Post Run actions/checkout@v4	2026-09-26T07:27:57.0426174Z Adding repository directory to the temporary git global config as a safe directory
execute	Post Run actions/checkout@v4	2026-09-26T07:27:57.0428126Z [command]/usr/bin/git config --global --add safe.directory /home/runner/work/***/***
execute	Post Run actions/checkout@v4	2026-09-26T07:27:57.0557929Z [command]/usr/bin/git config --local --name-only --get-regexp core\.sshCommand
execute	Post Run actions/checkout@v4	2026-09-26T07:27:57.0561410Z [command]/usr/bin/git submodule foreach --recursive sh -c "git config --local --name-only --get-regexp 'core\.sshCommand' && git config --local --unset-all 'core.sshCommand' || :"
execute	Post Run actions/checkout@v4	2026-09-26T07:27:57.0716329Z [command]/usr/bin/git config --local --name-only --get-regexp http\.https\:\/\/github\.com\/\.extraheader
execute	Post Run actions/checkout@v4	2026-09-26T07:27:57.0745156Z http.https://github.com/.extraheader
execute	Post Run actions/checkout@v4	2026-09-26T07:27:57.0754942Z [command]/usr/bin/git config --local --unset-all http.https://github.com/.extraheader
execute	Post Run actions/checkout@v4	2026-09-26T07:27:57.0788084Z [command]/usr/bin/git submodule foreach --recursive sh -c "git config --local --name-only --get-regexp 'http\.https\:\/\/github\.com\/\.extraheader' && git config --local --unset-all 'http.https://github.com/.extraheader' || :"
execute	Post Run actions/checkout@v4	2026-09-26T07:27:57.1008461Z [command]/usr/bin/git config --local --name-only --get-regexp ^includeIf\.gitdir:
execute	Post Run actions/checkout@v4	2026-09-26T07:27:57.1044552Z [command]/usr/bin/git submodule foreach --recursive git config --local --show-origin --name-only --get-regexp remote.origin.url
execute	Complete job	﻿2026-09-26T07:27:57.1395040Z Cleaning up orphan processes
execute	Complete job	2026-09-26T07:27:57.1648837Z ##[warning]Node.js 20 is deprecated. The following actions target Node.js 20 but are being forced to run on Node.js 24: actions/checkout@v4, azure/setup-helm@v4, azure/setup-kubectl@v4. For more information see: https://github.blog/changelog/2025-09-19-deprecation-of-node-20-on-github-actions-runners/
