execute	Set up job	﻿2026-09-26T09:12:56.4993447Z Current runner version: '2.337.0'
execute	Set up job	2026-09-26T09:12:56.5032859Z ##[group]Runner Image Provisioner
execute	Set up job	2026-09-26T09:12:56.5034857Z Hosted Compute Agent
execute	Set up job	2026-09-26T09:12:56.5036496Z Version: 20260828.587
execute	Set up job	2026-09-26T09:12:56.5038182Z Commit: abac92662cab4cc7352de4f9f9d2e2419aad9c29
execute	Set up job	2026-09-26T09:12:56.5040276Z Build Date: 2026-08-28T16:44:25Z
execute	Set up job	2026-09-26T09:12:56.5042504Z Worker ID: {2806bf95-a165-4806-8669-2eaa489a6f1a}
execute	Set up job	2026-09-26T09:12:56.5044417Z Azure Region: eastus
execute	Set up job	2026-09-26T09:12:56.5046145Z ##[endgroup]
execute	Set up job	2026-09-26T09:12:56.5049964Z ##[group]Operating System
execute	Set up job	2026-09-26T09:12:56.5051764Z Ubuntu
execute	Set up job	2026-09-26T09:12:56.5053236Z 24.04.5
execute	Set up job	2026-09-26T09:12:56.5054604Z LTS
execute	Set up job	2026-09-26T09:12:56.5055913Z ##[endgroup]
execute	Set up job	2026-09-26T09:12:56.5057373Z ##[group]Runner Image
execute	Set up job	2026-09-26T09:12:56.5058968Z Image: ubuntu-24.04
execute	Set up job	2026-09-26T09:12:56.5060411Z Version: 20260920.314.1
execute	Set up job	2026-09-26T09:12:56.5063178Z Included Software: https://github.com/actions/runner-images/blob/ubuntu24/20260920.314/images/ubuntu/Ubuntu2404-Readme.md
execute	Set up job	2026-09-26T09:12:56.5066813Z Image Release: https://github.com/actions/runner-images/releases/tag/ubuntu24%2F20260920.314
execute	Set up job	2026-09-26T09:12:56.5069088Z ##[endgroup]
execute	Set up job	2026-09-26T09:12:56.5072239Z ##[group]GITHUB_TOKEN Permissions
execute	Set up job	2026-09-26T09:12:56.5075838Z Contents: read
execute	Set up job	2026-09-26T09:12:56.5077424Z Metadata: read
execute	Set up job	2026-09-26T09:12:56.5078917Z Packages: read
execute	Set up job	2026-09-26T09:12:56.5080298Z ##[endgroup]
execute	Set up job	2026-09-26T09:12:56.5084510Z Secret source: Actions
execute	Set up job	2026-09-26T09:12:56.5087029Z Cache mode: write
execute	Set up job	2026-09-26T09:12:56.5089249Z Prepare workflow directory
execute	Set up job	2026-09-26T09:12:56.5917891Z Prepare all required actions
execute	Set up job	2026-09-26T09:12:56.5995646Z Getting action download info
execute	Set up job	2026-09-26T09:12:56.7730871Z Download action repository 'actions/checkout@v4' (SHA:11d5960a326750d5838078e36cf38b85af677262)
execute	Set up job	2026-09-26T09:12:56.8593142Z Download action repository 'azure/setup-kubectl@v4' (SHA:776406bce94f63e41d621b960d78ee25c8b76ede)
execute	Set up job	2026-09-26T09:12:56.9673958Z Download action repository 'azure/setup-helm@v4' (SHA:1a275c3b69536ee54be43f2070a358922e12c8d4)
execute	Set up job	2026-09-26T09:12:57.0658276Z Download action repository 'tailscale/github-action@v4' (SHA:d1b6cd204f8dceda5b3eaad7f1f767be390056cd)
execute	Set up job	2026-09-26T09:12:57.2908004Z Complete job name: execute
execute	Validate module	﻿2026-09-26T09:12:57.3575051Z ##[group]Run case "${MODULE_PATH}" in
execute	Validate module	2026-09-26T09:12:57.3575988Z ^[[36;1mcase "${MODULE_PATH}" in^[[0m
execute	Validate module	2026-09-26T09:12:57.3576836Z ^[[36;1m  .|duckdb|rustfs|maintenance|generator) ;;^[[0m
execute	Validate module	2026-09-26T09:12:57.3578101Z ^[[36;1m  *) echo "❌ Invalid module '${MODULE_PATH}' (allowed: all, duckdb, rustfs, maintenance, generator)" && exit 1 ;;^[[0m
execute	Validate module	2026-09-26T09:12:57.3579259Z ^[[36;1mesac^[[0m
execute	Validate module	2026-09-26T09:12:57.3835870Z shell: /usr/bin/bash -e {0}
execute	Validate module	2026-09-26T09:12:57.3837280Z env:
execute	Validate module	2026-09-26T09:12:57.3837996Z   MODULE_PATH: maintenance
execute	Validate module	2026-09-26T09:12:57.3838735Z   K8S_ACTION: trigger
execute	Validate module	2026-09-26T09:12:57.3839545Z   RUSTFS_ACCESS_KEY: ***
execute	Validate module	2026-09-26T09:12:57.3840308Z   RUSTFS_SECRET_KEY: ***
execute	Validate module	2026-09-26T09:12:57.3841029Z   DUCKFLIGHT_USER: ***
execute	Validate module	2026-09-26T09:12:57.3841966Z   DUCKFLIGHT_PASSWORD: ***
execute	Validate module	2026-09-26T09:12:57.3842696Z ##[endgroup]
execute	Run actions/checkout@v4	﻿2026-09-26T09:12:57.4290131Z ##[group]Run actions/checkout@v4
execute	Run actions/checkout@v4	2026-09-26T09:12:57.4290956Z with:
execute	Run actions/checkout@v4	2026-09-26T09:12:57.4292121Z   repository: daun-gatal/***
execute	Run actions/checkout@v4	2026-09-26T09:12:57.4296436Z   token: ***
execute	Run actions/checkout@v4	2026-09-26T09:12:57.4297090Z   ssh-strict: true
execute	Run actions/checkout@v4	2026-09-26T09:12:57.4297750Z   ssh-*** git
execute	Run actions/checkout@v4	2026-09-26T09:12:57.4298447Z   persist-credentials: true
execute	Run actions/checkout@v4	2026-09-26T09:12:57.4299150Z   clean: true
execute	Run actions/checkout@v4	2026-09-26T09:12:57.4299826Z   sparse-checkout-cone-mode: true
execute	Run actions/checkout@v4	2026-09-26T09:12:57.4300552Z   fetch-depth: 1
execute	Run actions/checkout@v4	2026-09-26T09:12:57.4301188Z   fetch-tags: false
execute	Run actions/checkout@v4	2026-09-26T09:12:57.4302220Z   show-progress: true
execute	Run actions/checkout@v4	2026-09-26T09:12:57.4302914Z   lfs: false
execute	Run actions/checkout@v4	2026-09-26T09:12:57.4303553Z   submodules: false
execute	Run actions/checkout@v4	2026-09-26T09:12:57.4304237Z   set-safe-directory: true
execute	Run actions/checkout@v4	2026-09-26T09:12:57.4304987Z   allow-unsafe-pr-checkout: false
execute	Run actions/checkout@v4	2026-09-26T09:12:57.4305724Z env:
execute	Run actions/checkout@v4	2026-09-26T09:12:57.4306348Z   MODULE_PATH: maintenance
execute	Run actions/checkout@v4	2026-09-26T09:12:57.4307159Z   K8S_ACTION: trigger
execute	Run actions/checkout@v4	2026-09-26T09:12:57.4308179Z   RUSTFS_ACCESS_KEY: ***
execute	Run actions/checkout@v4	2026-09-26T09:12:57.4308928Z   RUSTFS_SECRET_KEY: ***
execute	Run actions/checkout@v4	2026-09-26T09:12:57.4309663Z   DUCKFLIGHT_USER: ***
execute	Run actions/checkout@v4	2026-09-26T09:12:57.4310379Z   DUCKFLIGHT_PASSWORD: ***
execute	Run actions/checkout@v4	2026-09-26T09:12:57.4311075Z ##[endgroup]
execute	Run actions/checkout@v4	2026-09-26T09:12:57.5342196Z Syncing repository: daun-gatal/***
execute	Run actions/checkout@v4	2026-09-26T09:12:57.5345088Z ##[group]Getting Git version info
execute	Run actions/checkout@v4	2026-09-26T09:12:57.5346396Z Working directory is '/home/runner/work/***/***'
execute	Run actions/checkout@v4	2026-09-26T09:12:57.5348449Z [command]/usr/bin/git version
execute	Run actions/checkout@v4	2026-09-26T09:12:57.5483863Z git version 2.55.0
execute	Run actions/checkout@v4	2026-09-26T09:12:57.5490397Z ##[endgroup]
execute	Run actions/checkout@v4	2026-09-26T09:12:57.5503427Z Temporarily overriding HOME='/home/runner/work/_temp/3456151e-6637-4d39-9a99-9abc02c9680f' before making global git config changes
execute	Run actions/checkout@v4	2026-09-26T09:12:57.5506662Z Adding repository directory to the temporary git global config as a safe directory
execute	Run actions/checkout@v4	2026-09-26T09:12:57.5520130Z [command]/usr/bin/git config --global --add safe.directory /home/runner/work/***/***
execute	Run actions/checkout@v4	2026-09-26T09:12:57.5569989Z Deleting the contents of '/home/runner/work/***/***'
execute	Run actions/checkout@v4	2026-09-26T09:12:57.5574177Z ##[group]Initializing the repository
execute	Run actions/checkout@v4	2026-09-26T09:12:57.5581015Z [command]/usr/bin/git init /home/runner/work/***/***
execute	Run actions/checkout@v4	2026-09-26T09:12:57.5697351Z hint: Using 'master' as the name for the initial branch. This default branch name
execute	Run actions/checkout@v4	2026-09-26T09:12:57.5699994Z hint: will change to "main" in Git 3.0. To configure the initial branch name
execute	Run actions/checkout@v4	2026-09-26T09:12:57.5702948Z hint: to use in all of your new repositories, which will suppress this warning,
execute	Run actions/checkout@v4	2026-09-26T09:12:57.5705212Z hint: call:
execute	Run actions/checkout@v4	2026-09-26T09:12:57.5706771Z hint:
execute	Run actions/checkout@v4	2026-09-26T09:12:57.5708550Z hint: 	git config --global init.defaultBranch <name>
execute	Run actions/checkout@v4	2026-09-26T09:12:57.5710438Z hint:
execute	Run actions/checkout@v4	2026-09-26T09:12:57.5712500Z hint: Names commonly chosen instead of 'master' are 'main', 'trunk' and
execute	Run actions/checkout@v4	2026-09-26T09:12:57.5715073Z hint: 'development'. The just-created branch can be renamed via this command:
execute	Run actions/checkout@v4	2026-09-26T09:12:57.5717109Z hint:
execute	Run actions/checkout@v4	2026-09-26T09:12:57.5718608Z hint: 	git branch -m <name>
execute	Run actions/checkout@v4	2026-09-26T09:12:57.5720063Z hint:
execute	Run actions/checkout@v4	2026-09-26T09:12:57.5722096Z hint: Disable this message with "git config set advice.defaultBranchName false"
execute	Run actions/checkout@v4	2026-09-26T09:12:57.5724438Z Initialized empty Git repository in /home/runner/work/***/***/.git/
execute	Run actions/checkout@v4	2026-09-26T09:12:57.5734384Z [command]/usr/bin/git remote add origin https://github.com/daun-gatal/***
execute	Run actions/checkout@v4	2026-09-26T09:12:57.5786751Z ##[endgroup]
execute	Run actions/checkout@v4	2026-09-26T09:12:57.5788724Z ##[group]Disabling automatic garbage collection
execute	Run actions/checkout@v4	2026-09-26T09:12:57.5790884Z [command]/usr/bin/git config --local gc.auto 0
execute	Run actions/checkout@v4	2026-09-26T09:12:57.5822619Z ##[endgroup]
execute	Run actions/checkout@v4	2026-09-26T09:12:57.5824346Z ##[group]Setting up auth
execute	Run actions/checkout@v4	2026-09-26T09:12:57.5828644Z [command]/usr/bin/git config --local --name-only --get-regexp core\.sshCommand
execute	Run actions/checkout@v4	2026-09-26T09:12:57.5861529Z [command]/usr/bin/git submodule foreach --recursive sh -c "git config --local --name-only --get-regexp 'core\.sshCommand' && git config --local --unset-all 'core.sshCommand' || :"
execute	Run actions/checkout@v4	2026-09-26T09:12:57.6233469Z [command]/usr/bin/git config --local --name-only --get-regexp http\.https\:\/\/github\.com\/\.extraheader
execute	Run actions/checkout@v4	2026-09-26T09:12:57.6289457Z [command]/usr/bin/git submodule foreach --recursive sh -c "git config --local --name-only --get-regexp 'http\.https\:\/\/github\.com\/\.extraheader' && git config --local --unset-all 'http.https://github.com/.extraheader' || :"
execute	Run actions/checkout@v4	2026-09-26T09:12:57.6517481Z [command]/usr/bin/git config --local --name-only --get-regexp ^includeIf\.gitdir:
execute	Run actions/checkout@v4	2026-09-26T09:12:57.6553730Z [command]/usr/bin/git submodule foreach --recursive git config --local --show-origin --name-only --get-regexp remote.origin.url
execute	Run actions/checkout@v4	2026-09-26T09:12:57.6777515Z [command]/usr/bin/git config --local http.https://github.com/.extraheader AUTHORIZATION: basic ***
execute	Run actions/checkout@v4	2026-09-26T09:12:57.6819350Z ##[endgroup]
execute	Run actions/checkout@v4	2026-09-26T09:12:57.6821623Z ##[group]Fetching the repository
execute	Run actions/checkout@v4	2026-09-26T09:12:57.6831248Z [command]/usr/bin/git -c protocol.version=2 fetch --no-tags --prune --no-recurse-submodules --depth=1 origin +087275aed0502c24329c192acfda2bedf7374644:refs/remotes/origin/master
execute	Run actions/checkout@v4	2026-09-26T09:12:57.9047646Z From https://github.com/daun-gatal/***
execute	Run actions/checkout@v4	2026-09-26T09:12:57.9051174Z  * [new ref]         087275aed0502c24329c192acfda2bedf7374644 -> origin/master
execute	Run actions/checkout@v4	2026-09-26T09:12:57.9059040Z ##[endgroup]
execute	Run actions/checkout@v4	2026-09-26T09:12:57.9061976Z ##[group]Determining the checkout info
execute	Run actions/checkout@v4	2026-09-26T09:12:57.9064289Z ##[endgroup]
execute	Run actions/checkout@v4	2026-09-26T09:12:57.9065579Z [command]/usr/bin/git sparse-checkout disable
execute	Run actions/checkout@v4	2026-09-26T09:12:57.9115719Z [command]/usr/bin/git config --local --unset-all extensions.worktreeConfig
execute	Run actions/checkout@v4	2026-09-26T09:12:57.9187705Z ##[group]Checking out the ref
execute	Run actions/checkout@v4	2026-09-26T09:12:57.9189871Z [command]/usr/bin/git checkout --progress --force -B master refs/remotes/origin/master
execute	Run actions/checkout@v4	2026-09-26T09:12:57.9262739Z Reset branch 'master'
execute	Run actions/checkout@v4	2026-09-26T09:12:57.9269126Z branch 'master' set up to track 'origin/master'.
execute	Run actions/checkout@v4	2026-09-26T09:12:57.9278064Z ##[endgroup]
execute	Run actions/checkout@v4	2026-09-26T09:12:57.9317036Z [command]/usr/bin/git log -1 --format=%H
execute	Run actions/checkout@v4	2026-09-26T09:12:57.9344832Z 087275aed0502c24329c192acfda2bedf7374644
execute	Setup kubectl	﻿2026-09-26T09:12:57.9577315Z ##[group]Run azure/setup-kubectl@v4
execute	Setup kubectl	2026-09-26T09:12:57.9579006Z with:
execute	Setup kubectl	2026-09-26T09:12:57.9580322Z   version: v1.30.0
execute	Setup kubectl	2026-09-26T09:12:57.9581962Z env:
execute	Setup kubectl	2026-09-26T09:12:57.9583313Z   MODULE_PATH: maintenance
execute	Setup kubectl	2026-09-26T09:12:57.9584854Z   K8S_ACTION: trigger
execute	Setup kubectl	2026-09-26T09:12:57.9586410Z   RUSTFS_ACCESS_KEY: ***
execute	Setup kubectl	2026-09-26T09:12:57.9587985Z   RUSTFS_SECRET_KEY: ***
execute	Setup kubectl	2026-09-26T09:12:57.9589538Z   DUCKFLIGHT_USER: ***
execute	Setup kubectl	2026-09-26T09:12:57.9591118Z   DUCKFLIGHT_PASSWORD: ***
execute	Setup kubectl	2026-09-26T09:12:57.9592860Z ##[endgroup]
execute	Setup Helm	﻿2026-09-26T09:12:58.3273571Z ##[group]Run azure/setup-helm@v4
execute	Setup Helm	2026-09-26T09:12:58.3274968Z with:
execute	Setup Helm	2026-09-26T09:12:58.3276050Z   version: v3.14.4
execute	Setup Helm	2026-09-26T09:12:58.3287065Z   token: ***
execute	Setup Helm	2026-09-26T09:12:58.3288312Z   downloadBaseURL: https://get.helm.sh
execute	Setup Helm	2026-09-26T09:12:58.3289728Z env:
execute	Setup Helm	2026-09-26T09:12:58.3290823Z   MODULE_PATH: maintenance
execute	Setup Helm	2026-09-26T09:12:58.3292266Z   K8S_ACTION: trigger
execute	Setup Helm	2026-09-26T09:12:58.3293526Z   RUSTFS_ACCESS_KEY: ***
execute	Setup Helm	2026-09-26T09:12:58.3294858Z   RUSTFS_SECRET_KEY: ***
execute	Setup Helm	2026-09-26T09:12:58.3296182Z   DUCKFLIGHT_USER: ***
execute	Setup Helm	2026-09-26T09:12:58.3297488Z   DUCKFLIGHT_PASSWORD: ***
execute	Setup Helm	2026-09-26T09:12:58.3298763Z ##[endgroup]
execute	Setup Helm	2026-09-26T09:12:58.3978304Z ##[group]Installing v3.14.4
execute	Setup Helm	2026-09-26T09:12:58.3989337Z Downloading 'v3.14.4' from 'https://get.helm.sh'
execute	Setup Helm	2026-09-26T09:12:58.5611605Z [command]/usr/bin/tar xz --warning=no-unknown-keyword --overwrite -C /home/runner/work/_temp/bf11cd8b-fd0b-4bc7-90b3-6d1733466b0e -f /home/runner/work/_temp/ca9a2968-475a-4528-badd-5d86a0ee53ea
execute	Setup Helm	2026-09-26T09:12:58.9158586Z ##[endgroup]
execute	Setup Helm	2026-09-26T09:12:58.9161675Z Helm tool version 'v3.14.4' has been cached at /opt/hostedtoolcache/helm/3.14.4/x64/linux-amd64/helm
execute	Setup Tailscale	﻿2026-09-26T09:12:58.9485414Z ##[group]Run tailscale/github-action@v4
execute	Setup Tailscale	2026-09-26T09:12:58.9486839Z with:
execute	Setup Tailscale	2026-09-26T09:12:58.9488060Z   oauth-client-id: ***
execute	Setup Tailscale	2026-09-26T09:12:58.9489931Z   oauth-secret: ***
execute	Setup Tailscale	2026-09-26T09:12:58.9491074Z   tags: tag:git
execute	Setup Tailscale	2026-09-26T09:12:58.9492406Z   version: 1.94.2
execute	Setup Tailscale	2026-09-26T09:12:58.9493545Z   timeout: 2m
execute	Setup Tailscale	2026-09-26T09:12:58.9494629Z   retry: 5
execute	Setup Tailscale	2026-09-26T09:12:58.9495743Z   use-cache: true
execute	Setup Tailscale	2026-09-26T09:12:58.9496897Z   log-mode: grouped
execute	Setup Tailscale	2026-09-26T09:12:58.9498003Z env:
execute	Setup Tailscale	2026-09-26T09:12:58.9499106Z   MODULE_PATH: maintenance
execute	Setup Tailscale	2026-09-26T09:12:58.9500369Z   K8S_ACTION: trigger
execute	Setup Tailscale	2026-09-26T09:12:58.9501740Z   RUSTFS_ACCESS_KEY: ***
execute	Setup Tailscale	2026-09-26T09:12:58.9503051Z   RUSTFS_SECRET_KEY: ***
execute	Setup Tailscale	2026-09-26T09:12:58.9504334Z   DUCKFLIGHT_USER: ***
execute	Setup Tailscale	2026-09-26T09:12:58.9505610Z   DUCKFLIGHT_PASSWORD: ***
execute	Setup Tailscale	2026-09-26T09:12:58.9506858Z ##[endgroup]
execute	Setup Tailscale	2026-09-26T09:12:59.0786464Z ##[group]Resolving Tailscale version
execute	Setup Tailscale	2026-09-26T09:12:59.0788347Z Resolved Tailscale version: 1.94.2
execute	Setup Tailscale	2026-09-26T09:12:59.0790635Z ##[endgroup]
execute	Setup Tailscale	2026-09-26T09:12:59.0793826Z ##[group]Installing Tailscale
execute	Setup Tailscale	2026-09-26T09:12:59.1471925Z Cache hit for: action-setup-tailscale/1.94.2/Linux-amd64
execute	Setup Tailscale	2026-09-26T09:12:59.4223145Z Received 34760009 of 34760009 (100.0%), 144.8 MBs/sec
execute	Setup Tailscale	2026-09-26T09:12:59.4226052Z Cache Size: ~33 MB (34760009 B)
execute	Setup Tailscale	2026-09-26T09:12:59.4266334Z [command]/usr/bin/tar -xf /home/runner/work/_temp/8b3d10e6-b80f-449c-8b7e-73825c6289db/cache.tzst -P -C /home/runner/work/***/*** --use-compress-program unzstd
execute	Setup Tailscale	2026-09-26T09:12:59.5597033Z Cache restored successfully
execute	Setup Tailscale	2026-09-26T09:12:59.5621890Z Found Tailscale 1.94.2 in cache: /opt/hostedtoolcache/tailscale/1.94.2/Linux-amd64
execute	Setup Tailscale	2026-09-26T09:12:59.5625676Z ▶️ copy tailscale from cache
execute	Setup Tailscale	2026-09-26T09:12:59.5847599Z ▶️ copy tailscaled from cache
execute	Setup Tailscale	2026-09-26T09:12:59.6091762Z ▶️ chmod tailscale
execute	Setup Tailscale	2026-09-26T09:12:59.6240401Z ▶️ chmod tailscaled
execute	Setup Tailscale	2026-09-26T09:12:59.6353731Z ##[endgroup]
execute	Setup Tailscale	2026-09-26T09:12:59.6357234Z ##[group]Starting tailscaled
execute	Setup Tailscale	2026-09-26T09:12:59.6359653Z Starting tailscaled daemon...
execute	Setup Tailscale	2026-09-26T09:12:59.6387976Z Waiting for tailscaled daemon to become ready...
execute	Setup Tailscale	2026-09-26T09:12:59.6413713Z ▶️ get tailscale status
execute	Setup Tailscale	2026-09-26T09:12:59.9043306Z Daemon ready! Initial state: NeedsLogin
execute	Setup Tailscale	2026-09-26T09:12:59.9044139Z ✅ tailscaled daemon is up and running!
execute	Setup Tailscale	2026-09-26T09:12:59.9045004Z ##[endgroup]
execute	Setup Tailscale	2026-09-26T09:12:59.9045748Z ##[group]Connecting to Tailscale
execute	Setup Tailscale	2026-09-26T09:12:59.9046724Z ▶️ hostname
execute	Setup Tailscale	2026-09-26T09:12:59.9095969Z Attempt 1 to bring up Tailscale...
execute	Setup Tailscale	2026-09-26T09:12:59.9097421Z ▶️ tailscale up
execute	Setup Tailscale	2026-09-26T09:13:01.2415501Z ✅ Tailscale up command completed successfully on attempt 1
execute	Setup Tailscale	2026-09-26T09:13:01.2417310Z ##[endgroup]
execute	Setup Tailscale	2026-09-26T09:13:01.2418255Z ##[group]Checking Tailscale status
execute	Setup Tailscale	2026-09-26T09:13:01.2419050Z ▶️ get tailscale status
execute	Setup Tailscale	2026-09-26T09:13:01.2515655Z ✅ Tailscale is running and connected!
execute	Setup Tailscale	2026-09-26T09:13:01.2516785Z ##[endgroup]
execute	Write Kubeconfig	﻿2026-09-26T09:13:01.2689775Z ##[group]Run mkdir -p ~/.kube
execute	Write Kubeconfig	2026-09-26T09:13:01.2690270Z ^[[36;1mmkdir -p ~/.kube^[[0m
execute	Write Kubeconfig	2026-09-26T09:13:01.2690704Z ^[[36;1m# use printf to preserve multiline YAML exactly^[[0m
execute	Write Kubeconfig	2026-09-26T09:13:01.2691646Z ^[[36;1mprintf '%s' "***^[[0m
execute	Write Kubeconfig	2026-09-26T09:13:01.2692054Z ^[[36;1m***^[[0m
execute	Write Kubeconfig	2026-09-26T09:13:01.2692410Z ^[[36;1m***^[[0m
execute	Write Kubeconfig	2026-09-26T09:13:01.2700224Z ^[[36;1m    ***^[[0m
execute	Write Kubeconfig	2026-09-26T09:13:01.2700610Z ^[[36;1m    ***^[[0m
execute	Write Kubeconfig	2026-09-26T09:13:01.2700927Z ^[[36;1m  ***^[[0m
execute	Write Kubeconfig	2026-09-26T09:13:01.2701262Z ^[[36;1m***^[[0m
execute	Write Kubeconfig	2026-09-26T09:13:01.2701838Z ^[[36;1m***^[[0m
execute	Write Kubeconfig	2026-09-26T09:13:01.2702158Z ^[[36;1m    ***^[[0m
execute	Write Kubeconfig	2026-09-26T09:13:01.2702494Z ^[[36;1m    ***^[[0m
execute	Write Kubeconfig	2026-09-26T09:13:01.2702805Z ^[[36;1m  ***^[[0m
execute	Write Kubeconfig	2026-09-26T09:13:01.2703119Z ^[[36;1m***^[[0m
execute	Write Kubeconfig	2026-09-26T09:13:01.2703423Z ^[[36;1m***^[[0m
execute	Write Kubeconfig	2026-09-26T09:13:01.2703712Z ^[[36;1m***^[[0m
execute	Write Kubeconfig	2026-09-26T09:13:01.2704043Z ^[[36;1m***^[[0m
execute	Write Kubeconfig	2026-09-26T09:13:01.2704347Z ^[[36;1m  ***^[[0m
execute	Write Kubeconfig	2026-09-26T09:13:01.2731152Z ^[[36;1m    ***^[[0m
execute	Write Kubeconfig	2026-09-26T09:13:01.2733612Z ^[[36;1m    ***" > ~/.kube/config^[[0m
execute	Write Kubeconfig	2026-09-26T09:13:01.2734019Z ^[[36;1mchmod 600 ~/.kube/config^[[0m
execute	Write Kubeconfig	2026-09-26T09:13:01.2734421Z ^[[36;1mif ! grep -q "server:" ~/.kube/config; then^[[0m
execute	Write Kubeconfig	2026-09-26T09:13:01.2735102Z ^[[36;1m  echo "❌ KUBECONFIG secret empty or invalid — check GitHub Secrets KUBECONFIG"^[[0m
execute	Write Kubeconfig	2026-09-26T09:13:01.2735669Z ^[[36;1m  ls -lh ~/.kube/config^[[0m
execute	Write Kubeconfig	2026-09-26T09:13:01.2736049Z ^[[36;1m  wc -l ~/.kube/config || true^[[0m
execute	Write Kubeconfig	2026-09-26T09:13:01.2736418Z ^[[36;1m  exit 1^[[0m
execute	Write Kubeconfig	2026-09-26T09:13:01.2736741Z ^[[36;1mfi^[[0m
execute	Write Kubeconfig	2026-09-26T09:13:01.2737050Z ^[[36;1mecho "Kubeconfig server:"^[[0m
execute	Write Kubeconfig	2026-09-26T09:13:01.2737469Z ^[[36;1mgrep -E "server:" ~/.kube/config || true^[[0m
execute	Write Kubeconfig	2026-09-26T09:13:01.2737896Z ^[[36;1m# export for this and next steps^[[0m
execute	Write Kubeconfig	2026-09-26T09:13:01.2738344Z ^[[36;1mecho "KUBECONFIG=$HOME/.kube/config" >> $GITHUB_ENV^[[0m
execute	Write Kubeconfig	2026-09-26T09:13:01.2738806Z ^[[36;1mexport KUBECONFIG=$HOME/.kube/config^[[0m
execute	Write Kubeconfig	2026-09-26T09:13:01.2739211Z ^[[36;1mkubectl cluster-info || true^[[0m
execute	Write Kubeconfig	2026-09-26T09:13:01.2739860Z ^[[36;1mkubectl get ns *** || echo "Namespace *** not found (will be created if namespace.yaml included)"^[[0m
execute	Write Kubeconfig	2026-09-26T09:13:01.2806166Z shell: /usr/bin/bash -e {0}
execute	Write Kubeconfig	2026-09-26T09:13:01.2806528Z env:
execute	Write Kubeconfig	2026-09-26T09:13:01.2806825Z   MODULE_PATH: maintenance
execute	Write Kubeconfig	2026-09-26T09:13:01.2807166Z   K8S_ACTION: trigger
execute	Write Kubeconfig	2026-09-26T09:13:01.2807527Z   RUSTFS_ACCESS_KEY: ***
execute	Write Kubeconfig	2026-09-26T09:13:01.2807887Z   RUSTFS_SECRET_KEY: ***
execute	Write Kubeconfig	2026-09-26T09:13:01.2808236Z   DUCKFLIGHT_USER: ***
execute	Write Kubeconfig	2026-09-26T09:13:01.2808576Z   DUCKFLIGHT_PASSWORD: ***
execute	Write Kubeconfig	2026-09-26T09:13:01.2809071Z ##[endgroup]
execute	Write Kubeconfig	2026-09-26T09:13:01.2931674Z Kubeconfig server:
execute	Write Kubeconfig	2026-09-26T09:13:01.2942591Z     ***
execute	Write Kubeconfig	2026-09-26T09:13:03.9452703Z ^[[0;32mKubernetes control plane^[[0m is running at ^[[0;33mhttps://100.67.79.243:6443^[[0m
execute	Write Kubeconfig	2026-09-26T09:13:03.9454513Z ^[[0;32mCoreDNS^[[0m is running at ^[[0;33mhttps://100.67.79.243:6443/api/v1/namespaces/kube-system/services/kube-dns:dns/proxy^[[0m
execute	Write Kubeconfig	2026-09-26T09:13:03.9456040Z ^[[0;32mMetrics-server^[[0m is running at ^[[0;33mhttps://100.67.79.243:6443/api/v1/namespaces/kube-system/services/https:metrics-server:https/proxy^[[0m
execute	Write Kubeconfig	2026-09-26T09:13:03.9456834Z 
execute	Write Kubeconfig	2026-09-26T09:13:03.9457172Z To further debug and diagnose cluster problems, use 'kubectl cluster-info dump'.
execute	Write Kubeconfig	2026-09-26T09:13:04.7225600Z NAME        STATUS   AGE
execute	Write Kubeconfig	2026-09-26T09:13:04.7233672Z ***   Active   32h
execute	Ensure Namespaces	﻿2026-09-26T09:13:04.7288615Z ##[group]Run for NS in *** rustfs; do
execute	Ensure Namespaces	2026-09-26T09:13:04.7289105Z ^[[36;1mfor NS in *** rustfs; do^[[0m
execute	Ensure Namespaces	2026-09-26T09:13:04.7289499Z ^[[36;1m  echo "→ ensuring namespace/$NS"^[[0m
execute	Ensure Namespaces	2026-09-26T09:13:04.7290078Z ^[[36;1m  kubectl create namespace "$NS" --dry-run=client -o yaml | kubectl apply -f -^[[0m
execute	Ensure Namespaces	2026-09-26T09:13:04.7290589Z ^[[36;1mdone^[[0m
execute	Ensure Namespaces	2026-09-26T09:13:04.7353874Z shell: /usr/bin/bash -e {0}
execute	Ensure Namespaces	2026-09-26T09:13:04.7354219Z env:
execute	Ensure Namespaces	2026-09-26T09:13:04.7354513Z   MODULE_PATH: maintenance
execute	Ensure Namespaces	2026-09-26T09:13:04.7354847Z   K8S_ACTION: trigger
execute	Ensure Namespaces	2026-09-26T09:13:04.7355192Z   RUSTFS_ACCESS_KEY: ***
execute	Ensure Namespaces	2026-09-26T09:13:04.7355562Z   RUSTFS_SECRET_KEY: ***
execute	Ensure Namespaces	2026-09-26T09:13:04.7355904Z   DUCKFLIGHT_USER: ***
execute	Ensure Namespaces	2026-09-26T09:13:04.7356236Z   DUCKFLIGHT_PASSWORD: ***
execute	Ensure Namespaces	2026-09-26T09:13:04.7356569Z   KUBECONFIG: /home/runner/.kube/config
execute	Ensure Namespaces	2026-09-26T09:13:04.7356925Z ##[endgroup]
execute	Ensure Namespaces	2026-09-26T09:13:04.7436919Z → ensuring namespace/***
execute	Ensure Namespaces	2026-09-26T09:13:08.6062661Z namespace/*** configured
execute	Ensure Namespaces	2026-09-26T09:13:08.6072797Z → ensuring namespace/rustfs
execute	Ensure Namespaces	2026-09-26T09:13:10.2286652Z namespace/rustfs configured
execute	Create Secrets from GitHub Secrets	﻿2026-09-26T09:13:10.2332992Z ##[group]Run kubectl create secret generic rustfs-credentials -n rustfs \
execute	Create Secrets from GitHub Secrets	2026-09-26T09:13:10.2333674Z ^[[36;1mkubectl create secret generic rustfs-credentials -n rustfs \^[[0m
execute	Create Secrets from GitHub Secrets	2026-09-26T09:13:10.2334229Z ^[[36;1m  --from-literal=RUSTFS_ACCESS_KEY="${RUSTFS_ACCESS_KEY}" \^[[0m
execute	Create Secrets from GitHub Secrets	2026-09-26T09:13:10.2334756Z ^[[36;1m  --from-literal=RUSTFS_SECRET_KEY="${RUSTFS_SECRET_KEY}" \^[[0m
execute	Create Secrets from GitHub Secrets	2026-09-26T09:13:10.2335236Z ^[[36;1m  --dry-run=client -o yaml | kubectl apply -f -^[[0m
execute	Create Secrets from GitHub Secrets	2026-09-26T09:13:10.2335805Z ^[[36;1mkubectl create secret generic rustfs-credentials -n *** \^[[0m
execute	Create Secrets from GitHub Secrets	2026-09-26T09:13:10.2336342Z ^[[36;1m  --from-literal=RUSTFS_ACCESS_KEY="${RUSTFS_ACCESS_KEY}" \^[[0m
execute	Create Secrets from GitHub Secrets	2026-09-26T09:13:10.2336859Z ^[[36;1m  --from-literal=RUSTFS_SECRET_KEY="${RUSTFS_SECRET_KEY}" \^[[0m
execute	Create Secrets from GitHub Secrets	2026-09-26T09:13:10.2337339Z ^[[36;1m  --dry-run=client -o yaml | kubectl apply -f -^[[0m
execute	Create Secrets from GitHub Secrets	2026-09-26T09:13:10.2337855Z ^[[36;1mkubectl create secret generic duckflight-auth -n *** \^[[0m
execute	Create Secrets from GitHub Secrets	2026-09-26T09:13:10.2338343Z ^[[36;1m  --from-literal=username="${DUCKFLIGHT_USER}" \^[[0m
execute	Create Secrets from GitHub Secrets	2026-09-26T09:13:10.2338887Z ^[[36;1m  --from-literal=*** \^[[0m
execute	Create Secrets from GitHub Secrets	2026-09-26T09:13:10.2339300Z ^[[36;1m  --dry-run=client -o yaml | kubectl apply -f -^[[0m
execute	Create Secrets from GitHub Secrets	2026-09-26T09:13:10.2402384Z shell: /usr/bin/bash -e {0}
execute	Create Secrets from GitHub Secrets	2026-09-26T09:13:10.2402731Z env:
execute	Create Secrets from GitHub Secrets	2026-09-26T09:13:10.2403026Z   MODULE_PATH: maintenance
execute	Create Secrets from GitHub Secrets	2026-09-26T09:13:10.2403361Z   K8S_ACTION: trigger
execute	Create Secrets from GitHub Secrets	2026-09-26T09:13:10.2403714Z   RUSTFS_ACCESS_KEY: ***
execute	Create Secrets from GitHub Secrets	2026-09-26T09:13:10.2404056Z   RUSTFS_SECRET_KEY: ***
execute	Create Secrets from GitHub Secrets	2026-09-26T09:13:10.2404378Z   DUCKFLIGHT_USER: ***
execute	Create Secrets from GitHub Secrets	2026-09-26T09:13:10.2404704Z   DUCKFLIGHT_PASSWORD: ***
execute	Create Secrets from GitHub Secrets	2026-09-26T09:13:10.2405042Z   KUBECONFIG: /home/runner/.kube/config
execute	Create Secrets from GitHub Secrets	2026-09-26T09:13:10.2405395Z ##[endgroup]
execute	Create Secrets from GitHub Secrets	2026-09-26T09:13:11.8612714Z secret/rustfs-credentials configured
execute	Create Secrets from GitHub Secrets	2026-09-26T09:13:13.4754737Z secret/rustfs-credentials configured
execute	Create Secrets from GitHub Secrets	2026-09-26T09:13:15.0850579Z secret/duckflight-auth configured
execute	Kustomize Build	﻿2026-09-26T09:13:15.0897163Z ##[group]Run echo "▶ Building ${MODULE_PATH}"
execute	Kustomize Build	2026-09-26T09:13:15.0897641Z ^[[36;1mecho "▶ Building ${MODULE_PATH}"^[[0m
execute	Kustomize Build	2026-09-26T09:13:15.0898201Z ^[[36;1m# --enable-helm is required: rustfs/ inflates the rustfs helm chart via the helm binary^[[0m
execute	Kustomize Build	2026-09-26T09:13:15.0899036Z ^[[36;1mkubectl kustomize --enable-helm "${MODULE_PATH}" > /tmp/built.yaml^[[0m
execute	Kustomize Build	2026-09-26T09:13:15.0899603Z ^[[36;1mecho "Built $(grep -c "^kind:" /tmp/built.yaml) resources"^[[0m
execute	Kustomize Build	2026-09-26T09:13:15.0900052Z ^[[36;1mhead -n 80 /tmp/built.yaml^[[0m
execute	Kustomize Build	2026-09-26T09:13:15.0962435Z shell: /usr/bin/bash -e {0}
execute	Kustomize Build	2026-09-26T09:13:15.0962781Z env:
execute	Kustomize Build	2026-09-26T09:13:15.0963076Z   MODULE_PATH: maintenance
execute	Kustomize Build	2026-09-26T09:13:15.0963408Z   K8S_ACTION: trigger
execute	Kustomize Build	2026-09-26T09:13:15.0963759Z   RUSTFS_ACCESS_KEY: ***
execute	Kustomize Build	2026-09-26T09:13:15.0964107Z   RUSTFS_SECRET_KEY: ***
execute	Kustomize Build	2026-09-26T09:13:15.0964446Z   DUCKFLIGHT_USER: ***
execute	Kustomize Build	2026-09-26T09:13:15.0964780Z   DUCKFLIGHT_PASSWORD: ***
execute	Kustomize Build	2026-09-26T09:13:15.0965125Z   KUBECONFIG: /home/runner/.kube/config
execute	Kustomize Build	2026-09-26T09:13:15.0965524Z ##[endgroup]
execute	Kustomize Build	2026-09-26T09:13:15.1044700Z ▶ Building maintenance
execute	Kustomize Build	2026-09-26T09:13:15.1492597Z Built 2 resources
execute	Kustomize Build	2026-09-26T09:13:15.1501127Z ***
execute	Kustomize Build	2026-09-26T09:13:15.1501972Z data:
execute	Kustomize Build	2026-09-26T09:13:15.1502501Z   MAINT_ORPHAN_MIN_AGE: 72h
execute	Kustomize Build	2026-09-26T09:13:15.1502912Z   MAINT_RETAIN_LAST: "10"
execute	Kustomize Build	2026-09-26T09:13:15.1503442Z   MAINT_SNAPSHOT_MAX_AGE: 7d
execute	Kustomize Build	2026-09-26T09:13:15.1504095Z   MAINT_TARGET_FILE_SIZE: 512MB
execute	Kustomize Build	2026-09-26T09:13:15.1504729Z   maintenance.py: |
execute	Kustomize Build	2026-09-26T09:13:15.1505273Z     #!/usr/bin/env python3
execute	Kustomize Build	2026-09-26T09:13:15.1506016Z     """Iceberg table maintenance for the *** datalake (RustFS)."""
execute	Kustomize Build	2026-09-26T09:13:15.1506596Z 
execute	Kustomize Build	2026-09-26T09:13:15.1506811Z     import os
execute	Kustomize Build	2026-09-26T09:13:15.1507287Z     import re
execute	Kustomize Build	2026-09-26T09:13:15.1507626Z     import sys
execute	Kustomize Build	2026-09-26T09:13:15.1507975Z     import traceback
execute	Kustomize Build	2026-09-26T09:13:15.1508354Z     from datetime import datetime, timedelta, timezone
execute	Kustomize Build	2026-09-26T09:13:15.1508645Z 
execute	Kustomize Build	2026-09-26T09:13:15.1508805Z     from pyspark.sql import SparkSession
execute	Kustomize Build	2026-09-26T09:13:15.1509082Z 
execute	Kustomize Build	2026-09-26T09:13:15.1509276Z     CATALOG = os.getenv("MAINT_CATALOG_NAME", "datalake")
execute	Kustomize Build	2026-09-26T09:13:15.1509569Z 
execute	Kustomize Build	2026-09-26T09:13:15.1509809Z     DURATION_RE = re.compile(r"^\s*(\d+)\s*([dhms])\s*$", re.IGNORECASE)
execute	Kustomize Build	2026-09-26T09:13:15.1510360Z     DURATION_UNITS = {"d": 86400, "h": 3600, "m": 60, "s": 1}
execute	Kustomize Build	2026-09-26T09:13:15.1510642Z 
execute	Kustomize Build	2026-09-26T09:13:15.1510876Z     BYTES_RE = re.compile(r"^\s*(\d+)\s*([kmgt]?i?b?)\s*$", re.IGNORECASE)
execute	Kustomize Build	2026-09-26T09:13:15.1511716Z     BYTE_UNITS = {"": 1, "k": 1024, "m": 1024**2, "g": 1024**3, "t": 1024**4}
execute	Kustomize Build	2026-09-26T09:13:15.1512297Z 
execute	Kustomize Build	2026-09-26T09:13:15.1512307Z 
execute	Kustomize Build	2026-09-26T09:13:15.1512576Z     def fail(message, missing=None):
execute	Kustomize Build	2026-09-26T09:13:15.1513765Z         """Fail fast with a clear message — mirror generate-config.sh style."""
execute	Kustomize Build	2026-09-26T09:13:15.1514683Z         if missing:
execute	Kustomize Build	2026-09-26T09:13:15.1515279Z             message = f"{message}: {', '.join(missing)}"
execute	Kustomize Build	2026-09-26T09:13:15.1515983Z         print(f"❌ maintenance: {message}", file=sys.stderr)
execute	Kustomize Build	2026-09-26T09:13:15.1516433Z         sys.exit(2)
execute	Kustomize Build	2026-09-26T09:13:15.1516621Z 
execute	Kustomize Build	2026-09-26T09:13:15.1516629Z 
execute	Kustomize Build	2026-09-26T09:13:15.1516807Z     def parse_seconds(raw, default):
execute	Kustomize Build	2026-09-26T09:13:15.1517275Z         """'7d' / '72h' / '45m' / '30s' -> seconds; falls back to default."""
execute	Kustomize Build	2026-09-26T09:13:15.1517745Z         match = DURATION_RE.match(raw or "")
execute	Kustomize Build	2026-09-26T09:13:15.1518128Z         if not match:
execute	Kustomize Build	2026-09-26T09:13:15.1518452Z             return default
execute	Kustomize Build	2026-09-26T09:13:15.1518876Z         return int(match.group(1)) * DURATION_UNITS[match.group(2).lower()]
execute	Kustomize Build	2026-09-26T09:13:15.1519210Z 
execute	Kustomize Build	2026-09-26T09:13:15.1519215Z 
execute	Kustomize Build	2026-09-26T09:13:15.1519364Z     def parse_bytes(raw, default):
execute	Kustomize Build	2026-09-26T09:13:15.1519806Z         """'512MB' / '1GiB' / plain int -> bytes; falls back to default."""
execute	Kustomize Build	2026-09-26T09:13:15.1520270Z         match = BYTES_RE.match(raw or "")
execute	Kustomize Build	2026-09-26T09:13:15.1520634Z         if not match:
execute	Kustomize Build	2026-09-26T09:13:15.1520947Z             return default
execute	Kustomize Build	2026-09-26T09:13:15.1521650Z         unit = match.group(2).lower().replace("i", "").replace("b", "")
execute	Kustomize Build	2026-09-26T09:13:15.1522457Z         return int(match.group(1)) * BYTE_UNITS[unit]
execute	Kustomize Build	2026-09-26T09:13:15.1522736Z 
execute	Kustomize Build	2026-09-26T09:13:15.1522877Z 
execute	Kustomize Build	2026-09-26T09:13:15.1523027Z     def ts_literal(moment):
execute	Kustomize Build	2026-09-26T09:13:15.1523502Z         """Spark SQL TIMESTAMP literal, e.g. TIMESTAMP '2026-09-18 02:00:00'."""
execute	Kustomize Build	2026-09-26T09:13:15.1524066Z         return moment.strftime("%Y-%m-%d %H:%M:%S")
execute	Kustomize Build	2026-09-26T09:13:15.1524336Z 
execute	Kustomize Build	2026-09-26T09:13:15.1524341Z 
execute	Kustomize Build	2026-09-26T09:13:15.1524493Z     def discover_tables(spark):
execute	Kustomize Build	2026-09-26T09:13:15.1524947Z         """All tables in the catalog, fully qualified as <namespace>.<table>.
execute	Kustomize Build	2026-09-26T09:13:15.1525283Z 
execute	Kustomize Build	2026-09-26T09:13:15.1525527Z         SHOW NAMESPACES returns the 'namespace' column as a flat STRING in
execute	Kustomize Build	2026-09-26T09:13:15.1526187Z         Spark 4 (nested namespaces unsupported → StringType) — joining it
execute	Kustomize Build	2026-09-26T09:13:15.1526919Z         with "." iterated its CHARACTERS ("db" → "d.b"), producing a bogus
execute	Kustomize Build	2026-09-26T09:13:15.1527536Z         multi-level namespace whose %1F wire path then broke the SigV4
execute	Kustomize Build	2026-09-26T09:13:15.1528094Z         signature (double-encoded). Normalize both possible shapes.
execute	Kustomize Build	2026-09-26T09:13:15.1528546Z         """
execute	Kustomize Build	2026-09-26T09:13:15.1528861Z         tables = []
execute	Kustomize Build	2026-09-26T09:13:15.1529287Z         for ns_row in spark.sql(f"SHOW NAMESPACES IN {CATALOG}").collect():
execute	Kustomize Build	2026-09-26T09:13:15.1529783Z             namespace = ns_row["namespace"]
execute	Kustomize Build	2026-09-26T09:13:15.1530193Z             if not isinstance(namespace, str):
execute	Kustomize Build	2026-09-26T09:13:15.1530604Z                 namespace = ".".join(namespace)
execute	Kustomize Build	2026-09-26T09:13:15.1531107Z             for t_row in spark.sql(f"SHOW TABLES IN {CATALOG}.{namespace}").collect():
execute	Kustomize Build	2026-09-26T09:13:15.1532001Z                 tables.append(f"{namespace}.{t_row['tableName']}")
execute	Kustomize Build	2026-09-26T09:13:15.1532440Z         return tables
execute	Kustomize Build	2026-09-26T09:13:15.1532627Z 
execute	Kustomize Build	2026-09-26T09:13:15.1532632Z 
execute	Kustomize Build	2026-09-26T09:13:15.1532802Z     def compact(spark, table, target_bytes):
execute	Kustomize Build	2026-09-26T09:13:15.1533255Z         """Bin-pack small data files up to the target size.
execute	Kustomize Build	2026-09-26T09:13:15.1533548Z 
execute	Kustomize Build	2026-09-26T09:13:15.1533808Z         partial-progress commits every few file groups so a long compaction
execute	Execute Action	﻿2026-09-26T09:13:15.1565042Z ##[group]Run set -e
execute	Execute Action	2026-09-26T09:13:15.1566005Z ^[[36;1mset -e^[[0m
execute	Execute Action	2026-09-26T09:13:15.1566333Z ^[[36;1mTARGET="${MODULE_PATH}"^[[0m
execute	Execute Action	2026-09-26T09:13:15.1566738Z ^[[36;1mecho "Target: $TARGET  Action: $K8S_ACTION"^[[0m
execute	Execute Action	2026-09-26T09:13:15.1567145Z ^[[36;1mcase "${K8S_ACTION}" in^[[0m
execute	Execute Action	2026-09-26T09:13:15.1567482Z ^[[36;1m  apply)^[[0m
execute	Execute Action	2026-09-26T09:13:15.1567799Z ^[[36;1m    echo "▶ Applying $TARGET"^[[0m
execute	Execute Action	2026-09-26T09:13:15.1568195Z ^[[36;1m    kubectl apply -f /tmp/built.yaml^[[0m
execute	Execute Action	2026-09-26T09:13:15.1568634Z ^[[36;1m    echo "▶ Syncing duckdb with deployed rustfs"^[[0m
execute	Execute Action	2026-09-26T09:13:15.1569079Z ^[[36;1m    bash scripts/sync-duckdb-rustfs.sh^[[0m
execute	Execute Action	2026-09-26T09:13:15.1569459Z ^[[36;1m    ;;^[[0m
execute	Execute Action	2026-09-26T09:13:15.1569752Z ^[[36;1m  diff)^[[0m
execute	Execute Action	2026-09-26T09:13:15.1570105Z ^[[36;1m    echo "▶ Diff $TARGET (like terraform refresh)"^[[0m
execute	Execute Action	2026-09-26T09:13:15.1570588Z ^[[36;1m    # diff exits 1 when changes exist — don't fail job^[[0m
execute	Execute Action	2026-09-26T09:13:15.1571061Z ^[[36;1m    kubectl diff -f /tmp/built.yaml || true^[[0m
execute	Execute Action	2026-09-26T09:13:15.1571811Z ^[[36;1m    ;;^[[0m
execute	Execute Action	2026-09-26T09:13:15.1572120Z ^[[36;1m  dry-run)^[[0m
execute	Execute Action	2026-09-26T09:13:15.1572468Z ^[[36;1m    echo "▶ Dry-run client+server $TARGET"^[[0m
execute	Execute Action	2026-09-26T09:13:15.1572936Z ^[[36;1m    kubectl apply --dry-run=client -f /tmp/built.yaml^[[0m
execute	Execute Action	2026-09-26T09:13:15.1573457Z ^[[36;1m    kubectl apply --dry-run=server -f /tmp/built.yaml || true^[[0m
execute	Execute Action	2026-09-26T09:13:15.1573911Z ^[[36;1m    ;;^[[0m
execute	Execute Action	2026-09-26T09:13:15.1574205Z ^[[36;1m  delete)^[[0m
execute	Execute Action	2026-09-26T09:13:15.1574641Z ^[[36;1m    echo "▶ Deleting $TARGET (reverse order: rustfs -> duckdb -> namespace)"^[[0m
execute	Execute Action	2026-09-26T09:13:15.1575285Z ^[[36;1m    kubectl delete -f /tmp/built.yaml --ignore-not-found=true --wait=true^[[0m
execute	Execute Action	2026-09-26T09:13:15.1575777Z ^[[36;1m    ;;^[[0m
execute	Execute Action	2026-09-26T09:13:15.1576071Z ^[[36;1m  restart)^[[0m
execute	Execute Action	2026-09-26T09:13:15.1576409Z ^[[36;1m    echo "▶ Rollout restart for $TARGET"^[[0m
execute	Execute Action	2026-09-26T09:13:15.1576902Z ^[[36;1m    # Array of fully-qualified targets — each entry is passed to^[[0m
execute	Execute Action	2026-09-26T09:13:15.1577632Z ^[[36;1m    # kubectl as ONE unit ("kind/name -n ns"), unlike the previous^[[0m
execute	Execute Action	2026-09-26T09:13:15.1578201Z ^[[36;1m    # space-joined string that word-split into broken invocations.^[[0m
execute	Execute Action	2026-09-26T09:13:15.1578688Z ^[[36;1m    case "$TARGET" in^[[0m
execute	Execute Action	2026-09-26T09:13:15.1579033Z ^[[36;1m      "."|all)^[[0m
execute	Execute Action	2026-09-26T09:13:15.1580047Z ^[[36;1m        TARGETS=("deployment/duckdb -n ***" "statefulset/rustfs -n rustfs" "cronjob/iceberg-maintenance-daily -n ***" "deployment/generator-stream -n ***" "cronjob/generator-batch -n ***")^[[0m
execute	Execute Action	2026-09-26T09:13:15.1580927Z ^[[36;1m        ;;^[[0m
execute	Execute Action	2026-09-26T09:13:15.1581508Z ^[[36;1m      duckdb) TARGETS=("deployment/duckdb -n ***") ;;^[[0m
execute	Execute Action	2026-09-26T09:13:15.1582058Z ^[[36;1m      rustfs) TARGETS=("statefulset/rustfs -n rustfs") ;;^[[0m
execute	Execute Action	2026-09-26T09:13:15.1582656Z ^[[36;1m      maintenance) TARGETS=("cronjob/iceberg-maintenance-daily -n ***") ;;^[[0m
execute	Execute Action	2026-09-26T09:13:15.1583164Z ^[[36;1m      generator)^[[0m
execute	Execute Action	2026-09-26T09:13:15.1583730Z ^[[36;1m        TARGETS=("deployment/generator-stream -n ***" "cronjob/generator-batch -n ***")^[[0m
execute	Execute Action	2026-09-26T09:13:15.1584275Z ^[[36;1m        ;;^[[0m
execute	Execute Action	2026-09-26T09:13:15.1584586Z ^[[36;1m      *) TARGETS=("$TARGET") ;;^[[0m
execute	Execute Action	2026-09-26T09:13:15.1584937Z ^[[36;1m    esac^[[0m
execute	Execute Action	2026-09-26T09:13:15.1585246Z ^[[36;1m    for OBJ in "${TARGETS[@]}"; do^[[0m
execute	Execute Action	2026-09-26T09:13:15.1585648Z ^[[36;1m      echo "→ kubectl rollout restart $OBJ"^[[0m
execute	Execute Action	2026-09-26T09:13:15.1586053Z ^[[36;1m      kubectl rollout restart $OBJ^[[0m
execute	Execute Action	2026-09-26T09:13:15.1586428Z ^[[36;1m      echo "→ waiting for $OBJ"^[[0m
execute	Execute Action	2026-09-26T09:13:15.1586853Z ^[[36;1m      kubectl rollout status $OBJ --timeout=180s || true^[[0m
execute	Execute Action	2026-09-26T09:13:15.1587271Z ^[[36;1m    done^[[0m
execute	Execute Action	2026-09-26T09:13:15.1587616Z ^[[36;1m    echo "▶ Syncing duckdb with deployed rustfs"^[[0m
execute	Execute Action	2026-09-26T09:13:15.1588052Z ^[[36;1m    bash scripts/sync-duckdb-rustfs.sh^[[0m
execute	Execute Action	2026-09-26T09:13:15.1588472Z ^[[36;1m    kubectl get pods -n ***^[[0m
execute	Execute Action	2026-09-26T09:13:15.1588821Z ^[[36;1m    ;;^[[0m
execute	Execute Action	2026-09-26T09:13:15.1589117Z ^[[36;1m  logs)^[[0m
execute	Execute Action	2026-09-26T09:13:15.1589455Z ^[[36;1m    echo "▶ Dumping recent logs for $TARGET"^[[0m
execute	Execute Action	2026-09-26T09:13:15.1590044Z ^[[36;1m    case "$TARGET" in^[[0m
execute	Execute Action	2026-09-26T09:13:15.1590631Z ^[[36;1m      "."|all) TARGETS=("deployment/duckdb -n ***" "deployment/generator-stream -n ***") ;;^[[0m
execute	Execute Action	2026-09-26T09:13:15.1591260Z ^[[36;1m      duckdb) TARGETS=("deployment/duckdb -n ***") ;;^[[0m
execute	Execute Action	2026-09-26T09:13:15.1592020Z ^[[36;1m      rustfs) TARGETS=("statefulset/rustfs -n rustfs") ;;^[[0m
execute	Execute Action	2026-09-26T09:13:15.1592583Z ^[[36;1m      generator) TARGETS=("deployment/generator-stream -n ***") ;;^[[0m
execute	Execute Action	2026-09-26T09:13:15.1593159Z ^[[36;1m      # maintenance has no long-running pod — its evidence lives in^[[0m
execute	Execute Action	2026-09-26T09:13:15.1593668Z ^[[36;1m      # the cronjob status + job listings below.^[[0m
execute	Execute Action	2026-09-26T09:13:15.1594155Z ^[[36;1m      maintenance) TARGETS=() ;;^[[0m
execute	Execute Action	2026-09-26T09:13:15.1594817Z ^[[36;1m      *) TARGETS=("$TARGET") ;;^[[0m
execute	Execute Action	2026-09-26T09:13:15.1608722Z ^[[36;1m    esac^[[0m
execute	Execute Action	2026-09-26T09:13:15.1609187Z ^[[36;1m    echo "→ cronjob schedules in ***"^[[0m
execute	Execute Action	2026-09-26T09:13:15.1609687Z ^[[36;1m    kubectl get cronjobs -n *** || true^[[0m
execute	Execute Action	2026-09-26T09:13:15.1610107Z ^[[36;1m    for OBJ in "${TARGETS[@]}"; do^[[0m
execute	Execute Action	2026-09-26T09:13:15.1610538Z ^[[36;1m      echo "→ kubectl logs $OBJ --tail=400"^[[0m
execute	Execute Action	2026-09-26T09:13:15.1611016Z ^[[36;1m      kubectl logs $OBJ --tail=400 --prefix=true || true^[[0m
execute	Execute Action	2026-09-26T09:13:15.1611780Z ^[[36;1m    done^[[0m
execute	Execute Action	2026-09-26T09:13:15.1612241Z ^[[36;1m    echo "→ recent jobs in *** (last 4)"^[[0m
execute	Execute Action	2026-09-26T09:13:15.1612846Z ^[[36;1m    kubectl get jobs -n *** --sort-by=.metadata.creationTimestamp | tail -4 || true^[[0m
execute	Execute Action	2026-09-26T09:13:15.1613489Z ^[[36;1m    # newest two jobs (generator-batch / maintenance runs) with logs.^[[0m
execute	Execute Action	2026-09-26T09:13:15.1614072Z ^[[36;1m    # 'kubectl logs job/…' silently picks ONE pod — a retried job's^[[0m
execute	Execute Action	2026-09-26T09:13:15.1614670Z ^[[36;1m    # other attempt (backoffLimit: 1) keeps its traceback invisible.^[[0m
execute	Execute Action	2026-09-26T09:13:15.1615178Z ^[[36;1m    # Loop the pods of each job instead.^[[0m
execute	Execute Action	2026-09-26T09:13:15.1616021Z ^[[36;1m    for JOB in $(kubectl get jobs -n *** --sort-by=.metadata.creationTimestamp -o name | tail -2); do^[[0m
execute	Execute Action	2026-09-26T09:13:15.1616611Z ^[[36;1m      echo "→ job ${JOB}"^[[0m
execute	Execute Action	2026-09-26T09:13:15.1617038Z ^[[36;1m      kubectl get job "$JOB" -n *** -o wide || true^[[0m
execute	Execute Action	2026-09-26T09:13:15.1617650Z ^[[36;1m      for POD in $(kubectl get pods -n *** --selector="job-name=${JOB#job/}" -o name); do^[[0m
execute	Execute Action	2026-09-26T09:13:15.1618217Z ^[[36;1m        echo "→ kubectl logs $POD --tail=2000"^[[0m
execute	Execute Action	2026-09-26T09:13:15.1618765Z ^[[36;1m        kubectl logs -n *** "$POD" --tail=2000 --prefix=true || true^[[0m
execute	Execute Action	2026-09-26T09:13:15.1619226Z ^[[36;1m      done^[[0m
execute	Execute Action	2026-09-26T09:13:15.1619533Z ^[[36;1m    done^[[0m
execute	Execute Action	2026-09-26T09:13:15.1619829Z ^[[36;1m    ;;^[[0m
execute	Execute Action	2026-09-26T09:13:15.1620114Z ^[[36;1m  probe)^[[0m
execute	Execute Action	2026-09-26T09:13:15.1620457Z ^[[36;1m    echo "▶ In-cluster auth probe for $TARGET"^[[0m
execute	Execute Action	2026-09-26T09:13:15.1620869Z ^[[36;1m    case "$TARGET" in^[[0m
execute	Execute Action	2026-09-26T09:13:15.1621215Z ^[[36;1m      generator)^[[0m
execute	Execute Action	2026-09-26T09:13:15.1621803Z ^[[36;1m        echo "→ pod image digest:"^[[0m
execute	Execute Action	2026-09-26T09:13:15.1622722Z ^[[36;1m        kubectl get pods -n *** -o jsonpath='{range .items[*]}{.metadata.name}{"  "}{.spec.containers[0].image}{"  "}{.status.containerStatuses[0].imageID}{"\n"}{end}' | grep generator || true^[[0m
execute	Execute Action	2026-09-26T09:13:15.1623729Z ^[[36;1m        kubectl exec -i -n *** deploy/generator-stream -- python3 - <<'PYEOF'^[[0m
execute	Execute Action	2026-09-26T09:13:15.1624225Z ^[[36;1mimport hashlib^[[0m
execute	Execute Action	2026-09-26T09:13:15.1624548Z ^[[36;1mimport os^[[0m
execute	Execute Action	2026-09-26T09:13:15.1624855Z ^[[36;1mimport sys^[[0m
execute	Execute Action	2026-09-26T09:13:15.1625168Z ^[[36;1mimport traceback^[[0m
execute	Execute Action	2026-09-26T09:13:15.1625479Z ^[[36;1m^[[0m
execute	Execute Action	2026-09-26T09:13:15.1625840Z ^[[36;1mprint("python:", sys.version.split()[0], flush=True)^[[0m
execute	Execute Action	2026-09-26T09:13:15.1626256Z ^[[36;1m^[[0m
execute	Execute Action	2026-09-26T09:13:15.1626659Z ^[[36;1mfor f in ("/opt/generator/streaming.py", "/opt/generator/batch.py"):^[[0m
execute	Execute Action	2026-09-26T09:13:15.1627143Z ^[[36;1m    try:^[[0m
execute	Execute Action	2026-09-26T09:13:15.1627466Z ^[[36;1m        data = open(f, "rb").read()^[[0m
execute	Execute Action	2026-09-26T09:13:15.1628078Z ^[[36;1m        print(f, "sha256:", hashlib.sha256(data).hexdigest()[:16],^[[0m
execute	Execute Action	2026-09-26T09:13:15.1628558Z ^[[36;1m              "len:", len(data), flush=True)^[[0m
execute	Execute Action	2026-09-26T09:13:15.1628961Z ^[[36;1m    except Exception as e:^[[0m
execute	Execute Action	2026-09-26T09:13:15.1629353Z ^[[36;1m        print(f, "MISSING:", e, flush=True)^[[0m
execute	Execute Action	2026-09-26T09:13:15.1629727Z ^[[36;1m^[[0m
execute	Execute Action	2026-09-26T09:13:15.1630081Z ^[[36;1msrc = open("/opt/generator/streaming.py").read()^[[0m
execute	Execute Action	2026-09-26T09:13:15.1630641Z ^[[36;1mfor needle in ("rest.sigv4-enabled", "client.access-key-id", "import boto3",^[[0m
execute	Execute Action	2026-09-26T09:13:15.1631215Z ^[[36;1m               "GENERATOR_DRY_RUN", "RUSTFS_ENDPOINT_HOST"):^[[0m
execute	Execute Action	2026-09-26T09:13:15.1632065Z ^[[36;1m    print("streaming.py contains", repr(needle), ":", needle in src, flush=True)^[[0m
execute	Execute Action	2026-09-26T09:13:15.1632567Z ^[[36;1m^[[0m
execute	Execute Action	2026-09-26T09:13:15.1632932Z ^[[36;1mprint("--- env var names (values hidden) ---", flush=True)^[[0m
execute	Execute Action	2026-09-26T09:13:15.1633409Z ^[[36;1mfor k in sorted(os.environ):^[[0m
execute	Execute Action	2026-09-26T09:13:15.1633836Z ^[[36;1m    if k.startswith(("GENERATOR_", "RUSTFS_", "DUCKDB_")):^[[0m
execute	Execute Action	2026-09-26T09:13:15.1634268Z ^[[36;1m        v = os.environ[k]^[[0m
execute	Execute Action	2026-09-26T09:13:15.1634669Z ^[[36;1m        print("  ", k, "set, len", len(v), flush=True)^[[0m
execute	Execute Action	2026-09-26T09:13:15.1635057Z ^[[36;1m^[[0m
execute	Execute Action	2026-09-26T09:13:15.1635482Z ^[[36;1mprint("--- real load_iceberg_catalog from the running script ---", flush=True)^[[0m
execute	Execute Action	2026-09-26T09:13:15.1636025Z ^[[36;1msys.path.insert(0, "/opt/generator")^[[0m
execute	Execute Action	2026-09-26T09:13:15.1636434Z ^[[36;1mimport streaming  # noqa: E402^[[0m
execute	Execute Action	2026-09-26T09:13:15.1636781Z ^[[36;1m^[[0m
execute	Execute Action	2026-09-26T09:13:15.1637052Z ^[[36;1mtry:^[[0m
execute	Execute Action	2026-09-26T09:13:15.1637379Z ^[[36;1m    cat = streaming.load_iceberg_catalog()^[[0m
execute	Execute Action	2026-09-26T09:13:15.1637855Z ^[[36;1m    print("catalog loaded OK:", type(cat).__name__, flush=True)^[[0m
execute	Execute Action	2026-09-26T09:13:15.1638354Z ^[[36;1mexcept Exception:^[[0m
execute	Execute Action	2026-09-26T09:13:15.1638700Z ^[[36;1m    traceback.print_exc()^[[0m
execute	Execute Action	2026-09-26T09:13:15.1639295Z ^[[36;1m    sys.stdout.flush()^[[0m
execute	Execute Action	2026-09-26T09:13:15.1639625Z ^[[36;1m^[[0m
execute	Execute Action	2026-09-26T09:13:15.1640031Z ^[[36;1mprint("--- catalog_properties dict (secrets redacted) ---", flush=True)^[[0m
execute	Execute Action	2026-09-26T09:13:15.1640519Z ^[[36;1mtry:^[[0m
execute	Execute Action	2026-09-26T09:13:15.1640861Z ^[[36;1m    props = streaming.catalog_properties()^[[0m
execute	Execute Action	2026-09-26T09:13:15.1641261Z ^[[36;1m    safe = {}^[[0m
execute	Execute Action	2026-09-26T09:13:15.1641848Z ^[[36;1m    for k, v in props.items():^[[0m
execute	Execute Action	2026-09-26T09:13:15.1642411Z ^[[36;1m        safe[k] = v if not any(s in k for s in ("access-key", "secret-access")) else "<len %d>" % len(v)^[[0m
execute	Execute Action	2026-09-26T09:13:15.1642982Z ^[[36;1m    print(safe, flush=True)^[[0m
execute	Execute Action	2026-09-26T09:13:15.1643350Z ^[[36;1mexcept Exception:^[[0m
execute	Execute Action	2026-09-26T09:13:15.1643694Z ^[[36;1m    traceback.print_exc()^[[0m
execute	Execute Action	2026-09-26T09:13:15.1644035Z ^[[36;1mPYEOF^[[0m
execute	Execute Action	2026-09-26T09:13:15.1644327Z ^[[36;1m        ;;^[[0m
execute	Execute Action	2026-09-26T09:13:15.1644708Z ^[[36;1m      *) echo "❌ probe not supported for $TARGET" && exit 1 ;;^[[0m
execute	Execute Action	2026-09-26T09:13:15.1645150Z ^[[36;1m    esac^[[0m
execute	Execute Action	2026-09-26T09:13:15.1645448Z ^[[36;1m    ;;^[[0m
execute	Execute Action	2026-09-26T09:13:15.1645751Z ^[[36;1m  sigprobe)^[[0m
execute	Execute Action	2026-09-26T09:13:15.1646148Z ^[[36;1m    # Replays the exact REST requests the Spark maintenance job^[[0m
execute	Execute Action	2026-09-26T09:13:15.1646682Z ^[[36;1m    # makes, signed with botocore SigV4 from inside the cluster^[[0m
execute	Execute Action	2026-09-26T09:13:15.1647214Z ^[[36;1m    # (via the generator pod, which has boto3). Isolates whether^[[0m
execute	Execute Action	2026-09-26T09:13:15.1647743Z ^[[36;1m    # RustFS SignatureDoesNotMatch is path-dependent or^[[0m
execute	Execute Action	2026-09-26T09:13:15.1648244Z ^[[36;1m    # header-dependent by varying one factor at a time.^[[0m
execute	Execute Action	2026-09-26T09:13:15.1648702Z ^[[36;1m    echo "▶ SigV4 replay probe for $TARGET"^[[0m
execute	Execute Action	2026-09-26T09:13:15.1649106Z ^[[36;1m    case "$TARGET" in^[[0m
execute	Execute Action	2026-09-26T09:13:15.1649448Z ^[[36;1m      maintenance)^[[0m
execute	Execute Action	2026-09-26T09:13:15.1649954Z ^[[36;1m        kubectl exec -i -n *** deploy/generator-stream -- python3 - <<'PYEOF'^[[0m
execute	Execute Action	2026-09-26T09:13:15.1650433Z ^[[36;1mimport os^[[0m
execute	Execute Action	2026-09-26T09:13:15.1650739Z ^[[36;1mimport urllib.error^[[0m
execute	Execute Action	2026-09-26T09:13:15.1651086Z ^[[36;1mimport urllib.request^[[0m
execute	Execute Action	2026-09-26T09:13:15.1651759Z ^[[36;1m^[[0m
execute	Execute Action	2026-09-26T09:13:15.1652080Z ^[[36;1mfrom botocore.auth import S3SigV4Auth^[[0m
execute	Execute Action	2026-09-26T09:13:15.1652510Z ^[[36;1mfrom botocore.awsrequest import AWSRequest^[[0m
execute	Execute Action	2026-09-26T09:13:15.1652952Z ^[[36;1mfrom botocore.credentials import Credentials^[[0m
execute	Execute Action	2026-09-26T09:13:15.1653336Z ^[[36;1m^[[0m
execute	Execute Action	2026-09-26T09:13:15.1653737Z ^[[36;1mbase = "http://rustfs-svc.rustfs.svc.cluster.local:9000"^[[0m
execute	Execute Action	2026-09-26T09:13:15.1654364Z ^[[36;1mcreds = Credentials(os.environ["RUSTFS_ACCESS_KEY"], os.environ["RUSTFS_SECRET_KEY"])^[[0m
execute	Execute Action	2026-09-26T09:13:15.1654881Z ^[[36;1m^[[0m
execute	Execute Action	2026-09-26T09:13:15.1655253Z ^[[36;1m# Header sets: botocore-minimal vs Java-client-shaped (Iceberg^[[0m
execute	Execute Action	2026-09-26T09:13:15.1655783Z ^[[36;1m# HTTPClient adds these base headers to every request).^[[0m
execute	Execute Action	2026-09-26T09:13:15.1656209Z ^[[36;1mjava_headers = {^[[0m
execute	Execute Action	2026-09-26T09:13:15.1656555Z ^[[36;1m    "Accept": "application/json",^[[0m
execute	Execute Action	2026-09-26T09:13:15.1656959Z ^[[36;1m    "Content-Type": "application/json",^[[0m
execute	Execute Action	2026-09-26T09:13:15.1657380Z ^[[36;1m    "X-Iceberg-Client-Version": "1.11.0",^[[0m
execute	Execute Action	2026-09-26T09:13:15.1657834Z ^[[36;1m    "X-Iceberg-Client-Git-Commit-Short": "deadbee",^[[0m
execute	Execute Action	2026-09-26T09:13:15.1658276Z ^[[36;1m    "User-Agent": "aws-sdk-java/1.11.0",^[[0m
execute	Execute Action	2026-09-26T09:13:15.1658639Z ^[[36;1m}^[[0m
execute	Execute Action	2026-09-26T09:13:15.1658904Z ^[[36;1m^[[0m
execute	Execute Action	2026-09-26T09:13:15.1659182Z ^[[36;1mrequests_matrix = [^[[0m
execute	Execute Action	2026-09-26T09:13:15.1659700Z ^[[36;1m    ("list-namespaces, minimal headers", "/iceberg/v1/datalake/namespaces?pageToken=", None),^[[0m
execute	Execute Action	2026-09-26T09:13:15.1660487Z ^[[36;1m    ("list-namespaces, java headers", "/iceberg/v1/datalake/namespaces?pageToken=", java_headers),^[[0m
execute	Execute Action	2026-09-26T09:13:15.1661287Z ^[[36;1m    ("list-tables, minimal headers", "/iceberg/v1/datalake/namespaces/events/tables?pageToken=", None),^[[0m
execute	Execute Action	2026-09-26T09:13:15.1662326Z ^[[36;1m    ("list-tables, java headers", "/iceberg/v1/datalake/namespaces/events/tables?pageToken=", java_headers),^[[0m
execute	Execute Action	2026-09-26T09:13:15.1663216Z ^[[36;1m    ("list-tables, no query", "/iceberg/v1/datalake/namespaces/events/tables", None),^[[0m
execute	Execute Action	2026-09-26T09:13:15.1663898Z ^[[36;1m    ("get-config, java headers", "/iceberg/v1/config?warehouse=datalake", java_headers),^[[0m
execute	Execute Action	2026-09-26T09:13:15.1664676Z ^[[36;1m    ("load-table, java headers", "/iceberg/v1/datalake/namespaces/events/tables/wikipedia_edits", java_headers),^[[0m
execute	Execute Action	2026-09-26T09:13:15.1665277Z ^[[36;1m]^[[0m
execute	Execute Action	2026-09-26T09:13:15.1665537Z ^[[36;1m^[[0m
execute	Execute Action	2026-09-26T09:13:15.1665847Z ^[[36;1mfor label, path, extra in requests_matrix:^[[0m
execute	Execute Action	2026-09-26T09:13:15.1666244Z ^[[36;1m    url = base + path^[[0m
execute	Execute Action	2026-09-26T09:13:15.1666717Z ^[[36;1m    req = AWSRequest(method="GET", url=url, headers=dict(extra or {}), data=b"")^[[0m
execute	Execute Action	2026-09-26T09:13:15.1667277Z ^[[36;1m    S3SigV4Auth(creds, "s3", "us-east-1").add_auth(req)^[[0m
execute	Execute Action	2026-09-26T09:13:15.1667784Z ^[[36;1m    sent_headers = {k.lower(): v for k, v in req.headers.items()}^[[0m
execute	Execute Action	2026-09-26T09:13:15.1668304Z ^[[36;1m    signed = sent_headers.get("authorization", "")^[[0m
execute	Execute Action	2026-09-26T09:13:15.1668730Z ^[[36;1m    signed_headers_list = ""^[[0m
execute	Execute Action	2026-09-26T09:13:15.1669107Z ^[[36;1m    for part in signed.split(","):^[[0m
execute	Execute Action	2026-09-26T09:13:15.1669485Z ^[[36;1m        part = part.strip()^[[0m
execute	Execute Action	2026-09-26T09:13:15.1669873Z ^[[36;1m        if part.startswith("SignedHeaders="):^[[0m
execute	Execute Action	2026-09-26T09:13:15.1670341Z ^[[36;1m            signed_headers_list = part[len("SignedHeaders="):]^[[0m
execute	Execute Action	2026-09-26T09:13:15.1670766Z ^[[36;1m    try:^[[0m
execute	Execute Action	2026-09-26T09:13:15.1671140Z ^[[36;1m        r = urllib.request.Request(url, headers=sent_headers)^[[0m
execute	Execute Action	2026-09-26T09:13:15.1671897Z ^[[36;1m        with urllib.request.urlopen(r, timeout=30) as resp:^[[0m
execute	Execute Action	2026-09-26T09:13:15.1672485Z ^[[36;1m            print(f"[{label}] HTTP {resp.status} signed={signed_headers_list}", flush=True)^[[0m
execute	Execute Action	2026-09-26T09:13:15.1673057Z ^[[36;1m            print("   body:", resp.read(160), flush=True)^[[0m
execute	Execute Action	2026-09-26T09:13:15.1673508Z ^[[36;1m    except urllib.error.HTTPError as e:^[[0m
execute	Execute Action	2026-09-26T09:13:15.1674037Z ^[[36;1m        print(f"[{label}] HTTP {e.code} signed={signed_headers_list}", flush=True)^[[0m
execute	Execute Action	2026-09-26T09:13:15.1674703Z ^[[36;1m        print("   body:", e.read(300), flush=True)^[[0m
execute	Execute Action	2026-09-26T09:13:15.1675108Z ^[[36;1m    except Exception as e:^[[0m
execute	Execute Action	2026-09-26T09:13:15.1675498Z ^[[36;1m        print(f"[{label}] ERROR {e}", flush=True)^[[0m
execute	Execute Action	2026-09-26T09:13:15.1675883Z ^[[36;1mPYEOF^[[0m
execute	Execute Action	2026-09-26T09:13:15.1676176Z ^[[36;1m        ;;^[[0m
execute	Execute Action	2026-09-26T09:13:15.1676561Z ^[[36;1m      *) echo "❌ sigprobe not supported for $TARGET" && exit 1 ;;^[[0m
execute	Execute Action	2026-09-26T09:13:15.1677004Z ^[[36;1m    esac^[[0m
execute	Execute Action	2026-09-26T09:13:15.1677287Z ^[[36;1m    ;;^[[0m
execute	Execute Action	2026-09-26T09:13:15.1677575Z ^[[36;1m  trigger)^[[0m
execute	Execute Action	2026-09-26T09:13:15.1677973Z ^[[36;1m    # Fire a CronJob once, right now — verification without waiting^[[0m
execute	Execute Action	2026-09-26T09:13:15.1678504Z ^[[36;1m    # for the schedule (e.g. maintenance-daily at 02:00 UTC).^[[0m
execute	Execute Action	2026-09-26T09:13:15.1678944Z ^[[36;1m    echo "▶ Triggering $TARGET"^[[0m
execute	Execute Action	2026-09-26T09:13:15.1679300Z ^[[36;1m    case "$TARGET" in^[[0m
execute	Execute Action	2026-09-26T09:13:15.1679788Z ^[[36;1m      maintenance) CRON="cronjob/iceberg-maintenance-daily -n ***" ;;^[[0m
execute	Execute Action	2026-09-26T09:13:15.1680394Z ^[[36;1m      generator-batch) CRON="cronjob/generator-batch -n ***" ;;^[[0m
execute	Execute Action	2026-09-26T09:13:15.1680922Z ^[[36;1m      *) echo "❌ trigger not supported for $TARGET" && exit 1 ;;^[[0m
execute	Execute Action	2026-09-26T09:13:15.1681594Z ^[[36;1m    esac^[[0m
execute	Execute Action	2026-09-26T09:13:15.1681933Z ^[[36;1m    STAMP=$(date -u +%Y%m%d-%H%M%S)^[[0m
execute	Execute Action	2026-09-26T09:13:15.1682326Z ^[[36;1m    JOB="manual-$TARGET-$STAMP"^[[0m
execute	Execute Action	2026-09-26T09:13:15.1682772Z ^[[36;1m    kubectl create job --from=$CRON "$JOB" -n ***^[[0m
execute	Execute Action	2026-09-26T09:13:15.1683235Z ^[[36;1m    echo "→ created job $JOB; watching it (max 15m)"^[[0m
execute	Execute Action	2026-09-26T09:13:15.1683635Z ^[[36;1m^[[0m
execute	Execute Action	2026-09-26T09:13:15.1684008Z ^[[36;1m    # Poll in short slices: 'kubectl wait --for=condition=complete'^[[0m
execute	Execute Action	2026-09-26T09:13:15.1684546Z ^[[36;1m    # ignores FAILED jobs and used to block the full 480s even^[[0m
execute	Execute Action	2026-09-26T09:13:15.1685062Z ^[[36;1m    # though the pod died in the first 30s. 'failed' is a real^[[0m
execute	Execute Action	2026-09-26T09:13:15.1685733Z ^[[36;1m    # Job condition, so both outcomes break the loop immediately.^[[0m
execute	Execute Action	2026-09-26T09:13:15.1686204Z ^[[36;1m    DEADLINE=$(( $(date +%s) + 900 ))^[[0m
execute	Execute Action	2026-09-26T09:13:15.1686568Z ^[[36;1m    JOB_OK=""^[[0m
execute	Execute Action	2026-09-26T09:13:15.1686919Z ^[[36;1m    while [ "$(date +%s)" -lt "$DEADLINE" ]; do^[[0m
execute	Execute Action	2026-09-26T09:13:15.1687548Z ^[[36;1m      if kubectl wait --for=condition=complete --timeout=10s "job/$JOB" -n *** >/dev/null 2>&1; then^[[0m
execute	Execute Action	2026-09-26T09:13:15.1688113Z ^[[36;1m        JOB_OK=1^[[0m
execute	Execute Action	2026-09-26T09:13:15.1688425Z ^[[36;1m        break^[[0m
execute	Execute Action	2026-09-26T09:13:15.1688718Z ^[[36;1m      fi^[[0m
execute	Execute Action	2026-09-26T09:13:15.1689220Z ^[[36;1m      if kubectl wait --for=condition=failed --timeout=1s "job/$JOB" -n *** >/dev/null 2>&1; then^[[0m
execute	Execute Action	2026-09-26T09:13:15.1689760Z ^[[36;1m        break^[[0m
execute	Execute Action	2026-09-26T09:13:15.1690052Z ^[[36;1m      fi^[[0m
execute	Execute Action	2026-09-26T09:13:15.1690328Z ^[[36;1m    done^[[0m
execute	Execute Action	2026-09-26T09:13:15.1690597Z ^[[36;1m^[[0m
execute	Execute Action	2026-09-26T09:13:15.1690954Z ^[[36;1m    # Evidence: status + logs of EVERY pod of the job (both^[[0m
execute	Execute Action	2026-09-26T09:13:15.1691697Z ^[[36;1m    # attempts; 'kubectl logs job/…' reads only the newest pod,^[[0m
execute	Execute Action	2026-09-26T09:13:15.1692228Z ^[[36;1m    # and a short tail hides the top of tracebacks — the part^[[0m
execute	Execute Action	2026-09-26T09:13:15.1692681Z ^[[36;1m    # with the actual error message).^[[0m
execute	Execute Action	2026-09-26T09:13:15.1693058Z ^[[36;1m    echo "→ job/$JOB status:"^[[0m
execute	Execute Action	2026-09-26T09:13:15.1693486Z ^[[36;1m    kubectl get job "$JOB" -n *** -o wide || true^[[0m
execute	Execute Action	2026-09-26T09:13:15.1694021Z ^[[36;1m    kubectl get pods -n *** --selector="job-name=$JOB" -o wide || true^[[0m
execute	Execute Action	2026-09-26T09:13:15.1694647Z ^[[36;1m    for POD in $(kubectl get pods -n *** --selector="job-name=$JOB" -o name); do^[[0m
execute	Execute Action	2026-09-26T09:13:15.1695191Z ^[[36;1m      echo "→ kubectl logs $POD --tail=2000"^[[0m
execute	Execute Action	2026-09-26T09:13:15.1695696Z ^[[36;1m      kubectl logs -n *** "$POD" --tail=2000 --prefix=true || true^[[0m
execute	Execute Action	2026-09-26T09:13:15.1696134Z ^[[36;1m    done^[[0m
execute	Execute Action	2026-09-26T09:13:15.1696408Z ^[[36;1m^[[0m
execute	Execute Action	2026-09-26T09:13:15.1696696Z ^[[36;1m    if [ -z "$JOB_OK" ]; then^[[0m
execute	Execute Action	2026-09-26T09:13:15.1697256Z ^[[36;1m      echo "❌ $JOB did not complete successfully"^[[0m
execute	Execute Action	2026-09-26T09:13:15.1697666Z ^[[36;1m      exit 1^[[0m
execute	Execute Action	2026-09-26T09:13:15.1697972Z ^[[36;1m    fi^[[0m
execute	Execute Action	2026-09-26T09:13:15.1698277Z ^[[36;1m    echo "✅ $JOB completed"^[[0m
execute	Execute Action	2026-09-26T09:13:15.1698622Z ^[[36;1m    ;;^[[0m
execute	Execute Action	2026-09-26T09:13:15.1698907Z ^[[36;1mesac^[[0m
execute	Execute Action	2026-09-26T09:13:15.1760680Z shell: /usr/bin/bash -e {0}
execute	Execute Action	2026-09-26T09:13:15.1761020Z env:
execute	Execute Action	2026-09-26T09:13:15.1761555Z   MODULE_PATH: maintenance
execute	Execute Action	2026-09-26T09:13:15.1761948Z   K8S_ACTION: trigger
execute	Execute Action	2026-09-26T09:13:15.1762287Z   RUSTFS_ACCESS_KEY: ***
execute	Execute Action	2026-09-26T09:13:15.1762638Z   RUSTFS_SECRET_KEY: ***
execute	Execute Action	2026-09-26T09:13:15.1762966Z   DUCKFLIGHT_USER: ***
execute	Execute Action	2026-09-26T09:13:15.1763297Z   DUCKFLIGHT_PASSWORD: ***
execute	Execute Action	2026-09-26T09:13:15.1763638Z   KUBECONFIG: /home/runner/.kube/config
execute	Execute Action	2026-09-26T09:13:15.1763998Z ##[endgroup]
execute	Execute Action	2026-09-26T09:13:15.1844193Z Target: maintenance  Action: trigger
execute	Execute Action	2026-09-26T09:13:15.1849203Z ▶ Triggering maintenance
execute	Execute Action	2026-09-26T09:13:16.4482032Z job.batch/manual-maintenance-20260926-091315 created
execute	Execute Action	2026-09-26T09:13:16.4489748Z → created job manual-maintenance-20260926-091315; watching it (max 15m)
execute	Execute Action	2026-09-26T09:28:20.0478593Z → job/manual-maintenance-20260926-091315 status:
execute	Execute Action	2026-09-26T09:28:20.8184494Z NAME                                 STATUS    COMPLETIONS   DURATION   AGE   CONTAINERS    IMAGES                                                    SELECTOR
execute	Execute Action	2026-09-26T09:28:20.8186208Z manual-maintenance-20260926-091315   Running   0/1           15m        15m   maintenance   ghcr.io/daun-gatal/***/iceberg-maintenance:latest   batch.kubernetes.io/controller-uid=fbcd742b-1f7e-4814-895c-9631838735a8
execute	Execute Action	2026-09-26T09:28:21.8279798Z NAME                                       READY   STATUS    RESTARTS   AGE   IP           NODE    NOMINATED NODE   READINESS GATES
execute	Execute Action	2026-09-26T09:28:21.8280911Z manual-maintenance-20260926-091315-phtnw   1/1     Running   0          15m   10.42.0.69   rsudo   <none>           <none>
execute	Execute Action	2026-09-26T09:28:22.8394441Z → kubectl logs pod/manual-maintenance-20260926-091315-phtnw --tail=2000
execute	Execute Action	2026-09-26T09:28:24.1022097Z [pod/manual-maintenance-20260926-091315-phtnw/maintenance] 		at org.apache.spark.sql.catalyst.plans.logical.AnalysisHelper.resolveOperators(AnalysisHelper.scala:77)
execute	Execute Action	2026-09-26T09:28:24.1024450Z [pod/manual-maintenance-20260926-091315-phtnw/maintenance] 		at org.apache.spark.sql.catalyst.plans.logical.AnalysisHelper.resolveOperators$(AnalysisHelper.scala:76)
execute	Execute Action	2026-09-26T09:28:24.1026626Z [pod/manual-maintenance-20260926-091315-phtnw/maintenance] 		at org.apache.spark.sql.catalyst.plans.logical.LogicalPlan.resolveOperators(LogicalPlan.scala:37)
execute	Execute Action	2026-09-26T09:28:24.1028692Z [pod/manual-maintenance-20260926-091315-phtnw/maintenance] 		at org.apache.spark.sql.catalyst.analysis.InvokeProcedures.apply(InvokeProcedures.scala:36)
execute	Execute Action	2026-09-26T09:28:24.1030600Z [pod/manual-maintenance-20260926-091315-phtnw/maintenance] 		at org.apache.spark.sql.catalyst.analysis.InvokeProcedures.apply(InvokeProcedures.scala:34)
execute	Execute Action	2026-09-26T09:28:24.1032368Z [pod/manual-maintenance-20260926-091315-phtnw/maintenance] 		at org.apache.spark.sql.catalyst.rules.RuleExecutor.$anonfun$execute$2(RuleExecutor.scala:242)
execute	Execute Action	2026-09-26T09:28:24.1033583Z [pod/manual-maintenance-20260926-091315-phtnw/maintenance] 		at scala.collection.LinearSeqOps.foldLeft(LinearSeq.scala:183)
execute	Execute Action	2026-09-26T09:28:24.1034652Z [pod/manual-maintenance-20260926-091315-phtnw/maintenance] 		at scala.collection.LinearSeqOps.foldLeft$(LinearSeq.scala:179)
execute	Execute Action	2026-09-26T09:28:24.1035696Z [pod/manual-maintenance-20260926-091315-phtnw/maintenance] 		at scala.collection.immutable.List.foldLeft(List.scala:79)
execute	Execute Action	2026-09-26T09:28:24.1036849Z [pod/manual-maintenance-20260926-091315-phtnw/maintenance] 		at org.apache.spark.sql.catalyst.rules.RuleExecutor.$anonfun$execute$1(RuleExecutor.scala:239)
execute	Execute Action	2026-09-26T09:28:24.1038748Z [pod/manual-maintenance-20260926-091315-phtnw/maintenance] 		at org.apache.spark.sql.catalyst.rules.RuleExecutor.$anonfun$execute$1$adapted(RuleExecutor.scala:231)
execute	Execute Action	2026-09-26T09:28:24.1041652Z [pod/manual-maintenance-20260926-091315-phtnw/maintenance] 		at scala.collection.immutable.List.foreach(List.scala:334)
execute	Execute Action	2026-09-26T09:28:24.1043821Z [pod/manual-maintenance-20260926-091315-phtnw/maintenance] 		at org.apache.spark.sql.catalyst.rules.RuleExecutor.execute(RuleExecutor.scala:231)
execute	Execute Action	2026-09-26T09:28:24.1046474Z [pod/manual-maintenance-20260926-091315-phtnw/maintenance] 		at org.apache.spark.sql.catalyst.analysis.Analyzer.org$apache$spark$sql$catalyst$analysis$Analyzer$$executeSameContext(Analyzer.scala:340)
execute	Execute Action	2026-09-26T09:28:24.1049021Z [pod/manual-maintenance-20260926-091315-phtnw/maintenance] 		at org.apache.spark.sql.catalyst.analysis.Analyzer.$anonfun$execute$1(Analyzer.scala:336)
execute	Execute Action	2026-09-26T09:28:24.1051329Z [pod/manual-maintenance-20260926-091315-phtnw/maintenance] 		at org.apache.spark.sql.catalyst.analysis.AnalysisContext$.withNewAnalysisContext(Analyzer.scala:234)
execute	Execute Action	2026-09-26T09:28:24.1053558Z [pod/manual-maintenance-20260926-091315-phtnw/maintenance] 		at org.apache.spark.sql.catalyst.analysis.Analyzer.execute(Analyzer.scala:336)
execute	Execute Action	2026-09-26T09:28:24.1054844Z [pod/manual-maintenance-20260926-091315-phtnw/maintenance] 		at org.apache.spark.sql.catalyst.analysis.Analyzer.execute(Analyzer.scala:299)
execute	Execute Action	2026-09-26T09:28:24.1056047Z [pod/manual-maintenance-20260926-091315-phtnw/maintenance] 		at org.apache.spark.sql.catalyst.rules.RuleExecutor.$anonfun$executeAndTrack$1(RuleExecutor.scala:201)
execute	Execute Action	2026-09-26T09:28:24.1057313Z [pod/manual-maintenance-20260926-091315-phtnw/maintenance] 		at org.apache.spark.sql.catalyst.QueryPlanningTracker$.withTracker(QueryPlanningTracker.scala:89)
execute	Execute Action	2026-09-26T09:28:24.1058553Z [pod/manual-maintenance-20260926-091315-phtnw/maintenance] 		at org.apache.spark.sql.catalyst.rules.RuleExecutor.executeAndTrack(RuleExecutor.scala:201)
execute	Execute Action	2026-09-26T09:28:24.1059874Z [pod/manual-maintenance-20260926-091315-phtnw/maintenance] 		at org.apache.spark.sql.catalyst.analysis.resolver.HybridAnalyzer.resolveInFixedPoint(HybridAnalyzer.scala:190)
execute	Execute Action	2026-09-26T09:28:24.1061639Z [pod/manual-maintenance-20260926-091315-phtnw/maintenance] 		at org.apache.spark.sql.catalyst.analysis.resolver.HybridAnalyzer.$anonfun$apply$1(HybridAnalyzer.scala:76)
execute	Execute Action	2026-09-26T09:28:24.1063082Z [pod/manual-maintenance-20260926-091315-phtnw/maintenance] 		at org.apache.spark.sql.catalyst.analysis.resolver.HybridAnalyzer.withTrackedAnalyzerBridgeState(HybridAnalyzer.scala:111)
execute	Execute Action	2026-09-26T09:28:24.1064478Z [pod/manual-maintenance-20260926-091315-phtnw/maintenance] 		at org.apache.spark.sql.catalyst.analysis.resolver.HybridAnalyzer.apply(HybridAnalyzer.scala:71)
execute	Execute Action	2026-09-26T09:28:24.1065722Z [pod/manual-maintenance-20260926-091315-phtnw/maintenance] 		at org.apache.spark.sql.catalyst.analysis.Analyzer.$anonfun$executeAndCheck$1(Analyzer.scala:330)
execute	Execute Action	2026-09-26T09:28:24.1066982Z [pod/manual-maintenance-20260926-091315-phtnw/maintenance] 		at org.apache.spark.sql.catalyst.plans.logical.AnalysisHelper$.markInAnalyzer(AnalysisHelper.scala:423)
execute	Execute Action	2026-09-26T09:28:24.1068227Z [pod/manual-maintenance-20260926-091315-phtnw/maintenance] 		at org.apache.spark.sql.catalyst.analysis.Analyzer.executeAndCheck(Analyzer.scala:330)
execute	Execute Action	2026-09-26T09:28:24.1069443Z [pod/manual-maintenance-20260926-091315-phtnw/maintenance] 		at org.apache.spark.sql.execution.QueryExecution.$anonfun$lazyAnalyzed$2(QueryExecution.scala:110)
execute	Execute Action	2026-09-26T09:28:24.1070708Z [pod/manual-maintenance-20260926-091315-phtnw/maintenance] 		at org.apache.spark.sql.catalyst.QueryPlanningTracker.measurePhase(QueryPlanningTracker.scala:148)
execute	Execute Action	2026-09-26T09:28:24.1072085Z [pod/manual-maintenance-20260926-091315-phtnw/maintenance] 		at org.apache.spark.sql.execution.QueryExecution.$anonfun$executePhase$2(QueryExecution.scala:278)
execute	Execute Action	2026-09-26T09:28:24.1073301Z [pod/manual-maintenance-20260926-091315-phtnw/maintenance] 		at org.apache.spark.sql.execution.QueryExecution$.withInternalError(QueryExecution.scala:654)
execute	Execute Action	2026-09-26T09:28:24.1074526Z [pod/manual-maintenance-20260926-091315-phtnw/maintenance] 		at org.apache.spark.sql.execution.QueryExecution.$anonfun$executePhase$1(QueryExecution.scala:278)
execute	Execute Action	2026-09-26T09:28:24.1075804Z [pod/manual-maintenance-20260926-091315-phtnw/maintenance] 		at org.apache.spark.sql.SparkSession.withActive(SparkSession.scala:804)
execute	Execute Action	2026-09-26T09:28:24.1076926Z [pod/manual-maintenance-20260926-091315-phtnw/maintenance] 		at org.apache.spark.sql.execution.QueryExecution.executePhase(QueryExecution.scala:277)
execute	Execute Action	2026-09-26T09:28:24.1078159Z [pod/manual-maintenance-20260926-091315-phtnw/maintenance] 		at org.apache.spark.sql.execution.QueryExecution.$anonfun$lazyAnalyzed$1(QueryExecution.scala:110)
execute	Execute Action	2026-09-26T09:28:24.1079181Z [pod/manual-maintenance-20260926-091315-phtnw/maintenance] 		at scala.util.Try$.apply(Try.scala:217)
execute	Execute Action	2026-09-26T09:28:24.1080102Z [pod/manual-maintenance-20260926-091315-phtnw/maintenance] 		at org.apache.spark.util.Utils$.doTryWithCallerStacktrace(Utils.scala:1378)
execute	Execute Action	2026-09-26T09:28:24.1081123Z [pod/manual-maintenance-20260926-091315-phtnw/maintenance] 		at org.apache.spark.util.LazyTry.tryT$lzycompute(LazyTry.scala:46)
execute	Execute Action	2026-09-26T09:28:24.1082226Z [pod/manual-maintenance-20260926-091315-phtnw/maintenance] 		at org.apache.spark.util.LazyTry.tryT(LazyTry.scala:46)
execute	Execute Action	2026-09-26T09:28:24.1082991Z [pod/manual-maintenance-20260926-091315-phtnw/maintenance] 		... 22 more
execute	Execute Action	2026-09-26T09:28:24.1083561Z [pod/manual-maintenance-20260926-091315-phtnw/maintenance] 
execute	Execute Action	2026-09-26T09:28:24.1084295Z [pod/manual-maintenance-20260926-091315-phtnw/maintenance] 26/09/26 09:26:06 WARN Spark3Util: Failed to load catalog: events
execute	Execute Action	2026-09-26T09:28:24.1085851Z [pod/manual-maintenance-20260926-091315-phtnw/maintenance] org.apache.spark.sql.connector.catalog.CatalogNotFoundException: [CATALOG_NOT_FOUND] The catalog `events` not found. Consider to set the SQL config "spark.sql.catalog.events" to a catalog plugin. SQLSTATE: 42P08
execute	Execute Action	2026-09-26T09:28:24.1087583Z [pod/manual-maintenance-20260926-091315-phtnw/maintenance] 	at org.apache.spark.sql.errors.QueryExecutionErrors$.catalogNotFoundError(QueryExecutionErrors.scala:1809)
execute	Execute Action	2026-09-26T09:28:24.1088916Z [pod/manual-maintenance-20260926-091315-phtnw/maintenance] 	at org.apache.spark.sql.connector.catalog.Catalogs$.load(Catalogs.scala:56)
execute	Execute Action	2026-09-26T09:28:24.1090098Z [pod/manual-maintenance-20260926-091315-phtnw/maintenance] 	at org.apache.spark.sql.connector.catalog.CatalogManager.$anonfun$catalog$1(CatalogManager.scala:56)
execute	Execute Action	2026-09-26T09:28:24.1091264Z [pod/manual-maintenance-20260926-091315-phtnw/maintenance] 	at scala.collection.mutable.HashMap.getOrElseUpdate(HashMap.scala:469)
execute	Execute Action	2026-09-26T09:28:24.1092560Z [pod/manual-maintenance-20260926-091315-phtnw/maintenance] 	at org.apache.spark.sql.connector.catalog.CatalogManager.catalog(CatalogManager.scala:56)
execute	Execute Action	2026-09-26T09:28:24.1093753Z [pod/manual-maintenance-20260926-091315-phtnw/maintenance] 	at org.apache.iceberg.spark.Spark3Util.lambda$catalogAndIdentifier$3(Spark3Util.java:815)
execute	Execute Action	2026-09-26T09:28:24.1094896Z [pod/manual-maintenance-20260926-091315-phtnw/maintenance] 	at org.apache.iceberg.spark.SparkUtil.catalogAndIdentifier(SparkUtil.java:122)
execute	Execute Action	2026-09-26T09:28:24.1096024Z [pod/manual-maintenance-20260926-091315-phtnw/maintenance] 	at org.apache.iceberg.spark.Spark3Util.catalogAndIdentifier(Spark3Util.java:811)
execute	Execute Action	2026-09-26T09:28:24.1097153Z [pod/manual-maintenance-20260926-091315-phtnw/maintenance] 	at org.apache.iceberg.spark.Spark3Util.catalogAndIdentifier(Spark3Util.java:766)
execute	Execute Action	2026-09-26T09:28:24.1098268Z [pod/manual-maintenance-20260926-091315-phtnw/maintenance] 	at org.apache.iceberg.spark.Spark3Util.catalogAndIdentifier(Spark3Util.java:778)
execute	Execute Action	2026-09-26T09:28:24.1099463Z [pod/manual-maintenance-20260926-091315-phtnw/maintenance] 	at org.apache.iceberg.spark.procedures.ProcedureInput.catalogAndIdent(ProcedureInput.java:243)
execute	Execute Action	2026-09-26T09:28:24.1100677Z [pod/manual-maintenance-20260926-091315-phtnw/maintenance] 	at org.apache.iceberg.spark.procedures.ProcedureInput.ident(ProcedureInput.java:215)
execute	Execute Action	2026-09-26T09:28:24.1102076Z [pod/manual-maintenance-20260926-091315-phtnw/maintenance] 	at org.apache.iceberg.spark.procedures.ExpireSnapshotsProcedure.call(ExpireSnapshotsProcedure.java:122)
execute	Execute Action	2026-09-26T09:28:24.1103722Z [pod/manual-maintenance-20260926-091315-phtnw/maintenance] 	at org.apache.spark.sql.catalyst.analysis.InvokeProcedures.org$apache$spark$sql$catalyst$analysis$InvokeProcedures$$invoke(InvokeProcedures.scala:48)
execute	Execute Action	2026-09-26T09:28:24.1105228Z [pod/manual-maintenance-20260926-091315-phtnw/maintenance] 	at org.apache.spark.sql.catalyst.analysis.InvokeProcedures$$anonfun$apply$1.applyOrElse(InvokeProcedures.scala:40)
execute	Execute Action	2026-09-26T09:28:24.1106604Z [pod/manual-maintenance-20260926-091315-phtnw/maintenance] 	at org.apache.spark.sql.catalyst.analysis.InvokeProcedures$$anonfun$apply$1.applyOrElse(InvokeProcedures.scala:36)
execute	Execute Action	2026-09-26T09:28:24.1108056Z [pod/manual-maintenance-20260926-091315-phtnw/maintenance] 	at org.apache.spark.sql.catalyst.plans.logical.AnalysisHelper.$anonfun$resolveOperatorsDownWithPruning$2(AnalysisHelper.scala:200)
execute	Execute Action	2026-09-26T09:28:24.1109379Z [pod/manual-maintenance-20260926-091315-phtnw/maintenance] 	at org.apache.spark.sql.catalyst.trees.CurrentOrigin$.withOrigin(origin.scala:86)
execute	Execute Action	2026-09-26T09:28:24.1110709Z [pod/manual-maintenance-20260926-091315-phtnw/maintenance] 	at org.apache.spark.sql.catalyst.plans.logical.AnalysisHelper.$anonfun$resolveOperatorsDownWithPruning$1(AnalysisHelper.scala:200)
execute	Execute Action	2026-09-26T09:28:24.1112327Z [pod/manual-maintenance-20260926-091315-phtnw/maintenance] 	at org.apache.spark.sql.catalyst.plans.logical.AnalysisHelper$.allowInvokingTransformsInAnalyzer(AnalysisHelper.scala:416)
execute	Execute Action	2026-09-26T09:28:24.1113828Z [pod/manual-maintenance-20260926-091315-phtnw/maintenance] 	at org.apache.spark.sql.catalyst.plans.logical.AnalysisHelper.resolveOperatorsDownWithPruning(AnalysisHelper.scala:198)
execute	Execute Action	2026-09-26T09:28:24.1115344Z [pod/manual-maintenance-20260926-091315-phtnw/maintenance] 	at org.apache.spark.sql.catalyst.plans.logical.AnalysisHelper.resolveOperatorsDownWithPruning$(AnalysisHelper.scala:194)
execute	Execute Action	2026-09-26T09:28:24.1116819Z [pod/manual-maintenance-20260926-091315-phtnw/maintenance] 	at org.apache.spark.sql.catalyst.plans.logical.LogicalPlan.resolveOperatorsDownWithPruning(LogicalPlan.scala:37)
execute	Execute Action	2026-09-26T09:28:24.1118407Z [pod/manual-maintenance-20260926-091315-phtnw/maintenance] 	at org.apache.spark.sql.catalyst.plans.logical.AnalysisHelper.resolveOperatorsWithPruning(AnalysisHelper.scala:100)
execute	Execute Action	2026-09-26T09:28:24.1119879Z [pod/manual-maintenance-20260926-091315-phtnw/maintenance] 	at org.apache.spark.sql.catalyst.plans.logical.AnalysisHelper.resolveOperatorsWithPruning$(AnalysisHelper.scala:97)
execute	Execute Action	2026-09-26T09:28:24.1121305Z [pod/manual-maintenance-20260926-091315-phtnw/maintenance] 	at org.apache.spark.sql.catalyst.plans.logical.LogicalPlan.resolveOperatorsWithPruning(LogicalPlan.scala:37)
execute	Execute Action	2026-09-26T09:28:24.1122790Z [pod/manual-maintenance-20260926-091315-phtnw/maintenance] 	at org.apache.spark.sql.catalyst.plans.logical.AnalysisHelper.resolveOperators(AnalysisHelper.scala:77)
execute	Execute Action	2026-09-26T09:28:24.1124159Z [pod/manual-maintenance-20260926-091315-phtnw/maintenance] 	at org.apache.spark.sql.catalyst.plans.logical.AnalysisHelper.resolveOperators$(AnalysisHelper.scala:76)
execute	Execute Action	2026-09-26T09:28:24.1125498Z [pod/manual-maintenance-20260926-091315-phtnw/maintenance] 	at org.apache.spark.sql.catalyst.plans.logical.LogicalPlan.resolveOperators(LogicalPlan.scala:37)
execute	Execute Action	2026-09-26T09:28:24.1126762Z [pod/manual-maintenance-20260926-091315-phtnw/maintenance] 	at org.apache.spark.sql.catalyst.analysis.InvokeProcedures.apply(InvokeProcedures.scala:36)
execute	Execute Action	2026-09-26T09:28:24.1127992Z [pod/manual-maintenance-20260926-091315-phtnw/maintenance] 	at org.apache.spark.sql.catalyst.analysis.InvokeProcedures.apply(InvokeProcedures.scala:34)
execute	Execute Action	2026-09-26T09:28:24.1129207Z [pod/manual-maintenance-20260926-091315-phtnw/maintenance] 	at org.apache.spark.sql.catalyst.rules.RuleExecutor.$anonfun$execute$2(RuleExecutor.scala:242)
execute	Execute Action	2026-09-26T09:28:24.1130308Z [pod/manual-maintenance-20260926-091315-phtnw/maintenance] 	at scala.collection.LinearSeqOps.foldLeft(LinearSeq.scala:183)
execute	Execute Action	2026-09-26T09:28:24.1131293Z [pod/manual-maintenance-20260926-091315-phtnw/maintenance] 	at scala.collection.LinearSeqOps.foldLeft$(LinearSeq.scala:179)
execute	Execute Action	2026-09-26T09:28:24.1132612Z [pod/manual-maintenance-20260926-091315-phtnw/maintenance] 	at scala.collection.immutable.List.foldLeft(List.scala:79)
execute	Execute Action	2026-09-26T09:28:24.1133688Z [pod/manual-maintenance-20260926-091315-phtnw/maintenance] 	at org.apache.spark.sql.catalyst.rules.RuleExecutor.$anonfun$execute$1(RuleExecutor.scala:239)
execute	Execute Action	2026-09-26T09:28:24.1134925Z [pod/manual-maintenance-20260926-091315-phtnw/maintenance] 	at org.apache.spark.sql.catalyst.rules.RuleExecutor.$anonfun$execute$1$adapted(RuleExecutor.scala:231)
execute	Execute Action	2026-09-26T09:28:24.1136029Z [pod/manual-maintenance-20260926-091315-phtnw/maintenance] 	at scala.collection.immutable.List.foreach(List.scala:334)
execute	Execute Action	2026-09-26T09:28:24.1137075Z [pod/manual-maintenance-20260926-091315-phtnw/maintenance] 	at org.apache.spark.sql.catalyst.rules.RuleExecutor.execute(RuleExecutor.scala:231)
execute	Execute Action	2026-09-26T09:28:24.1138406Z [pod/manual-maintenance-20260926-091315-phtnw/maintenance] 	at org.apache.spark.sql.catalyst.analysis.Analyzer.org$apache$spark$sql$catalyst$analysis$Analyzer$$executeSameContext(Analyzer.scala:340)
execute	Execute Action	2026-09-26T09:28:24.1139760Z [pod/manual-maintenance-20260926-091315-phtnw/maintenance] 	at org.apache.spark.sql.catalyst.analysis.Analyzer.$anonfun$execute$1(Analyzer.scala:336)
execute	Execute Action	2026-09-26T09:28:24.1140985Z [pod/manual-maintenance-20260926-091315-phtnw/maintenance] 	at org.apache.spark.sql.catalyst.analysis.AnalysisContext$.withNewAnalysisContext(Analyzer.scala:234)
execute	Execute Action	2026-09-26T09:28:24.1142365Z [pod/manual-maintenance-20260926-091315-phtnw/maintenance] 	at org.apache.spark.sql.catalyst.analysis.Analyzer.execute(Analyzer.scala:336)
execute	Execute Action	2026-09-26T09:28:24.1143470Z [pod/manual-maintenance-20260926-091315-phtnw/maintenance] 	at org.apache.spark.sql.catalyst.analysis.Analyzer.execute(Analyzer.scala:299)
execute	Execute Action	2026-09-26T09:28:24.1144650Z [pod/manual-maintenance-20260926-091315-phtnw/maintenance] 	at org.apache.spark.sql.catalyst.rules.RuleExecutor.$anonfun$executeAndTrack$1(RuleExecutor.scala:201)
execute	Execute Action	2026-09-26T09:28:24.1146089Z [pod/manual-maintenance-20260926-091315-phtnw/maintenance] 	at org.apache.spark.sql.catalyst.QueryPlanningTracker$.withTracker(QueryPlanningTracker.scala:89)
execute	Execute Action	2026-09-26T09:28:24.1147328Z [pod/manual-maintenance-20260926-091315-phtnw/maintenance] 	at org.apache.spark.sql.catalyst.rules.RuleExecutor.executeAndTrack(RuleExecutor.scala:201)
execute	Execute Action	2026-09-26T09:28:24.1148644Z [pod/manual-maintenance-20260926-091315-phtnw/maintenance] 	at org.apache.spark.sql.catalyst.analysis.resolver.HybridAnalyzer.resolveInFixedPoint(HybridAnalyzer.scala:190)
execute	Execute Action	2026-09-26T09:28:24.1150041Z [pod/manual-maintenance-20260926-091315-phtnw/maintenance] 	at org.apache.spark.sql.catalyst.analysis.resolver.HybridAnalyzer.$anonfun$apply$1(HybridAnalyzer.scala:76)
execute	Execute Action	2026-09-26T09:28:24.1151622Z [pod/manual-maintenance-20260926-091315-phtnw/maintenance] 	at org.apache.spark.sql.catalyst.analysis.resolver.HybridAnalyzer.withTrackedAnalyzerBridgeState(HybridAnalyzer.scala:111)
execute	Execute Action	2026-09-26T09:28:24.1153037Z [pod/manual-maintenance-20260926-091315-phtnw/maintenance] 	at org.apache.spark.sql.catalyst.analysis.resolver.HybridAnalyzer.apply(HybridAnalyzer.scala:71)
execute	Execute Action	2026-09-26T09:28:24.1154294Z [pod/manual-maintenance-20260926-091315-phtnw/maintenance] 	at org.apache.spark.sql.catalyst.analysis.Analyzer.$anonfun$executeAndCheck$1(Analyzer.scala:330)
execute	Execute Action	2026-09-26T09:28:24.1155559Z [pod/manual-maintenance-20260926-091315-phtnw/maintenance] 	at org.apache.spark.sql.catalyst.plans.logical.AnalysisHelper$.markInAnalyzer(AnalysisHelper.scala:423)
execute	Execute Action	2026-09-26T09:28:24.1156798Z [pod/manual-maintenance-20260926-091315-phtnw/maintenance] 	at org.apache.spark.sql.catalyst.analysis.Analyzer.executeAndCheck(Analyzer.scala:330)
execute	Execute Action	2026-09-26T09:28:24.1158003Z [pod/manual-maintenance-20260926-091315-phtnw/maintenance] 	at org.apache.spark.sql.execution.QueryExecution.$anonfun$lazyAnalyzed$2(QueryExecution.scala:110)
execute	Execute Action	2026-09-26T09:28:24.1159266Z [pod/manual-maintenance-20260926-091315-phtnw/maintenance] 	at org.apache.spark.sql.catalyst.QueryPlanningTracker.measurePhase(QueryPlanningTracker.scala:148)
execute	Execute Action	2026-09-26T09:28:24.1160651Z [pod/manual-maintenance-20260926-091315-phtnw/maintenance] 	at org.apache.spark.sql.execution.QueryExecution.$anonfun$executePhase$2(QueryExecution.scala:278)
execute	Execute Action	2026-09-26T09:28:24.1161986Z [pod/manual-maintenance-20260926-091315-phtnw/maintenance] 	at org.apache.spark.sql.execution.QueryExecution$.withInternalError(QueryExecution.scala:654)
execute	Execute Action	2026-09-26T09:28:24.1163199Z [pod/manual-maintenance-20260926-091315-phtnw/maintenance] 	at org.apache.spark.sql.execution.QueryExecution.$anonfun$executePhase$1(QueryExecution.scala:278)
execute	Execute Action	2026-09-26T09:28:24.1164348Z [pod/manual-maintenance-20260926-091315-phtnw/maintenance] 	at org.apache.spark.sql.SparkSession.withActive(SparkSession.scala:804)
execute	Execute Action	2026-09-26T09:28:24.1165465Z [pod/manual-maintenance-20260926-091315-phtnw/maintenance] 	at org.apache.spark.sql.execution.QueryExecution.executePhase(QueryExecution.scala:277)
execute	Execute Action	2026-09-26T09:28:24.1166673Z [pod/manual-maintenance-20260926-091315-phtnw/maintenance] 	at org.apache.spark.sql.execution.QueryExecution.$anonfun$lazyAnalyzed$1(QueryExecution.scala:110)
execute	Execute Action	2026-09-26T09:28:24.1167703Z [pod/manual-maintenance-20260926-091315-phtnw/maintenance] 	at scala.util.Try$.apply(Try.scala:217)
execute	Execute Action	2026-09-26T09:28:24.1168636Z [pod/manual-maintenance-20260926-091315-phtnw/maintenance] 	at org.apache.spark.util.Utils$.doTryWithCallerStacktrace(Utils.scala:1378)
execute	Execute Action	2026-09-26T09:28:24.1169660Z [pod/manual-maintenance-20260926-091315-phtnw/maintenance] 	at org.apache.spark.util.LazyTry.tryT$lzycompute(LazyTry.scala:46)
execute	Execute Action	2026-09-26T09:28:24.1170633Z [pod/manual-maintenance-20260926-091315-phtnw/maintenance] 	at org.apache.spark.util.LazyTry.tryT(LazyTry.scala:46)
execute	Execute Action	2026-09-26T09:28:24.1171658Z [pod/manual-maintenance-20260926-091315-phtnw/maintenance] 	at org.apache.spark.util.LazyTry.get(LazyTry.scala:58)
execute	Execute Action	2026-09-26T09:28:24.1172684Z [pod/manual-maintenance-20260926-091315-phtnw/maintenance] 	at org.apache.spark.sql.execution.QueryExecution.analyzed(QueryExecution.scala:121)
execute	Execute Action	2026-09-26T09:28:24.1173976Z [pod/manual-maintenance-20260926-091315-phtnw/maintenance] 	at org.apache.spark.sql.execution.QueryExecution.assertAnalyzed(QueryExecution.scala:80)
execute	Execute Action	2026-09-26T09:28:24.1175110Z [pod/manual-maintenance-20260926-091315-phtnw/maintenance] 	at org.apache.spark.sql.classic.Dataset$.$anonfun$ofRows$5(Dataset.scala:139)
execute	Execute Action	2026-09-26T09:28:24.1176161Z [pod/manual-maintenance-20260926-091315-phtnw/maintenance] 	at org.apache.spark.sql.SparkSession.withActive(SparkSession.scala:804)
execute	Execute Action	2026-09-26T09:28:24.1177181Z [pod/manual-maintenance-20260926-091315-phtnw/maintenance] 	at org.apache.spark.sql.classic.Dataset$.ofRows(Dataset.scala:136)
execute	Execute Action	2026-09-26T09:28:24.1178232Z [pod/manual-maintenance-20260926-091315-phtnw/maintenance] 	at org.apache.spark.sql.classic.SparkSession.$anonfun$sql$1(SparkSession.scala:462)
execute	Execute Action	2026-09-26T09:28:24.1179308Z [pod/manual-maintenance-20260926-091315-phtnw/maintenance] 	at org.apache.spark.sql.SparkSession.withActive(SparkSession.scala:804)
execute	Execute Action	2026-09-26T09:28:24.1180360Z [pod/manual-maintenance-20260926-091315-phtnw/maintenance] 	at org.apache.spark.sql.classic.SparkSession.sql(SparkSession.scala:449)
execute	Execute Action	2026-09-26T09:28:24.1181524Z [pod/manual-maintenance-20260926-091315-phtnw/maintenance] 	at org.apache.spark.sql.classic.SparkSession.sql(SparkSession.scala:467)
execute	Execute Action	2026-09-26T09:28:24.1182612Z [pod/manual-maintenance-20260926-091315-phtnw/maintenance] 	at java.base/jdk.internal.reflect.NativeMethodAccessorImpl.invoke0(Native Method)
execute	Execute Action	2026-09-26T09:28:24.1183820Z [pod/manual-maintenance-20260926-091315-phtnw/maintenance] 	at java.base/jdk.internal.reflect.NativeMethodAccessorImpl.invoke(NativeMethodAccessorImpl.java:77)
execute	Execute Action	2026-09-26T09:28:24.1185152Z [pod/manual-maintenance-20260926-091315-phtnw/maintenance] 	at java.base/jdk.internal.reflect.DelegatingMethodAccessorImpl.invoke(DelegatingMethodAccessorImpl.java:43)
execute	Execute Action	2026-09-26T09:28:24.1186308Z [pod/manual-maintenance-20260926-091315-phtnw/maintenance] 	at java.base/java.lang.reflect.Method.invoke(Method.java:569)
execute	Execute Action	2026-09-26T09:28:24.1187304Z [pod/manual-maintenance-20260926-091315-phtnw/maintenance] 	at py4j.reflection.MethodInvoker.invoke(MethodInvoker.java:244)
execute	Execute Action	2026-09-26T09:28:24.1188480Z [pod/manual-maintenance-20260926-091315-phtnw/maintenance] 	at py4j.reflection.ReflectionEngine.invoke(ReflectionEngine.java:374)
execute	Execute Action	2026-09-26T09:28:24.1189397Z [pod/manual-maintenance-20260926-091315-phtnw/maintenance] 	at py4j.Gateway.invoke(Gateway.java:282)
execute	Execute Action	2026-09-26T09:28:24.1190319Z [pod/manual-maintenance-20260926-091315-phtnw/maintenance] 	at py4j.commands.AbstractCommand.invokeMethod(AbstractCommand.java:132)
execute	Execute Action	2026-09-26T09:28:24.1191305Z [pod/manual-maintenance-20260926-091315-phtnw/maintenance] 	at py4j.commands.CallCommand.execute(CallCommand.java:79)
execute	Execute Action	2026-09-26T09:28:24.1192449Z [pod/manual-maintenance-20260926-091315-phtnw/maintenance] 	at py4j.ClientServerConnection.waitForCommands(ClientServerConnection.java:184)
execute	Execute Action	2026-09-26T09:28:24.1193523Z [pod/manual-maintenance-20260926-091315-phtnw/maintenance] 	at py4j.ClientServerConnection.run(ClientServerConnection.java:108)
execute	Execute Action	2026-09-26T09:28:24.1194472Z [pod/manual-maintenance-20260926-091315-phtnw/maintenance] 	at java.base/java.lang.Thread.run(Thread.java:840)
execute	Execute Action	2026-09-26T09:28:24.1195920Z [pod/manual-maintenance-20260926-091315-phtnw/maintenance] 26/09/26 09:26:06 INFO HttpRequestRetryExec: ex-0000000025 http://rustfs-svc.rustfs.svc.cluster.local:9000 responded with status 500; request will be automatically re-executed in 1031 MILLISECONDS (exec count 2)
execute	Execute Action	2026-09-26T09:28:24.1197938Z [pod/manual-maintenance-20260926-091315-phtnw/maintenance] 26/09/26 09:26:07 INFO HttpRequestRetryExec: ex-0000000025 http://rustfs-svc.rustfs.svc.cluster.local:9000 responded with status 500; request will be automatically re-executed in 2059 MILLISECONDS (exec count 3)
execute	Execute Action	2026-09-26T09:28:24.1199923Z [pod/manual-maintenance-20260926-091315-phtnw/maintenance] 26/09/26 09:26:09 INFO HttpRequestRetryExec: ex-0000000025 http://rustfs-svc.rustfs.svc.cluster.local:9000 responded with status 500; request will be automatically re-executed in 4385 MILLISECONDS (exec count 4)
execute	Execute Action	2026-09-26T09:28:24.1202175Z [pod/manual-maintenance-20260926-091315-phtnw/maintenance] 26/09/26 09:26:13 INFO HttpRequestRetryExec: ex-0000000025 http://rustfs-svc.rustfs.svc.cluster.local:9000 responded with status 500; request will be automatically re-executed in 8580 MILLISECONDS (exec count 5)
execute	Execute Action	2026-09-26T09:28:24.1204124Z [pod/manual-maintenance-20260926-091315-phtnw/maintenance] 26/09/26 09:26:22 INFO HttpRequestRetryExec: ex-0000000025 http://rustfs-svc.rustfs.svc.cluster.local:9000 responded with status 500; request will be automatically re-executed in 16494 MILLISECONDS (exec count 6)
execute	Execute Action	2026-09-26T09:28:24.1205809Z [pod/manual-maintenance-20260926-091315-phtnw/maintenance]     ✗ expire: An error occurred while calling o68.sql.
execute	Execute Action	2026-09-26T09:28:24.1207003Z [pod/manual-maintenance-20260926-091315-phtnw/maintenance] : org.apache.iceberg.exceptions.ServiceFailureException: Server error: RESTException: persisted table metadata is invalid
execute	Execute Action	2026-09-26T09:28:24.1208326Z [pod/manual-maintenance-20260926-091315-phtnw/maintenance] 	at org.apache.iceberg.rest.ErrorHandlers$DefaultErrorHandler.accept(ErrorHandlers.java:350)
execute	Execute Action	2026-09-26T09:28:24.1209522Z [pod/manual-maintenance-20260926-091315-phtnw/maintenance] 	at org.apache.iceberg.rest.ErrorHandlers$TableErrorHandler.accept(ErrorHandlers.java:160)
execute	Execute Action	2026-09-26T09:28:24.1210690Z [pod/manual-maintenance-20260926-091315-phtnw/maintenance] 	at org.apache.iceberg.rest.ErrorHandlers$TableErrorHandler.accept(ErrorHandlers.java:142)
execute	Execute Action	2026-09-26T09:28:24.1211924Z [pod/manual-maintenance-20260926-091315-phtnw/maintenance] 	at org.apache.iceberg.rest.HTTPClient.throwFailure(HTTPClient.java:242)
execute	Execute Action	2026-09-26T09:28:24.1212960Z [pod/manual-maintenance-20260926-091315-phtnw/maintenance] 	at org.apache.iceberg.rest.HTTPClient.execute(HTTPClient.java:347)
execute	Execute Action	2026-09-26T09:28:24.1213962Z [pod/manual-maintenance-20260926-091315-phtnw/maintenance] 	at org.apache.iceberg.rest.HTTPClient.execute(HTTPClient.java:299)
execute	Execute Action	2026-09-26T09:28:24.1214978Z [pod/manual-maintenance-20260926-091315-phtnw/maintenance] 	at org.apache.iceberg.rest.BaseHTTPClient.get(BaseHTTPClient.java:101)
execute	Execute Action	2026-09-26T09:28:24.1216239Z [pod/manual-maintenance-20260926-091315-phtnw/maintenance] 	at org.apache.iceberg.rest.RESTSessionCatalog.loadInternal(RESTSessionCatalog.java:438)
execute	Execute Action	2026-09-26T09:28:24.1217410Z [pod/manual-maintenance-20260926-091315-phtnw/maintenance] 	at org.apache.iceberg.rest.RESTSessionCatalog.loadTable(RESTSessionCatalog.java:468)
execute	Execute Action	2026-09-26T09:28:24.1218612Z [pod/manual-maintenance-20260926-091315-phtnw/maintenance] 	at org.apache.iceberg.catalog.BaseSessionCatalog$AsCatalog.loadTable(BaseSessionCatalog.java:105)
execute	Execute Action	2026-09-26T09:28:24.1219761Z [pod/manual-maintenance-20260926-091315-phtnw/maintenance] 	at org.apache.iceberg.rest.RESTCatalog.loadTable(RESTCatalog.java:124)
execute	Execute Action	2026-09-26T09:28:24.1221099Z [pod/manual-maintenance-20260926-091315-phtnw/maintenance] 	at org.apache.iceberg.shaded.com.github.benmanes.caffeine.cache.BoundedLocalCache.lambda$doComputeIfAbsent$14(BoundedLocalCache.java:2406)
execute	Execute Action	2026-09-26T09:28:24.1222625Z [pod/manual-maintenance-20260926-091315-phtnw/maintenance] 	at java.base/java.util.concurrent.ConcurrentHashMap.compute(ConcurrentHashMap.java:1916)
execute	Execute Action	2026-09-26T09:28:24.1224013Z [pod/manual-maintenance-20260926-091315-phtnw/maintenance] 	at org.apache.iceberg.shaded.com.github.benmanes.caffeine.cache.BoundedLocalCache.doComputeIfAbsent(BoundedLocalCache.java:2404)
execute	Execute Action	2026-09-26T09:28:24.1225591Z [pod/manual-maintenance-20260926-091315-phtnw/maintenance] 	at org.apache.iceberg.shaded.com.github.benmanes.caffeine.cache.BoundedLocalCache.computeIfAbsent(BoundedLocalCache.java:2387)
execute	Execute Action	2026-09-26T09:28:24.1227098Z [pod/manual-maintenance-20260926-091315-phtnw/maintenance] 	at org.apache.iceberg.shaded.com.github.benmanes.caffeine.cache.LocalCache.computeIfAbsent(LocalCache.java:108)
execute	Execute Action	2026-09-26T09:28:24.1228516Z [pod/manual-maintenance-20260926-091315-phtnw/maintenance] 	at org.apache.iceberg.shaded.com.github.benmanes.caffeine.cache.LocalManualCache.get(LocalManualCache.java:62)
execute	Execute Action	2026-09-26T09:28:24.1231192Z [pod/manual-maintenance-20260926-091315-phtnw/maintenance] 	at org.apache.iceberg.CachingCatalog.loadTable(CachingCatalog.java:147)
execute	Execute Action	2026-09-26T09:28:24.1233192Z [pod/manual-maintenance-20260926-091315-phtnw/maintenance] 	at org.apache.iceberg.spark.SparkCatalog.load(SparkCatalog.java:867)
execute	Execute Action	2026-09-26T09:28:24.1234278Z [pod/manual-maintenance-20260926-091315-phtnw/maintenance] 	at org.apache.iceberg.spark.SparkCatalog.loadTable(SparkCatalog.java:171)
execute	Execute Action	2026-09-26T09:28:24.1235438Z [pod/manual-maintenance-20260926-091315-phtnw/maintenance] 	at org.apache.iceberg.spark.procedures.BaseProcedure.loadSparkTable(BaseProcedure.java:168)
execute	Execute Action	2026-09-26T09:28:24.1236647Z [pod/manual-maintenance-20260926-091315-phtnw/maintenance] 	at org.apache.iceberg.spark.procedures.BaseProcedure.execute(BaseProcedure.java:129)
execute	Execute Action	2026-09-26T09:28:24.1237858Z [pod/manual-maintenance-20260926-091315-phtnw/maintenance] 	at org.apache.iceberg.spark.procedures.BaseProcedure.modifyIcebergTable(BaseProcedure.java:113)
execute	Execute Action	2026-09-26T09:28:24.1239181Z [pod/manual-maintenance-20260926-091315-phtnw/maintenance] 	at org.apache.iceberg.spark.procedures.ExpireSnapshotsProcedure.call(ExpireSnapshotsProcedure.java:135)
execute	Execute Action	2026-09-26T09:28:24.1240679Z [pod/manual-maintenance-20260926-091315-phtnw/maintenance] 	at org.apache.spark.sql.catalyst.analysis.InvokeProcedures.org$apache$spark$sql$catalyst$analysis$InvokeProcedures$$invoke(InvokeProcedures.scala:48)
execute	Execute Action	2026-09-26T09:28:24.1242373Z [pod/manual-maintenance-20260926-091315-phtnw/maintenance] 	at org.apache.spark.sql.catalyst.analysis.InvokeProcedures$$anonfun$apply$1.applyOrElse(InvokeProcedures.scala:40)
execute	Execute Action	2026-09-26T09:28:24.1243746Z [pod/manual-maintenance-20260926-091315-phtnw/maintenance] 	at org.apache.spark.sql.catalyst.analysis.InvokeProcedures$$anonfun$apply$1.applyOrElse(InvokeProcedures.scala:36)
execute	Execute Action	2026-09-26T09:28:24.1245193Z [pod/manual-maintenance-20260926-091315-phtnw/maintenance] 	at org.apache.spark.sql.catalyst.plans.logical.AnalysisHelper.$anonfun$resolveOperatorsDownWithPruning$2(AnalysisHelper.scala:200)
execute	Execute Action	2026-09-26T09:28:24.1247033Z [pod/manual-maintenance-20260926-091315-phtnw/maintenance] 	at org.apache.spark.sql.catalyst.trees.CurrentOrigin$.withOrigin(origin.scala:86)
execute	Execute Action	2026-09-26T09:28:24.1248579Z [pod/manual-maintenance-20260926-091315-phtnw/maintenance] 	at org.apache.spark.sql.catalyst.plans.logical.AnalysisHelper.$anonfun$resolveOperatorsDownWithPruning$1(AnalysisHelper.scala:200)
execute	Execute Action	2026-09-26T09:28:24.1250083Z [pod/manual-maintenance-20260926-091315-phtnw/maintenance] 	at org.apache.spark.sql.catalyst.plans.logical.AnalysisHelper$.allowInvokingTransformsInAnalyzer(AnalysisHelper.scala:416)
execute	Execute Action	2026-09-26T09:28:24.1251713Z [pod/manual-maintenance-20260926-091315-phtnw/maintenance] 	at org.apache.spark.sql.catalyst.plans.logical.AnalysisHelper.resolveOperatorsDownWithPruning(AnalysisHelper.scala:198)
execute	Execute Action	2026-09-26T09:28:24.1253230Z [pod/manual-maintenance-20260926-091315-phtnw/maintenance] 	at org.apache.spark.sql.catalyst.plans.logical.AnalysisHelper.resolveOperatorsDownWithPruning$(AnalysisHelper.scala:194)
execute	Execute Action	2026-09-26T09:28:24.1254720Z [pod/manual-maintenance-20260926-091315-phtnw/maintenance] 	at org.apache.spark.sql.catalyst.plans.logical.LogicalPlan.resolveOperatorsDownWithPruning(LogicalPlan.scala:37)
execute	Execute Action	2026-09-26T09:28:24.1256174Z [pod/manual-maintenance-20260926-091315-phtnw/maintenance] 	at org.apache.spark.sql.catalyst.plans.logical.AnalysisHelper.resolveOperatorsWithPruning(AnalysisHelper.scala:100)
execute	Execute Action	2026-09-26T09:28:24.1257634Z [pod/manual-maintenance-20260926-091315-phtnw/maintenance] 	at org.apache.spark.sql.catalyst.plans.logical.AnalysisHelper.resolveOperatorsWithPruning$(AnalysisHelper.scala:97)
execute	Execute Action	2026-09-26T09:28:24.1259059Z [pod/manual-maintenance-20260926-091315-phtnw/maintenance] 	at org.apache.spark.sql.catalyst.plans.logical.LogicalPlan.resolveOperatorsWithPruning(LogicalPlan.scala:37)
execute	Execute Action	2026-09-26T09:28:24.1260431Z [pod/manual-maintenance-20260926-091315-phtnw/maintenance] 	at org.apache.spark.sql.catalyst.plans.logical.AnalysisHelper.resolveOperators(AnalysisHelper.scala:77)
execute	Execute Action	2026-09-26T09:28:24.1262050Z [pod/manual-maintenance-20260926-091315-phtnw/maintenance] 	at org.apache.spark.sql.catalyst.plans.logical.AnalysisHelper.resolveOperators$(AnalysisHelper.scala:76)
execute	Execute Action	2026-09-26T09:28:24.1263372Z [pod/manual-maintenance-20260926-091315-phtnw/maintenance] 	at org.apache.spark.sql.catalyst.plans.logical.LogicalPlan.resolveOperators(LogicalPlan.scala:37)
execute	Execute Action	2026-09-26T09:28:24.1264629Z [pod/manual-maintenance-20260926-091315-phtnw/maintenance] 	at org.apache.spark.sql.catalyst.analysis.InvokeProcedures.apply(InvokeProcedures.scala:36)
execute	Execute Action	2026-09-26T09:28:24.1265845Z [pod/manual-maintenance-20260926-091315-phtnw/maintenance] 	at org.apache.spark.sql.catalyst.analysis.InvokeProcedures.apply(InvokeProcedures.scala:34)
execute	Execute Action	2026-09-26T09:28:24.1267066Z [pod/manual-maintenance-20260926-091315-phtnw/maintenance] 	at org.apache.spark.sql.catalyst.rules.RuleExecutor.$anonfun$execute$2(RuleExecutor.scala:242)
execute	Execute Action	2026-09-26T09:28:24.1268160Z [pod/manual-maintenance-20260926-091315-phtnw/maintenance] 	at scala.collection.LinearSeqOps.foldLeft(LinearSeq.scala:183)
execute	Execute Action	2026-09-26T09:28:24.1269151Z [pod/manual-maintenance-20260926-091315-phtnw/maintenance] 	at scala.collection.LinearSeqOps.foldLeft$(LinearSeq.scala:179)
execute	Execute Action	2026-09-26T09:28:24.1270113Z [pod/manual-maintenance-20260926-091315-phtnw/maintenance] 	at scala.collection.immutable.List.foldLeft(List.scala:79)
execute	Execute Action	2026-09-26T09:28:24.1271187Z [pod/manual-maintenance-20260926-091315-phtnw/maintenance] 	at org.apache.spark.sql.catalyst.rules.RuleExecutor.$anonfun$execute$1(RuleExecutor.scala:239)
execute	Execute Action	2026-09-26T09:28:24.1272541Z [pod/manual-maintenance-20260926-091315-phtnw/maintenance] 	at org.apache.spark.sql.catalyst.rules.RuleExecutor.$anonfun$execute$1$adapted(RuleExecutor.scala:231)
execute	Execute Action	2026-09-26T09:28:24.1273643Z [pod/manual-maintenance-20260926-091315-phtnw/maintenance] 	at scala.collection.immutable.List.foreach(List.scala:334)
execute	Execute Action	2026-09-26T09:28:24.1274689Z [pod/manual-maintenance-20260926-091315-phtnw/maintenance] 	at org.apache.spark.sql.catalyst.rules.RuleExecutor.execute(RuleExecutor.scala:231)
execute	Execute Action	2026-09-26T09:28:24.1276160Z [pod/manual-maintenance-20260926-091315-phtnw/maintenance] 	at org.apache.spark.sql.catalyst.analysis.Analyzer.org$apache$spark$sql$catalyst$analysis$Analyzer$$executeSameContext(Analyzer.scala:340)
execute	Execute Action	2026-09-26T09:28:24.1277503Z [pod/manual-maintenance-20260926-091315-phtnw/maintenance] 	at org.apache.spark.sql.catalyst.analysis.Analyzer.$anonfun$execute$1(Analyzer.scala:336)
execute	Execute Action	2026-09-26T09:28:24.1278724Z [pod/manual-maintenance-20260926-091315-phtnw/maintenance] 	at org.apache.spark.sql.catalyst.analysis.AnalysisContext$.withNewAnalysisContext(Analyzer.scala:234)
execute	Execute Action	2026-09-26T09:28:24.1279918Z [pod/manual-maintenance-20260926-091315-phtnw/maintenance] 	at org.apache.spark.sql.catalyst.analysis.Analyzer.execute(Analyzer.scala:336)
execute	Execute Action	2026-09-26T09:28:24.1281017Z [pod/manual-maintenance-20260926-091315-phtnw/maintenance] 	at org.apache.spark.sql.catalyst.analysis.Analyzer.execute(Analyzer.scala:299)
execute	Execute Action	2026-09-26T09:28:24.1282313Z [pod/manual-maintenance-20260926-091315-phtnw/maintenance] 	at org.apache.spark.sql.catalyst.rules.RuleExecutor.$anonfun$executeAndTrack$1(RuleExecutor.scala:201)
execute	Execute Action	2026-09-26T09:28:24.1283586Z [pod/manual-maintenance-20260926-091315-phtnw/maintenance] 	at org.apache.spark.sql.catalyst.QueryPlanningTracker$.withTracker(QueryPlanningTracker.scala:89)
execute	Execute Action	2026-09-26T09:28:24.1284825Z [pod/manual-maintenance-20260926-091315-phtnw/maintenance] 	at org.apache.spark.sql.catalyst.rules.RuleExecutor.executeAndTrack(RuleExecutor.scala:201)
execute	Execute Action	2026-09-26T09:28:24.1286141Z [pod/manual-maintenance-20260926-091315-phtnw/maintenance] 	at org.apache.spark.sql.catalyst.analysis.resolver.HybridAnalyzer.resolveInFixedPoint(HybridAnalyzer.scala:190)
execute	Execute Action	2026-09-26T09:28:24.1287521Z [pod/manual-maintenance-20260926-091315-phtnw/maintenance] 	at org.apache.spark.sql.catalyst.analysis.resolver.HybridAnalyzer.$anonfun$apply$1(HybridAnalyzer.scala:76)
execute	Execute Action	2026-09-26T09:28:24.1288954Z [pod/manual-maintenance-20260926-091315-phtnw/maintenance] 	at org.apache.spark.sql.catalyst.analysis.resolver.HybridAnalyzer.withTrackedAnalyzerBridgeState(HybridAnalyzer.scala:111)
execute	Execute Action	2026-09-26T09:28:24.1290490Z [pod/manual-maintenance-20260926-091315-phtnw/maintenance] 	at org.apache.spark.sql.catalyst.analysis.resolver.HybridAnalyzer.apply(HybridAnalyzer.scala:71)
execute	Execute Action	2026-09-26T09:28:24.1291845Z [pod/manual-maintenance-20260926-091315-phtnw/maintenance] 	at org.apache.spark.sql.catalyst.analysis.Analyzer.$anonfun$executeAndCheck$1(Analyzer.scala:330)
execute	Execute Action	2026-09-26T09:28:24.1293111Z [pod/manual-maintenance-20260926-091315-phtnw/maintenance] 	at org.apache.spark.sql.catalyst.plans.logical.AnalysisHelper$.markInAnalyzer(AnalysisHelper.scala:423)
execute	Execute Action	2026-09-26T09:28:24.1294345Z [pod/manual-maintenance-20260926-091315-phtnw/maintenance] 	at org.apache.spark.sql.catalyst.analysis.Analyzer.executeAndCheck(Analyzer.scala:330)
execute	Execute Action	2026-09-26T09:28:24.1295552Z [pod/manual-maintenance-20260926-091315-phtnw/maintenance] 	at org.apache.spark.sql.execution.QueryExecution.$anonfun$lazyAnalyzed$2(QueryExecution.scala:110)
execute	Execute Action	2026-09-26T09:28:24.1296818Z [pod/manual-maintenance-20260926-091315-phtnw/maintenance] 	at org.apache.spark.sql.catalyst.QueryPlanningTracker.measurePhase(QueryPlanningTracker.scala:148)
execute	Execute Action	2026-09-26T09:28:24.1298093Z [pod/manual-maintenance-20260926-091315-phtnw/maintenance] 	at org.apache.spark.sql.execution.QueryExecution.$anonfun$executePhase$2(QueryExecution.scala:278)
execute	Execute Action	2026-09-26T09:28:24.1299312Z [pod/manual-maintenance-20260926-091315-phtnw/maintenance] 	at org.apache.spark.sql.execution.QueryExecution$.withInternalError(QueryExecution.scala:654)
execute	Execute Action	2026-09-26T09:28:24.1300524Z [pod/manual-maintenance-20260926-091315-phtnw/maintenance] 	at org.apache.spark.sql.execution.QueryExecution.$anonfun$executePhase$1(QueryExecution.scala:278)
execute	Execute Action	2026-09-26T09:28:24.1301788Z [pod/manual-maintenance-20260926-091315-phtnw/maintenance] 	at org.apache.spark.sql.SparkSession.withActive(SparkSession.scala:804)
execute	Execute Action	2026-09-26T09:28:24.1302907Z [pod/manual-maintenance-20260926-091315-phtnw/maintenance] 	at org.apache.spark.sql.execution.QueryExecution.executePhase(QueryExecution.scala:277)
execute	Execute Action	2026-09-26T09:28:24.1304286Z [pod/manual-maintenance-20260926-091315-phtnw/maintenance] 	at org.apache.spark.sql.execution.QueryExecution.$anonfun$lazyAnalyzed$1(QueryExecution.scala:110)
execute	Execute Action	2026-09-26T09:28:24.1305308Z [pod/manual-maintenance-20260926-091315-phtnw/maintenance] 	at scala.util.Try$.apply(Try.scala:217)
execute	Execute Action	2026-09-26T09:28:24.3457575Z [pod/manual-maintenance-20260926-091315-phtnw/maintenance] 	at org.apache.spark.util.Utils$.doTryWithCallerStacktrace(Utils.scala:1378)
execute	Execute Action	2026-09-26T09:28:24.3458926Z [pod/manual-maintenance-20260926-091315-phtnw/maintenance] 	at org.apache.spark.util.Utils$.getTryWithCallerStacktrace(Utils.scala:1439)
execute	Execute Action	2026-09-26T09:28:24.3460095Z [pod/manual-maintenance-20260926-091315-phtnw/maintenance] 	at org.apache.spark.util.LazyTry.get(LazyTry.scala:58)
execute	Execute Action	2026-09-26T09:28:24.3461240Z [pod/manual-maintenance-20260926-091315-phtnw/maintenance] 	at org.apache.spark.sql.execution.QueryExecution.analyzed(QueryExecution.scala:121)
execute	Execute Action	2026-09-26T09:28:24.3463695Z [pod/manual-maintenance-20260926-091315-phtnw/maintenance] 	at org.apache.spark.sql.execution.QueryExecution.assertAnalyzed(QueryExecution.scala:80)
execute	Execute Action	2026-09-26T09:28:24.3465892Z [pod/manual-maintenance-20260926-091315-phtnw/maintenance] 	at org.apache.spark.sql.classic.Dataset$.$anonfun$ofRows$5(Dataset.scala:139)
execute	Execute Action	2026-09-26T09:28:24.3467707Z [pod/manual-maintenance-20260926-091315-phtnw/maintenance] 	at org.apache.spark.sql.SparkSession.withActive(SparkSession.scala:804)
execute	Execute Action	2026-09-26T09:28:24.3468828Z [pod/manual-maintenance-20260926-091315-phtnw/maintenance] 	at org.apache.spark.sql.classic.Dataset$.ofRows(Dataset.scala:136)
execute	Execute Action	2026-09-26T09:28:24.3469983Z [pod/manual-maintenance-20260926-091315-phtnw/maintenance] 	at org.apache.spark.sql.classic.SparkSession.$anonfun$sql$1(SparkSession.scala:462)
execute	Execute Action	2026-09-26T09:28:24.3471061Z [pod/manual-maintenance-20260926-091315-phtnw/maintenance] 	at org.apache.spark.sql.SparkSession.withActive(SparkSession.scala:804)
execute	Execute Action	2026-09-26T09:28:24.3472591Z [pod/manual-maintenance-20260926-091315-phtnw/maintenance] 	at org.apache.spark.sql.classic.SparkSession.sql(SparkSession.scala:449)
execute	Execute Action	2026-09-26T09:28:24.3473651Z [pod/manual-maintenance-20260926-091315-phtnw/maintenance] 	at org.apache.spark.sql.classic.SparkSession.sql(SparkSession.scala:467)
execute	Execute Action	2026-09-26T09:28:24.3474748Z [pod/manual-maintenance-20260926-091315-phtnw/maintenance] 	at java.base/jdk.internal.reflect.NativeMethodAccessorImpl.invoke0(Native Method)
execute	Execute Action	2026-09-26T09:28:24.3475965Z [pod/manual-maintenance-20260926-091315-phtnw/maintenance] 	at java.base/jdk.internal.reflect.NativeMethodAccessorImpl.invoke(NativeMethodAccessorImpl.java:77)
execute	Execute Action	2026-09-26T09:28:24.3477281Z [pod/manual-maintenance-20260926-091315-phtnw/maintenance] 	at java.base/jdk.internal.reflect.DelegatingMethodAccessorImpl.invoke(DelegatingMethodAccessorImpl.java:43)
execute	Execute Action	2026-09-26T09:28:24.3478428Z [pod/manual-maintenance-20260926-091315-phtnw/maintenance] 	at java.base/java.lang.reflect.Method.invoke(Method.java:569)
execute	Execute Action	2026-09-26T09:28:24.3479391Z [pod/manual-maintenance-20260926-091315-phtnw/maintenance] 	at py4j.reflection.MethodInvoker.invoke(MethodInvoker.java:244)
execute	Execute Action	2026-09-26T09:28:24.3480386Z [pod/manual-maintenance-20260926-091315-phtnw/maintenance] 	at py4j.reflection.ReflectionEngine.invoke(ReflectionEngine.java:374)
execute	Execute Action	2026-09-26T09:28:24.3481289Z [pod/manual-maintenance-20260926-091315-phtnw/maintenance] 	at py4j.Gateway.invoke(Gateway.java:282)
execute	Execute Action	2026-09-26T09:28:24.3482322Z [pod/manual-maintenance-20260926-091315-phtnw/maintenance] 	at py4j.commands.AbstractCommand.invokeMethod(AbstractCommand.java:132)
execute	Execute Action	2026-09-26T09:28:24.3483299Z [pod/manual-maintenance-20260926-091315-phtnw/maintenance] 	at py4j.commands.CallCommand.execute(CallCommand.java:79)
execute	Execute Action	2026-09-26T09:28:24.3484311Z [pod/manual-maintenance-20260926-091315-phtnw/maintenance] 	at py4j.ClientServerConnection.waitForCommands(ClientServerConnection.java:184)
execute	Execute Action	2026-09-26T09:28:24.3486018Z [pod/manual-maintenance-20260926-091315-phtnw/maintenance] 	at py4j.ClientServerConnection.run(ClientServerConnection.java:108)
execute	Execute Action	2026-09-26T09:28:24.3487212Z [pod/manual-maintenance-20260926-091315-phtnw/maintenance] 	at java.base/java.lang.Thread.run(Thread.java:840)
execute	Execute Action	2026-09-26T09:28:24.3489029Z [pod/manual-maintenance-20260926-091315-phtnw/maintenance] 	Suppressed: org.apache.spark.util.Utils$OriginalTryStackTraceException: Full stacktrace of original doTryWithCallerStacktrace caller
execute	Execute Action	2026-09-26T09:28:24.3491840Z [pod/manual-maintenance-20260926-091315-phtnw/maintenance] 		at org.apache.iceberg.rest.ErrorHandlers$DefaultErrorHandler.accept(ErrorHandlers.java:350)
execute	Execute Action	2026-09-26T09:28:24.3494049Z [pod/manual-maintenance-20260926-091315-phtnw/maintenance] 		at org.apache.iceberg.rest.ErrorHandlers$TableErrorHandler.accept(ErrorHandlers.java:160)
execute	Execute Action	2026-09-26T09:28:24.3496015Z [pod/manual-maintenance-20260926-091315-phtnw/maintenance] 		at org.apache.iceberg.rest.ErrorHandlers$TableErrorHandler.accept(ErrorHandlers.java:142)
execute	Execute Action	2026-09-26T09:28:24.3497149Z [pod/manual-maintenance-20260926-091315-phtnw/maintenance] 		at org.apache.iceberg.rest.HTTPClient.throwFailure(HTTPClient.java:242)
execute	Execute Action	2026-09-26T09:28:24.3498198Z [pod/manual-maintenance-20260926-091315-phtnw/maintenance] 		at org.apache.iceberg.rest.HTTPClient.execute(HTTPClient.java:347)
execute	Execute Action	2026-09-26T09:28:24.3499190Z [pod/manual-maintenance-20260926-091315-phtnw/maintenance] 		at org.apache.iceberg.rest.HTTPClient.execute(HTTPClient.java:299)
execute	Execute Action	2026-09-26T09:28:24.3500199Z [pod/manual-maintenance-20260926-091315-phtnw/maintenance] 		at org.apache.iceberg.rest.BaseHTTPClient.get(BaseHTTPClient.java:101)
execute	Execute Action	2026-09-26T09:28:24.3502322Z [pod/manual-maintenance-20260926-091315-phtnw/maintenance] 		at org.apache.iceberg.rest.RESTSessionCatalog.loadInternal(RESTSessionCatalog.java:438)
execute	Execute Action	2026-09-26T09:28:24.3504558Z [pod/manual-maintenance-20260926-091315-phtnw/maintenance] 		at org.apache.iceberg.rest.RESTSessionCatalog.loadTable(RESTSessionCatalog.java:468)
execute	Execute Action	2026-09-26T09:28:24.3506922Z [pod/manual-maintenance-20260926-091315-phtnw/maintenance] 		at org.apache.iceberg.catalog.BaseSessionCatalog$AsCatalog.loadTable(BaseSessionCatalog.java:105)
execute	Execute Action	2026-09-26T09:28:24.3509312Z [pod/manual-maintenance-20260926-091315-phtnw/maintenance] 		at org.apache.iceberg.rest.RESTCatalog.loadTable(RESTCatalog.java:124)
execute	Execute Action	2026-09-26T09:28:24.3510932Z [pod/manual-maintenance-20260926-091315-phtnw/maintenance] 		at org.apache.iceberg.shaded.com.github.benmanes.caffeine.cache.BoundedLocalCache.lambda$doComputeIfAbsent$14(BoundedLocalCache.java:2406)
execute	Execute Action	2026-09-26T09:28:24.3513353Z [pod/manual-maintenance-20260926-091315-phtnw/maintenance] 		at java.base/java.util.concurrent.ConcurrentHashMap.compute(ConcurrentHashMap.java:1916)
execute	Execute Action	2026-09-26T09:28:24.3516137Z [pod/manual-maintenance-20260926-091315-phtnw/maintenance] 		at org.apache.iceberg.shaded.com.github.benmanes.caffeine.cache.BoundedLocalCache.doComputeIfAbsent(BoundedLocalCache.java:2404)
execute	Execute Action	2026-09-26T09:28:24.3518619Z [pod/manual-maintenance-20260926-091315-phtnw/maintenance] 		at org.apache.iceberg.shaded.com.github.benmanes.caffeine.cache.BoundedLocalCache.computeIfAbsent(BoundedLocalCache.java:2387)
execute	Execute Action	2026-09-26T09:28:24.3521030Z [pod/manual-maintenance-20260926-091315-phtnw/maintenance] 		at org.apache.iceberg.shaded.com.github.benmanes.caffeine.cache.LocalCache.computeIfAbsent(LocalCache.java:108)
execute	Execute Action	2026-09-26T09:28:24.3524001Z [pod/manual-maintenance-20260926-091315-phtnw/maintenance] 		at org.apache.iceberg.shaded.com.github.benmanes.caffeine.cache.LocalManualCache.get(LocalManualCache.java:62)
execute	Execute Action	2026-09-26T09:28:24.3526316Z [pod/manual-maintenance-20260926-091315-phtnw/maintenance] 		at org.apache.iceberg.CachingCatalog.loadTable(CachingCatalog.java:147)
execute	Execute Action	2026-09-26T09:28:24.3527721Z [pod/manual-maintenance-20260926-091315-phtnw/maintenance] 		at org.apache.iceberg.spark.SparkCatalog.load(SparkCatalog.java:867)
execute	Execute Action	2026-09-26T09:28:24.3529641Z [pod/manual-maintenance-20260926-091315-phtnw/maintenance] 		at org.apache.iceberg.spark.SparkCatalog.loadTable(SparkCatalog.java:171)
execute	Execute Action	2026-09-26T09:28:24.3532199Z [pod/manual-maintenance-20260926-091315-phtnw/maintenance] 		at org.apache.iceberg.spark.procedures.BaseProcedure.loadSparkTable(BaseProcedure.java:168)
execute	Execute Action	2026-09-26T09:28:24.3534714Z [pod/manual-maintenance-20260926-091315-phtnw/maintenance] 		at org.apache.iceberg.spark.procedures.BaseProcedure.execute(BaseProcedure.java:129)
execute	Execute Action	2026-09-26T09:28:24.3536642Z [pod/manual-maintenance-20260926-091315-phtnw/maintenance] 		at org.apache.iceberg.spark.procedures.BaseProcedure.modifyIcebergTable(BaseProcedure.java:113)
execute	Execute Action	2026-09-26T09:28:24.3539210Z [pod/manual-maintenance-20260926-091315-phtnw/maintenance] 		at org.apache.iceberg.spark.procedures.ExpireSnapshotsProcedure.call(ExpireSnapshotsProcedure.java:135)
execute	Execute Action	2026-09-26T09:28:24.3540769Z [pod/manual-maintenance-20260926-091315-phtnw/maintenance] 		at org.apache.spark.sql.catalyst.analysis.InvokeProcedures.org$apache$spark$sql$catalyst$analysis$InvokeProcedures$$invoke(InvokeProcedures.scala:48)
execute	Execute Action	2026-09-26T09:28:24.3544006Z [pod/manual-maintenance-20260926-091315-phtnw/maintenance] 		at org.apache.spark.sql.catalyst.analysis.InvokeProcedures$$anonfun$apply$1.applyOrElse(InvokeProcedures.scala:40)
execute	Execute Action	2026-09-26T09:28:24.3545997Z [pod/manual-maintenance-20260926-091315-phtnw/maintenance] 		at org.apache.spark.sql.catalyst.analysis.InvokeProcedures$$anonfun$apply$1.applyOrElse(InvokeProcedures.scala:36)
execute	Execute Action	2026-09-26T09:28:24.3547460Z [pod/manual-maintenance-20260926-091315-phtnw/maintenance] 		at org.apache.spark.sql.catalyst.plans.logical.AnalysisHelper.$anonfun$resolveOperatorsDownWithPruning$2(AnalysisHelper.scala:200)
execute	Execute Action	2026-09-26T09:28:24.3548789Z [pod/manual-maintenance-20260926-091315-phtnw/maintenance] 		at org.apache.spark.sql.catalyst.trees.CurrentOrigin$.withOrigin(origin.scala:86)
execute	Execute Action	2026-09-26T09:28:24.3550106Z [pod/manual-maintenance-20260926-091315-phtnw/maintenance] 		at org.apache.spark.sql.catalyst.plans.logical.AnalysisHelper.$anonfun$resolveOperatorsDownWithPruning$1(AnalysisHelper.scala:200)
execute	Execute Action	2026-09-26T09:28:24.3551747Z [pod/manual-maintenance-20260926-091315-phtnw/maintenance] 		at org.apache.spark.sql.catalyst.plans.logical.AnalysisHelper$.allowInvokingTransformsInAnalyzer(AnalysisHelper.scala:416)
execute	Execute Action	2026-09-26T09:28:24.3554596Z [pod/manual-maintenance-20260926-091315-phtnw/maintenance] 		at org.apache.spark.sql.catalyst.plans.logical.AnalysisHelper.resolveOperatorsDownWithPruning(AnalysisHelper.scala:198)
execute	Execute Action	2026-09-26T09:28:24.3557658Z [pod/manual-maintenance-20260926-091315-phtnw/maintenance] 		at org.apache.spark.sql.catalyst.plans.logical.AnalysisHelper.resolveOperatorsDownWithPruning$(AnalysisHelper.scala:194)
execute	Execute Action	2026-09-26T09:28:24.3560547Z [pod/manual-maintenance-20260926-091315-phtnw/maintenance] 		at org.apache.spark.sql.catalyst.plans.logical.LogicalPlan.resolveOperatorsDownWithPruning(LogicalPlan.scala:37)
execute	Execute Action	2026-09-26T09:28:24.3563381Z [pod/manual-maintenance-20260926-091315-phtnw/maintenance] 		at org.apache.spark.sql.catalyst.plans.logical.AnalysisHelper.resolveOperatorsWithPruning(AnalysisHelper.scala:100)
execute	Execute Action	2026-09-26T09:28:24.3564884Z [pod/manual-maintenance-20260926-091315-phtnw/maintenance] 		at org.apache.spark.sql.catalyst.plans.logical.AnalysisHelper.resolveOperatorsWithPruning$(AnalysisHelper.scala:97)
execute	Execute Action	2026-09-26T09:28:24.3566350Z [pod/manual-maintenance-20260926-091315-phtnw/maintenance] 		at org.apache.spark.sql.catalyst.plans.logical.LogicalPlan.resolveOperatorsWithPruning(LogicalPlan.scala:37)
execute	Execute Action	2026-09-26T09:28:24.3567726Z [pod/manual-maintenance-20260926-091315-phtnw/maintenance] 		at org.apache.spark.sql.catalyst.plans.logical.AnalysisHelper.resolveOperators(AnalysisHelper.scala:77)
execute	Execute Action	2026-09-26T09:28:24.3569076Z [pod/manual-maintenance-20260926-091315-phtnw/maintenance] 		at org.apache.spark.sql.catalyst.plans.logical.AnalysisHelper.resolveOperators$(AnalysisHelper.scala:76)
execute	Execute Action	2026-09-26T09:28:24.3570391Z [pod/manual-maintenance-20260926-091315-phtnw/maintenance] 		at org.apache.spark.sql.catalyst.plans.logical.LogicalPlan.resolveOperators(LogicalPlan.scala:37)
execute	Execute Action	2026-09-26T09:28:24.3571934Z [pod/manual-maintenance-20260926-091315-phtnw/maintenance] 		at org.apache.spark.sql.catalyst.analysis.InvokeProcedures.apply(InvokeProcedures.scala:36)
execute	Execute Action	2026-09-26T09:28:24.3573369Z [pod/manual-maintenance-20260926-091315-phtnw/maintenance] 		at org.apache.spark.sql.catalyst.analysis.InvokeProcedures.apply(InvokeProcedures.scala:34)
execute	Execute Action	2026-09-26T09:28:24.3574591Z [pod/manual-maintenance-20260926-091315-phtnw/maintenance] 		at org.apache.spark.sql.catalyst.rules.RuleExecutor.$anonfun$execute$2(RuleExecutor.scala:242)
execute	Execute Action	2026-09-26T09:28:24.3575698Z [pod/manual-maintenance-20260926-091315-phtnw/maintenance] 		at scala.collection.LinearSeqOps.foldLeft(LinearSeq.scala:183)
execute	Execute Action	2026-09-26T09:28:24.3576685Z [pod/manual-maintenance-20260926-091315-phtnw/maintenance] 		at scala.collection.LinearSeqOps.foldLeft$(LinearSeq.scala:179)
execute	Execute Action	2026-09-26T09:28:24.3577657Z [pod/manual-maintenance-20260926-091315-phtnw/maintenance] 		at scala.collection.immutable.List.foldLeft(List.scala:79)
execute	Execute Action	2026-09-26T09:28:24.3578739Z [pod/manual-maintenance-20260926-091315-phtnw/maintenance] 		at org.apache.spark.sql.catalyst.rules.RuleExecutor.$anonfun$execute$1(RuleExecutor.scala:239)
execute	Execute Action	2026-09-26T09:28:24.3579987Z [pod/manual-maintenance-20260926-091315-phtnw/maintenance] 		at org.apache.spark.sql.catalyst.rules.RuleExecutor.$anonfun$execute$1$adapted(RuleExecutor.scala:231)
execute	Execute Action	2026-09-26T09:28:24.3581096Z [pod/manual-maintenance-20260926-091315-phtnw/maintenance] 		at scala.collection.immutable.List.foreach(List.scala:334)
execute	Execute Action	2026-09-26T09:28:24.3582274Z [pod/manual-maintenance-20260926-091315-phtnw/maintenance] 		at org.apache.spark.sql.catalyst.rules.RuleExecutor.execute(RuleExecutor.scala:231)
execute	Execute Action	2026-09-26T09:28:24.3583605Z [pod/manual-maintenance-20260926-091315-phtnw/maintenance] 		at org.apache.spark.sql.catalyst.analysis.Analyzer.org$apache$spark$sql$catalyst$analysis$Analyzer$$executeSameContext(Analyzer.scala:340)
execute	Execute Action	2026-09-26T09:28:24.3584944Z [pod/manual-maintenance-20260926-091315-phtnw/maintenance] 		at org.apache.spark.sql.catalyst.analysis.Analyzer.$anonfun$execute$1(Analyzer.scala:336)
execute	Execute Action	2026-09-26T09:28:24.3586166Z [pod/manual-maintenance-20260926-091315-phtnw/maintenance] 		at org.apache.spark.sql.catalyst.analysis.AnalysisContext$.withNewAnalysisContext(Analyzer.scala:234)
execute	Execute Action	2026-09-26T09:28:24.3587485Z [pod/manual-maintenance-20260926-091315-phtnw/maintenance] 		at org.apache.spark.sql.catalyst.analysis.Analyzer.execute(Analyzer.scala:336)
execute	Execute Action	2026-09-26T09:28:24.3588586Z [pod/manual-maintenance-20260926-091315-phtnw/maintenance] 		at org.apache.spark.sql.catalyst.analysis.Analyzer.execute(Analyzer.scala:299)
execute	Execute Action	2026-09-26T09:28:24.3589765Z [pod/manual-maintenance-20260926-091315-phtnw/maintenance] 		at org.apache.spark.sql.catalyst.rules.RuleExecutor.$anonfun$executeAndTrack$1(RuleExecutor.scala:201)
execute	Execute Action	2026-09-26T09:28:24.3591028Z [pod/manual-maintenance-20260926-091315-phtnw/maintenance] 		at org.apache.spark.sql.catalyst.QueryPlanningTracker$.withTracker(QueryPlanningTracker.scala:89)
execute	Execute Action	2026-09-26T09:28:24.3592391Z [pod/manual-maintenance-20260926-091315-phtnw/maintenance] 		at org.apache.spark.sql.catalyst.rules.RuleExecutor.executeAndTrack(RuleExecutor.scala:201)
execute	Execute Action	2026-09-26T09:28:24.3593714Z [pod/manual-maintenance-20260926-091315-phtnw/maintenance] 		at org.apache.spark.sql.catalyst.analysis.resolver.HybridAnalyzer.resolveInFixedPoint(HybridAnalyzer.scala:190)
execute	Execute Action	2026-09-26T09:28:24.3595089Z [pod/manual-maintenance-20260926-091315-phtnw/maintenance] 		at org.apache.spark.sql.catalyst.analysis.resolver.HybridAnalyzer.$anonfun$apply$1(HybridAnalyzer.scala:76)
execute	Execute Action	2026-09-26T09:28:24.3596516Z [pod/manual-maintenance-20260926-091315-phtnw/maintenance] 		at org.apache.spark.sql.catalyst.analysis.resolver.HybridAnalyzer.withTrackedAnalyzerBridgeState(HybridAnalyzer.scala:111)
execute	Execute Action	2026-09-26T09:28:24.3597913Z [pod/manual-maintenance-20260926-091315-phtnw/maintenance] 		at org.apache.spark.sql.catalyst.analysis.resolver.HybridAnalyzer.apply(HybridAnalyzer.scala:71)
execute	Execute Action	2026-09-26T09:28:24.3599152Z [pod/manual-maintenance-20260926-091315-phtnw/maintenance] 		at org.apache.spark.sql.catalyst.analysis.Analyzer.$anonfun$executeAndCheck$1(Analyzer.scala:330)
execute	Execute Action	2026-09-26T09:28:24.3600411Z [pod/manual-maintenance-20260926-091315-phtnw/maintenance] 		at org.apache.spark.sql.catalyst.plans.logical.AnalysisHelper$.markInAnalyzer(AnalysisHelper.scala:423)
execute	Execute Action	2026-09-26T09:28:24.3601885Z [pod/manual-maintenance-20260926-091315-phtnw/maintenance] 		at org.apache.spark.sql.catalyst.analysis.Analyzer.executeAndCheck(Analyzer.scala:330)
execute	Execute Action	2026-09-26T09:28:24.3603128Z [pod/manual-maintenance-20260926-091315-phtnw/maintenance] 		at org.apache.spark.sql.execution.QueryExecution.$anonfun$lazyAnalyzed$2(QueryExecution.scala:110)
execute	Execute Action	2026-09-26T09:28:24.3604394Z [pod/manual-maintenance-20260926-091315-phtnw/maintenance] 		at org.apache.spark.sql.catalyst.QueryPlanningTracker.measurePhase(QueryPlanningTracker.scala:148)
execute	Execute Action	2026-09-26T09:28:24.3605664Z [pod/manual-maintenance-20260926-091315-phtnw/maintenance] 		at org.apache.spark.sql.execution.QueryExecution.$anonfun$executePhase$2(QueryExecution.scala:278)
execute	Execute Action	2026-09-26T09:28:24.3606893Z [pod/manual-maintenance-20260926-091315-phtnw/maintenance] 		at org.apache.spark.sql.execution.QueryExecution$.withInternalError(QueryExecution.scala:654)
execute	Execute Action	2026-09-26T09:28:24.3608126Z [pod/manual-maintenance-20260926-091315-phtnw/maintenance] 		at org.apache.spark.sql.execution.QueryExecution.$anonfun$executePhase$1(QueryExecution.scala:278)
execute	Execute Action	2026-09-26T09:28:24.3609269Z [pod/manual-maintenance-20260926-091315-phtnw/maintenance] 		at org.apache.spark.sql.SparkSession.withActive(SparkSession.scala:804)
execute	Execute Action	2026-09-26T09:28:24.3610383Z [pod/manual-maintenance-20260926-091315-phtnw/maintenance] 		at org.apache.spark.sql.execution.QueryExecution.executePhase(QueryExecution.scala:277)
execute	Execute Action	2026-09-26T09:28:24.3611704Z [pod/manual-maintenance-20260926-091315-phtnw/maintenance] 		at org.apache.spark.sql.execution.QueryExecution.$anonfun$lazyAnalyzed$1(QueryExecution.scala:110)
execute	Execute Action	2026-09-26T09:28:24.3612734Z [pod/manual-maintenance-20260926-091315-phtnw/maintenance] 		at scala.util.Try$.apply(Try.scala:217)
execute	Execute Action	2026-09-26T09:28:24.3613661Z [pod/manual-maintenance-20260926-091315-phtnw/maintenance] 		at org.apache.spark.util.Utils$.doTryWithCallerStacktrace(Utils.scala:1378)
execute	Execute Action	2026-09-26T09:28:24.3628338Z [pod/manual-maintenance-20260926-091315-phtnw/maintenance] 		at org.apache.spark.util.LazyTry.tryT$lzycompute(LazyTry.scala:46)
execute	Execute Action	2026-09-26T09:28:24.3629733Z [pod/manual-maintenance-20260926-091315-phtnw/maintenance] 		at org.apache.spark.util.LazyTry.tryT(LazyTry.scala:46)
execute	Execute Action	2026-09-26T09:28:24.3630531Z [pod/manual-maintenance-20260926-091315-phtnw/maintenance] 		... 22 more
execute	Execute Action	2026-09-26T09:28:24.3631108Z [pod/manual-maintenance-20260926-091315-phtnw/maintenance] 
execute	Execute Action	2026-09-26T09:28:24.3631887Z [pod/manual-maintenance-20260926-091315-phtnw/maintenance] Traceback (most recent call last):
execute	Execute Action	2026-09-26T09:28:24.3632825Z [pod/manual-maintenance-20260926-091315-phtnw/maintenance]   File "/opt/maintenance/..2026_09_26_09_13_16.786903983/maintenance.py", line 266, in run
execute	Execute Action	2026-09-26T09:28:24.3633661Z [pod/manual-maintenance-20260926-091315-phtnw/maintenance]     step()
execute	Execute Action	2026-09-26T09:28:24.3634499Z [pod/manual-maintenance-20260926-091315-phtnw/maintenance]   File "/opt/maintenance/..2026_09_26_09_13_16.786903983/maintenance.py", line 277, in <lambda>
execute	Execute Action	2026-09-26T09:28:24.3635566Z [pod/manual-maintenance-20260926-091315-phtnw/maintenance]     lambda: expire_snapshots(spark, table, max_age_seconds, retain_last),
execute	Execute Action	2026-09-26T09:28:24.3636654Z [pod/manual-maintenance-20260926-091315-phtnw/maintenance]   File "/opt/maintenance/..2026_09_26_09_13_16.786903983/maintenance.py", line 103, in expire_snapshots
execute	Execute Action	2026-09-26T09:28:24.3637604Z [pod/manual-maintenance-20260926-091315-phtnw/maintenance]     result = spark.sql(f"""
execute	Execute Action	2026-09-26T09:28:24.3638511Z [pod/manual-maintenance-20260926-091315-phtnw/maintenance]   File "/opt/spark/python/lib/pyspark.zip/pyspark/sql/session.py", line 1810, in sql
execute	Execute Action	2026-09-26T09:28:24.3639555Z [pod/manual-maintenance-20260926-091315-phtnw/maintenance]     return DataFrame(self._jsparkSession.sql(sqlQuery, litArgs), self)
execute	Execute Action	2026-09-26T09:28:24.3640656Z [pod/manual-maintenance-20260926-091315-phtnw/maintenance]   File "/opt/spark/python/lib/py4j-0.10.9.9-src.zip/py4j/java_gateway.py", line 1362, in __call__
execute	Execute Action	2026-09-26T09:28:24.3641965Z [pod/manual-maintenance-20260926-091315-phtnw/maintenance]     return_value = get_return_value(
execute	Execute Action	2026-09-26T09:28:24.3642950Z [pod/manual-maintenance-20260926-091315-phtnw/maintenance]   File "/opt/spark/python/lib/pyspark.zip/pyspark/errors/exceptions/captured.py", line 282, in deco
execute	Execute Action	2026-09-26T09:28:24.3643869Z [pod/manual-maintenance-20260926-091315-phtnw/maintenance]     return f(*a, **kw)
execute	Execute Action	2026-09-26T09:28:24.3644783Z [pod/manual-maintenance-20260926-091315-phtnw/maintenance]   File "/opt/spark/python/lib/py4j-0.10.9.9-src.zip/py4j/protocol.py", line 327, in get_return_value
execute	Execute Action	2026-09-26T09:28:24.3645700Z [pod/manual-maintenance-20260926-091315-phtnw/maintenance]     raise Py4JJavaError(
execute	Execute Action	2026-09-26T09:28:24.3646539Z [pod/manual-maintenance-20260926-091315-phtnw/maintenance] py4j.protocol.Py4JJavaError: An error occurred while calling o68.sql.
execute	Execute Action	2026-09-26T09:28:24.3647747Z [pod/manual-maintenance-20260926-091315-phtnw/maintenance] : org.apache.iceberg.exceptions.ServiceFailureException: Server error: RESTException: persisted table metadata is invalid
execute	Execute Action	2026-09-26T09:28:24.3649058Z [pod/manual-maintenance-20260926-091315-phtnw/maintenance] 	at org.apache.iceberg.rest.ErrorHandlers$DefaultErrorHandler.accept(ErrorHandlers.java:350)
execute	Execute Action	2026-09-26T09:28:24.3650222Z [pod/manual-maintenance-20260926-091315-phtnw/maintenance] 	at org.apache.iceberg.rest.ErrorHandlers$TableErrorHandler.accept(ErrorHandlers.java:160)
execute	Execute Action	2026-09-26T09:28:24.3651475Z [pod/manual-maintenance-20260926-091315-phtnw/maintenance] 	at org.apache.iceberg.rest.ErrorHandlers$TableErrorHandler.accept(ErrorHandlers.java:142)
execute	Execute Action	2026-09-26T09:28:24.3652577Z [pod/manual-maintenance-20260926-091315-phtnw/maintenance] 	at org.apache.iceberg.rest.HTTPClient.throwFailure(HTTPClient.java:242)
execute	Execute Action	2026-09-26T09:28:24.3653600Z [pod/manual-maintenance-20260926-091315-phtnw/maintenance] 	at org.apache.iceberg.rest.HTTPClient.execute(HTTPClient.java:347)
execute	Execute Action	2026-09-26T09:28:24.3654593Z [pod/manual-maintenance-20260926-091315-phtnw/maintenance] 	at org.apache.iceberg.rest.HTTPClient.execute(HTTPClient.java:299)
execute	Execute Action	2026-09-26T09:28:24.3655719Z [pod/manual-maintenance-20260926-091315-phtnw/maintenance] 	at org.apache.iceberg.rest.BaseHTTPClient.get(BaseHTTPClient.java:101)
execute	Execute Action	2026-09-26T09:28:24.3656816Z [pod/manual-maintenance-20260926-091315-phtnw/maintenance] 	at org.apache.iceberg.rest.RESTSessionCatalog.loadInternal(RESTSessionCatalog.java:438)
execute	Execute Action	2026-09-26T09:28:24.3657973Z [pod/manual-maintenance-20260926-091315-phtnw/maintenance] 	at org.apache.iceberg.rest.RESTSessionCatalog.loadTable(RESTSessionCatalog.java:468)
execute	Execute Action	2026-09-26T09:28:24.3659162Z [pod/manual-maintenance-20260926-091315-phtnw/maintenance] 	at org.apache.iceberg.catalog.BaseSessionCatalog$AsCatalog.loadTable(BaseSessionCatalog.java:105)
execute	Execute Action	2026-09-26T09:28:24.3660291Z [pod/manual-maintenance-20260926-091315-phtnw/maintenance] 	at org.apache.iceberg.rest.RESTCatalog.loadTable(RESTCatalog.java:124)
execute	Execute Action	2026-09-26T09:28:24.3661724Z [pod/manual-maintenance-20260926-091315-phtnw/maintenance] 	at org.apache.iceberg.shaded.com.github.benmanes.caffeine.cache.BoundedLocalCache.lambda$doComputeIfAbsent$14(BoundedLocalCache.java:2406)
execute	Execute Action	2026-09-26T09:28:24.3663145Z [pod/manual-maintenance-20260926-091315-phtnw/maintenance] 	at java.base/java.util.concurrent.ConcurrentHashMap.compute(ConcurrentHashMap.java:1916)
execute	Execute Action	2026-09-26T09:28:24.3664542Z [pod/manual-maintenance-20260926-091315-phtnw/maintenance] 	at org.apache.iceberg.shaded.com.github.benmanes.caffeine.cache.BoundedLocalCache.doComputeIfAbsent(BoundedLocalCache.java:2404)
execute	Execute Action	2026-09-26T09:28:24.3666109Z [pod/manual-maintenance-20260926-091315-phtnw/maintenance] 	at org.apache.iceberg.shaded.com.github.benmanes.caffeine.cache.BoundedLocalCache.computeIfAbsent(BoundedLocalCache.java:2387)
execute	Execute Action	2026-09-26T09:28:24.3667595Z [pod/manual-maintenance-20260926-091315-phtnw/maintenance] 	at org.apache.iceberg.shaded.com.github.benmanes.caffeine.cache.LocalCache.computeIfAbsent(LocalCache.java:108)
execute	Execute Action	2026-09-26T09:28:24.3669007Z [pod/manual-maintenance-20260926-091315-phtnw/maintenance] 	at org.apache.iceberg.shaded.com.github.benmanes.caffeine.cache.LocalManualCache.get(LocalManualCache.java:62)
execute	Execute Action	2026-09-26T09:28:24.3670356Z [pod/manual-maintenance-20260926-091315-phtnw/maintenance] 	at org.apache.iceberg.CachingCatalog.loadTable(CachingCatalog.java:147)
execute	Execute Action	2026-09-26T09:28:24.3671597Z [pod/manual-maintenance-20260926-091315-phtnw/maintenance] 	at org.apache.iceberg.spark.SparkCatalog.load(SparkCatalog.java:867)
execute	Execute Action	2026-09-26T09:28:24.3672651Z [pod/manual-maintenance-20260926-091315-phtnw/maintenance] 	at org.apache.iceberg.spark.SparkCatalog.loadTable(SparkCatalog.java:171)
execute	Execute Action	2026-09-26T09:28:24.3673795Z [pod/manual-maintenance-20260926-091315-phtnw/maintenance] 	at org.apache.iceberg.spark.procedures.BaseProcedure.loadSparkTable(BaseProcedure.java:168)
execute	Execute Action	2026-09-26T09:28:24.3674982Z [pod/manual-maintenance-20260926-091315-phtnw/maintenance] 	at org.apache.iceberg.spark.procedures.BaseProcedure.execute(BaseProcedure.java:129)
execute	Execute Action	2026-09-26T09:28:24.3676191Z [pod/manual-maintenance-20260926-091315-phtnw/maintenance] 	at org.apache.iceberg.spark.procedures.BaseProcedure.modifyIcebergTable(BaseProcedure.java:113)
execute	Execute Action	2026-09-26T09:28:24.3677493Z [pod/manual-maintenance-20260926-091315-phtnw/maintenance] 	at org.apache.iceberg.spark.procedures.ExpireSnapshotsProcedure.call(ExpireSnapshotsProcedure.java:135)
execute	Execute Action	2026-09-26T09:28:24.3678971Z [pod/manual-maintenance-20260926-091315-phtnw/maintenance] 	at org.apache.spark.sql.catalyst.analysis.InvokeProcedures.org$apache$spark$sql$catalyst$analysis$InvokeProcedures$$invoke(InvokeProcedures.scala:48)
execute	Execute Action	2026-09-26T09:28:24.3680462Z [pod/manual-maintenance-20260926-091315-phtnw/maintenance] 	at org.apache.spark.sql.catalyst.analysis.InvokeProcedures$$anonfun$apply$1.applyOrElse(InvokeProcedures.scala:40)
execute	Execute Action	2026-09-26T09:28:24.3681933Z [pod/manual-maintenance-20260926-091315-phtnw/maintenance] 	at org.apache.spark.sql.catalyst.analysis.InvokeProcedures$$anonfun$apply$1.applyOrElse(InvokeProcedures.scala:36)
execute	Execute Action	2026-09-26T09:28:24.3683498Z [pod/manual-maintenance-20260926-091315-phtnw/maintenance] 	at org.apache.spark.sql.catalyst.plans.logical.AnalysisHelper.$anonfun$resolveOperatorsDownWithPruning$2(AnalysisHelper.scala:200)
execute	Execute Action	2026-09-26T09:28:24.3684805Z [pod/manual-maintenance-20260926-091315-phtnw/maintenance] 	at org.apache.spark.sql.catalyst.trees.CurrentOrigin$.withOrigin(origin.scala:86)
execute	Execute Action	2026-09-26T09:28:24.3686119Z [pod/manual-maintenance-20260926-091315-phtnw/maintenance] 	at org.apache.spark.sql.catalyst.plans.logical.AnalysisHelper.$anonfun$resolveOperatorsDownWithPruning$1(AnalysisHelper.scala:200)
execute	Execute Action	2026-09-26T09:28:24.3687599Z [pod/manual-maintenance-20260926-091315-phtnw/maintenance] 	at org.apache.spark.sql.catalyst.plans.logical.AnalysisHelper$.allowInvokingTransformsInAnalyzer(AnalysisHelper.scala:416)
execute	Execute Action	2026-09-26T09:28:24.3689071Z [pod/manual-maintenance-20260926-091315-phtnw/maintenance] 	at org.apache.spark.sql.catalyst.plans.logical.AnalysisHelper.resolveOperatorsDownWithPruning(AnalysisHelper.scala:198)
execute	Execute Action	2026-09-26T09:28:24.3690572Z [pod/manual-maintenance-20260926-091315-phtnw/maintenance] 	at org.apache.spark.sql.catalyst.plans.logical.AnalysisHelper.resolveOperatorsDownWithPruning$(AnalysisHelper.scala:194)
execute	Execute Action	2026-09-26T09:28:24.3692146Z [pod/manual-maintenance-20260926-091315-phtnw/maintenance] 	at org.apache.spark.sql.catalyst.plans.logical.LogicalPlan.resolveOperatorsDownWithPruning(LogicalPlan.scala:37)
execute	Execute Action	2026-09-26T09:28:24.3693582Z [pod/manual-maintenance-20260926-091315-phtnw/maintenance] 	at org.apache.spark.sql.catalyst.plans.logical.AnalysisHelper.resolveOperatorsWithPruning(AnalysisHelper.scala:100)
execute	Execute Action	2026-09-26T09:28:24.3695030Z [pod/manual-maintenance-20260926-091315-phtnw/maintenance] 	at org.apache.spark.sql.catalyst.plans.logical.AnalysisHelper.resolveOperatorsWithPruning$(AnalysisHelper.scala:97)
execute	Execute Action	2026-09-26T09:28:24.3696438Z [pod/manual-maintenance-20260926-091315-phtnw/maintenance] 	at org.apache.spark.sql.catalyst.plans.logical.LogicalPlan.resolveOperatorsWithPruning(LogicalPlan.scala:37)
execute	Execute Action	2026-09-26T09:28:24.3697805Z [pod/manual-maintenance-20260926-091315-phtnw/maintenance] 	at org.apache.spark.sql.catalyst.plans.logical.AnalysisHelper.resolveOperators(AnalysisHelper.scala:77)
execute	Execute Action	2026-09-26T09:28:24.3699254Z [pod/manual-maintenance-20260926-091315-phtnw/maintenance] 	at org.apache.spark.sql.catalyst.plans.logical.AnalysisHelper.resolveOperators$(AnalysisHelper.scala:76)
execute	Execute Action	2026-09-26T09:28:24.3700558Z [pod/manual-maintenance-20260926-091315-phtnw/maintenance] 	at org.apache.spark.sql.catalyst.plans.logical.LogicalPlan.resolveOperators(LogicalPlan.scala:37)
execute	Execute Action	2026-09-26T09:28:24.3701908Z [pod/manual-maintenance-20260926-091315-phtnw/maintenance] 	at org.apache.spark.sql.catalyst.analysis.InvokeProcedures.apply(InvokeProcedures.scala:36)
execute	Execute Action	2026-09-26T09:28:24.3703117Z [pod/manual-maintenance-20260926-091315-phtnw/maintenance] 	at org.apache.spark.sql.catalyst.analysis.InvokeProcedures.apply(InvokeProcedures.scala:34)
execute	Execute Action	2026-09-26T09:28:24.3704313Z [pod/manual-maintenance-20260926-091315-phtnw/maintenance] 	at org.apache.spark.sql.catalyst.rules.RuleExecutor.$anonfun$execute$2(RuleExecutor.scala:242)
execute	Execute Action	2026-09-26T09:28:24.3705408Z [pod/manual-maintenance-20260926-091315-phtnw/maintenance] 	at scala.collection.LinearSeqOps.foldLeft(LinearSeq.scala:183)
execute	Execute Action	2026-09-26T09:28:24.3706373Z [pod/manual-maintenance-20260926-091315-phtnw/maintenance] 	at scala.collection.LinearSeqOps.foldLeft$(LinearSeq.scala:179)
execute	Execute Action	2026-09-26T09:28:24.3707326Z [pod/manual-maintenance-20260926-091315-phtnw/maintenance] 	at scala.collection.immutable.List.foldLeft(List.scala:79)
execute	Execute Action	2026-09-26T09:28:24.3708383Z [pod/manual-maintenance-20260926-091315-phtnw/maintenance] 	at org.apache.spark.sql.catalyst.rules.RuleExecutor.$anonfun$execute$1(RuleExecutor.scala:239)
execute	Execute Action	2026-09-26T09:28:24.3709603Z [pod/manual-maintenance-20260926-091315-phtnw/maintenance] 	at org.apache.spark.sql.catalyst.rules.RuleExecutor.$anonfun$execute$1$adapted(RuleExecutor.scala:231)
execute	Execute Action	2026-09-26T09:28:24.3710702Z [pod/manual-maintenance-20260926-091315-phtnw/maintenance] 	at scala.collection.immutable.List.foreach(List.scala:334)
execute	Execute Action	2026-09-26T09:28:24.3711978Z [pod/manual-maintenance-20260926-091315-phtnw/maintenance] 	at org.apache.spark.sql.catalyst.rules.RuleExecutor.execute(RuleExecutor.scala:231)
execute	Execute Action	2026-09-26T09:28:24.3713301Z [pod/manual-maintenance-20260926-091315-phtnw/maintenance] 	at org.apache.spark.sql.catalyst.analysis.Analyzer.org$apache$spark$sql$catalyst$analysis$Analyzer$$executeSameContext(Analyzer.scala:340)
execute	Execute Action	2026-09-26T09:28:24.3714648Z [pod/manual-maintenance-20260926-091315-phtnw/maintenance] 	at org.apache.spark.sql.catalyst.analysis.Analyzer.$anonfun$execute$1(Analyzer.scala:336)
execute	Execute Action	2026-09-26T09:28:24.3715874Z [pod/manual-maintenance-20260926-091315-phtnw/maintenance] 	at org.apache.spark.sql.catalyst.analysis.AnalysisContext$.withNewAnalysisContext(Analyzer.scala:234)
execute	Execute Action	2026-09-26T09:28:24.3717063Z [pod/manual-maintenance-20260926-091315-phtnw/maintenance] 	at org.apache.spark.sql.catalyst.analysis.Analyzer.execute(Analyzer.scala:336)
execute	Execute Action	2026-09-26T09:28:24.3718149Z [pod/manual-maintenance-20260926-091315-phtnw/maintenance] 	at org.apache.spark.sql.catalyst.analysis.Analyzer.execute(Analyzer.scala:299)
execute	Execute Action	2026-09-26T09:28:24.3719330Z [pod/manual-maintenance-20260926-091315-phtnw/maintenance] 	at org.apache.spark.sql.catalyst.rules.RuleExecutor.$anonfun$executeAndTrack$1(RuleExecutor.scala:201)
execute	Execute Action	2026-09-26T09:28:24.3720580Z [pod/manual-maintenance-20260926-091315-phtnw/maintenance] 	at org.apache.spark.sql.catalyst.QueryPlanningTracker$.withTracker(QueryPlanningTracker.scala:89)
execute	Execute Action	2026-09-26T09:28:24.3721912Z [pod/manual-maintenance-20260926-091315-phtnw/maintenance] 	at org.apache.spark.sql.catalyst.rules.RuleExecutor.executeAndTrack(RuleExecutor.scala:201)
execute	Execute Action	2026-09-26T09:28:24.3723227Z [pod/manual-maintenance-20260926-091315-phtnw/maintenance] 	at org.apache.spark.sql.catalyst.analysis.resolver.HybridAnalyzer.resolveInFixedPoint(HybridAnalyzer.scala:190)
execute	Execute Action	2026-09-26T09:28:24.3724597Z [pod/manual-maintenance-20260926-091315-phtnw/maintenance] 	at org.apache.spark.sql.catalyst.analysis.resolver.HybridAnalyzer.$anonfun$apply$1(HybridAnalyzer.scala:76)
execute	Execute Action	2026-09-26T09:28:24.3726152Z [pod/manual-maintenance-20260926-091315-phtnw/maintenance] 	at org.apache.spark.sql.catalyst.analysis.resolver.HybridAnalyzer.withTrackedAnalyzerBridgeState(HybridAnalyzer.scala:111)
execute	Execute Action	2026-09-26T09:28:24.3727543Z [pod/manual-maintenance-20260926-091315-phtnw/maintenance] 	at org.apache.spark.sql.catalyst.analysis.resolver.HybridAnalyzer.apply(HybridAnalyzer.scala:71)
execute	Execute Action	2026-09-26T09:28:24.3728773Z [pod/manual-maintenance-20260926-091315-phtnw/maintenance] 	at org.apache.spark.sql.catalyst.analysis.Analyzer.$anonfun$executeAndCheck$1(Analyzer.scala:330)
execute	Execute Action	2026-09-26T09:28:24.3730020Z [pod/manual-maintenance-20260926-091315-phtnw/maintenance] 	at org.apache.spark.sql.catalyst.plans.logical.AnalysisHelper$.markInAnalyzer(AnalysisHelper.scala:423)
execute	Execute Action	2026-09-26T09:28:24.3731239Z [pod/manual-maintenance-20260926-091315-phtnw/maintenance] 	at org.apache.spark.sql.catalyst.analysis.Analyzer.executeAndCheck(Analyzer.scala:330)
execute	Execute Action	2026-09-26T09:28:24.3732558Z [pod/manual-maintenance-20260926-091315-phtnw/maintenance] 	at org.apache.spark.sql.execution.QueryExecution.$anonfun$lazyAnalyzed$2(QueryExecution.scala:110)
execute	Execute Action	2026-09-26T09:28:24.3733816Z [pod/manual-maintenance-20260926-091315-phtnw/maintenance] 	at org.apache.spark.sql.catalyst.QueryPlanningTracker.measurePhase(QueryPlanningTracker.scala:148)
execute	Execute Action	2026-09-26T09:28:24.3735066Z [pod/manual-maintenance-20260926-091315-phtnw/maintenance] 	at org.apache.spark.sql.execution.QueryExecution.$anonfun$executePhase$2(QueryExecution.scala:278)
execute	Execute Action	2026-09-26T09:28:24.3736272Z [pod/manual-maintenance-20260926-091315-phtnw/maintenance] 	at org.apache.spark.sql.execution.QueryExecution$.withInternalError(QueryExecution.scala:654)
execute	Execute Action	2026-09-26T09:28:24.3737473Z [pod/manual-maintenance-20260926-091315-phtnw/maintenance] 	at org.apache.spark.sql.execution.QueryExecution.$anonfun$executePhase$1(QueryExecution.scala:278)
execute	Execute Action	2026-09-26T09:28:24.3738603Z [pod/manual-maintenance-20260926-091315-phtnw/maintenance] 	at org.apache.spark.sql.SparkSession.withActive(SparkSession.scala:804)
execute	Execute Action	2026-09-26T09:28:24.3739838Z [pod/manual-maintenance-20260926-091315-phtnw/maintenance] 	at org.apache.spark.sql.execution.QueryExecution.executePhase(QueryExecution.scala:277)
execute	Execute Action	2026-09-26T09:28:24.3741072Z [pod/manual-maintenance-20260926-091315-phtnw/maintenance] 	at org.apache.spark.sql.execution.QueryExecution.$anonfun$lazyAnalyzed$1(QueryExecution.scala:110)
execute	Execute Action	2026-09-26T09:28:24.3742195Z [pod/manual-maintenance-20260926-091315-phtnw/maintenance] 	at scala.util.Try$.apply(Try.scala:217)
execute	Execute Action	2026-09-26T09:28:24.3743117Z [pod/manual-maintenance-20260926-091315-phtnw/maintenance] 	at org.apache.spark.util.Utils$.doTryWithCallerStacktrace(Utils.scala:1378)
execute	Execute Action	2026-09-26T09:28:24.3744165Z [pod/manual-maintenance-20260926-091315-phtnw/maintenance] 	at org.apache.spark.util.Utils$.getTryWithCallerStacktrace(Utils.scala:1439)
execute	Execute Action	2026-09-26T09:28:24.3745136Z [pod/manual-maintenance-20260926-091315-phtnw/maintenance] 	at org.apache.spark.util.LazyTry.get(LazyTry.scala:58)
execute	Execute Action	2026-09-26T09:28:24.3746157Z [pod/manual-maintenance-20260926-091315-phtnw/maintenance] 	at org.apache.spark.sql.execution.QueryExecution.analyzed(QueryExecution.scala:121)
execute	Execute Action	2026-09-26T09:28:24.3747321Z [pod/manual-maintenance-20260926-091315-phtnw/maintenance] 	at org.apache.spark.sql.execution.QueryExecution.assertAnalyzed(QueryExecution.scala:80)
execute	Execute Action	2026-09-26T09:28:24.3748440Z [pod/manual-maintenance-20260926-091315-phtnw/maintenance] 	at org.apache.spark.sql.classic.Dataset$.$anonfun$ofRows$5(Dataset.scala:139)
execute	Execute Action	2026-09-26T09:28:24.3749482Z [pod/manual-maintenance-20260926-091315-phtnw/maintenance] 	at org.apache.spark.sql.SparkSession.withActive(SparkSession.scala:804)
execute	Execute Action	2026-09-26T09:28:24.3750492Z [pod/manual-maintenance-20260926-091315-phtnw/maintenance] 	at org.apache.spark.sql.classic.Dataset$.ofRows(Dataset.scala:136)
execute	Execute Action	2026-09-26T09:28:24.3751647Z [pod/manual-maintenance-20260926-091315-phtnw/maintenance] 	at org.apache.spark.sql.classic.SparkSession.$anonfun$sql$1(SparkSession.scala:462)
execute	Execute Action	2026-09-26T09:28:24.3752722Z [pod/manual-maintenance-20260926-091315-phtnw/maintenance] 	at org.apache.spark.sql.SparkSession.withActive(SparkSession.scala:804)
execute	Execute Action	2026-09-26T09:28:24.3753885Z [pod/manual-maintenance-20260926-091315-phtnw/maintenance] 	at org.apache.spark.sql.classic.SparkSession.sql(SparkSession.scala:449)
execute	Execute Action	2026-09-26T09:28:24.3754943Z [pod/manual-maintenance-20260926-091315-phtnw/maintenance] 	at org.apache.spark.sql.classic.SparkSession.sql(SparkSession.scala:467)
execute	Execute Action	2026-09-26T09:28:24.3756019Z [pod/manual-maintenance-20260926-091315-phtnw/maintenance] 	at java.base/jdk.internal.reflect.NativeMethodAccessorImpl.invoke0(Native Method)
execute	Execute Action	2026-09-26T09:28:24.3757212Z [pod/manual-maintenance-20260926-091315-phtnw/maintenance] 	at java.base/jdk.internal.reflect.NativeMethodAccessorImpl.invoke(NativeMethodAccessorImpl.java:77)
execute	Execute Action	2026-09-26T09:28:24.3758521Z [pod/manual-maintenance-20260926-091315-phtnw/maintenance] 	at java.base/jdk.internal.reflect.DelegatingMethodAccessorImpl.invoke(DelegatingMethodAccessorImpl.java:43)
execute	Execute Action	2026-09-26T09:28:24.3759680Z [pod/manual-maintenance-20260926-091315-phtnw/maintenance] 	at java.base/java.lang.reflect.Method.invoke(Method.java:569)
execute	Execute Action	2026-09-26T09:28:24.3760642Z [pod/manual-maintenance-20260926-091315-phtnw/maintenance] 	at py4j.reflection.MethodInvoker.invoke(MethodInvoker.java:244)
execute	Execute Action	2026-09-26T09:28:24.3761758Z [pod/manual-maintenance-20260926-091315-phtnw/maintenance] 	at py4j.reflection.ReflectionEngine.invoke(ReflectionEngine.java:374)
execute	Execute Action	2026-09-26T09:28:24.3762668Z [pod/manual-maintenance-20260926-091315-phtnw/maintenance] 	at py4j.Gateway.invoke(Gateway.java:282)
execute	Execute Action	2026-09-26T09:28:24.3763582Z [pod/manual-maintenance-20260926-091315-phtnw/maintenance] 	at py4j.commands.AbstractCommand.invokeMethod(AbstractCommand.java:132)
execute	Execute Action	2026-09-26T09:28:24.3764563Z [pod/manual-maintenance-20260926-091315-phtnw/maintenance] 	at py4j.commands.CallCommand.execute(CallCommand.java:79)
execute	Execute Action	2026-09-26T09:28:24.3765579Z [pod/manual-maintenance-20260926-091315-phtnw/maintenance] 	at py4j.ClientServerConnection.waitForCommands(ClientServerConnection.java:184)
execute	Execute Action	2026-09-26T09:28:24.3766771Z [pod/manual-maintenance-20260926-091315-phtnw/maintenance] 	at py4j.ClientServerConnection.run(ClientServerConnection.java:108)
execute	Execute Action	2026-09-26T09:28:24.3767708Z [pod/manual-maintenance-20260926-091315-phtnw/maintenance] 	at java.base/java.lang.Thread.run(Thread.java:840)
execute	Execute Action	2026-09-26T09:28:24.3768884Z [pod/manual-maintenance-20260926-091315-phtnw/maintenance] 	Suppressed: org.apache.spark.util.Utils$OriginalTryStackTraceException: Full stacktrace of original doTryWithCallerStacktrace caller
execute	Execute Action	2026-09-26T09:28:24.3770228Z [pod/manual-maintenance-20260926-091315-phtnw/maintenance] 		at org.apache.iceberg.rest.ErrorHandlers$DefaultErrorHandler.accept(ErrorHandlers.java:350)
execute	Execute Action	2026-09-26T09:28:24.3771513Z [pod/manual-maintenance-20260926-091315-phtnw/maintenance] 		at org.apache.iceberg.rest.ErrorHandlers$TableErrorHandler.accept(ErrorHandlers.java:160)
execute	Execute Action	2026-09-26T09:28:24.3772682Z [pod/manual-maintenance-20260926-091315-phtnw/maintenance] 		at org.apache.iceberg.rest.ErrorHandlers$TableErrorHandler.accept(ErrorHandlers.java:142)
execute	Execute Action	2026-09-26T09:28:24.3773791Z [pod/manual-maintenance-20260926-091315-phtnw/maintenance] 		at org.apache.iceberg.rest.HTTPClient.throwFailure(HTTPClient.java:242)
execute	Execute Action	2026-09-26T09:28:24.3774814Z [pod/manual-maintenance-20260926-091315-phtnw/maintenance] 		at org.apache.iceberg.rest.HTTPClient.execute(HTTPClient.java:347)
execute	Execute Action	2026-09-26T09:28:24.3775825Z [pod/manual-maintenance-20260926-091315-phtnw/maintenance] 		at org.apache.iceberg.rest.HTTPClient.execute(HTTPClient.java:299)
execute	Execute Action	2026-09-26T09:28:24.3776845Z [pod/manual-maintenance-20260926-091315-phtnw/maintenance] 		at org.apache.iceberg.rest.BaseHTTPClient.get(BaseHTTPClient.java:101)
execute	Execute Action	2026-09-26T09:28:24.3777949Z [pod/manual-maintenance-20260926-091315-phtnw/maintenance] 		at org.apache.iceberg.rest.RESTSessionCatalog.loadInternal(RESTSessionCatalog.java:438)
execute	Execute Action	2026-09-26T09:28:24.3779109Z [pod/manual-maintenance-20260926-091315-phtnw/maintenance] 		at org.apache.iceberg.rest.RESTSessionCatalog.loadTable(RESTSessionCatalog.java:468)
execute	Execute Action	2026-09-26T09:28:24.3780434Z [pod/manual-maintenance-20260926-091315-phtnw/maintenance] 		at org.apache.iceberg.catalog.BaseSessionCatalog$AsCatalog.loadTable(BaseSessionCatalog.java:105)
execute	Execute Action	2026-09-26T09:28:24.3781677Z [pod/manual-maintenance-20260926-091315-phtnw/maintenance] 		at org.apache.iceberg.rest.RESTCatalog.loadTable(RESTCatalog.java:124)
execute	Execute Action	2026-09-26T09:28:24.3783013Z [pod/manual-maintenance-20260926-091315-phtnw/maintenance] 		at org.apache.iceberg.shaded.com.github.benmanes.caffeine.cache.BoundedLocalCache.lambda$doComputeIfAbsent$14(BoundedLocalCache.java:2406)
execute	Execute Action	2026-09-26T09:28:24.3784406Z [pod/manual-maintenance-20260926-091315-phtnw/maintenance] 		at java.base/java.util.concurrent.ConcurrentHashMap.compute(ConcurrentHashMap.java:1916)
execute	Execute Action	2026-09-26T09:28:24.3785788Z [pod/manual-maintenance-20260926-091315-phtnw/maintenance] 		at org.apache.iceberg.shaded.com.github.benmanes.caffeine.cache.BoundedLocalCache.doComputeIfAbsent(BoundedLocalCache.java:2404)
execute	Execute Action	2026-09-26T09:28:24.3787358Z [pod/manual-maintenance-20260926-091315-phtnw/maintenance] 		at org.apache.iceberg.shaded.com.github.benmanes.caffeine.cache.BoundedLocalCache.computeIfAbsent(BoundedLocalCache.java:2387)
execute	Execute Action	2026-09-26T09:28:24.3788854Z [pod/manual-maintenance-20260926-091315-phtnw/maintenance] 		at org.apache.iceberg.shaded.com.github.benmanes.caffeine.cache.LocalCache.computeIfAbsent(LocalCache.java:108)
execute	Execute Action	2026-09-26T09:28:24.3790268Z [pod/manual-maintenance-20260926-091315-phtnw/maintenance] 		at org.apache.iceberg.shaded.com.github.benmanes.caffeine.cache.LocalManualCache.get(LocalManualCache.java:62)
execute	Execute Action	2026-09-26T09:28:24.3791592Z [pod/manual-maintenance-20260926-091315-phtnw/maintenance] 		at org.apache.iceberg.CachingCatalog.loadTable(CachingCatalog.java:147)
execute	Execute Action	2026-09-26T09:28:24.3792617Z [pod/manual-maintenance-20260926-091315-phtnw/maintenance] 		at org.apache.iceberg.spark.SparkCatalog.load(SparkCatalog.java:867)
execute	Execute Action	2026-09-26T09:28:24.3793650Z [pod/manual-maintenance-20260926-091315-phtnw/maintenance] 		at org.apache.iceberg.spark.SparkCatalog.loadTable(SparkCatalog.java:171)
execute	Execute Action	2026-09-26T09:28:24.3795021Z [pod/manual-maintenance-20260926-091315-phtnw/maintenance] 		at org.apache.iceberg.spark.procedures.BaseProcedure.loadSparkTable(BaseProcedure.java:168)
execute	Execute Action	2026-09-26T09:28:24.3796202Z [pod/manual-maintenance-20260926-091315-phtnw/maintenance] 		at org.apache.iceberg.spark.procedures.BaseProcedure.execute(BaseProcedure.java:129)
execute	Execute Action	2026-09-26T09:28:24.3797408Z [pod/manual-maintenance-20260926-091315-phtnw/maintenance] 		at org.apache.iceberg.spark.procedures.BaseProcedure.modifyIcebergTable(BaseProcedure.java:113)
execute	Execute Action	2026-09-26T09:28:24.3798702Z [pod/manual-maintenance-20260926-091315-phtnw/maintenance] 		at org.apache.iceberg.spark.procedures.ExpireSnapshotsProcedure.call(ExpireSnapshotsProcedure.java:135)
execute	Execute Action	2026-09-26T09:28:24.3800187Z [pod/manual-maintenance-20260926-091315-phtnw/maintenance] 		at org.apache.spark.sql.catalyst.analysis.InvokeProcedures.org$apache$spark$sql$catalyst$analysis$InvokeProcedures$$invoke(InvokeProcedures.scala:48)
execute	Execute Action	2026-09-26T09:28:24.3801804Z [pod/manual-maintenance-20260926-091315-phtnw/maintenance] 		at org.apache.spark.sql.catalyst.analysis.InvokeProcedures$$anonfun$apply$1.applyOrElse(InvokeProcedures.scala:40)
execute	Execute Action	2026-09-26T09:28:24.3803173Z [pod/manual-maintenance-20260926-091315-phtnw/maintenance] 		at org.apache.spark.sql.catalyst.analysis.InvokeProcedures$$anonfun$apply$1.applyOrElse(InvokeProcedures.scala:36)
execute	Execute Action	2026-09-26T09:28:24.3804618Z [pod/manual-maintenance-20260926-091315-phtnw/maintenance] 		at org.apache.spark.sql.catalyst.plans.logical.AnalysisHelper.$anonfun$resolveOperatorsDownWithPruning$2(AnalysisHelper.scala:200)
execute	Execute Action	2026-09-26T09:28:24.3805927Z [pod/manual-maintenance-20260926-091315-phtnw/maintenance] 		at org.apache.spark.sql.catalyst.trees.CurrentOrigin$.withOrigin(origin.scala:86)
execute	Execute Action	2026-09-26T09:28:24.3807233Z [pod/manual-maintenance-20260926-091315-phtnw/maintenance] 		at org.apache.spark.sql.catalyst.plans.logical.AnalysisHelper.$anonfun$resolveOperatorsDownWithPruning$1(AnalysisHelper.scala:200)
execute	Execute Action	2026-09-26T09:28:24.3808849Z [pod/manual-maintenance-20260926-091315-phtnw/maintenance] 		at org.apache.spark.sql.catalyst.plans.logical.AnalysisHelper$.allowInvokingTransformsInAnalyzer(AnalysisHelper.scala:416)
execute	Execute Action	2026-09-26T09:28:24.3810329Z [pod/manual-maintenance-20260926-091315-phtnw/maintenance] 		at org.apache.spark.sql.catalyst.plans.logical.AnalysisHelper.resolveOperatorsDownWithPruning(AnalysisHelper.scala:198)
execute	Execute Action	2026-09-26T09:28:24.3811934Z [pod/manual-maintenance-20260926-091315-phtnw/maintenance] 		at org.apache.spark.sql.catalyst.plans.logical.AnalysisHelper.resolveOperatorsDownWithPruning$(AnalysisHelper.scala:194)
execute	Execute Action	2026-09-26T09:28:24.3813405Z [pod/manual-maintenance-20260926-091315-phtnw/maintenance] 		at org.apache.spark.sql.catalyst.plans.logical.LogicalPlan.resolveOperatorsDownWithPruning(LogicalPlan.scala:37)
execute	Execute Action	2026-09-26T09:28:24.3814850Z [pod/manual-maintenance-20260926-091315-phtnw/maintenance] 		at org.apache.spark.sql.catalyst.plans.logical.AnalysisHelper.resolveOperatorsWithPruning(AnalysisHelper.scala:100)
execute	Execute Action	2026-09-26T09:28:24.3816308Z [pod/manual-maintenance-20260926-091315-phtnw/maintenance] 		at org.apache.spark.sql.catalyst.plans.logical.AnalysisHelper.resolveOperatorsWithPruning$(AnalysisHelper.scala:97)
execute	Execute Action	2026-09-26T09:28:24.3817721Z [pod/manual-maintenance-20260926-091315-phtnw/maintenance] 		at org.apache.spark.sql.catalyst.plans.logical.LogicalPlan.resolveOperatorsWithPruning(LogicalPlan.scala:37)
execute	Execute Action	2026-09-26T09:28:24.3819079Z [pod/manual-maintenance-20260926-091315-phtnw/maintenance] 		at org.apache.spark.sql.catalyst.plans.logical.AnalysisHelper.resolveOperators(AnalysisHelper.scala:77)
execute	Execute Action	2026-09-26T09:28:24.3820407Z [pod/manual-maintenance-20260926-091315-phtnw/maintenance] 		at org.apache.spark.sql.catalyst.plans.logical.AnalysisHelper.resolveOperators$(AnalysisHelper.scala:76)
execute	Execute Action	2026-09-26T09:28:24.3821840Z [pod/manual-maintenance-20260926-091315-phtnw/maintenance] 		at org.apache.spark.sql.catalyst.plans.logical.LogicalPlan.resolveOperators(LogicalPlan.scala:37)
execute	Execute Action	2026-09-26T09:28:24.3823277Z [pod/manual-maintenance-20260926-091315-phtnw/maintenance] 		at org.apache.spark.sql.catalyst.analysis.InvokeProcedures.apply(InvokeProcedures.scala:36)
execute	Execute Action	2026-09-26T09:28:24.3824496Z [pod/manual-maintenance-20260926-091315-phtnw/maintenance] 		at org.apache.spark.sql.catalyst.analysis.InvokeProcedures.apply(InvokeProcedures.scala:34)
execute	Execute Action	2026-09-26T09:28:24.3825708Z [pod/manual-maintenance-20260926-091315-phtnw/maintenance] 		at org.apache.spark.sql.catalyst.rules.RuleExecutor.$anonfun$execute$2(RuleExecutor.scala:242)
execute	Execute Action	2026-09-26T09:28:24.3826799Z [pod/manual-maintenance-20260926-091315-phtnw/maintenance] 		at scala.collection.LinearSeqOps.foldLeft(LinearSeq.scala:183)
execute	Execute Action	2026-09-26T09:28:24.3827771Z [pod/manual-maintenance-20260926-091315-phtnw/maintenance] 		at scala.collection.LinearSeqOps.foldLeft$(LinearSeq.scala:179)
execute	Execute Action	2026-09-26T09:28:24.3828729Z [pod/manual-maintenance-20260926-091315-phtnw/maintenance] 		at scala.collection.immutable.List.foldLeft(List.scala:79)
execute	Execute Action	2026-09-26T09:28:24.3829804Z [pod/manual-maintenance-20260926-091315-phtnw/maintenance] 		at org.apache.spark.sql.catalyst.rules.RuleExecutor.$anonfun$execute$1(RuleExecutor.scala:239)
execute	Execute Action	2026-09-26T09:28:24.3831047Z [pod/manual-maintenance-20260926-091315-phtnw/maintenance] 		at org.apache.spark.sql.catalyst.rules.RuleExecutor.$anonfun$execute$1$adapted(RuleExecutor.scala:231)
execute	Execute Action	2026-09-26T09:28:24.3832268Z [pod/manual-maintenance-20260926-091315-phtnw/maintenance] 		at scala.collection.immutable.List.foreach(List.scala:334)
execute	Execute Action	2026-09-26T09:28:24.3833309Z [pod/manual-maintenance-20260926-091315-phtnw/maintenance] 		at org.apache.spark.sql.catalyst.rules.RuleExecutor.execute(RuleExecutor.scala:231)
execute	Execute Action	2026-09-26T09:28:24.3834641Z [pod/manual-maintenance-20260926-091315-phtnw/maintenance] 		at org.apache.spark.sql.catalyst.analysis.Analyzer.org$apache$spark$sql$catalyst$analysis$Analyzer$$executeSameContext(Analyzer.scala:340)
execute	Execute Action	2026-09-26T09:28:24.3835977Z [pod/manual-maintenance-20260926-091315-phtnw/maintenance] 		at org.apache.spark.sql.catalyst.analysis.Analyzer.$anonfun$execute$1(Analyzer.scala:336)
execute	Execute Action	2026-09-26T09:28:24.3837319Z [pod/manual-maintenance-20260926-091315-phtnw/maintenance] 		at org.apache.spark.sql.catalyst.analysis.AnalysisContext$.withNewAnalysisContext(Analyzer.scala:234)
execute	Execute Action	2026-09-26T09:28:24.3838512Z [pod/manual-maintenance-20260926-091315-phtnw/maintenance] 		at org.apache.spark.sql.catalyst.analysis.Analyzer.execute(Analyzer.scala:336)
execute	Execute Action	2026-09-26T09:28:24.3839611Z [pod/manual-maintenance-20260926-091315-phtnw/maintenance] 		at org.apache.spark.sql.catalyst.analysis.Analyzer.execute(Analyzer.scala:299)
execute	Execute Action	2026-09-26T09:28:24.3840796Z [pod/manual-maintenance-20260926-091315-phtnw/maintenance] 		at org.apache.spark.sql.catalyst.rules.RuleExecutor.$anonfun$executeAndTrack$1(RuleExecutor.scala:201)
execute	Execute Action	2026-09-26T09:28:24.3842200Z [pod/manual-maintenance-20260926-091315-phtnw/maintenance] 		at org.apache.spark.sql.catalyst.QueryPlanningTracker$.withTracker(QueryPlanningTracker.scala:89)
execute	Execute Action	2026-09-26T09:28:24.3843440Z [pod/manual-maintenance-20260926-091315-phtnw/maintenance] 		at org.apache.spark.sql.catalyst.rules.RuleExecutor.executeAndTrack(RuleExecutor.scala:201)
execute	Execute Action	2026-09-26T09:28:24.3844759Z [pod/manual-maintenance-20260926-091315-phtnw/maintenance] 		at org.apache.spark.sql.catalyst.analysis.resolver.HybridAnalyzer.resolveInFixedPoint(HybridAnalyzer.scala:190)
execute	Execute Action	2026-09-26T09:28:24.3846131Z [pod/manual-maintenance-20260926-091315-phtnw/maintenance] 		at org.apache.spark.sql.catalyst.analysis.resolver.HybridAnalyzer.$anonfun$apply$1(HybridAnalyzer.scala:76)
execute	Execute Action	2026-09-26T09:28:24.3847568Z [pod/manual-maintenance-20260926-091315-phtnw/maintenance] 		at org.apache.spark.sql.catalyst.analysis.resolver.HybridAnalyzer.withTrackedAnalyzerBridgeState(HybridAnalyzer.scala:111)
execute	Execute Action	2026-09-26T09:28:24.3848969Z [pod/manual-maintenance-20260926-091315-phtnw/maintenance] 		at org.apache.spark.sql.catalyst.analysis.resolver.HybridAnalyzer.apply(HybridAnalyzer.scala:71)
execute	Execute Action	2026-09-26T09:28:24.3850219Z [pod/manual-maintenance-20260926-091315-phtnw/maintenance] 		at org.apache.spark.sql.catalyst.analysis.Analyzer.$anonfun$executeAndCheck$1(Analyzer.scala:330)
execute	Execute Action	2026-09-26T09:28:24.3851737Z [pod/manual-maintenance-20260926-091315-phtnw/maintenance] 		at org.apache.spark.sql.catalyst.plans.logical.AnalysisHelper$.markInAnalyzer(AnalysisHelper.scala:423)
execute	Execute Action	2026-09-26T09:28:24.3852989Z [pod/manual-maintenance-20260926-091315-phtnw/maintenance] 		at org.apache.spark.sql.catalyst.analysis.Analyzer.executeAndCheck(Analyzer.scala:330)
execute	Execute Action	2026-09-26T09:28:24.3854202Z [pod/manual-maintenance-20260926-091315-phtnw/maintenance] 		at org.apache.spark.sql.execution.QueryExecution.$anonfun$lazyAnalyzed$2(QueryExecution.scala:110)
execute	Execute Action	2026-09-26T09:28:24.3855464Z [pod/manual-maintenance-20260926-091315-phtnw/maintenance] 		at org.apache.spark.sql.catalyst.QueryPlanningTracker.measurePhase(QueryPlanningTracker.scala:148)
execute	Execute Action	2026-09-26T09:28:24.3856721Z [pod/manual-maintenance-20260926-091315-phtnw/maintenance] 		at org.apache.spark.sql.execution.QueryExecution.$anonfun$executePhase$2(QueryExecution.scala:278)
execute	Execute Action	2026-09-26T09:28:24.3857942Z [pod/manual-maintenance-20260926-091315-phtnw/maintenance] 		at org.apache.spark.sql.execution.QueryExecution$.withInternalError(QueryExecution.scala:654)
execute	Execute Action	2026-09-26T09:28:24.3859158Z [pod/manual-maintenance-20260926-091315-phtnw/maintenance] 		at org.apache.spark.sql.execution.QueryExecution.$anonfun$executePhase$1(QueryExecution.scala:278)
execute	Execute Action	2026-09-26T09:28:24.3860470Z [pod/manual-maintenance-20260926-091315-phtnw/maintenance] 		at org.apache.spark.sql.SparkSession.withActive(SparkSession.scala:804)
execute	Execute Action	2026-09-26T09:28:24.3861855Z [pod/manual-maintenance-20260926-091315-phtnw/maintenance] 		at org.apache.spark.sql.execution.QueryExecution.executePhase(QueryExecution.scala:277)
execute	Execute Action	2026-09-26T09:28:24.3863078Z [pod/manual-maintenance-20260926-091315-phtnw/maintenance] 		at org.apache.spark.sql.execution.QueryExecution.$anonfun$lazyAnalyzed$1(QueryExecution.scala:110)
execute	Execute Action	2026-09-26T09:28:24.3864095Z [pod/manual-maintenance-20260926-091315-phtnw/maintenance] 		at scala.util.Try$.apply(Try.scala:217)
execute	Execute Action	2026-09-26T09:28:24.3865167Z [pod/manual-maintenance-20260926-091315-phtnw/maintenance] 		at org.apache.spark.util.Utils$.doTryWithCallerStacktrace(Utils.scala:1378)
execute	Execute Action	2026-09-26T09:28:24.3866184Z [pod/manual-maintenance-20260926-091315-phtnw/maintenance] 		at org.apache.spark.util.LazyTry.tryT$lzycompute(LazyTry.scala:46)
execute	Execute Action	2026-09-26T09:28:24.3867130Z [pod/manual-maintenance-20260926-091315-phtnw/maintenance] 		at org.apache.spark.util.LazyTry.tryT(LazyTry.scala:46)
execute	Execute Action	2026-09-26T09:28:24.3867880Z [pod/manual-maintenance-20260926-091315-phtnw/maintenance] 		... 22 more
execute	Execute Action	2026-09-26T09:28:24.3868557Z [pod/manual-maintenance-20260926-091315-phtnw/maintenance] 
execute	Execute Action	2026-09-26T09:28:24.3869273Z [pod/manual-maintenance-20260926-091315-phtnw/maintenance] 26/09/26 09:26:39 WARN Spark3Util: Failed to load catalog: events
execute	Execute Action	2026-09-26T09:28:24.3870754Z [pod/manual-maintenance-20260926-091315-phtnw/maintenance] org.apache.spark.sql.connector.catalog.CatalogNotFoundException: [CATALOG_NOT_FOUND] The catalog `events` not found. Consider to set the SQL config "spark.sql.catalog.events" to a catalog plugin. SQLSTATE: 42P08
execute	Execute Action	2026-09-26T09:28:24.3872918Z [pod/manual-maintenance-20260926-091315-phtnw/maintenance] 	at org.apache.spark.sql.errors.QueryExecutionErrors$.catalogNotFoundError(QueryExecutionErrors.scala:1809)
execute	Execute Action	2026-09-26T09:28:24.3874127Z [pod/manual-maintenance-20260926-091315-phtnw/maintenance] 	at org.apache.spark.sql.connector.catalog.Catalogs$.load(Catalogs.scala:56)
execute	Execute Action	2026-09-26T09:28:24.3875287Z [pod/manual-maintenance-20260926-091315-phtnw/maintenance] 	at org.apache.spark.sql.connector.catalog.CatalogManager.$anonfun$catalog$1(CatalogManager.scala:56)
execute	Execute Action	2026-09-26T09:28:24.3876445Z [pod/manual-maintenance-20260926-091315-phtnw/maintenance] 	at scala.collection.mutable.HashMap.getOrElseUpdate(HashMap.scala:469)
execute	Execute Action	2026-09-26T09:28:24.3877560Z [pod/manual-maintenance-20260926-091315-phtnw/maintenance] 	at org.apache.spark.sql.connector.catalog.CatalogManager.catalog(CatalogManager.scala:56)
execute	Execute Action	2026-09-26T09:28:24.3878895Z [pod/manual-maintenance-20260926-091315-phtnw/maintenance] 	at org.apache.iceberg.spark.Spark3Util.lambda$catalogAndIdentifier$3(Spark3Util.java:815)
execute	Execute Action	2026-09-26T09:28:24.3880035Z [pod/manual-maintenance-20260926-091315-phtnw/maintenance] 	at org.apache.iceberg.spark.SparkUtil.catalogAndIdentifier(SparkUtil.java:122)
execute	Execute Action	2026-09-26T09:28:24.3881145Z [pod/manual-maintenance-20260926-091315-phtnw/maintenance] 	at org.apache.iceberg.spark.Spark3Util.catalogAndIdentifier(Spark3Util.java:811)
execute	Execute Action	2026-09-26T09:28:24.3882387Z [pod/manual-maintenance-20260926-091315-phtnw/maintenance] 	at org.apache.iceberg.spark.Spark3Util.catalogAndIdentifier(Spark3Util.java:766)
execute	Execute Action	2026-09-26T09:28:24.3883494Z [pod/manual-maintenance-20260926-091315-phtnw/maintenance] 	at org.apache.iceberg.spark.Spark3Util.catalogAndIdentifier(Spark3Util.java:778)
execute	Execute Action	2026-09-26T09:28:24.3884669Z [pod/manual-maintenance-20260926-091315-phtnw/maintenance] 	at org.apache.iceberg.spark.procedures.ProcedureInput.catalogAndIdent(ProcedureInput.java:243)
execute	Execute Action	2026-09-26T09:28:24.3885876Z [pod/manual-maintenance-20260926-091315-phtnw/maintenance] 	at org.apache.iceberg.spark.procedures.ProcedureInput.ident(ProcedureInput.java:215)
execute	Execute Action	2026-09-26T09:28:24.3887135Z [pod/manual-maintenance-20260926-091315-phtnw/maintenance] 	at org.apache.iceberg.spark.procedures.RemoveOrphanFilesProcedure.call(RemoveOrphanFilesProcedure.java:132)
execute	Execute Action	2026-09-26T09:28:24.3888632Z [pod/manual-maintenance-20260926-091315-phtnw/maintenance] 	at org.apache.spark.sql.catalyst.analysis.InvokeProcedures.org$apache$spark$sql$catalyst$analysis$InvokeProcedures$$invoke(InvokeProcedures.scala:48)
execute	Execute Action	2026-09-26T09:28:24.3890523Z [pod/manual-maintenance-20260926-091315-phtnw/maintenance] 	at org.apache.spark.sql.catalyst.analysis.InvokeProcedures$$anonfun$apply$1.applyOrElse(InvokeProcedures.scala:40)
execute	Execute Action	2026-09-26T09:28:24.3892118Z [pod/manual-maintenance-20260926-091315-phtnw/maintenance] 	at org.apache.spark.sql.catalyst.analysis.InvokeProcedures$$anonfun$apply$1.applyOrElse(InvokeProcedures.scala:36)
execute	Execute Action	2026-09-26T09:28:24.3893569Z [pod/manual-maintenance-20260926-091315-phtnw/maintenance] 	at org.apache.spark.sql.catalyst.plans.logical.AnalysisHelper.$anonfun$resolveOperatorsDownWithPruning$2(AnalysisHelper.scala:200)
execute	Execute Action	2026-09-26T09:28:24.3895037Z [pod/manual-maintenance-20260926-091315-phtnw/maintenance] 	at org.apache.spark.sql.catalyst.trees.CurrentOrigin$.withOrigin(origin.scala:86)
execute	Execute Action	2026-09-26T09:28:24.3896344Z [pod/manual-maintenance-20260926-091315-phtnw/maintenance] 	at org.apache.spark.sql.catalyst.plans.logical.AnalysisHelper.$anonfun$resolveOperatorsDownWithPruning$1(AnalysisHelper.scala:200)
execute	Execute Action	2026-09-26T09:28:24.3897826Z [pod/manual-maintenance-20260926-091315-phtnw/maintenance] 	at org.apache.spark.sql.catalyst.plans.logical.AnalysisHelper$.allowInvokingTransformsInAnalyzer(AnalysisHelper.scala:416)
execute	Execute Action	2026-09-26T09:28:24.3899304Z [pod/manual-maintenance-20260926-091315-phtnw/maintenance] 	at org.apache.spark.sql.catalyst.plans.logical.AnalysisHelper.resolveOperatorsDownWithPruning(AnalysisHelper.scala:198)
execute	Execute Action	2026-09-26T09:28:24.3900811Z [pod/manual-maintenance-20260926-091315-phtnw/maintenance] 	at org.apache.spark.sql.catalyst.plans.logical.AnalysisHelper.resolveOperatorsDownWithPruning$(AnalysisHelper.scala:194)
execute	Execute Action	2026-09-26T09:28:24.3902386Z [pod/manual-maintenance-20260926-091315-phtnw/maintenance] 	at org.apache.spark.sql.catalyst.plans.logical.LogicalPlan.resolveOperatorsDownWithPruning(LogicalPlan.scala:37)
execute	Execute Action	2026-09-26T09:28:24.3903833Z [pod/manual-maintenance-20260926-091315-phtnw/maintenance] 	at org.apache.spark.sql.catalyst.plans.logical.AnalysisHelper.resolveOperatorsWithPruning(AnalysisHelper.scala:100)
execute	Execute Action	2026-09-26T09:28:24.3905287Z [pod/manual-maintenance-20260926-091315-phtnw/maintenance] 	at org.apache.spark.sql.catalyst.plans.logical.AnalysisHelper.resolveOperatorsWithPruning$(AnalysisHelper.scala:97)
execute	Execute Action	2026-09-26T09:28:24.3906703Z [pod/manual-maintenance-20260926-091315-phtnw/maintenance] 	at org.apache.spark.sql.catalyst.plans.logical.LogicalPlan.resolveOperatorsWithPruning(LogicalPlan.scala:37)
execute	Execute Action	2026-09-26T09:28:24.3908236Z [pod/manual-maintenance-20260926-091315-phtnw/maintenance] 	at org.apache.spark.sql.catalyst.plans.logical.AnalysisHelper.resolveOperators(AnalysisHelper.scala:77)
execute	Execute Action	2026-09-26T09:28:24.3909574Z [pod/manual-maintenance-20260926-091315-phtnw/maintenance] 	at org.apache.spark.sql.catalyst.plans.logical.AnalysisHelper.resolveOperators$(AnalysisHelper.scala:76)
execute	Execute Action	2026-09-26T09:28:24.3911127Z [pod/manual-maintenance-20260926-091315-phtnw/maintenance] 	at org.apache.spark.sql.catalyst.plans.logical.LogicalPlan.resolveOperators(LogicalPlan.scala:37)
execute	Execute Action	2026-09-26T09:28:24.3912643Z [pod/manual-maintenance-20260926-091315-phtnw/maintenance] 	at org.apache.spark.sql.catalyst.analysis.InvokeProcedures.apply(InvokeProcedures.scala:36)
execute	Execute Action	2026-09-26T09:28:24.3913868Z [pod/manual-maintenance-20260926-091315-phtnw/maintenance] 	at org.apache.spark.sql.catalyst.analysis.InvokeProcedures.apply(InvokeProcedures.scala:34)
execute	Execute Action	2026-09-26T09:28:24.3915073Z [pod/manual-maintenance-20260926-091315-phtnw/maintenance] 	at org.apache.spark.sql.catalyst.rules.RuleExecutor.$anonfun$execute$2(RuleExecutor.scala:242)
execute	Execute Action	2026-09-26T09:28:24.3916176Z [pod/manual-maintenance-20260926-091315-phtnw/maintenance] 	at scala.collection.LinearSeqOps.foldLeft(LinearSeq.scala:183)
execute	Execute Action	2026-09-26T09:28:24.3917148Z [pod/manual-maintenance-20260926-091315-phtnw/maintenance] 	at scala.collection.LinearSeqOps.foldLeft$(LinearSeq.scala:179)
execute	Execute Action	2026-09-26T09:28:24.3918100Z [pod/manual-maintenance-20260926-091315-phtnw/maintenance] 	at scala.collection.immutable.List.foldLeft(List.scala:79)
execute	Execute Action	2026-09-26T09:28:24.3919165Z [pod/manual-maintenance-20260926-091315-phtnw/maintenance] 	at org.apache.spark.sql.catalyst.rules.RuleExecutor.$anonfun$execute$1(RuleExecutor.scala:239)
execute	Execute Action	2026-09-26T09:28:24.3920398Z [pod/manual-maintenance-20260926-091315-phtnw/maintenance] 	at org.apache.spark.sql.catalyst.rules.RuleExecutor.$anonfun$execute$1$adapted(RuleExecutor.scala:231)
execute	Execute Action	2026-09-26T09:28:24.3921728Z [pod/manual-maintenance-20260926-091315-phtnw/maintenance] 	at scala.collection.immutable.List.foreach(List.scala:334)
execute	Execute Action	2026-09-26T09:28:24.3923064Z [pod/manual-maintenance-20260926-091315-phtnw/maintenance] 	at org.apache.spark.sql.catalyst.rules.RuleExecutor.execute(RuleExecutor.scala:231)
execute	Execute Action	2026-09-26T09:28:24.3924391Z [pod/manual-maintenance-20260926-091315-phtnw/maintenance] 	at org.apache.spark.sql.catalyst.analysis.Analyzer.org$apache$spark$sql$catalyst$analysis$Analyzer$$executeSameContext(Analyzer.scala:340)
execute	Execute Action	2026-09-26T09:28:24.3925735Z [pod/manual-maintenance-20260926-091315-phtnw/maintenance] 	at org.apache.spark.sql.catalyst.analysis.Analyzer.$anonfun$execute$1(Analyzer.scala:336)
execute	Execute Action	2026-09-26T09:28:24.3926953Z [pod/manual-maintenance-20260926-091315-phtnw/maintenance] 	at org.apache.spark.sql.catalyst.analysis.AnalysisContext$.withNewAnalysisContext(Analyzer.scala:234)
execute	Execute Action	2026-09-26T09:28:24.3928189Z [pod/manual-maintenance-20260926-091315-phtnw/maintenance] 	at org.apache.spark.sql.catalyst.analysis.Analyzer.execute(Analyzer.scala:336)
execute	Execute Action	2026-09-26T09:28:24.3929351Z [pod/manual-maintenance-20260926-091315-phtnw/maintenance] 	at org.apache.spark.sql.catalyst.analysis.Analyzer.execute(Analyzer.scala:299)
execute	Execute Action	2026-09-26T09:28:24.3930547Z [pod/manual-maintenance-20260926-091315-phtnw/maintenance] 	at org.apache.spark.sql.catalyst.rules.RuleExecutor.$anonfun$executeAndTrack$1(RuleExecutor.scala:201)
execute	Execute Action	2026-09-26T09:28:24.3932498Z [pod/manual-maintenance-20260926-091315-phtnw/maintenance] 	at org.apache.spark.sql.catalyst.QueryPlanningTracker$.withTracker(QueryPlanningTracker.scala:89)
execute	Execute Action	2026-09-26T09:28:24.3934247Z [pod/manual-maintenance-20260926-091315-phtnw/maintenance] 	at org.apache.spark.sql.catalyst.rules.RuleExecutor.executeAndTrack(RuleExecutor.scala:201)
execute	Execute Action	2026-09-26T09:28:24.3935598Z [pod/manual-maintenance-20260926-091315-phtnw/maintenance] 	at org.apache.spark.sql.catalyst.analysis.resolver.HybridAnalyzer.resolveInFixedPoint(HybridAnalyzer.scala:190)
execute	Execute Action	2026-09-26T09:28:24.3936979Z [pod/manual-maintenance-20260926-091315-phtnw/maintenance] 	at org.apache.spark.sql.catalyst.analysis.resolver.HybridAnalyzer.$anonfun$apply$1(HybridAnalyzer.scala:76)
execute	Execute Action	2026-09-26T09:28:24.3938583Z [pod/manual-maintenance-20260926-091315-phtnw/maintenance] 	at org.apache.spark.sql.catalyst.analysis.resolver.HybridAnalyzer.withTrackedAnalyzerBridgeState(HybridAnalyzer.scala:111)
execute	Execute Action	2026-09-26T09:28:24.3939983Z [pod/manual-maintenance-20260926-091315-phtnw/maintenance] 	at org.apache.spark.sql.catalyst.analysis.resolver.HybridAnalyzer.apply(HybridAnalyzer.scala:71)
execute	Execute Action	2026-09-26T09:28:24.3941269Z [pod/manual-maintenance-20260926-091315-phtnw/maintenance] 	at org.apache.spark.sql.catalyst.analysis.Analyzer.$anonfun$executeAndCheck$1(Analyzer.scala:330)
execute	Execute Action	2026-09-26T09:28:24.3942855Z [pod/manual-maintenance-20260926-091315-phtnw/maintenance] 	at org.apache.spark.sql.catalyst.plans.logical.AnalysisHelper$.markInAnalyzer(AnalysisHelper.scala:423)
execute	Execute Action	2026-09-26T09:28:24.3944124Z [pod/manual-maintenance-20260926-091315-phtnw/maintenance] 	at org.apache.spark.sql.catalyst.analysis.Analyzer.executeAndCheck(Analyzer.scala:330)
execute	Execute Action	2026-09-26T09:28:24.3945349Z [pod/manual-maintenance-20260926-091315-phtnw/maintenance] 	at org.apache.spark.sql.execution.QueryExecution.$anonfun$lazyAnalyzed$2(QueryExecution.scala:110)
execute	Execute Action	2026-09-26T09:28:24.3946614Z [pod/manual-maintenance-20260926-091315-phtnw/maintenance] 	at org.apache.spark.sql.catalyst.QueryPlanningTracker.measurePhase(QueryPlanningTracker.scala:148)
execute	Execute Action	2026-09-26T09:28:24.3947867Z [pod/manual-maintenance-20260926-091315-phtnw/maintenance] 	at org.apache.spark.sql.execution.QueryExecution.$anonfun$executePhase$2(QueryExecution.scala:278)
execute	Execute Action	2026-09-26T09:28:24.3949337Z [pod/manual-maintenance-20260926-091315-phtnw/maintenance] 	at org.apache.spark.sql.execution.QueryExecution$.withInternalError(QueryExecution.scala:654)
execute	Execute Action	2026-09-26T09:28:24.3950840Z [pod/manual-maintenance-20260926-091315-phtnw/maintenance] 	at org.apache.spark.sql.execution.QueryExecution.$anonfun$executePhase$1(QueryExecution.scala:278)
execute	Execute Action	2026-09-26T09:28:24.3952676Z [pod/manual-maintenance-20260926-091315-phtnw/maintenance] 	at org.apache.spark.sql.SparkSession.withActive(SparkSession.scala:804)
execute	Execute Action	2026-09-26T09:28:24.3954038Z [pod/manual-maintenance-20260926-091315-phtnw/maintenance] 	at org.apache.spark.sql.execution.QueryExecution.executePhase(QueryExecution.scala:277)
execute	Execute Action	2026-09-26T09:28:24.3955259Z [pod/manual-maintenance-20260926-091315-phtnw/maintenance] 	at org.apache.spark.sql.execution.QueryExecution.$anonfun$lazyAnalyzed$1(QueryExecution.scala:110)
execute	Execute Action	2026-09-26T09:28:24.3956276Z [pod/manual-maintenance-20260926-091315-phtnw/maintenance] 	at scala.util.Try$.apply(Try.scala:217)
execute	Execute Action	2026-09-26T09:28:24.3957198Z [pod/manual-maintenance-20260926-091315-phtnw/maintenance] 	at org.apache.spark.util.Utils$.doTryWithCallerStacktrace(Utils.scala:1378)
execute	Execute Action	2026-09-26T09:28:24.3958222Z [pod/manual-maintenance-20260926-091315-phtnw/maintenance] 	at org.apache.spark.util.LazyTry.tryT$lzycompute(LazyTry.scala:46)
execute	Execute Action	2026-09-26T09:28:24.3959173Z [pod/manual-maintenance-20260926-091315-phtnw/maintenance] 	at org.apache.spark.util.LazyTry.tryT(LazyTry.scala:46)
execute	Execute Action	2026-09-26T09:28:24.3960085Z [pod/manual-maintenance-20260926-091315-phtnw/maintenance] 	at org.apache.spark.util.LazyTry.get(LazyTry.scala:58)
execute	Execute Action	2026-09-26T09:28:24.3961114Z [pod/manual-maintenance-20260926-091315-phtnw/maintenance] 	at org.apache.spark.sql.execution.QueryExecution.analyzed(QueryExecution.scala:121)
execute	Execute Action	2026-09-26T09:28:24.3962890Z [pod/manual-maintenance-20260926-091315-phtnw/maintenance] 	at org.apache.spark.sql.execution.QueryExecution.assertAnalyzed(QueryExecution.scala:80)
execute	Execute Action	2026-09-26T09:28:24.3964036Z [pod/manual-maintenance-20260926-091315-phtnw/maintenance] 	at org.apache.spark.sql.classic.Dataset$.$anonfun$ofRows$5(Dataset.scala:139)
execute	Execute Action	2026-09-26T09:28:24.3965084Z [pod/manual-maintenance-20260926-091315-phtnw/maintenance] 	at org.apache.spark.sql.SparkSession.withActive(SparkSession.scala:804)
execute	Execute Action	2026-09-26T09:28:24.3966246Z [pod/manual-maintenance-20260926-091315-phtnw/maintenance] 	at org.apache.spark.sql.classic.Dataset$.ofRows(Dataset.scala:136)
execute	Execute Action	2026-09-26T09:28:24.3967614Z [pod/manual-maintenance-20260926-091315-phtnw/maintenance] 	at org.apache.spark.sql.classic.SparkSession.$anonfun$sql$1(SparkSession.scala:462)
execute	Execute Action	2026-09-26T09:28:24.3968698Z [pod/manual-maintenance-20260926-091315-phtnw/maintenance] 	at org.apache.spark.sql.SparkSession.withActive(SparkSession.scala:804)
execute	Execute Action	2026-09-26T09:28:24.3969861Z [pod/manual-maintenance-20260926-091315-phtnw/maintenance] 	at org.apache.spark.sql.classic.SparkSession.sql(SparkSession.scala:449)
execute	Execute Action	2026-09-26T09:28:24.3970906Z [pod/manual-maintenance-20260926-091315-phtnw/maintenance] 	at org.apache.spark.sql.classic.SparkSession.sql(SparkSession.scala:467)
execute	Execute Action	2026-09-26T09:28:24.3972550Z [pod/manual-maintenance-20260926-091315-phtnw/maintenance] 	at java.base/jdk.internal.reflect.NativeMethodAccessorImpl.invoke0(Native Method)
execute	Execute Action	2026-09-26T09:28:24.3973768Z [pod/manual-maintenance-20260926-091315-phtnw/maintenance] 	at java.base/jdk.internal.reflect.NativeMethodAccessorImpl.invoke(NativeMethodAccessorImpl.java:77)
execute	Execute Action	2026-09-26T09:28:24.3975081Z [pod/manual-maintenance-20260926-091315-phtnw/maintenance] 	at java.base/jdk.internal.reflect.DelegatingMethodAccessorImpl.invoke(DelegatingMethodAccessorImpl.java:43)
execute	Execute Action	2026-09-26T09:28:24.3976251Z [pod/manual-maintenance-20260926-091315-phtnw/maintenance] 	at java.base/java.lang.reflect.Method.invoke(Method.java:569)
execute	Execute Action	2026-09-26T09:28:24.3977212Z [pod/manual-maintenance-20260926-091315-phtnw/maintenance] 	at py4j.reflection.MethodInvoker.invoke(MethodInvoker.java:244)
execute	Execute Action	2026-09-26T09:28:24.3978208Z [pod/manual-maintenance-20260926-091315-phtnw/maintenance] 	at py4j.reflection.ReflectionEngine.invoke(ReflectionEngine.java:374)
execute	Execute Action	2026-09-26T09:28:24.3979120Z [pod/manual-maintenance-20260926-091315-phtnw/maintenance] 	at py4j.Gateway.invoke(Gateway.java:282)
execute	Execute Action	2026-09-26T09:28:24.3980036Z [pod/manual-maintenance-20260926-091315-phtnw/maintenance] 	at py4j.commands.AbstractCommand.invokeMethod(AbstractCommand.java:132)
execute	Execute Action	2026-09-26T09:28:24.3981017Z [pod/manual-maintenance-20260926-091315-phtnw/maintenance] 	at py4j.commands.CallCommand.execute(CallCommand.java:79)
execute	Execute Action	2026-09-26T09:28:24.3982800Z [pod/manual-maintenance-20260926-091315-phtnw/maintenance] 	at py4j.ClientServerConnection.waitForCommands(ClientServerConnection.java:184)
execute	Execute Action	2026-09-26T09:28:24.3983885Z [pod/manual-maintenance-20260926-091315-phtnw/maintenance] 	at py4j.ClientServerConnection.run(ClientServerConnection.java:108)
execute	Execute Action	2026-09-26T09:28:24.3984825Z [pod/manual-maintenance-20260926-091315-phtnw/maintenance] 	at java.base/java.lang.Thread.run(Thread.java:840)
execute	Execute Action	2026-09-26T09:28:24.3986253Z [pod/manual-maintenance-20260926-091315-phtnw/maintenance] 26/09/26 09:26:39 INFO HttpRequestRetryExec: ex-0000000026 http://rustfs-svc.rustfs.svc.cluster.local:9000 responded with status 500; request will be automatically re-executed in 1022 MILLISECONDS (exec count 2)
execute	Execute Action	2026-09-26T09:28:24.3988198Z [pod/manual-maintenance-20260926-091315-phtnw/maintenance] 26/09/26 09:26:40 INFO HttpRequestRetryExec: ex-0000000026 http://rustfs-svc.rustfs.svc.cluster.local:9000 responded with status 500; request will be automatically re-executed in 2186 MILLISECONDS (exec count 3)
execute	Execute Action	2026-09-26T09:28:24.3990138Z [pod/manual-maintenance-20260926-091315-phtnw/maintenance] 26/09/26 09:26:42 INFO HttpRequestRetryExec: ex-0000000026 http://rustfs-svc.rustfs.svc.cluster.local:9000 responded with status 500; request will be automatically re-executed in 4330 MILLISECONDS (exec count 4)
execute	Execute Action	2026-09-26T09:28:24.3992355Z [pod/manual-maintenance-20260926-091315-phtnw/maintenance] 26/09/26 09:26:46 INFO HttpRequestRetryExec: ex-0000000026 http://rustfs-svc.rustfs.svc.cluster.local:9000 responded with status 500; request will be automatically re-executed in 8710 MILLISECONDS (exec count 5)
execute	Execute Action	2026-09-26T09:28:24.3994325Z [pod/manual-maintenance-20260926-091315-phtnw/maintenance] 26/09/26 09:26:55 INFO HttpRequestRetryExec: ex-0000000026 http://rustfs-svc.rustfs.svc.cluster.local:9000 responded with status 500; request will be automatically re-executed in 17133 MILLISECONDS (exec count 6)
execute	Execute Action	2026-09-26T09:28:24.3996001Z [pod/manual-maintenance-20260926-091315-phtnw/maintenance]     ✗ orphans: An error occurred while calling o68.sql.
execute	Execute Action	2026-09-26T09:28:24.3997348Z [pod/manual-maintenance-20260926-091315-phtnw/maintenance] : org.apache.iceberg.exceptions.ServiceFailureException: Server error: RESTException: persisted table metadata is invalid
execute	Execute Action	2026-09-26T09:28:24.3998664Z [pod/manual-maintenance-20260926-091315-phtnw/maintenance] 	at org.apache.iceberg.rest.ErrorHandlers$DefaultErrorHandler.accept(ErrorHandlers.java:350)
execute	Execute Action	2026-09-26T09:28:24.3999882Z [pod/manual-maintenance-20260926-091315-phtnw/maintenance] 	at org.apache.iceberg.rest.ErrorHandlers$TableErrorHandler.accept(ErrorHandlers.java:160)
execute	Execute Action	2026-09-26T09:28:24.4001045Z [pod/manual-maintenance-20260926-091315-phtnw/maintenance] 	at org.apache.iceberg.rest.ErrorHandlers$TableErrorHandler.accept(ErrorHandlers.java:142)
execute	Execute Action	2026-09-26T09:28:24.4002300Z [pod/manual-maintenance-20260926-091315-phtnw/maintenance] 	at org.apache.iceberg.rest.HTTPClient.throwFailure(HTTPClient.java:242)
execute	Execute Action	2026-09-26T09:28:24.4003363Z [pod/manual-maintenance-20260926-091315-phtnw/maintenance] 	at org.apache.iceberg.rest.HTTPClient.execute(HTTPClient.java:347)
execute	Execute Action	2026-09-26T09:28:24.4004368Z [pod/manual-maintenance-20260926-091315-phtnw/maintenance] 	at org.apache.iceberg.rest.HTTPClient.execute(HTTPClient.java:299)
execute	Execute Action	2026-09-26T09:28:24.4005387Z [pod/manual-maintenance-20260926-091315-phtnw/maintenance] 	at org.apache.iceberg.rest.BaseHTTPClient.get(BaseHTTPClient.java:101)
execute	Execute Action	2026-09-26T09:28:24.4006485Z [pod/manual-maintenance-20260926-091315-phtnw/maintenance] 	at org.apache.iceberg.rest.RESTSessionCatalog.loadInternal(RESTSessionCatalog.java:438)
execute	Execute Action	2026-09-26T09:28:24.4007654Z [pod/manual-maintenance-20260926-091315-phtnw/maintenance] 	at org.apache.iceberg.rest.RESTSessionCatalog.loadTable(RESTSessionCatalog.java:468)
execute	Execute Action	2026-09-26T09:28:24.4008845Z [pod/manual-maintenance-20260926-091315-phtnw/maintenance] 	at org.apache.iceberg.catalog.BaseSessionCatalog$AsCatalog.loadTable(BaseSessionCatalog.java:105)
execute	Execute Action	2026-09-26T09:28:24.4009982Z [pod/manual-maintenance-20260926-091315-phtnw/maintenance] 	at org.apache.iceberg.rest.RESTCatalog.loadTable(RESTCatalog.java:124)
execute	Execute Action	2026-09-26T09:28:24.4011746Z [pod/manual-maintenance-20260926-091315-phtnw/maintenance] 	at org.apache.iceberg.shaded.com.github.benmanes.caffeine.cache.BoundedLocalCache.lambda$doComputeIfAbsent$14(BoundedLocalCache.java:2406)
execute	Execute Action	2026-09-26T09:28:24.4013239Z [pod/manual-maintenance-20260926-091315-phtnw/maintenance] 	at java.base/java.util.concurrent.ConcurrentHashMap.compute(ConcurrentHashMap.java:1916)
execute	Execute Action	2026-09-26T09:28:24.4014651Z [pod/manual-maintenance-20260926-091315-phtnw/maintenance] 	at org.apache.iceberg.shaded.com.github.benmanes.caffeine.cache.BoundedLocalCache.doComputeIfAbsent(BoundedLocalCache.java:2404)
execute	Execute Action	2026-09-26T09:28:24.4016227Z [pod/manual-maintenance-20260926-091315-phtnw/maintenance] 	at org.apache.iceberg.shaded.com.github.benmanes.caffeine.cache.BoundedLocalCache.computeIfAbsent(BoundedLocalCache.java:2387)
execute	Execute Action	2026-09-26T09:28:24.4017719Z [pod/manual-maintenance-20260926-091315-phtnw/maintenance] 	at org.apache.iceberg.shaded.com.github.benmanes.caffeine.cache.LocalCache.computeIfAbsent(LocalCache.java:108)
execute	Execute Action	2026-09-26T09:28:24.4019146Z [pod/manual-maintenance-20260926-091315-phtnw/maintenance] 	at org.apache.iceberg.shaded.com.github.benmanes.caffeine.cache.LocalManualCache.get(LocalManualCache.java:62)
execute	Execute Action	2026-09-26T09:28:24.4020362Z [pod/manual-maintenance-20260926-091315-phtnw/maintenance] 	at org.apache.iceberg.CachingCatalog.loadTable(CachingCatalog.java:147)
execute	Execute Action	2026-09-26T09:28:24.4021644Z [pod/manual-maintenance-20260926-091315-phtnw/maintenance] 	at org.apache.iceberg.spark.SparkCatalog.load(SparkCatalog.java:867)
execute	Execute Action	2026-09-26T09:28:24.4022701Z [pod/manual-maintenance-20260926-091315-phtnw/maintenance] 	at org.apache.iceberg.spark.SparkCatalog.loadTable(SparkCatalog.java:171)
execute	Execute Action	2026-09-26T09:28:24.4023841Z [pod/manual-maintenance-20260926-091315-phtnw/maintenance] 	at org.apache.iceberg.spark.procedures.BaseProcedure.loadSparkTable(BaseProcedure.java:168)
execute	Execute Action	2026-09-26T09:28:24.4025189Z [pod/manual-maintenance-20260926-091315-phtnw/maintenance] 	at org.apache.iceberg.spark.procedures.BaseProcedure.execute(BaseProcedure.java:129)
execute	Execute Action	2026-09-26T09:28:24.4026389Z [pod/manual-maintenance-20260926-091315-phtnw/maintenance] 	at org.apache.iceberg.spark.procedures.BaseProcedure.withIcebergTable(BaseProcedure.java:121)
execute	Execute Action	2026-09-26T09:28:24.4027690Z [pod/manual-maintenance-20260926-091315-phtnw/maintenance] 	at org.apache.iceberg.spark.procedures.RemoveOrphanFilesProcedure.call(RemoveOrphanFilesProcedure.java:153)
execute	Execute Action	2026-09-26T09:28:24.4029184Z [pod/manual-maintenance-20260926-091315-phtnw/maintenance] 	at org.apache.spark.sql.catalyst.analysis.InvokeProcedures.org$apache$spark$sql$catalyst$analysis$InvokeProcedures$$invoke(InvokeProcedures.scala:48)
execute	Execute Action	2026-09-26T09:28:24.4030699Z [pod/manual-maintenance-20260926-091315-phtnw/maintenance] 	at org.apache.spark.sql.catalyst.analysis.InvokeProcedures$$anonfun$apply$1.applyOrElse(InvokeProcedures.scala:40)
execute	Execute Action	2026-09-26T09:28:24.4032496Z [pod/manual-maintenance-20260926-091315-phtnw/maintenance] 	at org.apache.spark.sql.catalyst.analysis.InvokeProcedures$$anonfun$apply$1.applyOrElse(InvokeProcedures.scala:36)
execute	Execute Action	2026-09-26T09:28:24.4033986Z [pod/manual-maintenance-20260926-091315-phtnw/maintenance] 	at org.apache.spark.sql.catalyst.plans.logical.AnalysisHelper.$anonfun$resolveOperatorsDownWithPruning$2(AnalysisHelper.scala:200)
execute	Execute Action	2026-09-26T09:28:24.4035309Z [pod/manual-maintenance-20260926-091315-phtnw/maintenance] 	at org.apache.spark.sql.catalyst.trees.CurrentOrigin$.withOrigin(origin.scala:86)
execute	Execute Action	2026-09-26T09:28:24.4036623Z [pod/manual-maintenance-20260926-091315-phtnw/maintenance] 	at org.apache.spark.sql.catalyst.plans.logical.AnalysisHelper.$anonfun$resolveOperatorsDownWithPruning$1(AnalysisHelper.scala:200)
execute	Execute Action	2026-09-26T09:28:24.4038114Z [pod/manual-maintenance-20260926-091315-phtnw/maintenance] 	at org.apache.spark.sql.catalyst.plans.logical.AnalysisHelper$.allowInvokingTransformsInAnalyzer(AnalysisHelper.scala:416)
execute	Execute Action	2026-09-26T09:28:24.4039593Z [pod/manual-maintenance-20260926-091315-phtnw/maintenance] 	at org.apache.spark.sql.catalyst.plans.logical.AnalysisHelper.resolveOperatorsDownWithPruning(AnalysisHelper.scala:198)
execute	Execute Action	2026-09-26T09:28:24.4041632Z [pod/manual-maintenance-20260926-091315-phtnw/maintenance] 	at org.apache.spark.sql.catalyst.plans.logical.AnalysisHelper.resolveOperatorsDownWithPruning$(AnalysisHelper.scala:194)
execute	Execute Action	2026-09-26T09:28:24.4043227Z [pod/manual-maintenance-20260926-091315-phtnw/maintenance] 	at org.apache.spark.sql.catalyst.plans.logical.LogicalPlan.resolveOperatorsDownWithPruning(LogicalPlan.scala:37)
execute	Execute Action	2026-09-26T09:28:24.4044689Z [pod/manual-maintenance-20260926-091315-phtnw/maintenance] 	at org.apache.spark.sql.catalyst.plans.logical.AnalysisHelper.resolveOperatorsWithPruning(AnalysisHelper.scala:100)
execute	Execute Action	2026-09-26T09:28:24.4046145Z [pod/manual-maintenance-20260926-091315-phtnw/maintenance] 	at org.apache.spark.sql.catalyst.plans.logical.AnalysisHelper.resolveOperatorsWithPruning$(AnalysisHelper.scala:97)
execute	Execute Action	2026-09-26T09:28:24.4047571Z [pod/manual-maintenance-20260926-091315-phtnw/maintenance] 	at org.apache.spark.sql.catalyst.plans.logical.LogicalPlan.resolveOperatorsWithPruning(LogicalPlan.scala:37)
execute	Execute Action	2026-09-26T09:28:24.4048944Z [pod/manual-maintenance-20260926-091315-phtnw/maintenance] 	at org.apache.spark.sql.catalyst.plans.logical.AnalysisHelper.resolveOperators(AnalysisHelper.scala:77)
execute	Execute Action	2026-09-26T09:28:24.4050294Z [pod/manual-maintenance-20260926-091315-phtnw/maintenance] 	at org.apache.spark.sql.catalyst.plans.logical.AnalysisHelper.resolveOperators$(AnalysisHelper.scala:76)
execute	Execute Action	2026-09-26T09:28:24.4051729Z [pod/manual-maintenance-20260926-091315-phtnw/maintenance] 	at org.apache.spark.sql.catalyst.plans.logical.LogicalPlan.resolveOperators(LogicalPlan.scala:37)
execute	Execute Action	2026-09-26T09:28:24.4053007Z [pod/manual-maintenance-20260926-091315-phtnw/maintenance] 	at org.apache.spark.sql.catalyst.analysis.InvokeProcedures.apply(InvokeProcedures.scala:36)
execute	Execute Action	2026-09-26T09:28:24.4054218Z [pod/manual-maintenance-20260926-091315-phtnw/maintenance] 	at org.apache.spark.sql.catalyst.analysis.InvokeProcedures.apply(InvokeProcedures.scala:34)
execute	Execute Action	2026-09-26T09:28:24.4055569Z [pod/manual-maintenance-20260926-091315-phtnw/maintenance] 	at org.apache.spark.sql.catalyst.rules.RuleExecutor.$anonfun$execute$2(RuleExecutor.scala:242)
execute	Execute Action	2026-09-26T09:28:24.4056664Z [pod/manual-maintenance-20260926-091315-phtnw/maintenance] 	at scala.collection.LinearSeqOps.foldLeft(LinearSeq.scala:183)
execute	Execute Action	2026-09-26T09:28:24.4057644Z [pod/manual-maintenance-20260926-091315-phtnw/maintenance] 	at scala.collection.LinearSeqOps.foldLeft$(LinearSeq.scala:179)
execute	Execute Action	2026-09-26T09:28:24.4058601Z [pod/manual-maintenance-20260926-091315-phtnw/maintenance] 	at scala.collection.immutable.List.foldLeft(List.scala:79)
execute	Execute Action	2026-09-26T09:28:24.4059669Z [pod/manual-maintenance-20260926-091315-phtnw/maintenance] 	at org.apache.spark.sql.catalyst.rules.RuleExecutor.$anonfun$execute$1(RuleExecutor.scala:239)
execute	Execute Action	2026-09-26T09:28:24.4060912Z [pod/manual-maintenance-20260926-091315-phtnw/maintenance] 	at org.apache.spark.sql.catalyst.rules.RuleExecutor.$anonfun$execute$1$adapted(RuleExecutor.scala:231)
execute	Execute Action	2026-09-26T09:28:24.4062189Z [pod/manual-maintenance-20260926-091315-phtnw/maintenance] 	at scala.collection.immutable.List.foreach(List.scala:334)
execute	Execute Action	2026-09-26T09:28:24.4063245Z [pod/manual-maintenance-20260926-091315-phtnw/maintenance] 	at org.apache.spark.sql.catalyst.rules.RuleExecutor.execute(RuleExecutor.scala:231)
execute	Execute Action	2026-09-26T09:28:24.4064580Z [pod/manual-maintenance-20260926-091315-phtnw/maintenance] 	at org.apache.spark.sql.catalyst.analysis.Analyzer.org$apache$spark$sql$catalyst$analysis$Analyzer$$executeSameContext(Analyzer.scala:340)
execute	Execute Action	2026-09-26T09:28:24.4065920Z [pod/manual-maintenance-20260926-091315-phtnw/maintenance] 	at org.apache.spark.sql.catalyst.analysis.Analyzer.$anonfun$execute$1(Analyzer.scala:336)
execute	Execute Action	2026-09-26T09:28:24.4067144Z [pod/manual-maintenance-20260926-091315-phtnw/maintenance] 	at org.apache.spark.sql.catalyst.analysis.AnalysisContext$.withNewAnalysisContext(Analyzer.scala:234)
execute	Execute Action	2026-09-26T09:28:24.4068338Z [pod/manual-maintenance-20260926-091315-phtnw/maintenance] 	at org.apache.spark.sql.catalyst.analysis.Analyzer.execute(Analyzer.scala:336)
execute	Execute Action	2026-09-26T09:28:24.4069566Z [pod/manual-maintenance-20260926-091315-phtnw/maintenance] 	at org.apache.spark.sql.catalyst.analysis.Analyzer.execute(Analyzer.scala:299)
execute	Execute Action	2026-09-26T09:28:24.4070751Z [pod/manual-maintenance-20260926-091315-phtnw/maintenance] 	at org.apache.spark.sql.catalyst.rules.RuleExecutor.$anonfun$executeAndTrack$1(RuleExecutor.scala:201)
execute	Execute Action	2026-09-26T09:28:24.4072294Z [pod/manual-maintenance-20260926-091315-phtnw/maintenance] 	at org.apache.spark.sql.catalyst.QueryPlanningTracker$.withTracker(QueryPlanningTracker.scala:89)
execute	Execute Action	2026-09-26T09:28:24.4073547Z [pod/manual-maintenance-20260926-091315-phtnw/maintenance] 	at org.apache.spark.sql.catalyst.rules.RuleExecutor.executeAndTrack(RuleExecutor.scala:201)
execute	Execute Action	2026-09-26T09:28:24.4074866Z [pod/manual-maintenance-20260926-091315-phtnw/maintenance] 	at org.apache.spark.sql.catalyst.analysis.resolver.HybridAnalyzer.resolveInFixedPoint(HybridAnalyzer.scala:190)
execute	Execute Action	2026-09-26T09:28:24.4076256Z [pod/manual-maintenance-20260926-091315-phtnw/maintenance] 	at org.apache.spark.sql.catalyst.analysis.resolver.HybridAnalyzer.$anonfun$apply$1(HybridAnalyzer.scala:76)
execute	Execute Action	2026-09-26T09:28:24.4077688Z [pod/manual-maintenance-20260926-091315-phtnw/maintenance] 	at org.apache.spark.sql.catalyst.analysis.resolver.HybridAnalyzer.withTrackedAnalyzerBridgeState(HybridAnalyzer.scala:111)
execute	Execute Action	2026-09-26T09:28:24.4079086Z [pod/manual-maintenance-20260926-091315-phtnw/maintenance] 	at org.apache.spark.sql.catalyst.analysis.resolver.HybridAnalyzer.apply(HybridAnalyzer.scala:71)
execute	Execute Action	2026-09-26T09:28:24.4080327Z [pod/manual-maintenance-20260926-091315-phtnw/maintenance] 	at org.apache.spark.sql.catalyst.analysis.Analyzer.$anonfun$executeAndCheck$1(Analyzer.scala:330)
execute	Execute Action	2026-09-26T09:28:24.4081902Z [pod/manual-maintenance-20260926-091315-phtnw/maintenance] 	at org.apache.spark.sql.catalyst.plans.logical.AnalysisHelper$.markInAnalyzer(AnalysisHelper.scala:423)
execute	Execute Action	2026-09-26T09:28:24.4083349Z [pod/manual-maintenance-20260926-091315-phtnw/maintenance] 	at org.apache.spark.sql.catalyst.analysis.Analyzer.executeAndCheck(Analyzer.scala:330)
execute	Execute Action	2026-09-26T09:28:24.4084568Z [pod/manual-maintenance-20260926-091315-phtnw/maintenance] 	at org.apache.spark.sql.execution.QueryExecution.$anonfun$lazyAnalyzed$2(QueryExecution.scala:110)
execute	Execute Action	2026-09-26T09:28:24.4085821Z [pod/manual-maintenance-20260926-091315-phtnw/maintenance] 	at org.apache.spark.sql.catalyst.QueryPlanningTracker.measurePhase(QueryPlanningTracker.scala:148)
execute	Execute Action	2026-09-26T09:28:24.4087077Z [pod/manual-maintenance-20260926-091315-phtnw/maintenance] 	at org.apache.spark.sql.execution.QueryExecution.$anonfun$executePhase$2(QueryExecution.scala:278)
execute	Execute Action	2026-09-26T09:28:24.4088289Z [pod/manual-maintenance-20260926-091315-phtnw/maintenance] 	at org.apache.spark.sql.execution.QueryExecution$.withInternalError(QueryExecution.scala:654)
execute	Execute Action	2026-09-26T09:28:24.4089509Z [pod/manual-maintenance-20260926-091315-phtnw/maintenance] 	at org.apache.spark.sql.execution.QueryExecution.$anonfun$executePhase$1(QueryExecution.scala:278)
execute	Execute Action	2026-09-26T09:28:24.4090664Z [pod/manual-maintenance-20260926-091315-phtnw/maintenance] 	at org.apache.spark.sql.SparkSession.withActive(SparkSession.scala:804)
execute	Execute Action	2026-09-26T09:28:24.4091906Z [pod/manual-maintenance-20260926-091315-phtnw/maintenance] 	at org.apache.spark.sql.execution.QueryExecution.executePhase(QueryExecution.scala:277)
execute	Execute Action	2026-09-26T09:28:24.4093132Z [pod/manual-maintenance-20260926-091315-phtnw/maintenance] 	at org.apache.spark.sql.execution.QueryExecution.$anonfun$lazyAnalyzed$1(QueryExecution.scala:110)
execute	Execute Action	2026-09-26T09:28:24.4094164Z [pod/manual-maintenance-20260926-091315-phtnw/maintenance] 	at scala.util.Try$.apply(Try.scala:217)
execute	Execute Action	2026-09-26T09:28:24.4095094Z [pod/manual-maintenance-20260926-091315-phtnw/maintenance] 	at org.apache.spark.util.Utils$.doTryWithCallerStacktrace(Utils.scala:1378)
execute	Execute Action	2026-09-26T09:28:24.4096148Z [pod/manual-maintenance-20260926-091315-phtnw/maintenance] 	at org.apache.spark.util.Utils$.getTryWithCallerStacktrace(Utils.scala:1439)
execute	Execute Action	2026-09-26T09:28:24.4097258Z [pod/manual-maintenance-20260926-091315-phtnw/maintenance] 	at org.apache.spark.util.LazyTry.get(LazyTry.scala:58)
execute	Execute Action	2026-09-26T09:28:24.4098284Z [pod/manual-maintenance-20260926-091315-phtnw/maintenance] 	at org.apache.spark.sql.execution.QueryExecution.analyzed(QueryExecution.scala:121)
execute	Execute Action	2026-09-26T09:28:24.4099448Z [pod/manual-maintenance-20260926-091315-phtnw/maintenance] 	at org.apache.spark.sql.execution.QueryExecution.assertAnalyzed(QueryExecution.scala:80)
execute	Execute Action	2026-09-26T09:28:24.4100571Z [pod/manual-maintenance-20260926-091315-phtnw/maintenance] 	at org.apache.spark.sql.classic.Dataset$.$anonfun$ofRows$5(Dataset.scala:139)
execute	Execute Action	2026-09-26T09:28:24.4101873Z [pod/manual-maintenance-20260926-091315-phtnw/maintenance] 	at org.apache.spark.sql.SparkSession.withActive(SparkSession.scala:804)
execute	Execute Action	2026-09-26T09:28:24.4102901Z [pod/manual-maintenance-20260926-091315-phtnw/maintenance] 	at org.apache.spark.sql.classic.Dataset$.ofRows(Dataset.scala:136)
execute	Execute Action	2026-09-26T09:28:24.4103958Z [pod/manual-maintenance-20260926-091315-phtnw/maintenance] 	at org.apache.spark.sql.classic.SparkSession.$anonfun$sql$1(SparkSession.scala:462)
execute	Execute Action	2026-09-26T09:28:24.4105052Z [pod/manual-maintenance-20260926-091315-phtnw/maintenance] 	at org.apache.spark.sql.SparkSession.withActive(SparkSession.scala:804)
execute	Execute Action	2026-09-26T09:28:24.4106186Z [pod/manual-maintenance-20260926-091315-phtnw/maintenance] 	at org.apache.spark.sql.classic.SparkSession.sql(SparkSession.scala:449)
execute	Execute Action	2026-09-26T09:28:24.4107531Z [pod/manual-maintenance-20260926-091315-phtnw/maintenance] 	at org.apache.spark.sql.classic.SparkSession.sql(SparkSession.scala:467)
execute	Execute Action	2026-09-26T09:28:24.4108850Z [pod/manual-maintenance-20260926-091315-phtnw/maintenance] 	at java.base/jdk.internal.reflect.NativeMethodAccessorImpl.invoke0(Native Method)
execute	Execute Action	2026-09-26T09:28:24.4110294Z [pod/manual-maintenance-20260926-091315-phtnw/maintenance] 	at java.base/jdk.internal.reflect.NativeMethodAccessorImpl.invoke(NativeMethodAccessorImpl.java:77)
execute	Execute Action	2026-09-26T09:28:24.4112354Z [pod/manual-maintenance-20260926-091315-phtnw/maintenance] 	at java.base/jdk.internal.reflect.DelegatingMethodAccessorImpl.invoke(DelegatingMethodAccessorImpl.java:43)
execute	Execute Action	2026-09-26T09:28:24.4124854Z [pod/manual-maintenance-20260926-091315-phtnw/maintenance] 	at java.base/java.lang.reflect.Method.invoke(Method.java:569)
execute	Execute Action	2026-09-26T09:28:24.4125893Z [pod/manual-maintenance-20260926-091315-phtnw/maintenance] 	at py4j.reflection.MethodInvoker.invoke(MethodInvoker.java:244)
execute	Execute Action	2026-09-26T09:28:24.4126921Z [pod/manual-maintenance-20260926-091315-phtnw/maintenance] 	at py4j.reflection.ReflectionEngine.invoke(ReflectionEngine.java:374)
execute	Execute Action	2026-09-26T09:28:24.4127867Z [pod/manual-maintenance-20260926-091315-phtnw/maintenance] 	at py4j.Gateway.invoke(Gateway.java:282)
execute	Execute Action	2026-09-26T09:28:24.4128811Z [pod/manual-maintenance-20260926-091315-phtnw/maintenance] 	at py4j.commands.AbstractCommand.invokeMethod(AbstractCommand.java:132)
execute	Execute Action	2026-09-26T09:28:24.4129804Z [pod/manual-maintenance-20260926-091315-phtnw/maintenance] 	at py4j.commands.CallCommand.execute(CallCommand.java:79)
execute	Execute Action	2026-09-26T09:28:24.4130848Z [pod/manual-maintenance-20260926-091315-phtnw/maintenance] 	at py4j.ClientServerConnection.waitForCommands(ClientServerConnection.java:184)
execute	Execute Action	2026-09-26T09:28:24.4132065Z [pod/manual-maintenance-20260926-091315-phtnw/maintenance] 	at py4j.ClientServerConnection.run(ClientServerConnection.java:108)
execute	Execute Action	2026-09-26T09:28:24.4133017Z [pod/manual-maintenance-20260926-091315-phtnw/maintenance] 	at java.base/java.lang.Thread.run(Thread.java:840)
execute	Execute Action	2026-09-26T09:28:24.4134205Z [pod/manual-maintenance-20260926-091315-phtnw/maintenance] 	Suppressed: org.apache.spark.util.Utils$OriginalTryStackTraceException: Full stacktrace of original doTryWithCallerStacktrace caller
execute	Execute Action	2026-09-26T09:28:24.4135559Z [pod/manual-maintenance-20260926-091315-phtnw/maintenance] 		at org.apache.iceberg.rest.ErrorHandlers$DefaultErrorHandler.accept(ErrorHandlers.java:350)
execute	Execute Action	2026-09-26T09:28:24.4136738Z [pod/manual-maintenance-20260926-091315-phtnw/maintenance] 		at org.apache.iceberg.rest.ErrorHandlers$TableErrorHandler.accept(ErrorHandlers.java:160)
execute	Execute Action	2026-09-26T09:28:24.4138122Z [pod/manual-maintenance-20260926-091315-phtnw/maintenance] 		at org.apache.iceberg.rest.ErrorHandlers$TableErrorHandler.accept(ErrorHandlers.java:142)
execute	Execute Action	2026-09-26T09:28:24.4139226Z [pod/manual-maintenance-20260926-091315-phtnw/maintenance] 		at org.apache.iceberg.rest.HTTPClient.throwFailure(HTTPClient.java:242)
execute	Execute Action	2026-09-26T09:28:24.4140247Z [pod/manual-maintenance-20260926-091315-phtnw/maintenance] 		at org.apache.iceberg.rest.HTTPClient.execute(HTTPClient.java:347)
execute	Execute Action	2026-09-26T09:28:24.4141278Z [pod/manual-maintenance-20260926-091315-phtnw/maintenance] 		at org.apache.iceberg.rest.HTTPClient.execute(HTTPClient.java:299)
execute	Execute Action	2026-09-26T09:28:24.4142431Z [pod/manual-maintenance-20260926-091315-phtnw/maintenance] 		at org.apache.iceberg.rest.BaseHTTPClient.get(BaseHTTPClient.java:101)
execute	Execute Action	2026-09-26T09:28:24.4143534Z [pod/manual-maintenance-20260926-091315-phtnw/maintenance] 		at org.apache.iceberg.rest.RESTSessionCatalog.loadInternal(RESTSessionCatalog.java:438)
execute	Execute Action	2026-09-26T09:28:24.4144711Z [pod/manual-maintenance-20260926-091315-phtnw/maintenance] 		at org.apache.iceberg.rest.RESTSessionCatalog.loadTable(RESTSessionCatalog.java:468)
execute	Execute Action	2026-09-26T09:28:24.4145934Z [pod/manual-maintenance-20260926-091315-phtnw/maintenance] 		at org.apache.iceberg.catalog.BaseSessionCatalog$AsCatalog.loadTable(BaseSessionCatalog.java:105)
execute	Execute Action	2026-09-26T09:28:24.4147079Z [pod/manual-maintenance-20260926-091315-phtnw/maintenance] 		at org.apache.iceberg.rest.RESTCatalog.loadTable(RESTCatalog.java:124)
execute	Execute Action	2026-09-26T09:28:24.4148408Z [pod/manual-maintenance-20260926-091315-phtnw/maintenance] 		at org.apache.iceberg.shaded.com.github.benmanes.caffeine.cache.BoundedLocalCache.lambda$doComputeIfAbsent$14(BoundedLocalCache.java:2406)
execute	Execute Action	2026-09-26T09:28:24.4149808Z [pod/manual-maintenance-20260926-091315-phtnw/maintenance] 		at java.base/java.util.concurrent.ConcurrentHashMap.compute(ConcurrentHashMap.java:1916)
execute	Execute Action	2026-09-26T09:28:24.4151310Z [pod/manual-maintenance-20260926-091315-phtnw/maintenance] 		at org.apache.iceberg.shaded.com.github.benmanes.caffeine.cache.BoundedLocalCache.doComputeIfAbsent(BoundedLocalCache.java:2404)
execute	Execute Action	2026-09-26T09:28:24.4153257Z [pod/manual-maintenance-20260926-091315-phtnw/maintenance] 		at org.apache.iceberg.shaded.com.github.benmanes.caffeine.cache.BoundedLocalCache.computeIfAbsent(BoundedLocalCache.java:2387)
execute	Execute Action	2026-09-26T09:28:24.4154764Z [pod/manual-maintenance-20260926-091315-phtnw/maintenance] 		at org.apache.iceberg.shaded.com.github.benmanes.caffeine.cache.LocalCache.computeIfAbsent(LocalCache.java:108)
execute	Execute Action	2026-09-26T09:28:24.4156195Z [pod/manual-maintenance-20260926-091315-phtnw/maintenance] 		at org.apache.iceberg.shaded.com.github.benmanes.caffeine.cache.LocalManualCache.get(LocalManualCache.java:62)
execute	Execute Action	2026-09-26T09:28:24.4157434Z [pod/manual-maintenance-20260926-091315-phtnw/maintenance] 		at org.apache.iceberg.CachingCatalog.loadTable(CachingCatalog.java:147)
execute	Execute Action	2026-09-26T09:28:24.4158464Z [pod/manual-maintenance-20260926-091315-phtnw/maintenance] 		at org.apache.iceberg.spark.SparkCatalog.load(SparkCatalog.java:867)
execute	Execute Action	2026-09-26T09:28:24.4159514Z [pod/manual-maintenance-20260926-091315-phtnw/maintenance] 		at org.apache.iceberg.spark.SparkCatalog.loadTable(SparkCatalog.java:171)
execute	Execute Action	2026-09-26T09:28:24.4160666Z [pod/manual-maintenance-20260926-091315-phtnw/maintenance] 		at org.apache.iceberg.spark.procedures.BaseProcedure.loadSparkTable(BaseProcedure.java:168)
execute	Execute Action	2026-09-26T09:28:24.4161980Z [pod/manual-maintenance-20260926-091315-phtnw/maintenance] 		at org.apache.iceberg.spark.procedures.BaseProcedure.execute(BaseProcedure.java:129)
execute	Execute Action	2026-09-26T09:28:24.4163197Z [pod/manual-maintenance-20260926-091315-phtnw/maintenance] 		at org.apache.iceberg.spark.procedures.BaseProcedure.withIcebergTable(BaseProcedure.java:121)
execute	Execute Action	2026-09-26T09:28:24.4164502Z [pod/manual-maintenance-20260926-091315-phtnw/maintenance] 		at org.apache.iceberg.spark.procedures.RemoveOrphanFilesProcedure.call(RemoveOrphanFilesProcedure.java:153)
execute	Execute Action	2026-09-26T09:28:24.4166010Z [pod/manual-maintenance-20260926-091315-phtnw/maintenance] 		at org.apache.spark.sql.catalyst.analysis.InvokeProcedures.org$apache$spark$sql$catalyst$analysis$InvokeProcedures$$invoke(InvokeProcedures.scala:48)
execute	Execute Action	2026-09-26T09:28:24.4167661Z [pod/manual-maintenance-20260926-091315-phtnw/maintenance] 		at org.apache.spark.sql.catalyst.analysis.InvokeProcedures$$anonfun$apply$1.applyOrElse(InvokeProcedures.scala:40)
execute	Execute Action	2026-09-26T09:28:24.4169037Z [pod/manual-maintenance-20260926-091315-phtnw/maintenance] 		at org.apache.spark.sql.catalyst.analysis.InvokeProcedures$$anonfun$apply$1.applyOrElse(InvokeProcedures.scala:36)
execute	Execute Action	2026-09-26T09:28:24.4170490Z [pod/manual-maintenance-20260926-091315-phtnw/maintenance] 		at org.apache.spark.sql.catalyst.plans.logical.AnalysisHelper.$anonfun$resolveOperatorsDownWithPruning$2(AnalysisHelper.scala:200)
execute	Execute Action	2026-09-26T09:28:24.4171934Z [pod/manual-maintenance-20260926-091315-phtnw/maintenance] 		at org.apache.spark.sql.catalyst.trees.CurrentOrigin$.withOrigin(origin.scala:86)
execute	Execute Action	2026-09-26T09:28:24.4173261Z [pod/manual-maintenance-20260926-091315-phtnw/maintenance] 		at org.apache.spark.sql.catalyst.plans.logical.AnalysisHelper.$anonfun$resolveOperatorsDownWithPruning$1(AnalysisHelper.scala:200)
execute	Execute Action	2026-09-26T09:28:24.4174766Z [pod/manual-maintenance-20260926-091315-phtnw/maintenance] 		at org.apache.spark.sql.catalyst.plans.logical.AnalysisHelper$.allowInvokingTransformsInAnalyzer(AnalysisHelper.scala:416)
execute	Execute Action	2026-09-26T09:28:24.4176264Z [pod/manual-maintenance-20260926-091315-phtnw/maintenance] 		at org.apache.spark.sql.catalyst.plans.logical.AnalysisHelper.resolveOperatorsDownWithPruning(AnalysisHelper.scala:198)
execute	Execute Action	2026-09-26T09:28:24.5882218Z [pod/manual-maintenance-20260926-091315-phtnw/maintenance] 		at org.apache.spark.sql.catalyst.plans.logical.AnalysisHelper.resolveOperatorsDownWithPruning$(AnalysisHelper.scala:194)
execute	Execute Action	2026-09-26T09:28:24.5884834Z [pod/manual-maintenance-20260926-091315-phtnw/maintenance] 		at org.apache.spark.sql.catalyst.plans.logical.LogicalPlan.resolveOperatorsDownWithPruning(LogicalPlan.scala:37)
execute	Execute Action	2026-09-26T09:28:24.5886939Z [pod/manual-maintenance-20260926-091315-phtnw/maintenance] 		at org.apache.spark.sql.catalyst.plans.logical.AnalysisHelper.resolveOperatorsWithPruning(AnalysisHelper.scala:100)
execute	Execute Action	2026-09-26T09:28:24.5888784Z [pod/manual-maintenance-20260926-091315-phtnw/maintenance] 		at org.apache.spark.sql.catalyst.plans.logical.AnalysisHelper.resolveOperatorsWithPruning$(AnalysisHelper.scala:97)
execute	Execute Action	2026-09-26T09:28:24.5890581Z [pod/manual-maintenance-20260926-091315-phtnw/maintenance] 		at org.apache.spark.sql.catalyst.plans.logical.LogicalPlan.resolveOperatorsWithPruning(LogicalPlan.scala:37)
execute	Execute Action	2026-09-26T09:28:24.5892464Z [pod/manual-maintenance-20260926-091315-phtnw/maintenance] 		at org.apache.spark.sql.catalyst.plans.logical.AnalysisHelper.resolveOperators(AnalysisHelper.scala:77)
execute	Execute Action	2026-09-26T09:28:24.5894152Z [pod/manual-maintenance-20260926-091315-phtnw/maintenance] 		at org.apache.spark.sql.catalyst.plans.logical.AnalysisHelper.resolveOperators$(AnalysisHelper.scala:76)
execute	Execute Action	2026-09-26T09:28:24.5895617Z [pod/manual-maintenance-20260926-091315-phtnw/maintenance] 		at org.apache.spark.sql.catalyst.plans.logical.LogicalPlan.resolveOperators(LogicalPlan.scala:37)
execute	Execute Action	2026-09-26T09:28:24.5896898Z [pod/manual-maintenance-20260926-091315-phtnw/maintenance] 		at org.apache.spark.sql.catalyst.analysis.InvokeProcedures.apply(InvokeProcedures.scala:36)
execute	Execute Action	2026-09-26T09:28:24.5898105Z [pod/manual-maintenance-20260926-091315-phtnw/maintenance] 		at org.apache.spark.sql.catalyst.analysis.InvokeProcedures.apply(InvokeProcedures.scala:34)
execute	Execute Action	2026-09-26T09:28:24.5899305Z [pod/manual-maintenance-20260926-091315-phtnw/maintenance] 		at org.apache.spark.sql.catalyst.rules.RuleExecutor.$anonfun$execute$2(RuleExecutor.scala:242)
execute	Execute Action	2026-09-26T09:28:24.5900392Z [pod/manual-maintenance-20260926-091315-phtnw/maintenance] 		at scala.collection.LinearSeqOps.foldLeft(LinearSeq.scala:183)
execute	Execute Action	2026-09-26T09:28:24.5903972Z [pod/manual-maintenance-20260926-091315-phtnw/maintenance] 		at scala.collection.LinearSeqOps.foldLeft$(LinearSeq.scala:179)
execute	Execute Action	2026-09-26T09:28:24.5906531Z [pod/manual-maintenance-20260926-091315-phtnw/maintenance] 		at scala.collection.immutable.List.foldLeft(List.scala:79)
execute	Execute Action	2026-09-26T09:28:24.5907872Z [pod/manual-maintenance-20260926-091315-phtnw/maintenance] 		at org.apache.spark.sql.catalyst.rules.RuleExecutor.$anonfun$execute$1(RuleExecutor.scala:239)
execute	Execute Action	2026-09-26T09:28:24.5909146Z [pod/manual-maintenance-20260926-091315-phtnw/maintenance] 		at org.apache.spark.sql.catalyst.rules.RuleExecutor.$anonfun$execute$1$adapted(RuleExecutor.scala:231)
execute	Execute Action	2026-09-26T09:28:24.5910267Z [pod/manual-maintenance-20260926-091315-phtnw/maintenance] 		at scala.collection.immutable.List.foreach(List.scala:334)
execute	Execute Action	2026-09-26T09:28:24.5911306Z [pod/manual-maintenance-20260926-091315-phtnw/maintenance] 		at org.apache.spark.sql.catalyst.rules.RuleExecutor.execute(RuleExecutor.scala:231)
execute	Execute Action	2026-09-26T09:28:24.5912760Z [pod/manual-maintenance-20260926-091315-phtnw/maintenance] 		at org.apache.spark.sql.catalyst.analysis.Analyzer.org$apache$spark$sql$catalyst$analysis$Analyzer$$executeSameContext(Analyzer.scala:340)
execute	Execute Action	2026-09-26T09:28:24.5914105Z [pod/manual-maintenance-20260926-091315-phtnw/maintenance] 		at org.apache.spark.sql.catalyst.analysis.Analyzer.$anonfun$execute$1(Analyzer.scala:336)
execute	Execute Action	2026-09-26T09:28:24.5915319Z [pod/manual-maintenance-20260926-091315-phtnw/maintenance] 		at org.apache.spark.sql.catalyst.analysis.AnalysisContext$.withNewAnalysisContext(Analyzer.scala:234)
execute	Execute Action	2026-09-26T09:28:24.5916504Z [pod/manual-maintenance-20260926-091315-phtnw/maintenance] 		at org.apache.spark.sql.catalyst.analysis.Analyzer.execute(Analyzer.scala:336)
execute	Execute Action	2026-09-26T09:28:24.5917635Z [pod/manual-maintenance-20260926-091315-phtnw/maintenance] 		at org.apache.spark.sql.catalyst.analysis.Analyzer.execute(Analyzer.scala:299)
execute	Execute Action	2026-09-26T09:28:24.5918811Z [pod/manual-maintenance-20260926-091315-phtnw/maintenance] 		at org.apache.spark.sql.catalyst.rules.RuleExecutor.$anonfun$executeAndTrack$1(RuleExecutor.scala:201)
execute	Execute Action	2026-09-26T09:28:24.5920063Z [pod/manual-maintenance-20260926-091315-phtnw/maintenance] 		at org.apache.spark.sql.catalyst.QueryPlanningTracker$.withTracker(QueryPlanningTracker.scala:89)
execute	Execute Action	2026-09-26T09:28:24.5921575Z [pod/manual-maintenance-20260926-091315-phtnw/maintenance] 		at org.apache.spark.sql.catalyst.rules.RuleExecutor.executeAndTrack(RuleExecutor.scala:201)
execute	Execute Action	2026-09-26T09:28:24.5922904Z [pod/manual-maintenance-20260926-091315-phtnw/maintenance] 		at org.apache.spark.sql.catalyst.analysis.resolver.HybridAnalyzer.resolveInFixedPoint(HybridAnalyzer.scala:190)
execute	Execute Action	2026-09-26T09:28:24.5924280Z [pod/manual-maintenance-20260926-091315-phtnw/maintenance] 		at org.apache.spark.sql.catalyst.analysis.resolver.HybridAnalyzer.$anonfun$apply$1(HybridAnalyzer.scala:76)
execute	Execute Action	2026-09-26T09:28:24.5925708Z [pod/manual-maintenance-20260926-091315-phtnw/maintenance] 		at org.apache.spark.sql.catalyst.analysis.resolver.HybridAnalyzer.withTrackedAnalyzerBridgeState(HybridAnalyzer.scala:111)
execute	Execute Action	2026-09-26T09:28:24.5927101Z [pod/manual-maintenance-20260926-091315-phtnw/maintenance] 		at org.apache.spark.sql.catalyst.analysis.resolver.HybridAnalyzer.apply(HybridAnalyzer.scala:71)
execute	Execute Action	2026-09-26T09:28:24.5928349Z [pod/manual-maintenance-20260926-091315-phtnw/maintenance] 		at org.apache.spark.sql.catalyst.analysis.Analyzer.$anonfun$executeAndCheck$1(Analyzer.scala:330)
execute	Execute Action	2026-09-26T09:28:24.5929605Z [pod/manual-maintenance-20260926-091315-phtnw/maintenance] 		at org.apache.spark.sql.catalyst.plans.logical.AnalysisHelper$.markInAnalyzer(AnalysisHelper.scala:423)
execute	Execute Action	2026-09-26T09:28:24.5930840Z [pod/manual-maintenance-20260926-091315-phtnw/maintenance] 		at org.apache.spark.sql.catalyst.analysis.Analyzer.executeAndCheck(Analyzer.scala:330)
execute	Execute Action	2026-09-26T09:28:24.5932196Z [pod/manual-maintenance-20260926-091315-phtnw/maintenance] 		at org.apache.spark.sql.execution.QueryExecution.$anonfun$lazyAnalyzed$2(QueryExecution.scala:110)
execute	Execute Action	2026-09-26T09:28:24.5933496Z [pod/manual-maintenance-20260926-091315-phtnw/maintenance] 		at org.apache.spark.sql.catalyst.QueryPlanningTracker.measurePhase(QueryPlanningTracker.scala:148)
execute	Execute Action	2026-09-26T09:28:24.5934774Z [pod/manual-maintenance-20260926-091315-phtnw/maintenance] 		at org.apache.spark.sql.execution.QueryExecution.$anonfun$executePhase$2(QueryExecution.scala:278)
execute	Execute Action	2026-09-26T09:28:24.5936106Z [pod/manual-maintenance-20260926-091315-phtnw/maintenance] 		at org.apache.spark.sql.execution.QueryExecution$.withInternalError(QueryExecution.scala:654)
execute	Execute Action	2026-09-26T09:28:24.5937318Z [pod/manual-maintenance-20260926-091315-phtnw/maintenance] 		at org.apache.spark.sql.execution.QueryExecution.$anonfun$executePhase$1(QueryExecution.scala:278)
execute	Execute Action	2026-09-26T09:28:24.5938449Z [pod/manual-maintenance-20260926-091315-phtnw/maintenance] 		at org.apache.spark.sql.SparkSession.withActive(SparkSession.scala:804)
execute	Execute Action	2026-09-26T09:28:24.5939556Z [pod/manual-maintenance-20260926-091315-phtnw/maintenance] 		at org.apache.spark.sql.execution.QueryExecution.executePhase(QueryExecution.scala:277)
execute	Execute Action	2026-09-26T09:28:24.5940755Z [pod/manual-maintenance-20260926-091315-phtnw/maintenance] 		at org.apache.spark.sql.execution.QueryExecution.$anonfun$lazyAnalyzed$1(QueryExecution.scala:110)
execute	Execute Action	2026-09-26T09:28:24.5941890Z [pod/manual-maintenance-20260926-091315-phtnw/maintenance] 		at scala.util.Try$.apply(Try.scala:217)
execute	Execute Action	2026-09-26T09:28:24.5942815Z [pod/manual-maintenance-20260926-091315-phtnw/maintenance] 		at org.apache.spark.util.Utils$.doTryWithCallerStacktrace(Utils.scala:1378)
execute	Execute Action	2026-09-26T09:28:24.5943863Z [pod/manual-maintenance-20260926-091315-phtnw/maintenance] 		at org.apache.spark.util.LazyTry.tryT$lzycompute(LazyTry.scala:46)
execute	Execute Action	2026-09-26T09:28:24.5944813Z [pod/manual-maintenance-20260926-091315-phtnw/maintenance] 		at org.apache.spark.util.LazyTry.tryT(LazyTry.scala:46)
execute	Execute Action	2026-09-26T09:28:24.5945561Z [pod/manual-maintenance-20260926-091315-phtnw/maintenance] 		... 22 more
execute	Execute Action	2026-09-26T09:28:24.5946122Z [pod/manual-maintenance-20260926-091315-phtnw/maintenance] 
execute	Execute Action	2026-09-26T09:28:24.5946745Z [pod/manual-maintenance-20260926-091315-phtnw/maintenance] Traceback (most recent call last):
execute	Execute Action	2026-09-26T09:28:24.5947790Z [pod/manual-maintenance-20260926-091315-phtnw/maintenance]   File "/opt/maintenance/..2026_09_26_09_13_16.786903983/maintenance.py", line 266, in run
execute	Execute Action	2026-09-26T09:28:24.5948624Z [pod/manual-maintenance-20260926-091315-phtnw/maintenance]     step()
execute	Execute Action	2026-09-26T09:28:24.5949453Z [pod/manual-maintenance-20260926-091315-phtnw/maintenance]   File "/opt/maintenance/..2026_09_26_09_13_16.786903983/maintenance.py", line 281, in <lambda>
execute	Execute Action	2026-09-26T09:28:24.5950461Z [pod/manual-maintenance-20260926-091315-phtnw/maintenance]     lambda: remove_orphan_files(spark, table, orphan_min_age),
execute	Execute Action	2026-09-26T09:28:24.5951621Z [pod/manual-maintenance-20260926-091315-phtnw/maintenance]   File "/opt/maintenance/..2026_09_26_09_13_16.786903983/maintenance.py", line 124, in remove_orphan_files
execute	Execute Action	2026-09-26T09:28:24.5952554Z [pod/manual-maintenance-20260926-091315-phtnw/maintenance]     result = spark.sql(f"""
execute	Execute Action	2026-09-26T09:28:24.5953443Z [pod/manual-maintenance-20260926-091315-phtnw/maintenance]   File "/opt/spark/python/lib/pyspark.zip/pyspark/sql/session.py", line 1810, in sql
execute	Execute Action	2026-09-26T09:28:24.5954483Z [pod/manual-maintenance-20260926-091315-phtnw/maintenance]     return DataFrame(self._jsparkSession.sql(sqlQuery, litArgs), self)
execute	Execute Action	2026-09-26T09:28:24.5955552Z [pod/manual-maintenance-20260926-091315-phtnw/maintenance]   File "/opt/spark/python/lib/py4j-0.10.9.9-src.zip/py4j/java_gateway.py", line 1362, in __call__
execute	Execute Action	2026-09-26T09:28:24.5956510Z [pod/manual-maintenance-20260926-091315-phtnw/maintenance]     return_value = get_return_value(
execute	Execute Action	2026-09-26T09:28:24.5957492Z [pod/manual-maintenance-20260926-091315-phtnw/maintenance]   File "/opt/spark/python/lib/pyspark.zip/pyspark/errors/exceptions/captured.py", line 282, in deco
execute	Execute Action	2026-09-26T09:28:24.5958414Z [pod/manual-maintenance-20260926-091315-phtnw/maintenance]     return f(*a, **kw)
execute	Execute Action	2026-09-26T09:28:24.5959336Z [pod/manual-maintenance-20260926-091315-phtnw/maintenance]   File "/opt/spark/python/lib/py4j-0.10.9.9-src.zip/py4j/protocol.py", line 327, in get_return_value
execute	Execute Action	2026-09-26T09:28:24.5960257Z [pod/manual-maintenance-20260926-091315-phtnw/maintenance]     raise Py4JJavaError(
execute	Execute Action	2026-09-26T09:28:24.5961227Z [pod/manual-maintenance-20260926-091315-phtnw/maintenance] py4j.protocol.Py4JJavaError: An error occurred while calling o68.sql.
execute	Execute Action	2026-09-26T09:28:24.5962603Z [pod/manual-maintenance-20260926-091315-phtnw/maintenance] : org.apache.iceberg.exceptions.ServiceFailureException: Server error: RESTException: persisted table metadata is invalid
execute	Execute Action	2026-09-26T09:28:24.5963908Z [pod/manual-maintenance-20260926-091315-phtnw/maintenance] 	at org.apache.iceberg.rest.ErrorHandlers$DefaultErrorHandler.accept(ErrorHandlers.java:350)
execute	Execute Action	2026-09-26T09:28:24.5965076Z [pod/manual-maintenance-20260926-091315-phtnw/maintenance] 	at org.apache.iceberg.rest.ErrorHandlers$TableErrorHandler.accept(ErrorHandlers.java:160)
execute	Execute Action	2026-09-26T09:28:24.5966229Z [pod/manual-maintenance-20260926-091315-phtnw/maintenance] 	at org.apache.iceberg.rest.ErrorHandlers$TableErrorHandler.accept(ErrorHandlers.java:142)
execute	Execute Action	2026-09-26T09:28:24.5967340Z [pod/manual-maintenance-20260926-091315-phtnw/maintenance] 	at org.apache.iceberg.rest.HTTPClient.throwFailure(HTTPClient.java:242)
execute	Execute Action	2026-09-26T09:28:24.5968403Z [pod/manual-maintenance-20260926-091315-phtnw/maintenance] 	at org.apache.iceberg.rest.HTTPClient.execute(HTTPClient.java:347)
execute	Execute Action	2026-09-26T09:28:24.5969404Z [pod/manual-maintenance-20260926-091315-phtnw/maintenance] 	at org.apache.iceberg.rest.HTTPClient.execute(HTTPClient.java:299)
execute	Execute Action	2026-09-26T09:28:24.5970408Z [pod/manual-maintenance-20260926-091315-phtnw/maintenance] 	at org.apache.iceberg.rest.BaseHTTPClient.get(BaseHTTPClient.java:101)
execute	Execute Action	2026-09-26T09:28:24.5971620Z [pod/manual-maintenance-20260926-091315-phtnw/maintenance] 	at org.apache.iceberg.rest.RESTSessionCatalog.loadInternal(RESTSessionCatalog.java:438)
execute	Execute Action	2026-09-26T09:28:24.5972786Z [pod/manual-maintenance-20260926-091315-phtnw/maintenance] 	at org.apache.iceberg.rest.RESTSessionCatalog.loadTable(RESTSessionCatalog.java:468)
execute	Execute Action	2026-09-26T09:28:24.5973983Z [pod/manual-maintenance-20260926-091315-phtnw/maintenance] 	at org.apache.iceberg.catalog.BaseSessionCatalog$AsCatalog.loadTable(BaseSessionCatalog.java:105)
execute	Execute Action	2026-09-26T09:28:24.5975309Z [pod/manual-maintenance-20260926-091315-phtnw/maintenance] 	at org.apache.iceberg.rest.RESTCatalog.loadTable(RESTCatalog.java:124)
execute	Execute Action	2026-09-26T09:28:24.5976631Z [pod/manual-maintenance-20260926-091315-phtnw/maintenance] 	at org.apache.iceberg.shaded.com.github.benmanes.caffeine.cache.BoundedLocalCache.lambda$doComputeIfAbsent$14(BoundedLocalCache.java:2406)
execute	Execute Action	2026-09-26T09:28:24.5978034Z [pod/manual-maintenance-20260926-091315-phtnw/maintenance] 	at java.base/java.util.concurrent.ConcurrentHashMap.compute(ConcurrentHashMap.java:1916)
execute	Execute Action	2026-09-26T09:28:24.5979407Z [pod/manual-maintenance-20260926-091315-phtnw/maintenance] 	at org.apache.iceberg.shaded.com.github.benmanes.caffeine.cache.BoundedLocalCache.doComputeIfAbsent(BoundedLocalCache.java:2404)
execute	Execute Action	2026-09-26T09:28:24.5980973Z [pod/manual-maintenance-20260926-091315-phtnw/maintenance] 	at org.apache.iceberg.shaded.com.github.benmanes.caffeine.cache.BoundedLocalCache.computeIfAbsent(BoundedLocalCache.java:2387)
execute	Execute Action	2026-09-26T09:28:24.5982584Z [pod/manual-maintenance-20260926-091315-phtnw/maintenance] 	at org.apache.iceberg.shaded.com.github.benmanes.caffeine.cache.LocalCache.computeIfAbsent(LocalCache.java:108)
execute	Execute Action	2026-09-26T09:28:24.5983997Z [pod/manual-maintenance-20260926-091315-phtnw/maintenance] 	at org.apache.iceberg.shaded.com.github.benmanes.caffeine.cache.LocalManualCache.get(LocalManualCache.java:62)
execute	Execute Action	2026-09-26T09:28:24.5985215Z [pod/manual-maintenance-20260926-091315-phtnw/maintenance] 	at org.apache.iceberg.CachingCatalog.loadTable(CachingCatalog.java:147)
execute	Execute Action	2026-09-26T09:28:24.5986242Z [pod/manual-maintenance-20260926-091315-phtnw/maintenance] 	at org.apache.iceberg.spark.SparkCatalog.load(SparkCatalog.java:867)
execute	Execute Action	2026-09-26T09:28:24.5987278Z [pod/manual-maintenance-20260926-091315-phtnw/maintenance] 	at org.apache.iceberg.spark.SparkCatalog.loadTable(SparkCatalog.java:171)
execute	Execute Action	2026-09-26T09:28:24.5988415Z [pod/manual-maintenance-20260926-091315-phtnw/maintenance] 	at org.apache.iceberg.spark.procedures.BaseProcedure.loadSparkTable(BaseProcedure.java:168)
execute	Execute Action	2026-09-26T09:28:24.5989738Z [pod/manual-maintenance-20260926-091315-phtnw/maintenance] 	at org.apache.iceberg.spark.procedures.BaseProcedure.execute(BaseProcedure.java:129)
execute	Execute Action	2026-09-26T09:28:24.5990933Z [pod/manual-maintenance-20260926-091315-phtnw/maintenance] 	at org.apache.iceberg.spark.procedures.BaseProcedure.withIcebergTable(BaseProcedure.java:121)
execute	Execute Action	2026-09-26T09:28:24.5992350Z [pod/manual-maintenance-20260926-091315-phtnw/maintenance] 	at org.apache.iceberg.spark.procedures.RemoveOrphanFilesProcedure.call(RemoveOrphanFilesProcedure.java:153)
execute	Execute Action	2026-09-26T09:28:24.5993844Z [pod/manual-maintenance-20260926-091315-phtnw/maintenance] 	at org.apache.spark.sql.catalyst.analysis.InvokeProcedures.org$apache$spark$sql$catalyst$analysis$InvokeProcedures$$invoke(InvokeProcedures.scala:48)
execute	Execute Action	2026-09-26T09:28:24.5995337Z [pod/manual-maintenance-20260926-091315-phtnw/maintenance] 	at org.apache.spark.sql.catalyst.analysis.InvokeProcedures$$anonfun$apply$1.applyOrElse(InvokeProcedures.scala:40)
execute	Execute Action	2026-09-26T09:28:24.5996707Z [pod/manual-maintenance-20260926-091315-phtnw/maintenance] 	at org.apache.spark.sql.catalyst.analysis.InvokeProcedures$$anonfun$apply$1.applyOrElse(InvokeProcedures.scala:36)
execute	Execute Action	2026-09-26T09:28:24.5998556Z [pod/manual-maintenance-20260926-091315-phtnw/maintenance] 	at org.apache.spark.sql.catalyst.plans.logical.AnalysisHelper.$anonfun$resolveOperatorsDownWithPruning$2(AnalysisHelper.scala:200)
execute	Execute Action	2026-09-26T09:28:24.6000732Z [pod/manual-maintenance-20260926-091315-phtnw/maintenance] 	at org.apache.spark.sql.catalyst.trees.CurrentOrigin$.withOrigin(origin.scala:86)
execute	Execute Action	2026-09-26T09:28:24.6003113Z [pod/manual-maintenance-20260926-091315-phtnw/maintenance] 	at org.apache.spark.sql.catalyst.plans.logical.AnalysisHelper.$anonfun$resolveOperatorsDownWithPruning$1(AnalysisHelper.scala:200)
execute	Execute Action	2026-09-26T09:28:24.6005596Z [pod/manual-maintenance-20260926-091315-phtnw/maintenance] 	at org.apache.spark.sql.catalyst.plans.logical.AnalysisHelper$.allowInvokingTransformsInAnalyzer(AnalysisHelper.scala:416)
execute	Execute Action	2026-09-26T09:28:24.6008600Z [pod/manual-maintenance-20260926-091315-phtnw/maintenance] 	at org.apache.spark.sql.catalyst.plans.logical.AnalysisHelper.resolveOperatorsDownWithPruning(AnalysisHelper.scala:198)
execute	Execute Action	2026-09-26T09:28:24.6011797Z [pod/manual-maintenance-20260926-091315-phtnw/maintenance] 	at org.apache.spark.sql.catalyst.plans.logical.AnalysisHelper.resolveOperatorsDownWithPruning$(AnalysisHelper.scala:194)
execute	Execute Action	2026-09-26T09:28:24.6014214Z [pod/manual-maintenance-20260926-091315-phtnw/maintenance] 	at org.apache.spark.sql.catalyst.plans.logical.LogicalPlan.resolveOperatorsDownWithPruning(LogicalPlan.scala:37)
execute	Execute Action	2026-09-26T09:28:24.6016416Z [pod/manual-maintenance-20260926-091315-phtnw/maintenance] 	at org.apache.spark.sql.catalyst.plans.logical.AnalysisHelper.resolveOperatorsWithPruning(AnalysisHelper.scala:100)
execute	Execute Action	2026-09-26T09:28:24.6018871Z [pod/manual-maintenance-20260926-091315-phtnw/maintenance] 	at org.apache.spark.sql.catalyst.plans.logical.AnalysisHelper.resolveOperatorsWithPruning$(AnalysisHelper.scala:97)
execute	Execute Action	2026-09-26T09:28:24.6021851Z [pod/manual-maintenance-20260926-091315-phtnw/maintenance] 	at org.apache.spark.sql.catalyst.plans.logical.LogicalPlan.resolveOperatorsWithPruning(LogicalPlan.scala:37)
execute	Execute Action	2026-09-26T09:28:24.6023456Z [pod/manual-maintenance-20260926-091315-phtnw/maintenance] 	at org.apache.spark.sql.catalyst.plans.logical.AnalysisHelper.resolveOperators(AnalysisHelper.scala:77)
execute	Execute Action	2026-09-26T09:28:24.6025871Z [pod/manual-maintenance-20260926-091315-phtnw/maintenance] 	at org.apache.spark.sql.catalyst.plans.logical.AnalysisHelper.resolveOperators$(AnalysisHelper.scala:76)
execute	Execute Action	2026-09-26T09:28:24.6028438Z [pod/manual-maintenance-20260926-091315-phtnw/maintenance] 	at org.apache.spark.sql.catalyst.plans.logical.LogicalPlan.resolveOperators(LogicalPlan.scala:37)
execute	Execute Action	2026-09-26T09:28:24.6030371Z [pod/manual-maintenance-20260926-091315-phtnw/maintenance] 	at org.apache.spark.sql.catalyst.analysis.InvokeProcedures.apply(InvokeProcedures.scala:36)
execute	Execute Action	2026-09-26T09:28:24.6032990Z [pod/manual-maintenance-20260926-091315-phtnw/maintenance] 	at org.apache.spark.sql.catalyst.analysis.InvokeProcedures.apply(InvokeProcedures.scala:34)
execute	Execute Action	2026-09-26T09:28:24.6035267Z [pod/manual-maintenance-20260926-091315-phtnw/maintenance] 	at org.apache.spark.sql.catalyst.rules.RuleExecutor.$anonfun$execute$2(RuleExecutor.scala:242)
execute	Execute Action	2026-09-26T09:28:24.6037372Z [pod/manual-maintenance-20260926-091315-phtnw/maintenance] 	at scala.collection.LinearSeqOps.foldLeft(LinearSeq.scala:183)
execute	Execute Action	2026-09-26T09:28:24.6039259Z [pod/manual-maintenance-20260926-091315-phtnw/maintenance] 	at scala.collection.LinearSeqOps.foldLeft$(LinearSeq.scala:179)
execute	Execute Action	2026-09-26T09:28:24.6041056Z [pod/manual-maintenance-20260926-091315-phtnw/maintenance] 	at scala.collection.immutable.List.foldLeft(List.scala:79)
execute	Execute Action	2026-09-26T09:28:24.6043241Z [pod/manual-maintenance-20260926-091315-phtnw/maintenance] 	at org.apache.spark.sql.catalyst.rules.RuleExecutor.$anonfun$execute$1(RuleExecutor.scala:239)
execute	Execute Action	2026-09-26T09:28:24.6045621Z [pod/manual-maintenance-20260926-091315-phtnw/maintenance] 	at org.apache.spark.sql.catalyst.rules.RuleExecutor.$anonfun$execute$1$adapted(RuleExecutor.scala:231)
execute	Execute Action	2026-09-26T09:28:24.6047691Z [pod/manual-maintenance-20260926-091315-phtnw/maintenance] 	at scala.collection.immutable.List.foreach(List.scala:334)
execute	Execute Action	2026-09-26T09:28:24.6049598Z [pod/manual-maintenance-20260926-091315-phtnw/maintenance] 	at org.apache.spark.sql.catalyst.rules.RuleExecutor.execute(RuleExecutor.scala:231)
execute	Execute Action	2026-09-26T09:28:24.6052352Z [pod/manual-maintenance-20260926-091315-phtnw/maintenance] 	at org.apache.spark.sql.catalyst.analysis.Analyzer.org$apache$spark$sql$catalyst$analysis$Analyzer$$executeSameContext(Analyzer.scala:340)
execute	Execute Action	2026-09-26T09:28:24.6054832Z [pod/manual-maintenance-20260926-091315-phtnw/maintenance] 	at org.apache.spark.sql.catalyst.analysis.Analyzer.$anonfun$execute$1(Analyzer.scala:336)
execute	Execute Action	2026-09-26T09:28:24.6056414Z [pod/manual-maintenance-20260926-091315-phtnw/maintenance] 	at org.apache.spark.sql.catalyst.analysis.AnalysisContext$.withNewAnalysisContext(Analyzer.scala:234)
execute	Execute Action	2026-09-26T09:28:24.6058299Z [pod/manual-maintenance-20260926-091315-phtnw/maintenance] 	at org.apache.spark.sql.catalyst.analysis.Analyzer.execute(Analyzer.scala:336)
execute	Execute Action	2026-09-26T09:28:24.6060310Z [pod/manual-maintenance-20260926-091315-phtnw/maintenance] 	at org.apache.spark.sql.catalyst.analysis.Analyzer.execute(Analyzer.scala:299)
execute	Execute Action	2026-09-26T09:28:24.6062667Z [pod/manual-maintenance-20260926-091315-phtnw/maintenance] 	at org.apache.spark.sql.catalyst.rules.RuleExecutor.$anonfun$executeAndTrack$1(RuleExecutor.scala:201)
execute	Execute Action	2026-09-26T09:28:24.6064954Z [pod/manual-maintenance-20260926-091315-phtnw/maintenance] 	at org.apache.spark.sql.catalyst.QueryPlanningTracker$.withTracker(QueryPlanningTracker.scala:89)
execute	Execute Action	2026-09-26T09:28:24.6066216Z [pod/manual-maintenance-20260926-091315-phtnw/maintenance] 	at org.apache.spark.sql.catalyst.rules.RuleExecutor.executeAndTrack(RuleExecutor.scala:201)
execute	Execute Action	2026-09-26T09:28:24.6067549Z [pod/manual-maintenance-20260926-091315-phtnw/maintenance] 	at org.apache.spark.sql.catalyst.analysis.resolver.HybridAnalyzer.resolveInFixedPoint(HybridAnalyzer.scala:190)
execute	Execute Action	2026-09-26T09:28:24.6068921Z [pod/manual-maintenance-20260926-091315-phtnw/maintenance] 	at org.apache.spark.sql.catalyst.analysis.resolver.HybridAnalyzer.$anonfun$apply$1(HybridAnalyzer.scala:76)
execute	Execute Action	2026-09-26T09:28:24.6070345Z [pod/manual-maintenance-20260926-091315-phtnw/maintenance] 	at org.apache.spark.sql.catalyst.analysis.resolver.HybridAnalyzer.withTrackedAnalyzerBridgeState(HybridAnalyzer.scala:111)
execute	Execute Action	2026-09-26T09:28:24.6071915Z [pod/manual-maintenance-20260926-091315-phtnw/maintenance] 	at org.apache.spark.sql.catalyst.analysis.resolver.HybridAnalyzer.apply(HybridAnalyzer.scala:71)
execute	Execute Action	2026-09-26T09:28:24.6073184Z [pod/manual-maintenance-20260926-091315-phtnw/maintenance] 	at org.apache.spark.sql.catalyst.analysis.Analyzer.$anonfun$executeAndCheck$1(Analyzer.scala:330)
execute	Execute Action	2026-09-26T09:28:24.6074467Z [pod/manual-maintenance-20260926-091315-phtnw/maintenance] 	at org.apache.spark.sql.catalyst.plans.logical.AnalysisHelper$.markInAnalyzer(AnalysisHelper.scala:423)
execute	Execute Action	2026-09-26T09:28:24.6075889Z [pod/manual-maintenance-20260926-091315-phtnw/maintenance] 	at org.apache.spark.sql.catalyst.analysis.Analyzer.executeAndCheck(Analyzer.scala:330)
execute	Execute Action	2026-09-26T09:28:24.6077093Z [pod/manual-maintenance-20260926-091315-phtnw/maintenance] 	at org.apache.spark.sql.execution.QueryExecution.$anonfun$lazyAnalyzed$2(QueryExecution.scala:110)
execute	Execute Action	2026-09-26T09:28:24.6078800Z [pod/manual-maintenance-20260926-091315-phtnw/maintenance] 	at org.apache.spark.sql.catalyst.QueryPlanningTracker.measurePhase(QueryPlanningTracker.scala:148)
execute	Execute Action	2026-09-26T09:28:24.6080194Z [pod/manual-maintenance-20260926-091315-phtnw/maintenance] 	at org.apache.spark.sql.execution.QueryExecution.$anonfun$executePhase$2(QueryExecution.scala:278)
execute	Execute Action	2026-09-26T09:28:24.6081528Z [pod/manual-maintenance-20260926-091315-phtnw/maintenance] 	at org.apache.spark.sql.execution.QueryExecution$.withInternalError(QueryExecution.scala:654)
execute	Execute Action	2026-09-26T09:28:24.6082745Z [pod/manual-maintenance-20260926-091315-phtnw/maintenance] 	at org.apache.spark.sql.execution.QueryExecution.$anonfun$executePhase$1(QueryExecution.scala:278)
execute	Execute Action	2026-09-26T09:28:24.6083963Z [pod/manual-maintenance-20260926-091315-phtnw/maintenance] 	at org.apache.spark.sql.SparkSession.withActive(SparkSession.scala:804)
execute	Execute Action	2026-09-26T09:28:24.6085573Z [pod/manual-maintenance-20260926-091315-phtnw/maintenance] 	at org.apache.spark.sql.execution.QueryExecution.executePhase(QueryExecution.scala:277)
execute	Execute Action	2026-09-26T09:28:24.6087790Z [pod/manual-maintenance-20260926-091315-phtnw/maintenance] 	at org.apache.spark.sql.execution.QueryExecution.$anonfun$lazyAnalyzed$1(QueryExecution.scala:110)
execute	Execute Action	2026-09-26T09:28:24.6089491Z [pod/manual-maintenance-20260926-091315-phtnw/maintenance] 	at scala.util.Try$.apply(Try.scala:217)
execute	Execute Action	2026-09-26T09:28:24.6090655Z [pod/manual-maintenance-20260926-091315-phtnw/maintenance] 	at org.apache.spark.util.Utils$.doTryWithCallerStacktrace(Utils.scala:1378)
execute	Execute Action	2026-09-26T09:28:24.6092297Z [pod/manual-maintenance-20260926-091315-phtnw/maintenance] 	at org.apache.spark.util.Utils$.getTryWithCallerStacktrace(Utils.scala:1439)
execute	Execute Action	2026-09-26T09:28:24.6093300Z [pod/manual-maintenance-20260926-091315-phtnw/maintenance] 	at org.apache.spark.util.LazyTry.get(LazyTry.scala:58)
execute	Execute Action	2026-09-26T09:28:24.6094394Z [pod/manual-maintenance-20260926-091315-phtnw/maintenance] 	at org.apache.spark.sql.execution.QueryExecution.analyzed(QueryExecution.scala:121)
execute	Execute Action	2026-09-26T09:28:24.6096476Z [pod/manual-maintenance-20260926-091315-phtnw/maintenance] 	at org.apache.spark.sql.execution.QueryExecution.assertAnalyzed(QueryExecution.scala:80)
execute	Execute Action	2026-09-26T09:28:24.6098541Z [pod/manual-maintenance-20260926-091315-phtnw/maintenance] 	at org.apache.spark.sql.classic.Dataset$.$anonfun$ofRows$5(Dataset.scala:139)
execute	Execute Action	2026-09-26T09:28:24.6100448Z [pod/manual-maintenance-20260926-091315-phtnw/maintenance] 	at org.apache.spark.sql.SparkSession.withActive(SparkSession.scala:804)
execute	Execute Action	2026-09-26T09:28:24.6102059Z [pod/manual-maintenance-20260926-091315-phtnw/maintenance] 	at org.apache.spark.sql.classic.Dataset$.ofRows(Dataset.scala:136)
execute	Execute Action	2026-09-26T09:28:24.6103123Z [pod/manual-maintenance-20260926-091315-phtnw/maintenance] 	at org.apache.spark.sql.classic.SparkSession.$anonfun$sql$1(SparkSession.scala:462)
execute	Execute Action	2026-09-26T09:28:24.6104196Z [pod/manual-maintenance-20260926-091315-phtnw/maintenance] 	at org.apache.spark.sql.SparkSession.withActive(SparkSession.scala:804)
execute	Execute Action	2026-09-26T09:28:24.6105225Z [pod/manual-maintenance-20260926-091315-phtnw/maintenance] 	at org.apache.spark.sql.classic.SparkSession.sql(SparkSession.scala:449)
execute	Execute Action	2026-09-26T09:28:24.6106253Z [pod/manual-maintenance-20260926-091315-phtnw/maintenance] 	at org.apache.spark.sql.classic.SparkSession.sql(SparkSession.scala:467)
execute	Execute Action	2026-09-26T09:28:24.6107329Z [pod/manual-maintenance-20260926-091315-phtnw/maintenance] 	at java.base/jdk.internal.reflect.NativeMethodAccessorImpl.invoke0(Native Method)
execute	Execute Action	2026-09-26T09:28:24.6108524Z [pod/manual-maintenance-20260926-091315-phtnw/maintenance] 	at java.base/jdk.internal.reflect.NativeMethodAccessorImpl.invoke(NativeMethodAccessorImpl.java:77)
execute	Execute Action	2026-09-26T09:28:24.6110023Z [pod/manual-maintenance-20260926-091315-phtnw/maintenance] 	at java.base/jdk.internal.reflect.DelegatingMethodAccessorImpl.invoke(DelegatingMethodAccessorImpl.java:43)
execute	Execute Action	2026-09-26T09:28:24.6111168Z [pod/manual-maintenance-20260926-091315-phtnw/maintenance] 	at java.base/java.lang.reflect.Method.invoke(Method.java:569)
execute	Execute Action	2026-09-26T09:28:24.6112252Z [pod/manual-maintenance-20260926-091315-phtnw/maintenance] 	at py4j.reflection.MethodInvoker.invoke(MethodInvoker.java:244)
execute	Execute Action	2026-09-26T09:28:24.6113240Z [pod/manual-maintenance-20260926-091315-phtnw/maintenance] 	at py4j.reflection.ReflectionEngine.invoke(ReflectionEngine.java:374)
execute	Execute Action	2026-09-26T09:28:24.6114149Z [pod/manual-maintenance-20260926-091315-phtnw/maintenance] 	at py4j.Gateway.invoke(Gateway.java:282)
execute	Execute Action	2026-09-26T09:28:24.6115068Z [pod/manual-maintenance-20260926-091315-phtnw/maintenance] 	at py4j.commands.AbstractCommand.invokeMethod(AbstractCommand.java:132)
execute	Execute Action	2026-09-26T09:28:24.6116060Z [pod/manual-maintenance-20260926-091315-phtnw/maintenance] 	at py4j.commands.CallCommand.execute(CallCommand.java:79)
execute	Execute Action	2026-09-26T09:28:24.6117087Z [pod/manual-maintenance-20260926-091315-phtnw/maintenance] 	at py4j.ClientServerConnection.waitForCommands(ClientServerConnection.java:184)
execute	Execute Action	2026-09-26T09:28:24.6118189Z [pod/manual-maintenance-20260926-091315-phtnw/maintenance] 	at py4j.ClientServerConnection.run(ClientServerConnection.java:108)
execute	Execute Action	2026-09-26T09:28:24.6119123Z [pod/manual-maintenance-20260926-091315-phtnw/maintenance] 	at java.base/java.lang.Thread.run(Thread.java:840)
execute	Execute Action	2026-09-26T09:28:24.6120313Z [pod/manual-maintenance-20260926-091315-phtnw/maintenance] 	Suppressed: org.apache.spark.util.Utils$OriginalTryStackTraceException: Full stacktrace of original doTryWithCallerStacktrace caller
execute	Execute Action	2026-09-26T09:28:24.6121782Z [pod/manual-maintenance-20260926-091315-phtnw/maintenance] 		at org.apache.iceberg.rest.ErrorHandlers$DefaultErrorHandler.accept(ErrorHandlers.java:350)
execute	Execute Action	2026-09-26T09:28:24.6123092Z [pod/manual-maintenance-20260926-091315-phtnw/maintenance] 		at org.apache.iceberg.rest.ErrorHandlers$TableErrorHandler.accept(ErrorHandlers.java:160)
execute	Execute Action	2026-09-26T09:28:24.6124249Z [pod/manual-maintenance-20260926-091315-phtnw/maintenance] 		at org.apache.iceberg.rest.ErrorHandlers$TableErrorHandler.accept(ErrorHandlers.java:142)
execute	Execute Action	2026-09-26T09:28:24.6125344Z [pod/manual-maintenance-20260926-091315-phtnw/maintenance] 		at org.apache.iceberg.rest.HTTPClient.throwFailure(HTTPClient.java:242)
execute	Execute Action	2026-09-26T09:28:24.6126359Z [pod/manual-maintenance-20260926-091315-phtnw/maintenance] 		at org.apache.iceberg.rest.HTTPClient.execute(HTTPClient.java:347)
execute	Execute Action	2026-09-26T09:28:24.6127352Z [pod/manual-maintenance-20260926-091315-phtnw/maintenance] 		at org.apache.iceberg.rest.HTTPClient.execute(HTTPClient.java:299)
execute	Execute Action	2026-09-26T09:28:24.6128356Z [pod/manual-maintenance-20260926-091315-phtnw/maintenance] 		at org.apache.iceberg.rest.BaseHTTPClient.get(BaseHTTPClient.java:101)
execute	Execute Action	2026-09-26T09:28:24.6129467Z [pod/manual-maintenance-20260926-091315-phtnw/maintenance] 		at org.apache.iceberg.rest.RESTSessionCatalog.loadInternal(RESTSessionCatalog.java:438)
execute	Execute Action	2026-09-26T09:28:24.6130630Z [pod/manual-maintenance-20260926-091315-phtnw/maintenance] 		at org.apache.iceberg.rest.RESTSessionCatalog.loadTable(RESTSessionCatalog.java:468)
execute	Execute Action	2026-09-26T09:28:24.6131934Z [pod/manual-maintenance-20260926-091315-phtnw/maintenance] 		at org.apache.iceberg.catalog.BaseSessionCatalog$AsCatalog.loadTable(BaseSessionCatalog.java:105)
execute	Execute Action	2026-09-26T09:28:24.6133067Z [pod/manual-maintenance-20260926-091315-phtnw/maintenance] 		at org.apache.iceberg.rest.RESTCatalog.loadTable(RESTCatalog.java:124)
execute	Execute Action	2026-09-26T09:28:24.6134389Z [pod/manual-maintenance-20260926-091315-phtnw/maintenance] 		at org.apache.iceberg.shaded.com.github.benmanes.caffeine.cache.BoundedLocalCache.lambda$doComputeIfAbsent$14(BoundedLocalCache.java:2406)
execute	Execute Action	2026-09-26T09:28:24.6135780Z [pod/manual-maintenance-20260926-091315-phtnw/maintenance] 		at java.base/java.util.concurrent.ConcurrentHashMap.compute(ConcurrentHashMap.java:1916)
execute	Execute Action	2026-09-26T09:28:24.6137280Z [pod/manual-maintenance-20260926-091315-phtnw/maintenance] 		at org.apache.iceberg.shaded.com.github.benmanes.caffeine.cache.BoundedLocalCache.doComputeIfAbsent(BoundedLocalCache.java:2404)
execute	Execute Action	2026-09-26T09:28:24.6138846Z [pod/manual-maintenance-20260926-091315-phtnw/maintenance] 		at org.apache.iceberg.shaded.com.github.benmanes.caffeine.cache.BoundedLocalCache.computeIfAbsent(BoundedLocalCache.java:2387)
execute	Execute Action	2026-09-26T09:28:24.6140332Z [pod/manual-maintenance-20260926-091315-phtnw/maintenance] 		at org.apache.iceberg.shaded.com.github.benmanes.caffeine.cache.LocalCache.computeIfAbsent(LocalCache.java:108)
execute	Execute Action	2026-09-26T09:28:24.6141872Z [pod/manual-maintenance-20260926-091315-phtnw/maintenance] 		at org.apache.iceberg.shaded.com.github.benmanes.caffeine.cache.LocalManualCache.get(LocalManualCache.java:62)
execute	Execute Action	2026-09-26T09:28:24.6143114Z [pod/manual-maintenance-20260926-091315-phtnw/maintenance] 		at org.apache.iceberg.CachingCatalog.loadTable(CachingCatalog.java:147)
execute	Execute Action	2026-09-26T09:28:24.6144152Z [pod/manual-maintenance-20260926-091315-phtnw/maintenance] 		at org.apache.iceberg.spark.SparkCatalog.load(SparkCatalog.java:867)
execute	Execute Action	2026-09-26T09:28:24.6145184Z [pod/manual-maintenance-20260926-091315-phtnw/maintenance] 		at org.apache.iceberg.spark.SparkCatalog.loadTable(SparkCatalog.java:171)
execute	Execute Action	2026-09-26T09:28:24.6146320Z [pod/manual-maintenance-20260926-091315-phtnw/maintenance] 		at org.apache.iceberg.spark.procedures.BaseProcedure.loadSparkTable(BaseProcedure.java:168)
execute	Execute Action	2026-09-26T09:28:24.6147535Z [pod/manual-maintenance-20260926-091315-phtnw/maintenance] 		at org.apache.iceberg.spark.procedures.BaseProcedure.execute(BaseProcedure.java:129)
execute	Execute Action	2026-09-26T09:28:24.6148739Z [pod/manual-maintenance-20260926-091315-phtnw/maintenance] 		at org.apache.iceberg.spark.procedures.BaseProcedure.withIcebergTable(BaseProcedure.java:121)
execute	Execute Action	2026-09-26T09:28:24.6150040Z [pod/manual-maintenance-20260926-091315-phtnw/maintenance] 		at org.apache.iceberg.spark.procedures.RemoveOrphanFilesProcedure.call(RemoveOrphanFilesProcedure.java:153)
execute	Execute Action	2026-09-26T09:28:24.6151771Z [pod/manual-maintenance-20260926-091315-phtnw/maintenance] 		at org.apache.spark.sql.catalyst.analysis.InvokeProcedures.org$apache$spark$sql$catalyst$analysis$InvokeProcedures$$invoke(InvokeProcedures.scala:48)
execute	Execute Action	2026-09-26T09:28:24.6153292Z [pod/manual-maintenance-20260926-091315-phtnw/maintenance] 		at org.apache.spark.sql.catalyst.analysis.InvokeProcedures$$anonfun$apply$1.applyOrElse(InvokeProcedures.scala:40)
execute	Execute Action	2026-09-26T09:28:24.6154665Z [pod/manual-maintenance-20260926-091315-phtnw/maintenance] 		at org.apache.spark.sql.catalyst.analysis.InvokeProcedures$$anonfun$apply$1.applyOrElse(InvokeProcedures.scala:36)
execute	Execute Action	2026-09-26T09:28:24.6156105Z [pod/manual-maintenance-20260926-091315-phtnw/maintenance] 		at org.apache.spark.sql.catalyst.plans.logical.AnalysisHelper.$anonfun$resolveOperatorsDownWithPruning$2(AnalysisHelper.scala:200)
execute	Execute Action	2026-09-26T09:28:24.6157421Z [pod/manual-maintenance-20260926-091315-phtnw/maintenance] 		at org.apache.spark.sql.catalyst.trees.CurrentOrigin$.withOrigin(origin.scala:86)
execute	Execute Action	2026-09-26T09:28:24.6158734Z [pod/manual-maintenance-20260926-091315-phtnw/maintenance] 		at org.apache.spark.sql.catalyst.plans.logical.AnalysisHelper.$anonfun$resolveOperatorsDownWithPruning$1(AnalysisHelper.scala:200)
execute	Execute Action	2026-09-26T09:28:24.6160219Z [pod/manual-maintenance-20260926-091315-phtnw/maintenance] 		at org.apache.spark.sql.catalyst.plans.logical.AnalysisHelper$.allowInvokingTransformsInAnalyzer(AnalysisHelper.scala:416)
execute	Execute Action	2026-09-26T09:28:24.6161825Z [pod/manual-maintenance-20260926-091315-phtnw/maintenance] 		at org.apache.spark.sql.catalyst.plans.logical.AnalysisHelper.resolveOperatorsDownWithPruning(AnalysisHelper.scala:198)
execute	Execute Action	2026-09-26T09:28:24.6163327Z [pod/manual-maintenance-20260926-091315-phtnw/maintenance] 		at org.apache.spark.sql.catalyst.plans.logical.AnalysisHelper.resolveOperatorsDownWithPruning$(AnalysisHelper.scala:194)
execute	Execute Action	2026-09-26T09:28:24.6164800Z [pod/manual-maintenance-20260926-091315-phtnw/maintenance] 		at org.apache.spark.sql.catalyst.plans.logical.LogicalPlan.resolveOperatorsDownWithPruning(LogicalPlan.scala:37)
execute	Execute Action	2026-09-26T09:28:24.6166367Z [pod/manual-maintenance-20260926-091315-phtnw/maintenance] 		at org.apache.spark.sql.catalyst.plans.logical.AnalysisHelper.resolveOperatorsWithPruning(AnalysisHelper.scala:100)
execute	Execute Action	2026-09-26T09:28:24.6167812Z [pod/manual-maintenance-20260926-091315-phtnw/maintenance] 		at org.apache.spark.sql.catalyst.plans.logical.AnalysisHelper.resolveOperatorsWithPruning$(AnalysisHelper.scala:97)
execute	Execute Action	2026-09-26T09:28:24.6169222Z [pod/manual-maintenance-20260926-091315-phtnw/maintenance] 		at org.apache.spark.sql.catalyst.plans.logical.LogicalPlan.resolveOperatorsWithPruning(LogicalPlan.scala:37)
execute	Execute Action	2026-09-26T09:28:24.6170577Z [pod/manual-maintenance-20260926-091315-phtnw/maintenance] 		at org.apache.spark.sql.catalyst.plans.logical.AnalysisHelper.resolveOperators(AnalysisHelper.scala:77)
execute	Execute Action	2026-09-26T09:28:24.6172033Z [pod/manual-maintenance-20260926-091315-phtnw/maintenance] 		at org.apache.spark.sql.catalyst.plans.logical.AnalysisHelper.resolveOperators$(AnalysisHelper.scala:76)
execute	Execute Action	2026-09-26T09:28:24.6173348Z [pod/manual-maintenance-20260926-091315-phtnw/maintenance] 		at org.apache.spark.sql.catalyst.plans.logical.LogicalPlan.resolveOperators(LogicalPlan.scala:37)
execute	Execute Action	2026-09-26T09:28:24.6174589Z [pod/manual-maintenance-20260926-091315-phtnw/maintenance] 		at org.apache.spark.sql.catalyst.analysis.InvokeProcedures.apply(InvokeProcedures.scala:36)
execute	Execute Action	2026-09-26T09:28:24.6175795Z [pod/manual-maintenance-20260926-091315-phtnw/maintenance] 		at org.apache.spark.sql.catalyst.analysis.InvokeProcedures.apply(InvokeProcedures.scala:34)
execute	Execute Action	2026-09-26T09:28:24.6176997Z [pod/manual-maintenance-20260926-091315-phtnw/maintenance] 		at org.apache.spark.sql.catalyst.rules.RuleExecutor.$anonfun$execute$2(RuleExecutor.scala:242)
execute	Execute Action	2026-09-26T09:28:24.6178093Z [pod/manual-maintenance-20260926-091315-phtnw/maintenance] 		at scala.collection.LinearSeqOps.foldLeft(LinearSeq.scala:183)
execute	Execute Action	2026-09-26T09:28:24.6179194Z [pod/manual-maintenance-20260926-091315-phtnw/maintenance] 		at scala.collection.LinearSeqOps.foldLeft$(LinearSeq.scala:179)
execute	Execute Action	2026-09-26T09:28:24.6180151Z [pod/manual-maintenance-20260926-091315-phtnw/maintenance] 		at scala.collection.immutable.List.foldLeft(List.scala:79)
execute	Execute Action	2026-09-26T09:28:24.6181220Z [pod/manual-maintenance-20260926-091315-phtnw/maintenance] 		at org.apache.spark.sql.catalyst.rules.RuleExecutor.$anonfun$execute$1(RuleExecutor.scala:239)
execute	Execute Action	2026-09-26T09:28:24.6182568Z [pod/manual-maintenance-20260926-091315-phtnw/maintenance] 		at org.apache.spark.sql.catalyst.rules.RuleExecutor.$anonfun$execute$1$adapted(RuleExecutor.scala:231)
execute	Execute Action	2026-09-26T09:28:24.6183671Z [pod/manual-maintenance-20260926-091315-phtnw/maintenance] 		at scala.collection.immutable.List.foreach(List.scala:334)
execute	Execute Action	2026-09-26T09:28:24.6184705Z [pod/manual-maintenance-20260926-091315-phtnw/maintenance] 		at org.apache.spark.sql.catalyst.rules.RuleExecutor.execute(RuleExecutor.scala:231)
execute	Execute Action	2026-09-26T09:28:24.6186028Z [pod/manual-maintenance-20260926-091315-phtnw/maintenance] 		at org.apache.spark.sql.catalyst.analysis.Analyzer.org$apache$spark$sql$catalyst$analysis$Analyzer$$executeSameContext(Analyzer.scala:340)
execute	Execute Action	2026-09-26T09:28:24.6187362Z [pod/manual-maintenance-20260926-091315-phtnw/maintenance] 		at org.apache.spark.sql.catalyst.analysis.Analyzer.$anonfun$execute$1(Analyzer.scala:336)
execute	Execute Action	2026-09-26T09:28:24.6188569Z [pod/manual-maintenance-20260926-091315-phtnw/maintenance] 		at org.apache.spark.sql.catalyst.analysis.AnalysisContext$.withNewAnalysisContext(Analyzer.scala:234)
execute	Execute Action	2026-09-26T09:28:24.6189752Z [pod/manual-maintenance-20260926-091315-phtnw/maintenance] 		at org.apache.spark.sql.catalyst.analysis.Analyzer.execute(Analyzer.scala:336)
execute	Execute Action	2026-09-26T09:28:24.6190852Z [pod/manual-maintenance-20260926-091315-phtnw/maintenance] 		at org.apache.spark.sql.catalyst.analysis.Analyzer.execute(Analyzer.scala:299)
execute	Execute Action	2026-09-26T09:28:24.6192143Z [pod/manual-maintenance-20260926-091315-phtnw/maintenance] 		at org.apache.spark.sql.catalyst.rules.RuleExecutor.$anonfun$executeAndTrack$1(RuleExecutor.scala:201)
execute	Execute Action	2026-09-26T09:28:24.6193529Z [pod/manual-maintenance-20260926-091315-phtnw/maintenance] 		at org.apache.spark.sql.catalyst.QueryPlanningTracker$.withTracker(QueryPlanningTracker.scala:89)
execute	Execute Action	2026-09-26T09:28:24.6194754Z [pod/manual-maintenance-20260926-091315-phtnw/maintenance] 		at org.apache.spark.sql.catalyst.rules.RuleExecutor.executeAndTrack(RuleExecutor.scala:201)
execute	Execute Action	2026-09-26T09:28:24.6196062Z [pod/manual-maintenance-20260926-091315-phtnw/maintenance] 		at org.apache.spark.sql.catalyst.analysis.resolver.HybridAnalyzer.resolveInFixedPoint(HybridAnalyzer.scala:190)
execute	Execute Action	2026-09-26T09:28:24.6197436Z [pod/manual-maintenance-20260926-091315-phtnw/maintenance] 		at org.apache.spark.sql.catalyst.analysis.resolver.HybridAnalyzer.$anonfun$apply$1(HybridAnalyzer.scala:76)
execute	Execute Action	2026-09-26T09:28:24.6198865Z [pod/manual-maintenance-20260926-091315-phtnw/maintenance] 		at org.apache.spark.sql.catalyst.analysis.resolver.HybridAnalyzer.withTrackedAnalyzerBridgeState(HybridAnalyzer.scala:111)
execute	Execute Action	2026-09-26T09:28:24.6200276Z [pod/manual-maintenance-20260926-091315-phtnw/maintenance] 		at org.apache.spark.sql.catalyst.analysis.resolver.HybridAnalyzer.apply(HybridAnalyzer.scala:71)
execute	Execute Action	2026-09-26T09:28:24.6201630Z [pod/manual-maintenance-20260926-091315-phtnw/maintenance] 		at org.apache.spark.sql.catalyst.analysis.Analyzer.$anonfun$executeAndCheck$1(Analyzer.scala:330)
execute	Execute Action	2026-09-26T09:28:24.6202898Z [pod/manual-maintenance-20260926-091315-phtnw/maintenance] 		at org.apache.spark.sql.catalyst.plans.logical.AnalysisHelper$.markInAnalyzer(AnalysisHelper.scala:423)
execute	Execute Action	2026-09-26T09:28:24.6204135Z [pod/manual-maintenance-20260926-091315-phtnw/maintenance] 		at org.apache.spark.sql.catalyst.analysis.Analyzer.executeAndCheck(Analyzer.scala:330)
execute	Execute Action	2026-09-26T09:28:24.6205341Z [pod/manual-maintenance-20260926-091315-phtnw/maintenance] 		at org.apache.spark.sql.execution.QueryExecution.$anonfun$lazyAnalyzed$2(QueryExecution.scala:110)
execute	Execute Action	2026-09-26T09:28:24.6206726Z [pod/manual-maintenance-20260926-091315-phtnw/maintenance] 		at org.apache.spark.sql.catalyst.QueryPlanningTracker.measurePhase(QueryPlanningTracker.scala:148)
execute	Execute Action	2026-09-26T09:28:24.6207981Z [pod/manual-maintenance-20260926-091315-phtnw/maintenance] 		at org.apache.spark.sql.execution.QueryExecution.$anonfun$executePhase$2(QueryExecution.scala:278)
execute	Execute Action	2026-09-26T09:28:24.6209192Z [pod/manual-maintenance-20260926-091315-phtnw/maintenance] 		at org.apache.spark.sql.execution.QueryExecution$.withInternalError(QueryExecution.scala:654)
execute	Execute Action	2026-09-26T09:28:24.6210399Z [pod/manual-maintenance-20260926-091315-phtnw/maintenance] 		at org.apache.spark.sql.execution.QueryExecution.$anonfun$executePhase$1(QueryExecution.scala:278)
execute	Execute Action	2026-09-26T09:28:24.6211655Z [pod/manual-maintenance-20260926-091315-phtnw/maintenance] 		at org.apache.spark.sql.SparkSession.withActive(SparkSession.scala:804)
execute	Execute Action	2026-09-26T09:28:24.6212768Z [pod/manual-maintenance-20260926-091315-phtnw/maintenance] 		at org.apache.spark.sql.execution.QueryExecution.executePhase(QueryExecution.scala:277)
execute	Execute Action	2026-09-26T09:28:24.6213979Z [pod/manual-maintenance-20260926-091315-phtnw/maintenance] 		at org.apache.spark.sql.execution.QueryExecution.$anonfun$lazyAnalyzed$1(QueryExecution.scala:110)
execute	Execute Action	2026-09-26T09:28:24.6214996Z [pod/manual-maintenance-20260926-091315-phtnw/maintenance] 		at scala.util.Try$.apply(Try.scala:217)
execute	Execute Action	2026-09-26T09:28:24.6215914Z [pod/manual-maintenance-20260926-091315-phtnw/maintenance] 		at org.apache.spark.util.Utils$.doTryWithCallerStacktrace(Utils.scala:1378)
execute	Execute Action	2026-09-26T09:28:24.6216932Z [pod/manual-maintenance-20260926-091315-phtnw/maintenance] 		at org.apache.spark.util.LazyTry.tryT$lzycompute(LazyTry.scala:46)
execute	Execute Action	2026-09-26T09:28:24.6217906Z [pod/manual-maintenance-20260926-091315-phtnw/maintenance] 		at org.apache.spark.util.LazyTry.tryT(LazyTry.scala:46)
execute	Execute Action	2026-09-26T09:28:24.6218656Z [pod/manual-maintenance-20260926-091315-phtnw/maintenance] 		... 22 more
execute	Execute Action	2026-09-26T09:28:24.6219219Z [pod/manual-maintenance-20260926-091315-phtnw/maintenance] 
execute	Execute Action	2026-09-26T09:28:24.6219936Z [pod/manual-maintenance-20260926-091315-phtnw/maintenance] 26/09/26 09:27:12 WARN Spark3Util: Failed to load catalog: web
execute	Execute Action	2026-09-26T09:28:24.6221732Z [pod/manual-maintenance-20260926-091315-phtnw/maintenance] org.apache.spark.sql.connector.catalog.CatalogNotFoundException: [CATALOG_NOT_FOUND] The catalog `web` not found. Consider to set the SQL config "spark.sql.catalog.web" to a catalog plugin. SQLSTATE: 42P08
execute	Execute Action	2026-09-26T09:28:24.6223417Z [pod/manual-maintenance-20260926-091315-phtnw/maintenance] 	at org.apache.spark.sql.errors.QueryExecutionErrors$.catalogNotFoundError(QueryExecutionErrors.scala:1809)
execute	Execute Action	2026-09-26T09:28:24.6224606Z [pod/manual-maintenance-20260926-091315-phtnw/maintenance] 	at org.apache.spark.sql.connector.catalog.Catalogs$.load(Catalogs.scala:56)
execute	Execute Action	2026-09-26T09:28:24.6225760Z [pod/manual-maintenance-20260926-091315-phtnw/maintenance] 	at org.apache.spark.sql.connector.catalog.CatalogManager.$anonfun$catalog$1(CatalogManager.scala:56)
execute	Execute Action	2026-09-26T09:28:24.6226913Z [pod/manual-maintenance-20260926-091315-phtnw/maintenance] 	at scala.collection.mutable.HashMap.getOrElseUpdate(HashMap.scala:469)
execute	Execute Action	2026-09-26T09:28:24.6228036Z [pod/manual-maintenance-20260926-091315-phtnw/maintenance] 	at org.apache.spark.sql.connector.catalog.CatalogManager.catalog(CatalogManager.scala:56)
execute	Execute Action	2026-09-26T09:28:24.6229212Z [pod/manual-maintenance-20260926-091315-phtnw/maintenance] 	at org.apache.iceberg.spark.Spark3Util.lambda$catalogAndIdentifier$3(Spark3Util.java:815)
execute	Execute Action	2026-09-26T09:28:24.6230337Z [pod/manual-maintenance-20260926-091315-phtnw/maintenance] 	at org.apache.iceberg.spark.SparkUtil.catalogAndIdentifier(SparkUtil.java:122)
execute	Execute Action	2026-09-26T09:28:24.6231549Z [pod/manual-maintenance-20260926-091315-phtnw/maintenance] 	at org.apache.iceberg.spark.Spark3Util.catalogAndIdentifier(Spark3Util.java:811)
execute	Execute Action	2026-09-26T09:28:24.6232663Z [pod/manual-maintenance-20260926-091315-phtnw/maintenance] 	at org.apache.iceberg.spark.Spark3Util.catalogAndIdentifier(Spark3Util.java:766)
execute	Execute Action	2026-09-26T09:28:24.6233897Z [pod/manual-maintenance-20260926-091315-phtnw/maintenance] 	at org.apache.iceberg.spark.Spark3Util.catalogAndIdentifier(Spark3Util.java:778)
execute	Execute Action	2026-09-26T09:28:24.6235078Z [pod/manual-maintenance-20260926-091315-phtnw/maintenance] 	at org.apache.iceberg.spark.procedures.ProcedureInput.catalogAndIdent(ProcedureInput.java:243)
execute	Execute Action	2026-09-26T09:28:24.6236277Z [pod/manual-maintenance-20260926-091315-phtnw/maintenance] 	at org.apache.iceberg.spark.procedures.ProcedureInput.ident(ProcedureInput.java:215)
execute	Execute Action	2026-09-26T09:28:24.6237524Z [pod/manual-maintenance-20260926-091315-phtnw/maintenance] 	at org.apache.iceberg.spark.procedures.RewriteDataFilesProcedure.call(RewriteDataFilesProcedure.java:116)
execute	Execute Action	2026-09-26T09:28:24.6239008Z [pod/manual-maintenance-20260926-091315-phtnw/maintenance] 	at org.apache.spark.sql.catalyst.analysis.InvokeProcedures.org$apache$spark$sql$catalyst$analysis$InvokeProcedures$$invoke(InvokeProcedures.scala:48)
execute	Execute Action	2026-09-26T09:28:24.6240506Z [pod/manual-maintenance-20260926-091315-phtnw/maintenance] 	at org.apache.spark.sql.catalyst.analysis.InvokeProcedures$$anonfun$apply$1.applyOrElse(InvokeProcedures.scala:40)
execute	Execute Action	2026-09-26T09:28:24.6241988Z [pod/manual-maintenance-20260926-091315-phtnw/maintenance] 	at org.apache.spark.sql.catalyst.analysis.InvokeProcedures$$anonfun$apply$1.applyOrElse(InvokeProcedures.scala:36)
execute	Execute Action	2026-09-26T09:28:24.6243432Z [pod/manual-maintenance-20260926-091315-phtnw/maintenance] 	at org.apache.spark.sql.catalyst.plans.logical.AnalysisHelper.$anonfun$resolveOperatorsDownWithPruning$2(AnalysisHelper.scala:200)
execute	Execute Action	2026-09-26T09:28:24.6245142Z [pod/manual-maintenance-20260926-091315-phtnw/maintenance] 	at org.apache.spark.sql.catalyst.trees.CurrentOrigin$.withOrigin(origin.scala:86)
execute	Execute Action	2026-09-26T09:28:24.6246754Z [pod/manual-maintenance-20260926-091315-phtnw/maintenance] 	at org.apache.spark.sql.catalyst.plans.logical.AnalysisHelper.$anonfun$resolveOperatorsDownWithPruning$1(AnalysisHelper.scala:200)
execute	Execute Action	2026-09-26T09:28:24.6248247Z [pod/manual-maintenance-20260926-091315-phtnw/maintenance] 	at org.apache.spark.sql.catalyst.plans.logical.AnalysisHelper$.allowInvokingTransformsInAnalyzer(AnalysisHelper.scala:416)
execute	Execute Action	2026-09-26T09:28:24.6249893Z [pod/manual-maintenance-20260926-091315-phtnw/maintenance] 	at org.apache.spark.sql.catalyst.plans.logical.AnalysisHelper.resolveOperatorsDownWithPruning(AnalysisHelper.scala:198)
execute	Execute Action	2026-09-26T09:28:24.6251532Z [pod/manual-maintenance-20260926-091315-phtnw/maintenance] 	at org.apache.spark.sql.catalyst.plans.logical.AnalysisHelper.resolveOperatorsDownWithPruning$(AnalysisHelper.scala:194)
execute	Execute Action	2026-09-26T09:28:24.6253022Z [pod/manual-maintenance-20260926-091315-phtnw/maintenance] 	at org.apache.spark.sql.catalyst.plans.logical.LogicalPlan.resolveOperatorsDownWithPruning(LogicalPlan.scala:37)
execute	Execute Action	2026-09-26T09:28:24.6254468Z [pod/manual-maintenance-20260926-091315-phtnw/maintenance] 	at org.apache.spark.sql.catalyst.plans.logical.AnalysisHelper.resolveOperatorsWithPruning(AnalysisHelper.scala:100)
execute	Execute Action	2026-09-26T09:28:24.6255918Z [pod/manual-maintenance-20260926-091315-phtnw/maintenance] 	at org.apache.spark.sql.catalyst.plans.logical.AnalysisHelper.resolveOperatorsWithPruning$(AnalysisHelper.scala:97)
execute	Execute Action	2026-09-26T09:28:24.6257346Z [pod/manual-maintenance-20260926-091315-phtnw/maintenance] 	at org.apache.spark.sql.catalyst.plans.logical.LogicalPlan.resolveOperatorsWithPruning(LogicalPlan.scala:37)
execute	Execute Action	2026-09-26T09:28:24.6258705Z [pod/manual-maintenance-20260926-091315-phtnw/maintenance] 	at org.apache.spark.sql.catalyst.plans.logical.AnalysisHelper.resolveOperators(AnalysisHelper.scala:77)
execute	Execute Action	2026-09-26T09:28:24.6260040Z [pod/manual-maintenance-20260926-091315-phtnw/maintenance] 	at org.apache.spark.sql.catalyst.plans.logical.AnalysisHelper.resolveOperators$(AnalysisHelper.scala:76)
execute	Execute Action	2026-09-26T09:28:24.6261471Z [pod/manual-maintenance-20260926-091315-phtnw/maintenance] 	at org.apache.spark.sql.catalyst.plans.logical.LogicalPlan.resolveOperators(LogicalPlan.scala:37)
execute	Execute Action	2026-09-26T09:28:24.6262730Z [pod/manual-maintenance-20260926-091315-phtnw/maintenance] 	at org.apache.spark.sql.catalyst.analysis.InvokeProcedures.apply(InvokeProcedures.scala:36)
execute	Execute Action	2026-09-26T09:28:24.6264131Z [pod/manual-maintenance-20260926-091315-phtnw/maintenance] 	at org.apache.spark.sql.catalyst.analysis.InvokeProcedures.apply(InvokeProcedures.scala:34)
execute	Execute Action	2026-09-26T09:28:24.6265343Z [pod/manual-maintenance-20260926-091315-phtnw/maintenance] 	at org.apache.spark.sql.catalyst.rules.RuleExecutor.$anonfun$execute$2(RuleExecutor.scala:242)
execute	Execute Action	2026-09-26T09:28:24.6266433Z [pod/manual-maintenance-20260926-091315-phtnw/maintenance] 	at scala.collection.LinearSeqOps.foldLeft(LinearSeq.scala:183)
execute	Execute Action	2026-09-26T09:28:24.6267405Z [pod/manual-maintenance-20260926-091315-phtnw/maintenance] 	at scala.collection.LinearSeqOps.foldLeft$(LinearSeq.scala:179)
execute	Execute Action	2026-09-26T09:28:24.6268361Z [pod/manual-maintenance-20260926-091315-phtnw/maintenance] 	at scala.collection.immutable.List.foldLeft(List.scala:79)
execute	Execute Action	2026-09-26T09:28:24.6269426Z [pod/manual-maintenance-20260926-091315-phtnw/maintenance] 	at org.apache.spark.sql.catalyst.rules.RuleExecutor.$anonfun$execute$1(RuleExecutor.scala:239)
execute	Execute Action	2026-09-26T09:28:24.6270664Z [pod/manual-maintenance-20260926-091315-phtnw/maintenance] 	at org.apache.spark.sql.catalyst.rules.RuleExecutor.$anonfun$execute$1$adapted(RuleExecutor.scala:231)
execute	Execute Action	2026-09-26T09:28:24.6271875Z [pod/manual-maintenance-20260926-091315-phtnw/maintenance] 	at scala.collection.immutable.List.foreach(List.scala:334)
execute	Execute Action	2026-09-26T09:28:24.6272918Z [pod/manual-maintenance-20260926-091315-phtnw/maintenance] 	at org.apache.spark.sql.catalyst.rules.RuleExecutor.execute(RuleExecutor.scala:231)
execute	Execute Action	2026-09-26T09:28:24.6274242Z [pod/manual-maintenance-20260926-091315-phtnw/maintenance] 	at org.apache.spark.sql.catalyst.analysis.Analyzer.org$apache$spark$sql$catalyst$analysis$Analyzer$$executeSameContext(Analyzer.scala:340)
execute	Execute Action	2026-09-26T09:28:24.6275573Z [pod/manual-maintenance-20260926-091315-phtnw/maintenance] 	at org.apache.spark.sql.catalyst.analysis.Analyzer.$anonfun$execute$1(Analyzer.scala:336)
execute	Execute Action	2026-09-26T09:28:24.6276784Z [pod/manual-maintenance-20260926-091315-phtnw/maintenance] 	at org.apache.spark.sql.catalyst.analysis.AnalysisContext$.withNewAnalysisContext(Analyzer.scala:234)
execute	Execute Action	2026-09-26T09:28:24.6278107Z [pod/manual-maintenance-20260926-091315-phtnw/maintenance] 	at org.apache.spark.sql.catalyst.analysis.Analyzer.execute(Analyzer.scala:336)
execute	Execute Action	2026-09-26T09:28:24.6279199Z [pod/manual-maintenance-20260926-091315-phtnw/maintenance] 	at org.apache.spark.sql.catalyst.analysis.Analyzer.execute(Analyzer.scala:299)
execute	Execute Action	2026-09-26T09:28:24.6280384Z [pod/manual-maintenance-20260926-091315-phtnw/maintenance] 	at org.apache.spark.sql.catalyst.rules.RuleExecutor.$anonfun$executeAndTrack$1(RuleExecutor.scala:201)
execute	Execute Action	2026-09-26T09:28:24.6281759Z [pod/manual-maintenance-20260926-091315-phtnw/maintenance] 	at org.apache.spark.sql.catalyst.QueryPlanningTracker$.withTracker(QueryPlanningTracker.scala:89)
execute	Execute Action	2026-09-26T09:28:24.6282990Z [pod/manual-maintenance-20260926-091315-phtnw/maintenance] 	at org.apache.spark.sql.catalyst.rules.RuleExecutor.executeAndTrack(RuleExecutor.scala:201)
execute	Execute Action	2026-09-26T09:28:24.6284306Z [pod/manual-maintenance-20260926-091315-phtnw/maintenance] 	at org.apache.spark.sql.catalyst.analysis.resolver.HybridAnalyzer.resolveInFixedPoint(HybridAnalyzer.scala:190)
execute	Execute Action	2026-09-26T09:28:24.6285683Z [pod/manual-maintenance-20260926-091315-phtnw/maintenance] 	at org.apache.spark.sql.catalyst.analysis.resolver.HybridAnalyzer.$anonfun$apply$1(HybridAnalyzer.scala:76)
execute	Execute Action	2026-09-26T09:28:24.6287108Z [pod/manual-maintenance-20260926-091315-phtnw/maintenance] 	at org.apache.spark.sql.catalyst.analysis.resolver.HybridAnalyzer.withTrackedAnalyzerBridgeState(HybridAnalyzer.scala:111)
execute	Execute Action	2026-09-26T09:28:24.6288515Z [pod/manual-maintenance-20260926-091315-phtnw/maintenance] 	at org.apache.spark.sql.catalyst.analysis.resolver.HybridAnalyzer.apply(HybridAnalyzer.scala:71)
execute	Execute Action	2026-09-26T09:28:24.6289785Z [pod/manual-maintenance-20260926-091315-phtnw/maintenance] 	at org.apache.spark.sql.catalyst.analysis.Analyzer.$anonfun$executeAndCheck$1(Analyzer.scala:330)
execute	Execute Action	2026-09-26T09:28:24.6291042Z [pod/manual-maintenance-20260926-091315-phtnw/maintenance] 	at org.apache.spark.sql.catalyst.plans.logical.AnalysisHelper$.markInAnalyzer(AnalysisHelper.scala:423)
execute	Execute Action	2026-09-26T09:28:24.6292519Z [pod/manual-maintenance-20260926-091315-phtnw/maintenance] 	at org.apache.spark.sql.catalyst.analysis.Analyzer.executeAndCheck(Analyzer.scala:330)
execute	Execute Action	2026-09-26T09:28:24.6293722Z [pod/manual-maintenance-20260926-091315-phtnw/maintenance] 	at org.apache.spark.sql.execution.QueryExecution.$anonfun$lazyAnalyzed$2(QueryExecution.scala:110)
execute	Execute Action	2026-09-26T09:28:24.6294979Z [pod/manual-maintenance-20260926-091315-phtnw/maintenance] 	at org.apache.spark.sql.catalyst.QueryPlanningTracker.measurePhase(QueryPlanningTracker.scala:148)
execute	Execute Action	2026-09-26T09:28:24.6296244Z [pod/manual-maintenance-20260926-091315-phtnw/maintenance] 	at org.apache.spark.sql.execution.QueryExecution.$anonfun$executePhase$2(QueryExecution.scala:278)
execute	Execute Action	2026-09-26T09:28:24.6297457Z [pod/manual-maintenance-20260926-091315-phtnw/maintenance] 	at org.apache.spark.sql.execution.QueryExecution$.withInternalError(QueryExecution.scala:654)
execute	Execute Action	2026-09-26T09:28:24.6298672Z [pod/manual-maintenance-20260926-091315-phtnw/maintenance] 	at org.apache.spark.sql.execution.QueryExecution.$anonfun$executePhase$1(QueryExecution.scala:278)
execute	Execute Action	2026-09-26T09:28:24.6299806Z [pod/manual-maintenance-20260926-091315-phtnw/maintenance] 	at org.apache.spark.sql.SparkSession.withActive(SparkSession.scala:804)
execute	Execute Action	2026-09-26T09:28:24.6300914Z [pod/manual-maintenance-20260926-091315-phtnw/maintenance] 	at org.apache.spark.sql.execution.QueryExecution.executePhase(QueryExecution.scala:277)
execute	Execute Action	2026-09-26T09:28:24.6302268Z [pod/manual-maintenance-20260926-091315-phtnw/maintenance] 	at org.apache.spark.sql.execution.QueryExecution.$anonfun$lazyAnalyzed$1(QueryExecution.scala:110)
execute	Execute Action	2026-09-26T09:28:24.6303287Z [pod/manual-maintenance-20260926-091315-phtnw/maintenance] 	at scala.util.Try$.apply(Try.scala:217)
execute	Execute Action	2026-09-26T09:28:24.6304209Z [pod/manual-maintenance-20260926-091315-phtnw/maintenance] 	at org.apache.spark.util.Utils$.doTryWithCallerStacktrace(Utils.scala:1378)
execute	Execute Action	2026-09-26T09:28:24.6305406Z [pod/manual-maintenance-20260926-091315-phtnw/maintenance] 	at org.apache.spark.util.LazyTry.tryT$lzycompute(LazyTry.scala:46)
execute	Execute Action	2026-09-26T09:28:24.6306348Z [pod/manual-maintenance-20260926-091315-phtnw/maintenance] 	at org.apache.spark.util.LazyTry.tryT(LazyTry.scala:46)
execute	Execute Action	2026-09-26T09:28:24.6307252Z [pod/manual-maintenance-20260926-091315-phtnw/maintenance] 	at org.apache.spark.util.LazyTry.get(LazyTry.scala:58)
execute	Execute Action	2026-09-26T09:28:24.6308265Z [pod/manual-maintenance-20260926-091315-phtnw/maintenance] 	at org.apache.spark.sql.execution.QueryExecution.analyzed(QueryExecution.scala:121)
execute	Execute Action	2026-09-26T09:28:24.6309451Z [pod/manual-maintenance-20260926-091315-phtnw/maintenance] 	at org.apache.spark.sql.execution.QueryExecution.assertAnalyzed(QueryExecution.scala:80)
execute	Execute Action	2026-09-26T09:28:24.6310573Z [pod/manual-maintenance-20260926-091315-phtnw/maintenance] 	at org.apache.spark.sql.classic.Dataset$.$anonfun$ofRows$5(Dataset.scala:139)
execute	Execute Action	2026-09-26T09:28:24.6311729Z [pod/manual-maintenance-20260926-091315-phtnw/maintenance] 	at org.apache.spark.sql.SparkSession.withActive(SparkSession.scala:804)
execute	Execute Action	2026-09-26T09:28:24.6312761Z [pod/manual-maintenance-20260926-091315-phtnw/maintenance] 	at org.apache.spark.sql.classic.Dataset$.ofRows(Dataset.scala:136)
execute	Execute Action	2026-09-26T09:28:24.6313807Z [pod/manual-maintenance-20260926-091315-phtnw/maintenance] 	at org.apache.spark.sql.classic.SparkSession.$anonfun$sql$1(SparkSession.scala:462)
execute	Execute Action	2026-09-26T09:28:24.6314875Z [pod/manual-maintenance-20260926-091315-phtnw/maintenance] 	at org.apache.spark.sql.SparkSession.withActive(SparkSession.scala:804)
execute	Execute Action	2026-09-26T09:28:24.6315910Z [pod/manual-maintenance-20260926-091315-phtnw/maintenance] 	at org.apache.spark.sql.classic.SparkSession.sql(SparkSession.scala:449)
execute	Execute Action	2026-09-26T09:28:24.6316946Z [pod/manual-maintenance-20260926-091315-phtnw/maintenance] 	at org.apache.spark.sql.classic.SparkSession.sql(SparkSession.scala:467)
execute	Execute Action	2026-09-26T09:28:24.6318023Z [pod/manual-maintenance-20260926-091315-phtnw/maintenance] 	at jdk.internal.reflect.GeneratedMethodAccessor93.invoke(Unknown Source)
execute	Execute Action	2026-09-26T09:28:24.6319366Z [pod/manual-maintenance-20260926-091315-phtnw/maintenance] 	at java.base/jdk.internal.reflect.DelegatingMethodAccessorImpl.invoke(DelegatingMethodAccessorImpl.java:43)
execute	Execute Action	2026-09-26T09:28:24.6320517Z [pod/manual-maintenance-20260926-091315-phtnw/maintenance] 	at java.base/java.lang.reflect.Method.invoke(Method.java:569)
execute	Execute Action	2026-09-26T09:28:24.6321593Z [pod/manual-maintenance-20260926-091315-phtnw/maintenance] 	at py4j.reflection.MethodInvoker.invoke(MethodInvoker.java:244)
execute	Execute Action	2026-09-26T09:28:24.6322839Z [pod/manual-maintenance-20260926-091315-phtnw/maintenance] 	at py4j.reflection.ReflectionEngine.invoke(ReflectionEngine.java:374)
execute	Execute Action	2026-09-26T09:28:24.6323762Z [pod/manual-maintenance-20260926-091315-phtnw/maintenance] 	at py4j.Gateway.invoke(Gateway.java:282)
execute	Execute Action	2026-09-26T09:28:24.6324682Z [pod/manual-maintenance-20260926-091315-phtnw/maintenance] 	at py4j.commands.AbstractCommand.invokeMethod(AbstractCommand.java:132)
execute	Execute Action	2026-09-26T09:28:24.6325669Z [pod/manual-maintenance-20260926-091315-phtnw/maintenance] 	at py4j.commands.CallCommand.execute(CallCommand.java:79)
execute	Execute Action	2026-09-26T09:28:24.6326693Z [pod/manual-maintenance-20260926-091315-phtnw/maintenance] 	at py4j.ClientServerConnection.waitForCommands(ClientServerConnection.java:184)
execute	Execute Action	2026-09-26T09:28:24.6327764Z [pod/manual-maintenance-20260926-091315-phtnw/maintenance] 	at py4j.ClientServerConnection.run(ClientServerConnection.java:108)
execute	Execute Action	2026-09-26T09:28:24.6328700Z [pod/manual-maintenance-20260926-091315-phtnw/maintenance] 	at java.base/java.lang.Thread.run(Thread.java:840)
execute	Execute Action	2026-09-26T09:28:24.6330125Z [pod/manual-maintenance-20260926-091315-phtnw/maintenance] 26/09/26 09:27:12 INFO HttpRequestRetryExec: ex-0000000027 http://rustfs-svc.rustfs.svc.cluster.local:9000 responded with status 500; request will be automatically re-executed in 1007 MILLISECONDS (exec count 2)
execute	Execute Action	2026-09-26T09:28:24.6332204Z [pod/manual-maintenance-20260926-091315-phtnw/maintenance] 26/09/26 09:27:13 INFO HttpRequestRetryExec: ex-0000000027 http://rustfs-svc.rustfs.svc.cluster.local:9000 responded with status 500; request will be automatically re-executed in 2016 MILLISECONDS (exec count 3)
execute	Execute Action	2026-09-26T09:28:24.6334295Z [pod/manual-maintenance-20260926-091315-phtnw/maintenance] 26/09/26 09:27:15 INFO HttpRequestRetryExec: ex-0000000027 http://rustfs-svc.rustfs.svc.cluster.local:9000 responded with status 500; request will be automatically re-executed in 4018 MILLISECONDS (exec count 4)
execute	Execute Action	2026-09-26T09:28:24.6336867Z [pod/manual-maintenance-20260926-091315-phtnw/maintenance] 26/09/26 09:27:19 INFO HttpRequestRetryExec: ex-0000000027 http://rustfs-svc.rustfs.svc.cluster.local:9000 responded with status 500; request will be automatically re-executed in 8000 MILLISECONDS (exec count 5)
execute	Execute Action	2026-09-26T09:28:24.6338845Z [pod/manual-maintenance-20260926-091315-phtnw/maintenance] 26/09/26 09:27:28 INFO HttpRequestRetryExec: ex-0000000027 http://rustfs-svc.rustfs.svc.cluster.local:9000 responded with status 500; request will be automatically re-executed in 17384 MILLISECONDS (exec count 6)
execute	Execute Action	2026-09-26T09:28:24.6340549Z [pod/manual-maintenance-20260926-091315-phtnw/maintenance]     ✗ compact: An error occurred while calling o68.sql.
execute	Execute Action	2026-09-26T09:28:24.6341876Z [pod/manual-maintenance-20260926-091315-phtnw/maintenance] : org.apache.iceberg.exceptions.ServiceFailureException: Server error: RESTException: persisted table metadata is invalid
execute	Execute Action	2026-09-26T09:28:24.6343200Z [pod/manual-maintenance-20260926-091315-phtnw/maintenance] 	at org.apache.iceberg.rest.ErrorHandlers$DefaultErrorHandler.accept(ErrorHandlers.java:350)
execute	Execute Action	2026-09-26T09:28:24.6344390Z [pod/manual-maintenance-20260926-091315-phtnw/maintenance] 	at org.apache.iceberg.rest.ErrorHandlers$TableErrorHandler.accept(ErrorHandlers.java:160)
execute	Execute Action	2026-09-26T09:28:24.6345556Z [pod/manual-maintenance-20260926-091315-phtnw/maintenance] 	at org.apache.iceberg.rest.ErrorHandlers$TableErrorHandler.accept(ErrorHandlers.java:142)
execute	Execute Action	2026-09-26T09:28:24.6346668Z [pod/manual-maintenance-20260926-091315-phtnw/maintenance] 	at org.apache.iceberg.rest.HTTPClient.throwFailure(HTTPClient.java:242)
execute	Execute Action	2026-09-26T09:28:24.6347859Z [pod/manual-maintenance-20260926-091315-phtnw/maintenance] 	at org.apache.iceberg.rest.HTTPClient.execute(HTTPClient.java:347)
execute	Execute Action	2026-09-26T09:28:24.6348862Z [pod/manual-maintenance-20260926-091315-phtnw/maintenance] 	at org.apache.iceberg.rest.HTTPClient.execute(HTTPClient.java:299)
execute	Execute Action	2026-09-26T09:28:24.6349872Z [pod/manual-maintenance-20260926-091315-phtnw/maintenance] 	at org.apache.iceberg.rest.BaseHTTPClient.get(BaseHTTPClient.java:101)
execute	Execute Action	2026-09-26T09:28:24.6350974Z [pod/manual-maintenance-20260926-091315-phtnw/maintenance] 	at org.apache.iceberg.rest.RESTSessionCatalog.loadInternal(RESTSessionCatalog.java:438)
execute	Execute Action	2026-09-26T09:28:24.6352266Z [pod/manual-maintenance-20260926-091315-phtnw/maintenance] 	at org.apache.iceberg.rest.RESTSessionCatalog.loadTable(RESTSessionCatalog.java:468)
execute	Execute Action	2026-09-26T09:28:24.6353464Z [pod/manual-maintenance-20260926-091315-phtnw/maintenance] 	at org.apache.iceberg.catalog.BaseSessionCatalog$AsCatalog.loadTable(BaseSessionCatalog.java:105)
execute	Execute Action	2026-09-26T09:28:24.6354617Z [pod/manual-maintenance-20260926-091315-phtnw/maintenance] 	at org.apache.iceberg.rest.RESTCatalog.loadTable(RESTCatalog.java:124)
execute	Execute Action	2026-09-26T09:28:24.6369841Z [pod/manual-maintenance-20260926-091315-phtnw/maintenance] 	at org.apache.iceberg.shaded.com.github.benmanes.caffeine.cache.BoundedLocalCache.lambda$doComputeIfAbsent$14(BoundedLocalCache.java:2406)
execute	Execute Action	2026-09-26T09:28:24.6371524Z [pod/manual-maintenance-20260926-091315-phtnw/maintenance] 	at java.base/java.util.concurrent.ConcurrentHashMap.compute(ConcurrentHashMap.java:1916)
execute	Execute Action	2026-09-26T09:28:24.6372948Z [pod/manual-maintenance-20260926-091315-phtnw/maintenance] 	at org.apache.iceberg.shaded.com.github.benmanes.caffeine.cache.BoundedLocalCache.doComputeIfAbsent(BoundedLocalCache.java:2404)
execute	Execute Action	2026-09-26T09:28:24.6374529Z [pod/manual-maintenance-20260926-091315-phtnw/maintenance] 	at org.apache.iceberg.shaded.com.github.benmanes.caffeine.cache.BoundedLocalCache.computeIfAbsent(BoundedLocalCache.java:2387)
execute	Execute Action	2026-09-26T09:28:24.6376331Z [pod/manual-maintenance-20260926-091315-phtnw/maintenance] 	at org.apache.iceberg.shaded.com.github.benmanes.caffeine.cache.LocalCache.computeIfAbsent(LocalCache.java:108)
execute	Execute Action	2026-09-26T09:28:24.6377747Z [pod/manual-maintenance-20260926-091315-phtnw/maintenance] 	at org.apache.iceberg.shaded.com.github.benmanes.caffeine.cache.LocalManualCache.get(LocalManualCache.java:62)
execute	Execute Action	2026-09-26T09:28:24.6378983Z [pod/manual-maintenance-20260926-091315-phtnw/maintenance] 	at org.apache.iceberg.CachingCatalog.loadTable(CachingCatalog.java:147)
execute	Execute Action	2026-09-26T09:28:24.6380017Z [pod/manual-maintenance-20260926-091315-phtnw/maintenance] 	at org.apache.iceberg.spark.SparkCatalog.load(SparkCatalog.java:867)
execute	Execute Action	2026-09-26T09:28:24.6381059Z [pod/manual-maintenance-20260926-091315-phtnw/maintenance] 	at org.apache.iceberg.spark.SparkCatalog.loadTable(SparkCatalog.java:171)
execute	Execute Action	2026-09-26T09:28:24.6382356Z [pod/manual-maintenance-20260926-091315-phtnw/maintenance] 	at org.apache.iceberg.spark.procedures.BaseProcedure.loadSparkTable(BaseProcedure.java:168)
execute	Execute Action	2026-09-26T09:28:24.6383656Z [pod/manual-maintenance-20260926-091315-phtnw/maintenance] 	at org.apache.iceberg.spark.procedures.RewriteDataFilesProcedure.call(RewriteDataFilesProcedure.java:124)
execute	Execute Action	2026-09-26T09:28:24.6385140Z [pod/manual-maintenance-20260926-091315-phtnw/maintenance] 	at org.apache.spark.sql.catalyst.analysis.InvokeProcedures.org$apache$spark$sql$catalyst$analysis$InvokeProcedures$$invoke(InvokeProcedures.scala:48)
execute	Execute Action	2026-09-26T09:28:24.6386638Z [pod/manual-maintenance-20260926-091315-phtnw/maintenance] 	at org.apache.spark.sql.catalyst.analysis.InvokeProcedures$$anonfun$apply$1.applyOrElse(InvokeProcedures.scala:40)
execute	Execute Action	2026-09-26T09:28:24.6388000Z [pod/manual-maintenance-20260926-091315-phtnw/maintenance] 	at org.apache.spark.sql.catalyst.analysis.InvokeProcedures$$anonfun$apply$1.applyOrElse(InvokeProcedures.scala:36)
execute	Execute Action	2026-09-26T09:28:24.6389441Z [pod/manual-maintenance-20260926-091315-phtnw/maintenance] 	at org.apache.spark.sql.catalyst.plans.logical.AnalysisHelper.$anonfun$resolveOperatorsDownWithPruning$2(AnalysisHelper.scala:200)
execute	Execute Action	2026-09-26T09:28:24.6391177Z [pod/manual-maintenance-20260926-091315-phtnw/maintenance] 	at org.apache.spark.sql.catalyst.trees.CurrentOrigin$.withOrigin(origin.scala:86)
execute	Execute Action	2026-09-26T09:28:24.6392654Z [pod/manual-maintenance-20260926-091315-phtnw/maintenance] 	at org.apache.spark.sql.catalyst.plans.logical.AnalysisHelper.$anonfun$resolveOperatorsDownWithPruning$1(AnalysisHelper.scala:200)
execute	Execute Action	2026-09-26T09:28:24.6394142Z [pod/manual-maintenance-20260926-091315-phtnw/maintenance] 	at org.apache.spark.sql.catalyst.plans.logical.AnalysisHelper$.allowInvokingTransformsInAnalyzer(AnalysisHelper.scala:416)
execute	Execute Action	2026-09-26T09:28:24.6395645Z [pod/manual-maintenance-20260926-091315-phtnw/maintenance] 	at org.apache.spark.sql.catalyst.plans.logical.AnalysisHelper.resolveOperatorsDownWithPruning(AnalysisHelper.scala:198)
execute	Execute Action	2026-09-26T09:28:24.6397144Z [pod/manual-maintenance-20260926-091315-phtnw/maintenance] 	at org.apache.spark.sql.catalyst.plans.logical.AnalysisHelper.resolveOperatorsDownWithPruning$(AnalysisHelper.scala:194)
execute	Execute Action	2026-09-26T09:28:24.6398610Z [pod/manual-maintenance-20260926-091315-phtnw/maintenance] 	at org.apache.spark.sql.catalyst.plans.logical.LogicalPlan.resolveOperatorsDownWithPruning(LogicalPlan.scala:37)
execute	Execute Action	2026-09-26T09:28:24.6400048Z [pod/manual-maintenance-20260926-091315-phtnw/maintenance] 	at org.apache.spark.sql.catalyst.plans.logical.AnalysisHelper.resolveOperatorsWithPruning(AnalysisHelper.scala:100)
execute	Execute Action	2026-09-26T09:28:24.6401676Z [pod/manual-maintenance-20260926-091315-phtnw/maintenance] 	at org.apache.spark.sql.catalyst.plans.logical.AnalysisHelper.resolveOperatorsWithPruning$(AnalysisHelper.scala:97)
execute	Execute Action	2026-09-26T09:28:24.6403100Z [pod/manual-maintenance-20260926-091315-phtnw/maintenance] 	at org.apache.spark.sql.catalyst.plans.logical.LogicalPlan.resolveOperatorsWithPruning(LogicalPlan.scala:37)
execute	Execute Action	2026-09-26T09:28:24.6404460Z [pod/manual-maintenance-20260926-091315-phtnw/maintenance] 	at org.apache.spark.sql.catalyst.plans.logical.AnalysisHelper.resolveOperators(AnalysisHelper.scala:77)
execute	Execute Action	2026-09-26T09:28:24.6405932Z [pod/manual-maintenance-20260926-091315-phtnw/maintenance] 	at org.apache.spark.sql.catalyst.plans.logical.AnalysisHelper.resolveOperators$(AnalysisHelper.scala:76)
execute	Execute Action	2026-09-26T09:28:24.6407280Z [pod/manual-maintenance-20260926-091315-phtnw/maintenance] 	at org.apache.spark.sql.catalyst.plans.logical.LogicalPlan.resolveOperators(LogicalPlan.scala:37)
execute	Execute Action	2026-09-26T09:28:24.6408544Z [pod/manual-maintenance-20260926-091315-phtnw/maintenance] 	at org.apache.spark.sql.catalyst.analysis.InvokeProcedures.apply(InvokeProcedures.scala:36)
execute	Execute Action	2026-09-26T09:28:24.6409751Z [pod/manual-maintenance-20260926-091315-phtnw/maintenance] 	at org.apache.spark.sql.catalyst.analysis.InvokeProcedures.apply(InvokeProcedures.scala:34)
execute	Execute Action	2026-09-26T09:28:24.6410951Z [pod/manual-maintenance-20260926-091315-phtnw/maintenance] 	at org.apache.spark.sql.catalyst.rules.RuleExecutor.$anonfun$execute$2(RuleExecutor.scala:242)
execute	Execute Action	2026-09-26T09:28:24.6412182Z [pod/manual-maintenance-20260926-091315-phtnw/maintenance] 	at scala.collection.LinearSeqOps.foldLeft(LinearSeq.scala:183)
execute	Execute Action	2026-09-26T09:28:24.6413160Z [pod/manual-maintenance-20260926-091315-phtnw/maintenance] 	at scala.collection.LinearSeqOps.foldLeft$(LinearSeq.scala:179)
execute	Execute Action	2026-09-26T09:28:24.6414121Z [pod/manual-maintenance-20260926-091315-phtnw/maintenance] 	at scala.collection.immutable.List.foldLeft(List.scala:79)
execute	Execute Action	2026-09-26T09:28:24.6415187Z [pod/manual-maintenance-20260926-091315-phtnw/maintenance] 	at org.apache.spark.sql.catalyst.rules.RuleExecutor.$anonfun$execute$1(RuleExecutor.scala:239)
execute	Execute Action	2026-09-26T09:28:24.6416414Z [pod/manual-maintenance-20260926-091315-phtnw/maintenance] 	at org.apache.spark.sql.catalyst.rules.RuleExecutor.$anonfun$execute$1$adapted(RuleExecutor.scala:231)
execute	Execute Action	2026-09-26T09:28:24.6417553Z [pod/manual-maintenance-20260926-091315-phtnw/maintenance] 	at scala.collection.immutable.List.foreach(List.scala:334)
execute	Execute Action	2026-09-26T09:28:24.6418760Z [pod/manual-maintenance-20260926-091315-phtnw/maintenance] 	at org.apache.spark.sql.catalyst.rules.RuleExecutor.execute(RuleExecutor.scala:231)
execute	Execute Action	2026-09-26T09:28:24.6420089Z [pod/manual-maintenance-20260926-091315-phtnw/maintenance] 	at org.apache.spark.sql.catalyst.analysis.Analyzer.org$apache$spark$sql$catalyst$analysis$Analyzer$$executeSameContext(Analyzer.scala:340)
execute	Execute Action	2026-09-26T09:28:24.6421565Z [pod/manual-maintenance-20260926-091315-phtnw/maintenance] 	at org.apache.spark.sql.catalyst.analysis.Analyzer.$anonfun$execute$1(Analyzer.scala:336)
execute	Execute Action	2026-09-26T09:28:24.6422786Z [pod/manual-maintenance-20260926-091315-phtnw/maintenance] 	at org.apache.spark.sql.catalyst.analysis.AnalysisContext$.withNewAnalysisContext(Analyzer.scala:234)
execute	Execute Action	2026-09-26T09:28:24.6424337Z [pod/manual-maintenance-20260926-091315-phtnw/maintenance] 	at org.apache.spark.sql.catalyst.analysis.Analyzer.execute(Analyzer.scala:336)
execute	Execute Action	2026-09-26T09:28:24.6425441Z [pod/manual-maintenance-20260926-091315-phtnw/maintenance] 	at org.apache.spark.sql.catalyst.analysis.Analyzer.execute(Analyzer.scala:299)
execute	Execute Action	2026-09-26T09:28:24.6426633Z [pod/manual-maintenance-20260926-091315-phtnw/maintenance] 	at org.apache.spark.sql.catalyst.rules.RuleExecutor.$anonfun$executeAndTrack$1(RuleExecutor.scala:201)
execute	Execute Action	2026-09-26T09:28:24.6427887Z [pod/manual-maintenance-20260926-091315-phtnw/maintenance] 	at org.apache.spark.sql.catalyst.QueryPlanningTracker$.withTracker(QueryPlanningTracker.scala:89)
execute	Execute Action	2026-09-26T09:28:24.6429115Z [pod/manual-maintenance-20260926-091315-phtnw/maintenance] 	at org.apache.spark.sql.catalyst.rules.RuleExecutor.executeAndTrack(RuleExecutor.scala:201)
execute	Execute Action	2026-09-26T09:28:24.6430426Z [pod/manual-maintenance-20260926-091315-phtnw/maintenance] 	at org.apache.spark.sql.catalyst.analysis.resolver.HybridAnalyzer.resolveInFixedPoint(HybridAnalyzer.scala:190)
execute	Execute Action	2026-09-26T09:28:24.6431930Z [pod/manual-maintenance-20260926-091315-phtnw/maintenance] 	at org.apache.spark.sql.catalyst.analysis.resolver.HybridAnalyzer.$anonfun$apply$1(HybridAnalyzer.scala:76)
execute	Execute Action	2026-09-26T09:28:24.6433374Z [pod/manual-maintenance-20260926-091315-phtnw/maintenance] 	at org.apache.spark.sql.catalyst.analysis.resolver.HybridAnalyzer.withTrackedAnalyzerBridgeState(HybridAnalyzer.scala:111)
execute	Execute Action	2026-09-26T09:28:24.6434916Z [pod/manual-maintenance-20260926-091315-phtnw/maintenance] 	at org.apache.spark.sql.catalyst.analysis.resolver.HybridAnalyzer.apply(HybridAnalyzer.scala:71)
execute	Execute Action	2026-09-26T09:28:24.6436151Z [pod/manual-maintenance-20260926-091315-phtnw/maintenance] 	at org.apache.spark.sql.catalyst.analysis.Analyzer.$anonfun$executeAndCheck$1(Analyzer.scala:330)
execute	Execute Action	2026-09-26T09:28:24.6437411Z [pod/manual-maintenance-20260926-091315-phtnw/maintenance] 	at org.apache.spark.sql.catalyst.plans.logical.AnalysisHelper$.markInAnalyzer(AnalysisHelper.scala:423)
execute	Execute Action	2026-09-26T09:28:24.6438651Z [pod/manual-maintenance-20260926-091315-phtnw/maintenance] 	at org.apache.spark.sql.catalyst.analysis.Analyzer.executeAndCheck(Analyzer.scala:330)
execute	Execute Action	2026-09-26T09:28:24.6439850Z [pod/manual-maintenance-20260926-091315-phtnw/maintenance] 	at org.apache.spark.sql.execution.QueryExecution.$anonfun$lazyAnalyzed$2(QueryExecution.scala:110)
execute	Execute Action	2026-09-26T09:28:24.6441118Z [pod/manual-maintenance-20260926-091315-phtnw/maintenance] 	at org.apache.spark.sql.catalyst.QueryPlanningTracker.measurePhase(QueryPlanningTracker.scala:148)
execute	Execute Action	2026-09-26T09:28:24.6442538Z [pod/manual-maintenance-20260926-091315-phtnw/maintenance] 	at org.apache.spark.sql.execution.QueryExecution.$anonfun$executePhase$2(QueryExecution.scala:278)
execute	Execute Action	2026-09-26T09:28:24.6443749Z [pod/manual-maintenance-20260926-091315-phtnw/maintenance] 	at org.apache.spark.sql.execution.QueryExecution$.withInternalError(QueryExecution.scala:654)
execute	Execute Action	2026-09-26T09:28:24.6444953Z [pod/manual-maintenance-20260926-091315-phtnw/maintenance] 	at org.apache.spark.sql.execution.QueryExecution.$anonfun$executePhase$1(QueryExecution.scala:278)
execute	Execute Action	2026-09-26T09:28:24.6446087Z [pod/manual-maintenance-20260926-091315-phtnw/maintenance] 	at org.apache.spark.sql.SparkSession.withActive(SparkSession.scala:804)
execute	Execute Action	2026-09-26T09:28:24.6447324Z [pod/manual-maintenance-20260926-091315-phtnw/maintenance] 	at org.apache.spark.sql.execution.QueryExecution.executePhase(QueryExecution.scala:277)
execute	Execute Action	2026-09-26T09:28:24.6448532Z [pod/manual-maintenance-20260926-091315-phtnw/maintenance] 	at org.apache.spark.sql.execution.QueryExecution.$anonfun$lazyAnalyzed$1(QueryExecution.scala:110)
execute	Execute Action	2026-09-26T09:28:24.6449546Z [pod/manual-maintenance-20260926-091315-phtnw/maintenance] 	at scala.util.Try$.apply(Try.scala:217)
execute	Execute Action	2026-09-26T09:28:24.6450473Z [pod/manual-maintenance-20260926-091315-phtnw/maintenance] 	at org.apache.spark.util.Utils$.doTryWithCallerStacktrace(Utils.scala:1378)
execute	Execute Action	2026-09-26T09:28:24.6451666Z [pod/manual-maintenance-20260926-091315-phtnw/maintenance] 	at org.apache.spark.util.Utils$.getTryWithCallerStacktrace(Utils.scala:1439)
execute	Execute Action	2026-09-26T09:28:24.6452647Z [pod/manual-maintenance-20260926-091315-phtnw/maintenance] 	at org.apache.spark.util.LazyTry.get(LazyTry.scala:58)
execute	Execute Action	2026-09-26T09:28:24.6453667Z [pod/manual-maintenance-20260926-091315-phtnw/maintenance] 	at org.apache.spark.sql.execution.QueryExecution.analyzed(QueryExecution.scala:121)
execute	Execute Action	2026-09-26T09:28:24.6454837Z [pod/manual-maintenance-20260926-091315-phtnw/maintenance] 	at org.apache.spark.sql.execution.QueryExecution.assertAnalyzed(QueryExecution.scala:80)
execute	Execute Action	2026-09-26T09:28:24.6455962Z [pod/manual-maintenance-20260926-091315-phtnw/maintenance] 	at org.apache.spark.sql.classic.Dataset$.$anonfun$ofRows$5(Dataset.scala:139)
execute	Execute Action	2026-09-26T09:28:24.6457006Z [pod/manual-maintenance-20260926-091315-phtnw/maintenance] 	at org.apache.spark.sql.SparkSession.withActive(SparkSession.scala:804)
execute	Execute Action	2026-09-26T09:28:24.6458011Z [pod/manual-maintenance-20260926-091315-phtnw/maintenance] 	at org.apache.spark.sql.classic.Dataset$.ofRows(Dataset.scala:136)
execute	Execute Action	2026-09-26T09:28:24.6459058Z [pod/manual-maintenance-20260926-091315-phtnw/maintenance] 	at org.apache.spark.sql.classic.SparkSession.$anonfun$sql$1(SparkSession.scala:462)
execute	Execute Action	2026-09-26T09:28:24.6460126Z [pod/manual-maintenance-20260926-091315-phtnw/maintenance] 	at org.apache.spark.sql.SparkSession.withActive(SparkSession.scala:804)
execute	Execute Action	2026-09-26T09:28:24.6461292Z [pod/manual-maintenance-20260926-091315-phtnw/maintenance] 	at org.apache.spark.sql.classic.SparkSession.sql(SparkSession.scala:449)
execute	Execute Action	2026-09-26T09:28:24.6462446Z [pod/manual-maintenance-20260926-091315-phtnw/maintenance] 	at org.apache.spark.sql.classic.SparkSession.sql(SparkSession.scala:467)
execute	Execute Action	2026-09-26T09:28:24.6463494Z [pod/manual-maintenance-20260926-091315-phtnw/maintenance] 	at jdk.internal.reflect.GeneratedMethodAccessor93.invoke(Unknown Source)
execute	Execute Action	2026-09-26T09:28:24.6464701Z [pod/manual-maintenance-20260926-091315-phtnw/maintenance] 	at java.base/jdk.internal.reflect.DelegatingMethodAccessorImpl.invoke(DelegatingMethodAccessorImpl.java:43)
execute	Execute Action	2026-09-26T09:28:24.6465865Z [pod/manual-maintenance-20260926-091315-phtnw/maintenance] 	at java.base/java.lang.reflect.Method.invoke(Method.java:569)
execute	Execute Action	2026-09-26T09:28:24.6466826Z [pod/manual-maintenance-20260926-091315-phtnw/maintenance] 	at py4j.reflection.MethodInvoker.invoke(MethodInvoker.java:244)
execute	Execute Action	2026-09-26T09:28:24.6467830Z [pod/manual-maintenance-20260926-091315-phtnw/maintenance] 	at py4j.reflection.ReflectionEngine.invoke(ReflectionEngine.java:374)
execute	Execute Action	2026-09-26T09:28:24.6468743Z [pod/manual-maintenance-20260926-091315-phtnw/maintenance] 	at py4j.Gateway.invoke(Gateway.java:282)
execute	Execute Action	2026-09-26T09:28:24.6469661Z [pod/manual-maintenance-20260926-091315-phtnw/maintenance] 	at py4j.commands.AbstractCommand.invokeMethod(AbstractCommand.java:132)
execute	Execute Action	2026-09-26T09:28:24.6470640Z [pod/manual-maintenance-20260926-091315-phtnw/maintenance] 	at py4j.commands.CallCommand.execute(CallCommand.java:79)
execute	Execute Action	2026-09-26T09:28:24.6471770Z [pod/manual-maintenance-20260926-091315-phtnw/maintenance] 	at py4j.ClientServerConnection.waitForCommands(ClientServerConnection.java:184)
execute	Execute Action	2026-09-26T09:28:24.6473134Z [pod/manual-maintenance-20260926-091315-phtnw/maintenance] 	at py4j.ClientServerConnection.run(ClientServerConnection.java:108)
execute	Execute Action	2026-09-26T09:28:24.6474268Z [pod/manual-maintenance-20260926-091315-phtnw/maintenance] 	at java.base/java.lang.Thread.run(Thread.java:840)
execute	Execute Action	2026-09-26T09:28:24.6475624Z [pod/manual-maintenance-20260926-091315-phtnw/maintenance] 	Suppressed: org.apache.spark.util.Utils$OriginalTryStackTraceException: Full stacktrace of original doTryWithCallerStacktrace caller
execute	Execute Action	2026-09-26T09:28:24.6476986Z [pod/manual-maintenance-20260926-091315-phtnw/maintenance] 		at org.apache.iceberg.rest.ErrorHandlers$DefaultErrorHandler.accept(ErrorHandlers.java:350)
execute	Execute Action	2026-09-26T09:28:24.6478163Z [pod/manual-maintenance-20260926-091315-phtnw/maintenance] 		at org.apache.iceberg.rest.ErrorHandlers$TableErrorHandler.accept(ErrorHandlers.java:160)
execute	Execute Action	2026-09-26T09:28:24.6479322Z [pod/manual-maintenance-20260926-091315-phtnw/maintenance] 		at org.apache.iceberg.rest.ErrorHandlers$TableErrorHandler.accept(ErrorHandlers.java:142)
execute	Execute Action	2026-09-26T09:28:24.6480420Z [pod/manual-maintenance-20260926-091315-phtnw/maintenance] 		at org.apache.iceberg.rest.HTTPClient.throwFailure(HTTPClient.java:242)
execute	Execute Action	2026-09-26T09:28:24.6481584Z [pod/manual-maintenance-20260926-091315-phtnw/maintenance] 		at org.apache.iceberg.rest.HTTPClient.execute(HTTPClient.java:347)
execute	Execute Action	2026-09-26T09:28:24.6482592Z [pod/manual-maintenance-20260926-091315-phtnw/maintenance] 		at org.apache.iceberg.rest.HTTPClient.execute(HTTPClient.java:299)
execute	Execute Action	2026-09-26T09:28:24.6483599Z [pod/manual-maintenance-20260926-091315-phtnw/maintenance] 		at org.apache.iceberg.rest.BaseHTTPClient.get(BaseHTTPClient.java:101)
execute	Execute Action	2026-09-26T09:28:24.6484702Z [pod/manual-maintenance-20260926-091315-phtnw/maintenance] 		at org.apache.iceberg.rest.RESTSessionCatalog.loadInternal(RESTSessionCatalog.java:438)
execute	Execute Action	2026-09-26T09:28:24.6485875Z [pod/manual-maintenance-20260926-091315-phtnw/maintenance] 		at org.apache.iceberg.rest.RESTSessionCatalog.loadTable(RESTSessionCatalog.java:468)
execute	Execute Action	2026-09-26T09:28:24.6487069Z [pod/manual-maintenance-20260926-091315-phtnw/maintenance] 		at org.apache.iceberg.catalog.BaseSessionCatalog$AsCatalog.loadTable(BaseSessionCatalog.java:105)
execute	Execute Action	2026-09-26T09:28:24.6488216Z [pod/manual-maintenance-20260926-091315-phtnw/maintenance] 		at org.apache.iceberg.rest.RESTCatalog.loadTable(RESTCatalog.java:124)
execute	Execute Action	2026-09-26T09:28:24.6489673Z [pod/manual-maintenance-20260926-091315-phtnw/maintenance] 		at org.apache.iceberg.shaded.com.github.benmanes.caffeine.cache.BoundedLocalCache.lambda$doComputeIfAbsent$14(BoundedLocalCache.java:2406)
execute	Execute Action	2026-09-26T09:28:24.6491072Z [pod/manual-maintenance-20260926-091315-phtnw/maintenance] 		at java.base/java.util.concurrent.ConcurrentHashMap.compute(ConcurrentHashMap.java:1916)
execute	Execute Action	2026-09-26T09:28:24.6492562Z [pod/manual-maintenance-20260926-091315-phtnw/maintenance] 		at org.apache.iceberg.shaded.com.github.benmanes.caffeine.cache.BoundedLocalCache.doComputeIfAbsent(BoundedLocalCache.java:2404)
execute	Execute Action	2026-09-26T09:28:24.6494137Z [pod/manual-maintenance-20260926-091315-phtnw/maintenance] 		at org.apache.iceberg.shaded.com.github.benmanes.caffeine.cache.BoundedLocalCache.computeIfAbsent(BoundedLocalCache.java:2387)
execute	Execute Action	2026-09-26T09:28:24.6495632Z [pod/manual-maintenance-20260926-091315-phtnw/maintenance] 		at org.apache.iceberg.shaded.com.github.benmanes.caffeine.cache.LocalCache.computeIfAbsent(LocalCache.java:108)
execute	Execute Action	2026-09-26T09:28:24.6497048Z [pod/manual-maintenance-20260926-091315-phtnw/maintenance] 		at org.apache.iceberg.shaded.com.github.benmanes.caffeine.cache.LocalManualCache.get(LocalManualCache.java:62)
execute	Execute Action	2026-09-26T09:28:24.6498270Z [pod/manual-maintenance-20260926-091315-phtnw/maintenance] 		at org.apache.iceberg.CachingCatalog.loadTable(CachingCatalog.java:147)
execute	Execute Action	2026-09-26T09:28:24.6499297Z [pod/manual-maintenance-20260926-091315-phtnw/maintenance] 		at org.apache.iceberg.spark.SparkCatalog.load(SparkCatalog.java:867)
execute	Execute Action	2026-09-26T09:28:24.6500335Z [pod/manual-maintenance-20260926-091315-phtnw/maintenance] 		at org.apache.iceberg.spark.SparkCatalog.loadTable(SparkCatalog.java:171)
execute	Execute Action	2026-09-26T09:28:24.6501597Z [pod/manual-maintenance-20260926-091315-phtnw/maintenance] 		at org.apache.iceberg.spark.procedures.BaseProcedure.loadSparkTable(BaseProcedure.java:168)
execute	Execute Action	2026-09-26T09:28:24.6503115Z [pod/manual-maintenance-20260926-091315-phtnw/maintenance] 		at org.apache.iceberg.spark.procedures.RewriteDataFilesProcedure.call(RewriteDataFilesProcedure.java:124)
execute	Execute Action	2026-09-26T09:28:24.6504617Z [pod/manual-maintenance-20260926-091315-phtnw/maintenance] 		at org.apache.spark.sql.catalyst.analysis.InvokeProcedures.org$apache$spark$sql$catalyst$analysis$InvokeProcedures$$invoke(InvokeProcedures.scala:48)
execute	Execute Action	2026-09-26T09:28:24.6506121Z [pod/manual-maintenance-20260926-091315-phtnw/maintenance] 		at org.apache.spark.sql.catalyst.analysis.InvokeProcedures$$anonfun$apply$1.applyOrElse(InvokeProcedures.scala:40)
execute	Execute Action	2026-09-26T09:28:24.6507492Z [pod/manual-maintenance-20260926-091315-phtnw/maintenance] 		at org.apache.spark.sql.catalyst.analysis.InvokeProcedures$$anonfun$apply$1.applyOrElse(InvokeProcedures.scala:36)
execute	Execute Action	2026-09-26T09:28:24.6508941Z [pod/manual-maintenance-20260926-091315-phtnw/maintenance] 		at org.apache.spark.sql.catalyst.plans.logical.AnalysisHelper.$anonfun$resolveOperatorsDownWithPruning$2(AnalysisHelper.scala:200)
execute	Execute Action	2026-09-26T09:28:24.6510268Z [pod/manual-maintenance-20260926-091315-phtnw/maintenance] 		at org.apache.spark.sql.catalyst.trees.CurrentOrigin$.withOrigin(origin.scala:86)
execute	Execute Action	2026-09-26T09:28:24.6511733Z [pod/manual-maintenance-20260926-091315-phtnw/maintenance] 		at org.apache.spark.sql.catalyst.plans.logical.AnalysisHelper.$anonfun$resolveOperatorsDownWithPruning$1(AnalysisHelper.scala:200)
execute	Execute Action	2026-09-26T09:28:24.6513234Z [pod/manual-maintenance-20260926-091315-phtnw/maintenance] 		at org.apache.spark.sql.catalyst.plans.logical.AnalysisHelper$.allowInvokingTransformsInAnalyzer(AnalysisHelper.scala:416)
execute	Execute Action	2026-09-26T09:28:24.6514723Z [pod/manual-maintenance-20260926-091315-phtnw/maintenance] 		at org.apache.spark.sql.catalyst.plans.logical.AnalysisHelper.resolveOperatorsDownWithPruning(AnalysisHelper.scala:198)
execute	Execute Action	2026-09-26T09:28:24.6516227Z [pod/manual-maintenance-20260926-091315-phtnw/maintenance] 		at org.apache.spark.sql.catalyst.plans.logical.AnalysisHelper.resolveOperatorsDownWithPruning$(AnalysisHelper.scala:194)
execute	Execute Action	2026-09-26T09:28:24.6517866Z [pod/manual-maintenance-20260926-091315-phtnw/maintenance] 		at org.apache.spark.sql.catalyst.plans.logical.LogicalPlan.resolveOperatorsDownWithPruning(LogicalPlan.scala:37)
execute	Execute Action	2026-09-26T09:28:24.6519313Z [pod/manual-maintenance-20260926-091315-phtnw/maintenance] 		at org.apache.spark.sql.catalyst.plans.logical.AnalysisHelper.resolveOperatorsWithPruning(AnalysisHelper.scala:100)
execute	Execute Action	2026-09-26T09:28:24.6520765Z [pod/manual-maintenance-20260926-091315-phtnw/maintenance] 		at org.apache.spark.sql.catalyst.plans.logical.AnalysisHelper.resolveOperatorsWithPruning$(AnalysisHelper.scala:97)
execute	Execute Action	2026-09-26T09:28:24.6522299Z [pod/manual-maintenance-20260926-091315-phtnw/maintenance] 		at org.apache.spark.sql.catalyst.plans.logical.LogicalPlan.resolveOperatorsWithPruning(LogicalPlan.scala:37)
execute	Execute Action	2026-09-26T09:28:24.6523660Z [pod/manual-maintenance-20260926-091315-phtnw/maintenance] 		at org.apache.spark.sql.catalyst.plans.logical.AnalysisHelper.resolveOperators(AnalysisHelper.scala:77)
execute	Execute Action	2026-09-26T09:28:24.6525011Z [pod/manual-maintenance-20260926-091315-phtnw/maintenance] 		at org.apache.spark.sql.catalyst.plans.logical.AnalysisHelper.resolveOperators$(AnalysisHelper.scala:76)
execute	Execute Action	2026-09-26T09:28:24.6526326Z [pod/manual-maintenance-20260926-091315-phtnw/maintenance] 		at org.apache.spark.sql.catalyst.plans.logical.LogicalPlan.resolveOperators(LogicalPlan.scala:37)
execute	Execute Action	2026-09-26T09:28:24.6527576Z [pod/manual-maintenance-20260926-091315-phtnw/maintenance] 		at org.apache.spark.sql.catalyst.analysis.InvokeProcedures.apply(InvokeProcedures.scala:36)
execute	Execute Action	2026-09-26T09:28:24.6528785Z [pod/manual-maintenance-20260926-091315-phtnw/maintenance] 		at org.apache.spark.sql.catalyst.analysis.InvokeProcedures.apply(InvokeProcedures.scala:34)
execute	Execute Action	2026-09-26T09:28:24.6529989Z [pod/manual-maintenance-20260926-091315-phtnw/maintenance] 		at org.apache.spark.sql.catalyst.rules.RuleExecutor.$anonfun$execute$2(RuleExecutor.scala:242)
execute	Execute Action	2026-09-26T09:28:24.6531085Z [pod/manual-maintenance-20260926-091315-phtnw/maintenance] 		at scala.collection.LinearSeqOps.foldLeft(LinearSeq.scala:183)
execute	Execute Action	2026-09-26T09:28:24.6532302Z [pod/manual-maintenance-20260926-091315-phtnw/maintenance] 		at scala.collection.LinearSeqOps.foldLeft$(LinearSeq.scala:179)
execute	Execute Action	2026-09-26T09:28:24.6533259Z [pod/manual-maintenance-20260926-091315-phtnw/maintenance] 		at scala.collection.immutable.List.foldLeft(List.scala:79)
execute	Execute Action	2026-09-26T09:28:24.6534322Z [pod/manual-maintenance-20260926-091315-phtnw/maintenance] 		at org.apache.spark.sql.catalyst.rules.RuleExecutor.$anonfun$execute$1(RuleExecutor.scala:239)
execute	Execute Action	2026-09-26T09:28:24.6535549Z [pod/manual-maintenance-20260926-091315-phtnw/maintenance] 		at org.apache.spark.sql.catalyst.rules.RuleExecutor.$anonfun$execute$1$adapted(RuleExecutor.scala:231)
execute	Execute Action	2026-09-26T09:28:24.6536648Z [pod/manual-maintenance-20260926-091315-phtnw/maintenance] 		at scala.collection.immutable.List.foreach(List.scala:334)
execute	Execute Action	2026-09-26T09:28:24.6537686Z [pod/manual-maintenance-20260926-091315-phtnw/maintenance] 		at org.apache.spark.sql.catalyst.rules.RuleExecutor.execute(RuleExecutor.scala:231)
execute	Execute Action	2026-09-26T09:28:24.6539015Z [pod/manual-maintenance-20260926-091315-phtnw/maintenance] 		at org.apache.spark.sql.catalyst.analysis.Analyzer.org$apache$spark$sql$catalyst$analysis$Analyzer$$executeSameContext(Analyzer.scala:340)
execute	Execute Action	2026-09-26T09:28:24.6540362Z [pod/manual-maintenance-20260926-091315-phtnw/maintenance] 		at org.apache.spark.sql.catalyst.analysis.Analyzer.$anonfun$execute$1(Analyzer.scala:336)
execute	Execute Action	2026-09-26T09:28:24.6541682Z [pod/manual-maintenance-20260926-091315-phtnw/maintenance] 		at org.apache.spark.sql.catalyst.analysis.AnalysisContext$.withNewAnalysisContext(Analyzer.scala:234)
execute	Execute Action	2026-09-26T09:28:24.6542873Z [pod/manual-maintenance-20260926-091315-phtnw/maintenance] 		at org.apache.spark.sql.catalyst.analysis.Analyzer.execute(Analyzer.scala:336)
execute	Execute Action	2026-09-26T09:28:24.6543990Z [pod/manual-maintenance-20260926-091315-phtnw/maintenance] 		at org.apache.spark.sql.catalyst.analysis.Analyzer.execute(Analyzer.scala:299)
execute	Execute Action	2026-09-26T09:28:24.6545169Z [pod/manual-maintenance-20260926-091315-phtnw/maintenance] 		at org.apache.spark.sql.catalyst.rules.RuleExecutor.$anonfun$executeAndTrack$1(RuleExecutor.scala:201)
execute	Execute Action	2026-09-26T09:28:24.6546566Z [pod/manual-maintenance-20260926-091315-phtnw/maintenance] 		at org.apache.spark.sql.catalyst.QueryPlanningTracker$.withTracker(QueryPlanningTracker.scala:89)
execute	Execute Action	2026-09-26T09:28:24.6547803Z [pod/manual-maintenance-20260926-091315-phtnw/maintenance] 		at org.apache.spark.sql.catalyst.rules.RuleExecutor.executeAndTrack(RuleExecutor.scala:201)
execute	Execute Action	2026-09-26T09:28:24.6549122Z [pod/manual-maintenance-20260926-091315-phtnw/maintenance] 		at org.apache.spark.sql.catalyst.analysis.resolver.HybridAnalyzer.resolveInFixedPoint(HybridAnalyzer.scala:190)
execute	Execute Action	2026-09-26T09:28:24.6550493Z [pod/manual-maintenance-20260926-091315-phtnw/maintenance] 		at org.apache.spark.sql.catalyst.analysis.resolver.HybridAnalyzer.$anonfun$apply$1(HybridAnalyzer.scala:76)
execute	Execute Action	2026-09-26T09:28:24.6552030Z [pod/manual-maintenance-20260926-091315-phtnw/maintenance] 		at org.apache.spark.sql.catalyst.analysis.resolver.HybridAnalyzer.withTrackedAnalyzerBridgeState(HybridAnalyzer.scala:111)
execute	Execute Action	2026-09-26T09:28:24.6553440Z [pod/manual-maintenance-20260926-091315-phtnw/maintenance] 		at org.apache.spark.sql.catalyst.analysis.resolver.HybridAnalyzer.apply(HybridAnalyzer.scala:71)
execute	Execute Action	2026-09-26T09:28:24.6554679Z [pod/manual-maintenance-20260926-091315-phtnw/maintenance] 		at org.apache.spark.sql.catalyst.analysis.Analyzer.$anonfun$executeAndCheck$1(Analyzer.scala:330)
execute	Execute Action	2026-09-26T09:28:24.6555933Z [pod/manual-maintenance-20260926-091315-phtnw/maintenance] 		at org.apache.spark.sql.catalyst.plans.logical.AnalysisHelper$.markInAnalyzer(AnalysisHelper.scala:423)
execute	Execute Action	2026-09-26T09:28:24.6557164Z [pod/manual-maintenance-20260926-091315-phtnw/maintenance] 		at org.apache.spark.sql.catalyst.analysis.Analyzer.executeAndCheck(Analyzer.scala:330)
execute	Execute Action	2026-09-26T09:28:24.6558380Z [pod/manual-maintenance-20260926-091315-phtnw/maintenance] 		at org.apache.spark.sql.execution.QueryExecution.$anonfun$lazyAnalyzed$2(QueryExecution.scala:110)
execute	Execute Action	2026-09-26T09:28:24.6559756Z [pod/manual-maintenance-20260926-091315-phtnw/maintenance] 		at org.apache.spark.sql.catalyst.QueryPlanningTracker.measurePhase(QueryPlanningTracker.scala:148)
execute	Execute Action	2026-09-26T09:28:24.6561009Z [pod/manual-maintenance-20260926-091315-phtnw/maintenance] 		at org.apache.spark.sql.execution.QueryExecution.$anonfun$executePhase$2(QueryExecution.scala:278)
execute	Execute Action	2026-09-26T09:28:24.6562335Z [pod/manual-maintenance-20260926-091315-phtnw/maintenance] 		at org.apache.spark.sql.execution.QueryExecution$.withInternalError(QueryExecution.scala:654)
execute	Execute Action	2026-09-26T09:28:24.6563548Z [pod/manual-maintenance-20260926-091315-phtnw/maintenance] 		at org.apache.spark.sql.execution.QueryExecution.$anonfun$executePhase$1(QueryExecution.scala:278)
execute	Execute Action	2026-09-26T09:28:24.6564679Z [pod/manual-maintenance-20260926-091315-phtnw/maintenance] 		at org.apache.spark.sql.SparkSession.withActive(SparkSession.scala:804)
execute	Execute Action	2026-09-26T09:28:24.6565786Z [pod/manual-maintenance-20260926-091315-phtnw/maintenance] 		at org.apache.spark.sql.execution.QueryExecution.executePhase(QueryExecution.scala:277)
execute	Execute Action	2026-09-26T09:28:24.6566989Z [pod/manual-maintenance-20260926-091315-phtnw/maintenance] 		at org.apache.spark.sql.execution.QueryExecution.$anonfun$lazyAnalyzed$1(QueryExecution.scala:110)
execute	Execute Action	2026-09-26T09:28:24.6568003Z [pod/manual-maintenance-20260926-091315-phtnw/maintenance] 		at scala.util.Try$.apply(Try.scala:217)
execute	Execute Action	2026-09-26T09:28:24.6568921Z [pod/manual-maintenance-20260926-091315-phtnw/maintenance] 		at org.apache.spark.util.Utils$.doTryWithCallerStacktrace(Utils.scala:1378)
execute	Execute Action	2026-09-26T09:28:24.6569935Z [pod/manual-maintenance-20260926-091315-phtnw/maintenance] 		at org.apache.spark.util.LazyTry.tryT$lzycompute(LazyTry.scala:46)
execute	Execute Action	2026-09-26T09:28:24.6570887Z [pod/manual-maintenance-20260926-091315-phtnw/maintenance] 		at org.apache.spark.util.LazyTry.tryT(LazyTry.scala:46)
execute	Execute Action	2026-09-26T09:28:24.6571745Z [pod/manual-maintenance-20260926-091315-phtnw/maintenance] 		... 21 more
execute	Execute Action	2026-09-26T09:28:24.6572303Z [pod/manual-maintenance-20260926-091315-phtnw/maintenance] 
execute	Execute Action	2026-09-26T09:28:24.6573065Z [pod/manual-maintenance-20260926-091315-phtnw/maintenance] Traceback (most recent call last):
execute	Execute Action	2026-09-26T09:28:24.6573983Z [pod/manual-maintenance-20260926-091315-phtnw/maintenance]   File "/opt/maintenance/..2026_09_26_09_13_16.786903983/maintenance.py", line 266, in run
execute	Execute Action	2026-09-26T09:28:24.6574806Z [pod/manual-maintenance-20260926-091315-phtnw/maintenance]     step()
execute	Execute Action	2026-09-26T09:28:24.6575650Z [pod/manual-maintenance-20260926-091315-phtnw/maintenance]   File "/opt/maintenance/..2026_09_26_09_13_16.786903983/maintenance.py", line 273, in <lambda>
execute	Execute Action	2026-09-26T09:28:24.6576681Z [pod/manual-maintenance-20260926-091315-phtnw/maintenance]     run("compact", lambda: compact(spark, table, target_bytes))
execute	Execute Action	2026-09-26T09:28:24.6577692Z [pod/manual-maintenance-20260926-091315-phtnw/maintenance]   File "/opt/maintenance/..2026_09_26_09_13_16.786903983/maintenance.py", line 76, in compact
execute	Execute Action	2026-09-26T09:28:24.6578590Z [pod/manual-maintenance-20260926-091315-phtnw/maintenance]     result = spark.sql(f"""
execute	Execute Action	2026-09-26T09:28:24.6579494Z [pod/manual-maintenance-20260926-091315-phtnw/maintenance]   File "/opt/spark/python/lib/pyspark.zip/pyspark/sql/session.py", line 1810, in sql
execute	Execute Action	2026-09-26T09:28:24.6580543Z [pod/manual-maintenance-20260926-091315-phtnw/maintenance]     return DataFrame(self._jsparkSession.sql(sqlQuery, litArgs), self)
execute	Execute Action	2026-09-26T09:28:24.6581730Z [pod/manual-maintenance-20260926-091315-phtnw/maintenance]   File "/opt/spark/python/lib/py4j-0.10.9.9-src.zip/py4j/java_gateway.py", line 1362, in __call__
execute	Execute Action	2026-09-26T09:28:24.6582708Z [pod/manual-maintenance-20260926-091315-phtnw/maintenance]     return_value = get_return_value(
execute	Execute Action	2026-09-26T09:28:24.6583688Z [pod/manual-maintenance-20260926-091315-phtnw/maintenance]   File "/opt/spark/python/lib/pyspark.zip/pyspark/errors/exceptions/captured.py", line 282, in deco
execute	Execute Action	2026-09-26T09:28:24.6584614Z [pod/manual-maintenance-20260926-091315-phtnw/maintenance]     return f(*a, **kw)
execute	Execute Action	2026-09-26T09:28:24.6585666Z [pod/manual-maintenance-20260926-091315-phtnw/maintenance]   File "/opt/spark/python/lib/py4j-0.10.9.9-src.zip/py4j/protocol.py", line 327, in get_return_value
execute	Execute Action	2026-09-26T09:28:24.6586596Z [pod/manual-maintenance-20260926-091315-phtnw/maintenance]     raise Py4JJavaError(
execute	Execute Action	2026-09-26T09:28:24.6587440Z [pod/manual-maintenance-20260926-091315-phtnw/maintenance] py4j.protocol.Py4JJavaError: An error occurred while calling o68.sql.
execute	Execute Action	2026-09-26T09:28:24.6588647Z [pod/manual-maintenance-20260926-091315-phtnw/maintenance] : org.apache.iceberg.exceptions.ServiceFailureException: Server error: RESTException: persisted table metadata is invalid
execute	Execute Action	2026-09-26T09:28:24.6589947Z [pod/manual-maintenance-20260926-091315-phtnw/maintenance] 	at org.apache.iceberg.rest.ErrorHandlers$DefaultErrorHandler.accept(ErrorHandlers.java:350)
execute	Execute Action	2026-09-26T09:28:24.6591127Z [pod/manual-maintenance-20260926-091315-phtnw/maintenance] 	at org.apache.iceberg.rest.ErrorHandlers$TableErrorHandler.accept(ErrorHandlers.java:160)
execute	Execute Action	2026-09-26T09:28:24.6592442Z [pod/manual-maintenance-20260926-091315-phtnw/maintenance] 	at org.apache.iceberg.rest.ErrorHandlers$TableErrorHandler.accept(ErrorHandlers.java:142)
execute	Execute Action	2026-09-26T09:28:24.6593553Z [pod/manual-maintenance-20260926-091315-phtnw/maintenance] 	at org.apache.iceberg.rest.HTTPClient.throwFailure(HTTPClient.java:242)
execute	Execute Action	2026-09-26T09:28:24.6594585Z [pod/manual-maintenance-20260926-091315-phtnw/maintenance] 	at org.apache.iceberg.rest.HTTPClient.execute(HTTPClient.java:347)
execute	Execute Action	2026-09-26T09:28:24.6595581Z [pod/manual-maintenance-20260926-091315-phtnw/maintenance] 	at org.apache.iceberg.rest.HTTPClient.execute(HTTPClient.java:299)
execute	Execute Action	2026-09-26T09:28:24.6596588Z [pod/manual-maintenance-20260926-091315-phtnw/maintenance] 	at org.apache.iceberg.rest.BaseHTTPClient.get(BaseHTTPClient.java:101)
execute	Execute Action	2026-09-26T09:28:24.6597686Z [pod/manual-maintenance-20260926-091315-phtnw/maintenance] 	at org.apache.iceberg.rest.RESTSessionCatalog.loadInternal(RESTSessionCatalog.java:438)
execute	Execute Action	2026-09-26T09:28:24.6598863Z [pod/manual-maintenance-20260926-091315-phtnw/maintenance] 	at org.apache.iceberg.rest.RESTSessionCatalog.loadTable(RESTSessionCatalog.java:468)
execute	Execute Action	2026-09-26T09:28:24.6600241Z [pod/manual-maintenance-20260926-091315-phtnw/maintenance] 	at org.apache.iceberg.catalog.BaseSessionCatalog$AsCatalog.loadTable(BaseSessionCatalog.java:105)
execute	Execute Action	2026-09-26T09:28:24.6601483Z [pod/manual-maintenance-20260926-091315-phtnw/maintenance] 	at org.apache.iceberg.rest.RESTCatalog.loadTable(RESTCatalog.java:124)
execute	Execute Action	2026-09-26T09:28:24.6602811Z [pod/manual-maintenance-20260926-091315-phtnw/maintenance] 	at org.apache.iceberg.shaded.com.github.benmanes.caffeine.cache.BoundedLocalCache.lambda$doComputeIfAbsent$14(BoundedLocalCache.java:2406)
execute	Execute Action	2026-09-26T09:28:24.6604216Z [pod/manual-maintenance-20260926-091315-phtnw/maintenance] 	at java.base/java.util.concurrent.ConcurrentHashMap.compute(ConcurrentHashMap.java:1916)
execute	Execute Action	2026-09-26T09:28:24.6605596Z [pod/manual-maintenance-20260926-091315-phtnw/maintenance] 	at org.apache.iceberg.shaded.com.github.benmanes.caffeine.cache.BoundedLocalCache.doComputeIfAbsent(BoundedLocalCache.java:2404)
execute	Execute Action	2026-09-26T09:28:24.6607178Z [pod/manual-maintenance-20260926-091315-phtnw/maintenance] 	at org.apache.iceberg.shaded.com.github.benmanes.caffeine.cache.BoundedLocalCache.computeIfAbsent(BoundedLocalCache.java:2387)
execute	Execute Action	2026-09-26T09:28:24.6608670Z [pod/manual-maintenance-20260926-091315-phtnw/maintenance] 	at org.apache.iceberg.shaded.com.github.benmanes.caffeine.cache.LocalCache.computeIfAbsent(LocalCache.java:108)
execute	Execute Action	2026-09-26T09:28:24.6610079Z [pod/manual-maintenance-20260926-091315-phtnw/maintenance] 	at org.apache.iceberg.shaded.com.github.benmanes.caffeine.cache.LocalManualCache.get(LocalManualCache.java:62)
execute	Execute Action	2026-09-26T09:28:24.6611298Z [pod/manual-maintenance-20260926-091315-phtnw/maintenance] 	at org.apache.iceberg.CachingCatalog.loadTable(CachingCatalog.java:147)
execute	Execute Action	2026-09-26T09:28:24.6612435Z [pod/manual-maintenance-20260926-091315-phtnw/maintenance] 	at org.apache.iceberg.spark.SparkCatalog.load(SparkCatalog.java:867)
execute	Execute Action	2026-09-26T09:28:24.6613597Z [pod/manual-maintenance-20260926-091315-phtnw/maintenance] 	at org.apache.iceberg.spark.SparkCatalog.loadTable(SparkCatalog.java:171)
execute	Execute Action	2026-09-26T09:28:24.6614743Z [pod/manual-maintenance-20260926-091315-phtnw/maintenance] 	at org.apache.iceberg.spark.procedures.BaseProcedure.loadSparkTable(BaseProcedure.java:168)
execute	Execute Action	2026-09-26T09:28:24.6616027Z [pod/manual-maintenance-20260926-091315-phtnw/maintenance] 	at org.apache.iceberg.spark.procedures.RewriteDataFilesProcedure.call(RewriteDataFilesProcedure.java:124)
execute	Execute Action	2026-09-26T09:28:24.6617552Z [pod/manual-maintenance-20260926-091315-phtnw/maintenance] 	at org.apache.spark.sql.catalyst.analysis.InvokeProcedures.org$apache$spark$sql$catalyst$analysis$InvokeProcedures$$invoke(InvokeProcedures.scala:48)
execute	Execute Action	2026-09-26T09:28:24.6619053Z [pod/manual-maintenance-20260926-091315-phtnw/maintenance] 	at org.apache.spark.sql.catalyst.analysis.InvokeProcedures$$anonfun$apply$1.applyOrElse(InvokeProcedures.scala:40)
execute	Execute Action	2026-09-26T09:28:24.6620427Z [pod/manual-maintenance-20260926-091315-phtnw/maintenance] 	at org.apache.spark.sql.catalyst.analysis.InvokeProcedures$$anonfun$apply$1.applyOrElse(InvokeProcedures.scala:36)
execute	Execute Action	2026-09-26T09:28:24.6621988Z [pod/manual-maintenance-20260926-091315-phtnw/maintenance] 	at org.apache.spark.sql.catalyst.plans.logical.AnalysisHelper.$anonfun$resolveOperatorsDownWithPruning$2(AnalysisHelper.scala:200)
execute	Execute Action	2026-09-26T09:28:24.6623314Z [pod/manual-maintenance-20260926-091315-phtnw/maintenance] 	at org.apache.spark.sql.catalyst.trees.CurrentOrigin$.withOrigin(origin.scala:86)
execute	Execute Action	2026-09-26T09:28:24.6624628Z [pod/manual-maintenance-20260926-091315-phtnw/maintenance] 	at org.apache.spark.sql.catalyst.plans.logical.AnalysisHelper.$anonfun$resolveOperatorsDownWithPruning$1(AnalysisHelper.scala:200)
execute	Execute Action	2026-09-26T09:28:24.6626123Z [pod/manual-maintenance-20260926-091315-phtnw/maintenance] 	at org.apache.spark.sql.catalyst.plans.logical.AnalysisHelper$.allowInvokingTransformsInAnalyzer(AnalysisHelper.scala:416)
execute	Execute Action	2026-09-26T09:28:24.6627606Z [pod/manual-maintenance-20260926-091315-phtnw/maintenance] 	at org.apache.spark.sql.catalyst.plans.logical.AnalysisHelper.resolveOperatorsDownWithPruning(AnalysisHelper.scala:198)
execute	Execute Action	2026-09-26T09:28:24.6629244Z [pod/manual-maintenance-20260926-091315-phtnw/maintenance] 	at org.apache.spark.sql.catalyst.plans.logical.AnalysisHelper.resolveOperatorsDownWithPruning$(AnalysisHelper.scala:194)
execute	Execute Action	2026-09-26T09:28:24.6630716Z [pod/manual-maintenance-20260926-091315-phtnw/maintenance] 	at org.apache.spark.sql.catalyst.plans.logical.LogicalPlan.resolveOperatorsDownWithPruning(LogicalPlan.scala:37)
execute	Execute Action	2026-09-26T09:28:24.6632286Z [pod/manual-maintenance-20260926-091315-phtnw/maintenance] 	at org.apache.spark.sql.catalyst.plans.logical.AnalysisHelper.resolveOperatorsWithPruning(AnalysisHelper.scala:100)
execute	Execute Action	2026-09-26T09:28:24.6633745Z [pod/manual-maintenance-20260926-091315-phtnw/maintenance] 	at org.apache.spark.sql.catalyst.plans.logical.AnalysisHelper.resolveOperatorsWithPruning$(AnalysisHelper.scala:97)
execute	Execute Action	2026-09-26T09:28:24.6635169Z [pod/manual-maintenance-20260926-091315-phtnw/maintenance] 	at org.apache.spark.sql.catalyst.plans.logical.LogicalPlan.resolveOperatorsWithPruning(LogicalPlan.scala:37)
execute	Execute Action	2026-09-26T09:28:24.6636533Z [pod/manual-maintenance-20260926-091315-phtnw/maintenance] 	at org.apache.spark.sql.catalyst.plans.logical.AnalysisHelper.resolveOperators(AnalysisHelper.scala:77)
execute	Execute Action	2026-09-26T09:28:24.6637870Z [pod/manual-maintenance-20260926-091315-phtnw/maintenance] 	at org.apache.spark.sql.catalyst.plans.logical.AnalysisHelper.resolveOperators$(AnalysisHelper.scala:76)
execute	Execute Action	2026-09-26T09:28:24.6639184Z [pod/manual-maintenance-20260926-091315-phtnw/maintenance] 	at org.apache.spark.sql.catalyst.plans.logical.LogicalPlan.resolveOperators(LogicalPlan.scala:37)
execute	Execute Action	2026-09-26T09:28:24.6640430Z [pod/manual-maintenance-20260926-091315-phtnw/maintenance] 	at org.apache.spark.sql.catalyst.analysis.InvokeProcedures.apply(InvokeProcedures.scala:36)
execute	Execute Action	2026-09-26T09:28:24.6641749Z [pod/manual-maintenance-20260926-091315-phtnw/maintenance] 	at org.apache.spark.sql.catalyst.analysis.InvokeProcedures.apply(InvokeProcedures.scala:34)
execute	Execute Action	2026-09-26T09:28:24.6643137Z [pod/manual-maintenance-20260926-091315-phtnw/maintenance] 	at org.apache.spark.sql.catalyst.rules.RuleExecutor.$anonfun$execute$2(RuleExecutor.scala:242)
execute	Execute Action	2026-09-26T09:28:24.6644227Z [pod/manual-maintenance-20260926-091315-phtnw/maintenance] 	at scala.collection.LinearSeqOps.foldLeft(LinearSeq.scala:183)
execute	Execute Action	2026-09-26T09:28:24.6645203Z [pod/manual-maintenance-20260926-091315-phtnw/maintenance] 	at scala.collection.LinearSeqOps.foldLeft$(LinearSeq.scala:179)
execute	Execute Action	2026-09-26T09:28:24.6646161Z [pod/manual-maintenance-20260926-091315-phtnw/maintenance] 	at scala.collection.immutable.List.foldLeft(List.scala:79)
execute	Execute Action	2026-09-26T09:28:24.6647234Z [pod/manual-maintenance-20260926-091315-phtnw/maintenance] 	at org.apache.spark.sql.catalyst.rules.RuleExecutor.$anonfun$execute$1(RuleExecutor.scala:239)
execute	Execute Action	2026-09-26T09:28:24.6648462Z [pod/manual-maintenance-20260926-091315-phtnw/maintenance] 	at org.apache.spark.sql.catalyst.rules.RuleExecutor.$anonfun$execute$1$adapted(RuleExecutor.scala:231)
execute	Execute Action	2026-09-26T09:28:24.6649568Z [pod/manual-maintenance-20260926-091315-phtnw/maintenance] 	at scala.collection.immutable.List.foreach(List.scala:334)
execute	Execute Action	2026-09-26T09:28:24.6650607Z [pod/manual-maintenance-20260926-091315-phtnw/maintenance] 	at org.apache.spark.sql.catalyst.rules.RuleExecutor.execute(RuleExecutor.scala:231)
execute	Execute Action	2026-09-26T09:28:24.6652054Z [pod/manual-maintenance-20260926-091315-phtnw/maintenance] 	at org.apache.spark.sql.catalyst.analysis.Analyzer.org$apache$spark$sql$catalyst$analysis$Analyzer$$executeSameContext(Analyzer.scala:340)
execute	Execute Action	2026-09-26T09:28:24.6653408Z [pod/manual-maintenance-20260926-091315-phtnw/maintenance] 	at org.apache.spark.sql.catalyst.analysis.Analyzer.$anonfun$execute$1(Analyzer.scala:336)
execute	Execute Action	2026-09-26T09:28:24.6654628Z [pod/manual-maintenance-20260926-091315-phtnw/maintenance] 	at org.apache.spark.sql.catalyst.analysis.AnalysisContext$.withNewAnalysisContext(Analyzer.scala:234)
execute	Execute Action	2026-09-26T09:28:24.6655829Z [pod/manual-maintenance-20260926-091315-phtnw/maintenance] 	at org.apache.spark.sql.catalyst.analysis.Analyzer.execute(Analyzer.scala:336)
execute	Execute Action	2026-09-26T09:28:24.6657043Z [pod/manual-maintenance-20260926-091315-phtnw/maintenance] 	at org.apache.spark.sql.catalyst.analysis.Analyzer.execute(Analyzer.scala:299)
execute	Execute Action	2026-09-26T09:28:24.6658221Z [pod/manual-maintenance-20260926-091315-phtnw/maintenance] 	at org.apache.spark.sql.catalyst.rules.RuleExecutor.$anonfun$executeAndTrack$1(RuleExecutor.scala:201)
execute	Execute Action	2026-09-26T09:28:24.6659476Z [pod/manual-maintenance-20260926-091315-phtnw/maintenance] 	at org.apache.spark.sql.catalyst.QueryPlanningTracker$.withTracker(QueryPlanningTracker.scala:89)
execute	Execute Action	2026-09-26T09:28:24.6660708Z [pod/manual-maintenance-20260926-091315-phtnw/maintenance] 	at org.apache.spark.sql.catalyst.rules.RuleExecutor.executeAndTrack(RuleExecutor.scala:201)
execute	Execute Action	2026-09-26T09:28:24.6662144Z [pod/manual-maintenance-20260926-091315-phtnw/maintenance] 	at org.apache.spark.sql.catalyst.analysis.resolver.HybridAnalyzer.resolveInFixedPoint(HybridAnalyzer.scala:190)
execute	Execute Action	2026-09-26T09:28:24.6663539Z [pod/manual-maintenance-20260926-091315-phtnw/maintenance] 	at org.apache.spark.sql.catalyst.analysis.resolver.HybridAnalyzer.$anonfun$apply$1(HybridAnalyzer.scala:76)
execute	Execute Action	2026-09-26T09:28:24.6664975Z [pod/manual-maintenance-20260926-091315-phtnw/maintenance] 	at org.apache.spark.sql.catalyst.analysis.resolver.HybridAnalyzer.withTrackedAnalyzerBridgeState(HybridAnalyzer.scala:111)
execute	Execute Action	2026-09-26T09:28:24.6666381Z [pod/manual-maintenance-20260926-091315-phtnw/maintenance] 	at org.apache.spark.sql.catalyst.analysis.resolver.HybridAnalyzer.apply(HybridAnalyzer.scala:71)
execute	Execute Action	2026-09-26T09:28:24.6667628Z [pod/manual-maintenance-20260926-091315-phtnw/maintenance] 	at org.apache.spark.sql.catalyst.analysis.Analyzer.$anonfun$executeAndCheck$1(Analyzer.scala:330)
execute	Execute Action	2026-09-26T09:28:24.6668893Z [pod/manual-maintenance-20260926-091315-phtnw/maintenance] 	at org.apache.spark.sql.catalyst.plans.logical.AnalysisHelper$.markInAnalyzer(AnalysisHelper.scala:423)
execute	Execute Action	2026-09-26T09:28:24.6670256Z [pod/manual-maintenance-20260926-091315-phtnw/maintenance] 	at org.apache.spark.sql.catalyst.analysis.Analyzer.executeAndCheck(Analyzer.scala:330)
execute	Execute Action	2026-09-26T09:28:24.6671577Z [pod/manual-maintenance-20260926-091315-phtnw/maintenance] 	at org.apache.spark.sql.execution.QueryExecution.$anonfun$lazyAnalyzed$2(QueryExecution.scala:110)
execute	Execute Action	2026-09-26T09:28:24.6672841Z [pod/manual-maintenance-20260926-091315-phtnw/maintenance] 	at org.apache.spark.sql.catalyst.QueryPlanningTracker.measurePhase(QueryPlanningTracker.scala:148)
execute	Execute Action	2026-09-26T09:28:24.6674096Z [pod/manual-maintenance-20260926-091315-phtnw/maintenance] 	at org.apache.spark.sql.execution.QueryExecution.$anonfun$executePhase$2(QueryExecution.scala:278)
execute	Execute Action	2026-09-26T09:28:24.6675307Z [pod/manual-maintenance-20260926-091315-phtnw/maintenance] 	at org.apache.spark.sql.execution.QueryExecution$.withInternalError(QueryExecution.scala:654)
execute	Execute Action	2026-09-26T09:28:24.6676526Z [pod/manual-maintenance-20260926-091315-phtnw/maintenance] 	at org.apache.spark.sql.execution.QueryExecution.$anonfun$executePhase$1(QueryExecution.scala:278)
execute	Execute Action	2026-09-26T09:28:24.6677670Z [pod/manual-maintenance-20260926-091315-phtnw/maintenance] 	at org.apache.spark.sql.SparkSession.withActive(SparkSession.scala:804)
execute	Execute Action	2026-09-26T09:28:24.6678789Z [pod/manual-maintenance-20260926-091315-phtnw/maintenance] 	at org.apache.spark.sql.execution.QueryExecution.executePhase(QueryExecution.scala:277)
execute	Execute Action	2026-09-26T09:28:24.6679999Z [pod/manual-maintenance-20260926-091315-phtnw/maintenance] 	at org.apache.spark.sql.execution.QueryExecution.$anonfun$lazyAnalyzed$1(QueryExecution.scala:110)
execute	Execute Action	2026-09-26T09:28:24.6681018Z [pod/manual-maintenance-20260926-091315-phtnw/maintenance] 	at scala.util.Try$.apply(Try.scala:217)
execute	Execute Action	2026-09-26T09:28:24.6682213Z [pod/manual-maintenance-20260926-091315-phtnw/maintenance] 	at org.apache.spark.util.Utils$.doTryWithCallerStacktrace(Utils.scala:1378)
execute	Execute Action	2026-09-26T09:28:24.6683277Z [pod/manual-maintenance-20260926-091315-phtnw/maintenance] 	at org.apache.spark.util.Utils$.getTryWithCallerStacktrace(Utils.scala:1439)
execute	Execute Action	2026-09-26T09:28:24.6684410Z [pod/manual-maintenance-20260926-091315-phtnw/maintenance] 	at org.apache.spark.util.LazyTry.get(LazyTry.scala:58)
execute	Execute Action	2026-09-26T09:28:24.6685436Z [pod/manual-maintenance-20260926-091315-phtnw/maintenance] 	at org.apache.spark.sql.execution.QueryExecution.analyzed(QueryExecution.scala:121)
execute	Execute Action	2026-09-26T09:28:24.6686601Z [pod/manual-maintenance-20260926-091315-phtnw/maintenance] 	at org.apache.spark.sql.execution.QueryExecution.assertAnalyzed(QueryExecution.scala:80)
execute	Execute Action	2026-09-26T09:28:24.6687728Z [pod/manual-maintenance-20260926-091315-phtnw/maintenance] 	at org.apache.spark.sql.classic.Dataset$.$anonfun$ofRows$5(Dataset.scala:139)
execute	Execute Action	2026-09-26T09:28:24.6688772Z [pod/manual-maintenance-20260926-091315-phtnw/maintenance] 	at org.apache.spark.sql.SparkSession.withActive(SparkSession.scala:804)
execute	Execute Action	2026-09-26T09:28:24.6689784Z [pod/manual-maintenance-20260926-091315-phtnw/maintenance] 	at org.apache.spark.sql.classic.Dataset$.ofRows(Dataset.scala:136)
execute	Execute Action	2026-09-26T09:28:24.6690843Z [pod/manual-maintenance-20260926-091315-phtnw/maintenance] 	at org.apache.spark.sql.classic.SparkSession.$anonfun$sql$1(SparkSession.scala:462)
execute	Execute Action	2026-09-26T09:28:24.6692052Z [pod/manual-maintenance-20260926-091315-phtnw/maintenance] 	at org.apache.spark.sql.SparkSession.withActive(SparkSession.scala:804)
execute	Execute Action	2026-09-26T09:28:24.6693093Z [pod/manual-maintenance-20260926-091315-phtnw/maintenance] 	at org.apache.spark.sql.classic.SparkSession.sql(SparkSession.scala:449)
execute	Execute Action	2026-09-26T09:28:24.6694134Z [pod/manual-maintenance-20260926-091315-phtnw/maintenance] 	at org.apache.spark.sql.classic.SparkSession.sql(SparkSession.scala:467)
execute	Execute Action	2026-09-26T09:28:24.6695176Z [pod/manual-maintenance-20260926-091315-phtnw/maintenance] 	at jdk.internal.reflect.GeneratedMethodAccessor93.invoke(Unknown Source)
execute	Execute Action	2026-09-26T09:28:24.6696375Z [pod/manual-maintenance-20260926-091315-phtnw/maintenance] 	at java.base/jdk.internal.reflect.DelegatingMethodAccessorImpl.invoke(DelegatingMethodAccessorImpl.java:43)
execute	Execute Action	2026-09-26T09:28:24.6697649Z [pod/manual-maintenance-20260926-091315-phtnw/maintenance] 	at java.base/java.lang.reflect.Method.invoke(Method.java:569)
execute	Execute Action	2026-09-26T09:28:24.6698633Z [pod/manual-maintenance-20260926-091315-phtnw/maintenance] 	at py4j.reflection.MethodInvoker.invoke(MethodInvoker.java:244)
execute	Execute Action	2026-09-26T09:28:24.6699630Z [pod/manual-maintenance-20260926-091315-phtnw/maintenance] 	at py4j.reflection.ReflectionEngine.invoke(ReflectionEngine.java:374)
execute	Execute Action	2026-09-26T09:28:24.6700549Z [pod/manual-maintenance-20260926-091315-phtnw/maintenance] 	at py4j.Gateway.invoke(Gateway.java:282)
execute	Execute Action	2026-09-26T09:28:24.6701581Z [pod/manual-maintenance-20260926-091315-phtnw/maintenance] 	at py4j.commands.AbstractCommand.invokeMethod(AbstractCommand.java:132)
execute	Execute Action	2026-09-26T09:28:24.6702568Z [pod/manual-maintenance-20260926-091315-phtnw/maintenance] 	at py4j.commands.CallCommand.execute(CallCommand.java:79)
execute	Execute Action	2026-09-26T09:28:24.6703592Z [pod/manual-maintenance-20260926-091315-phtnw/maintenance] 	at py4j.ClientServerConnection.waitForCommands(ClientServerConnection.java:184)
execute	Execute Action	2026-09-26T09:28:24.6704715Z [pod/manual-maintenance-20260926-091315-phtnw/maintenance] 	at py4j.ClientServerConnection.run(ClientServerConnection.java:108)
execute	Execute Action	2026-09-26T09:28:24.6705653Z [pod/manual-maintenance-20260926-091315-phtnw/maintenance] 	at java.base/java.lang.Thread.run(Thread.java:840)
execute	Execute Action	2026-09-26T09:28:24.6706834Z [pod/manual-maintenance-20260926-091315-phtnw/maintenance] 	Suppressed: org.apache.spark.util.Utils$OriginalTryStackTraceException: Full stacktrace of original doTryWithCallerStacktrace caller
execute	Execute Action	2026-09-26T09:28:24.6708184Z [pod/manual-maintenance-20260926-091315-phtnw/maintenance] 		at org.apache.iceberg.rest.ErrorHandlers$DefaultErrorHandler.accept(ErrorHandlers.java:350)
execute	Execute Action	2026-09-26T09:28:24.6709368Z [pod/manual-maintenance-20260926-091315-phtnw/maintenance] 		at org.apache.iceberg.rest.ErrorHandlers$TableErrorHandler.accept(ErrorHandlers.java:160)
execute	Execute Action	2026-09-26T09:28:24.6710532Z [pod/manual-maintenance-20260926-091315-phtnw/maintenance] 		at org.apache.iceberg.rest.ErrorHandlers$TableErrorHandler.accept(ErrorHandlers.java:142)
execute	Execute Action	2026-09-26T09:28:24.6711883Z [pod/manual-maintenance-20260926-091315-phtnw/maintenance] 		at org.apache.iceberg.rest.HTTPClient.throwFailure(HTTPClient.java:242)
execute	Execute Action	2026-09-26T09:28:24.6712909Z [pod/manual-maintenance-20260926-091315-phtnw/maintenance] 		at org.apache.iceberg.rest.HTTPClient.execute(HTTPClient.java:347)
execute	Execute Action	2026-09-26T09:28:24.6713905Z [pod/manual-maintenance-20260926-091315-phtnw/maintenance] 		at org.apache.iceberg.rest.HTTPClient.execute(HTTPClient.java:299)
execute	Execute Action	2026-09-26T09:28:24.6714919Z [pod/manual-maintenance-20260926-091315-phtnw/maintenance] 		at org.apache.iceberg.rest.BaseHTTPClient.get(BaseHTTPClient.java:101)
execute	Execute Action	2026-09-26T09:28:24.6716031Z [pod/manual-maintenance-20260926-091315-phtnw/maintenance] 		at org.apache.iceberg.rest.RESTSessionCatalog.loadInternal(RESTSessionCatalog.java:438)
execute	Execute Action	2026-09-26T09:28:24.6717195Z [pod/manual-maintenance-20260926-091315-phtnw/maintenance] 		at org.apache.iceberg.rest.RESTSessionCatalog.loadTable(RESTSessionCatalog.java:468)
execute	Execute Action	2026-09-26T09:28:24.6718433Z [pod/manual-maintenance-20260926-091315-phtnw/maintenance] 		at org.apache.iceberg.catalog.BaseSessionCatalog$AsCatalog.loadTable(BaseSessionCatalog.java:105)
execute	Execute Action	2026-09-26T09:28:24.6719575Z [pod/manual-maintenance-20260926-091315-phtnw/maintenance] 		at org.apache.iceberg.rest.RESTCatalog.loadTable(RESTCatalog.java:124)
execute	Execute Action	2026-09-26T09:28:24.6720901Z [pod/manual-maintenance-20260926-091315-phtnw/maintenance] 		at org.apache.iceberg.shaded.com.github.benmanes.caffeine.cache.BoundedLocalCache.lambda$doComputeIfAbsent$14(BoundedLocalCache.java:2406)
execute	Execute Action	2026-09-26T09:28:24.6722403Z [pod/manual-maintenance-20260926-091315-phtnw/maintenance] 		at java.base/java.util.concurrent.ConcurrentHashMap.compute(ConcurrentHashMap.java:1916)
execute	Execute Action	2026-09-26T09:28:24.6723778Z [pod/manual-maintenance-20260926-091315-phtnw/maintenance] 		at org.apache.iceberg.shaded.com.github.benmanes.caffeine.cache.BoundedLocalCache.doComputeIfAbsent(BoundedLocalCache.java:2404)
execute	Execute Action	2026-09-26T09:28:24.6725491Z [pod/manual-maintenance-20260926-091315-phtnw/maintenance] 		at org.apache.iceberg.shaded.com.github.benmanes.caffeine.cache.BoundedLocalCache.computeIfAbsent(BoundedLocalCache.java:2387)
execute	Execute Action	2026-09-26T09:28:24.6726997Z [pod/manual-maintenance-20260926-091315-phtnw/maintenance] 		at org.apache.iceberg.shaded.com.github.benmanes.caffeine.cache.LocalCache.computeIfAbsent(LocalCache.java:108)
execute	Execute Action	2026-09-26T09:28:24.6728410Z [pod/manual-maintenance-20260926-091315-phtnw/maintenance] 		at org.apache.iceberg.shaded.com.github.benmanes.caffeine.cache.LocalManualCache.get(LocalManualCache.java:62)
execute	Execute Action	2026-09-26T09:28:24.6729629Z [pod/manual-maintenance-20260926-091315-phtnw/maintenance] 		at org.apache.iceberg.CachingCatalog.loadTable(CachingCatalog.java:147)
execute	Execute Action	2026-09-26T09:28:24.6730655Z [pod/manual-maintenance-20260926-091315-phtnw/maintenance] 		at org.apache.iceberg.spark.SparkCatalog.load(SparkCatalog.java:867)
execute	Execute Action	2026-09-26T09:28:24.6731799Z [pod/manual-maintenance-20260926-091315-phtnw/maintenance] 		at org.apache.iceberg.spark.SparkCatalog.loadTable(SparkCatalog.java:171)
execute	Execute Action	2026-09-26T09:28:24.6732951Z [pod/manual-maintenance-20260926-091315-phtnw/maintenance] 		at org.apache.iceberg.spark.procedures.BaseProcedure.loadSparkTable(BaseProcedure.java:168)
execute	Execute Action	2026-09-26T09:28:24.6734237Z [pod/manual-maintenance-20260926-091315-phtnw/maintenance] 		at org.apache.iceberg.spark.procedures.RewriteDataFilesProcedure.call(RewriteDataFilesProcedure.java:124)
execute	Execute Action	2026-09-26T09:28:24.6735726Z [pod/manual-maintenance-20260926-091315-phtnw/maintenance] 		at org.apache.spark.sql.catalyst.analysis.InvokeProcedures.org$apache$spark$sql$catalyst$analysis$InvokeProcedures$$invoke(InvokeProcedures.scala:48)
execute	Execute Action	2026-09-26T09:28:24.6737231Z [pod/manual-maintenance-20260926-091315-phtnw/maintenance] 		at org.apache.spark.sql.catalyst.analysis.InvokeProcedures$$anonfun$apply$1.applyOrElse(InvokeProcedures.scala:40)
execute	Execute Action	2026-09-26T09:28:24.6738603Z [pod/manual-maintenance-20260926-091315-phtnw/maintenance] 		at org.apache.spark.sql.catalyst.analysis.InvokeProcedures$$anonfun$apply$1.applyOrElse(InvokeProcedures.scala:36)
execute	Execute Action	2026-09-26T09:28:24.6740180Z [pod/manual-maintenance-20260926-091315-phtnw/maintenance] 		at org.apache.spark.sql.catalyst.plans.logical.AnalysisHelper.$anonfun$resolveOperatorsDownWithPruning$2(AnalysisHelper.scala:200)
execute	Execute Action	2026-09-26T09:28:24.6741609Z [pod/manual-maintenance-20260926-091315-phtnw/maintenance] 		at org.apache.spark.sql.catalyst.trees.CurrentOrigin$.withOrigin(origin.scala:86)
execute	Execute Action	2026-09-26T09:28:24.6742927Z [pod/manual-maintenance-20260926-091315-phtnw/maintenance] 		at org.apache.spark.sql.catalyst.plans.logical.AnalysisHelper.$anonfun$resolveOperatorsDownWithPruning$1(AnalysisHelper.scala:200)
execute	Execute Action	2026-09-26T09:28:24.6744416Z [pod/manual-maintenance-20260926-091315-phtnw/maintenance] 		at org.apache.spark.sql.catalyst.plans.logical.AnalysisHelper$.allowInvokingTransformsInAnalyzer(AnalysisHelper.scala:416)
execute	Execute Action	2026-09-26T09:28:24.6745903Z [pod/manual-maintenance-20260926-091315-phtnw/maintenance] 		at org.apache.spark.sql.catalyst.plans.logical.AnalysisHelper.resolveOperatorsDownWithPruning(AnalysisHelper.scala:198)
execute	Execute Action	2026-09-26T09:28:24.6747416Z [pod/manual-maintenance-20260926-091315-phtnw/maintenance] 		at org.apache.spark.sql.catalyst.plans.logical.AnalysisHelper.resolveOperatorsDownWithPruning$(AnalysisHelper.scala:194)
execute	Execute Action	2026-09-26T09:28:24.6748918Z [pod/manual-maintenance-20260926-091315-phtnw/maintenance] 		at org.apache.spark.sql.catalyst.plans.logical.LogicalPlan.resolveOperatorsDownWithPruning(LogicalPlan.scala:37)
execute	Execute Action	2026-09-26T09:28:24.6750365Z [pod/manual-maintenance-20260926-091315-phtnw/maintenance] 		at org.apache.spark.sql.catalyst.plans.logical.AnalysisHelper.resolveOperatorsWithPruning(AnalysisHelper.scala:100)
execute	Execute Action	2026-09-26T09:28:24.6751971Z [pod/manual-maintenance-20260926-091315-phtnw/maintenance] 		at org.apache.spark.sql.catalyst.plans.logical.AnalysisHelper.resolveOperatorsWithPruning$(AnalysisHelper.scala:97)
execute	Execute Action	2026-09-26T09:28:24.6753406Z [pod/manual-maintenance-20260926-091315-phtnw/maintenance] 		at org.apache.spark.sql.catalyst.plans.logical.LogicalPlan.resolveOperatorsWithPruning(LogicalPlan.scala:37)
execute	Execute Action	2026-09-26T09:28:24.6754905Z [pod/manual-maintenance-20260926-091315-phtnw/maintenance] 		at org.apache.spark.sql.catalyst.plans.logical.AnalysisHelper.resolveOperators(AnalysisHelper.scala:77)
execute	Execute Action	2026-09-26T09:28:24.6756241Z [pod/manual-maintenance-20260926-091315-phtnw/maintenance] 		at org.apache.spark.sql.catalyst.plans.logical.AnalysisHelper.resolveOperators$(AnalysisHelper.scala:76)
execute	Execute Action	2026-09-26T09:28:24.6757550Z [pod/manual-maintenance-20260926-091315-phtnw/maintenance] 		at org.apache.spark.sql.catalyst.plans.logical.LogicalPlan.resolveOperators(LogicalPlan.scala:37)
execute	Execute Action	2026-09-26T09:28:24.6758798Z [pod/manual-maintenance-20260926-091315-phtnw/maintenance] 		at org.apache.spark.sql.catalyst.analysis.InvokeProcedures.apply(InvokeProcedures.scala:36)
execute	Execute Action	2026-09-26T09:28:24.6760003Z [pod/manual-maintenance-20260926-091315-phtnw/maintenance] 		at org.apache.spark.sql.catalyst.analysis.InvokeProcedures.apply(InvokeProcedures.scala:34)
execute	Execute Action	2026-09-26T09:28:24.6761216Z [pod/manual-maintenance-20260926-091315-phtnw/maintenance] 		at org.apache.spark.sql.catalyst.rules.RuleExecutor.$anonfun$execute$2(RuleExecutor.scala:242)
execute	Execute Action	2026-09-26T09:28:24.6762443Z [pod/manual-maintenance-20260926-091315-phtnw/maintenance] 		at scala.collection.LinearSeqOps.foldLeft(LinearSeq.scala:183)
execute	Execute Action	2026-09-26T09:28:24.6763419Z [pod/manual-maintenance-20260926-091315-phtnw/maintenance] 		at scala.collection.LinearSeqOps.foldLeft$(LinearSeq.scala:179)
execute	Execute Action	2026-09-26T09:28:24.6764375Z [pod/manual-maintenance-20260926-091315-phtnw/maintenance] 		at scala.collection.immutable.List.foldLeft(List.scala:79)
execute	Execute Action	2026-09-26T09:28:24.6765451Z [pod/manual-maintenance-20260926-091315-phtnw/maintenance] 		at org.apache.spark.sql.catalyst.rules.RuleExecutor.$anonfun$execute$1(RuleExecutor.scala:239)
execute	Execute Action	2026-09-26T09:28:24.6766712Z [pod/manual-maintenance-20260926-091315-phtnw/maintenance] 		at org.apache.spark.sql.catalyst.rules.RuleExecutor.$anonfun$execute$1$adapted(RuleExecutor.scala:231)
execute	Execute Action	2026-09-26T09:28:24.6767820Z [pod/manual-maintenance-20260926-091315-phtnw/maintenance] 		at scala.collection.immutable.List.foreach(List.scala:334)
execute	Execute Action	2026-09-26T09:28:24.6768989Z [pod/manual-maintenance-20260926-091315-phtnw/maintenance] 		at org.apache.spark.sql.catalyst.rules.RuleExecutor.execute(RuleExecutor.scala:231)
execute	Execute Action	2026-09-26T09:28:24.6770323Z [pod/manual-maintenance-20260926-091315-phtnw/maintenance] 		at org.apache.spark.sql.catalyst.analysis.Analyzer.org$apache$spark$sql$catalyst$analysis$Analyzer$$executeSameContext(Analyzer.scala:340)
execute	Execute Action	2026-09-26T09:28:24.6771779Z [pod/manual-maintenance-20260926-091315-phtnw/maintenance] 		at org.apache.spark.sql.catalyst.analysis.Analyzer.$anonfun$execute$1(Analyzer.scala:336)
execute	Execute Action	2026-09-26T09:28:24.6773006Z [pod/manual-maintenance-20260926-091315-phtnw/maintenance] 		at org.apache.spark.sql.catalyst.analysis.AnalysisContext$.withNewAnalysisContext(Analyzer.scala:234)
execute	Execute Action	2026-09-26T09:28:24.6774209Z [pod/manual-maintenance-20260926-091315-phtnw/maintenance] 		at org.apache.spark.sql.catalyst.analysis.Analyzer.execute(Analyzer.scala:336)
execute	Execute Action	2026-09-26T09:28:24.6775321Z [pod/manual-maintenance-20260926-091315-phtnw/maintenance] 		at org.apache.spark.sql.catalyst.analysis.Analyzer.execute(Analyzer.scala:299)
execute	Execute Action	2026-09-26T09:28:24.6776507Z [pod/manual-maintenance-20260926-091315-phtnw/maintenance] 		at org.apache.spark.sql.catalyst.rules.RuleExecutor.$anonfun$executeAndTrack$1(RuleExecutor.scala:201)
execute	Execute Action	2026-09-26T09:28:24.6777777Z [pod/manual-maintenance-20260926-091315-phtnw/maintenance] 		at org.apache.spark.sql.catalyst.QueryPlanningTracker$.withTracker(QueryPlanningTracker.scala:89)
execute	Execute Action	2026-09-26T09:28:24.6779008Z [pod/manual-maintenance-20260926-091315-phtnw/maintenance] 		at org.apache.spark.sql.catalyst.rules.RuleExecutor.executeAndTrack(RuleExecutor.scala:201)
execute	Execute Action	2026-09-26T09:28:24.6780319Z [pod/manual-maintenance-20260926-091315-phtnw/maintenance] 		at org.apache.spark.sql.catalyst.analysis.resolver.HybridAnalyzer.resolveInFixedPoint(HybridAnalyzer.scala:190)
execute	Execute Action	2026-09-26T09:28:24.6781936Z [pod/manual-maintenance-20260926-091315-phtnw/maintenance] 		at org.apache.spark.sql.catalyst.analysis.resolver.HybridAnalyzer.$anonfun$apply$1(HybridAnalyzer.scala:76)
execute	Execute Action	2026-09-26T09:28:24.6783376Z [pod/manual-maintenance-20260926-091315-phtnw/maintenance] 		at org.apache.spark.sql.catalyst.analysis.resolver.HybridAnalyzer.withTrackedAnalyzerBridgeState(HybridAnalyzer.scala:111)
execute	Execute Action	2026-09-26T09:28:24.6784783Z [pod/manual-maintenance-20260926-091315-phtnw/maintenance] 		at org.apache.spark.sql.catalyst.analysis.resolver.HybridAnalyzer.apply(HybridAnalyzer.scala:71)
execute	Execute Action	2026-09-26T09:28:24.6786033Z [pod/manual-maintenance-20260926-091315-phtnw/maintenance] 		at org.apache.spark.sql.catalyst.analysis.Analyzer.$anonfun$executeAndCheck$1(Analyzer.scala:330)
execute	Execute Action	2026-09-26T09:28:24.6787299Z [pod/manual-maintenance-20260926-091315-phtnw/maintenance] 		at org.apache.spark.sql.catalyst.plans.logical.AnalysisHelper$.markInAnalyzer(AnalysisHelper.scala:423)
execute	Execute Action	2026-09-26T09:28:24.6788541Z [pod/manual-maintenance-20260926-091315-phtnw/maintenance] 		at org.apache.spark.sql.catalyst.analysis.Analyzer.executeAndCheck(Analyzer.scala:330)
execute	Execute Action	2026-09-26T09:28:24.6789762Z [pod/manual-maintenance-20260926-091315-phtnw/maintenance] 		at org.apache.spark.sql.execution.QueryExecution.$anonfun$lazyAnalyzed$2(QueryExecution.scala:110)
execute	Execute Action	2026-09-26T09:28:24.6791021Z [pod/manual-maintenance-20260926-091315-phtnw/maintenance] 		at org.apache.spark.sql.catalyst.QueryPlanningTracker.measurePhase(QueryPlanningTracker.scala:148)
execute	Execute Action	2026-09-26T09:28:24.6792386Z [pod/manual-maintenance-20260926-091315-phtnw/maintenance] 		at org.apache.spark.sql.execution.QueryExecution.$anonfun$executePhase$2(QueryExecution.scala:278)
execute	Execute Action	2026-09-26T09:28:24.6793603Z [pod/manual-maintenance-20260926-091315-phtnw/maintenance] 		at org.apache.spark.sql.execution.QueryExecution$.withInternalError(QueryExecution.scala:654)
execute	Execute Action	2026-09-26T09:28:24.6794818Z [pod/manual-maintenance-20260926-091315-phtnw/maintenance] 		at org.apache.spark.sql.execution.QueryExecution.$anonfun$executePhase$1(QueryExecution.scala:278)
execute	Execute Action	2026-09-26T09:28:24.6796085Z [pod/manual-maintenance-20260926-091315-phtnw/maintenance] 		at org.apache.spark.sql.SparkSession.withActive(SparkSession.scala:804)
execute	Execute Action	2026-09-26T09:28:24.6797198Z [pod/manual-maintenance-20260926-091315-phtnw/maintenance] 		at org.apache.spark.sql.execution.QueryExecution.executePhase(QueryExecution.scala:277)
execute	Execute Action	2026-09-26T09:28:24.6798413Z [pod/manual-maintenance-20260926-091315-phtnw/maintenance] 		at org.apache.spark.sql.execution.QueryExecution.$anonfun$lazyAnalyzed$1(QueryExecution.scala:110)
execute	Execute Action	2026-09-26T09:28:24.6799430Z [pod/manual-maintenance-20260926-091315-phtnw/maintenance] 		at scala.util.Try$.apply(Try.scala:217)
execute	Execute Action	2026-09-26T09:28:24.6800352Z [pod/manual-maintenance-20260926-091315-phtnw/maintenance] 		at org.apache.spark.util.Utils$.doTryWithCallerStacktrace(Utils.scala:1378)
execute	Execute Action	2026-09-26T09:28:24.6801486Z [pod/manual-maintenance-20260926-091315-phtnw/maintenance] 		at org.apache.spark.util.LazyTry.tryT$lzycompute(LazyTry.scala:46)
execute	Execute Action	2026-09-26T09:28:24.6802448Z [pod/manual-maintenance-20260926-091315-phtnw/maintenance] 		at org.apache.spark.util.LazyTry.tryT(LazyTry.scala:46)
execute	Execute Action	2026-09-26T09:28:24.6803210Z [pod/manual-maintenance-20260926-091315-phtnw/maintenance] 		... 21 more
execute	Execute Action	2026-09-26T09:28:24.6803764Z [pod/manual-maintenance-20260926-091315-phtnw/maintenance] 
execute	Execute Action	2026-09-26T09:28:24.6804469Z [pod/manual-maintenance-20260926-091315-phtnw/maintenance] 26/09/26 09:27:45 WARN Spark3Util: Failed to load catalog: web
execute	Execute Action	2026-09-26T09:28:24.6805935Z [pod/manual-maintenance-20260926-091315-phtnw/maintenance] org.apache.spark.sql.connector.catalog.CatalogNotFoundException: [CATALOG_NOT_FOUND] The catalog `web` not found. Consider to set the SQL config "spark.sql.catalog.web" to a catalog plugin. SQLSTATE: 42P08
execute	Execute Action	2026-09-26T09:28:24.6807608Z [pod/manual-maintenance-20260926-091315-phtnw/maintenance] 	at org.apache.spark.sql.errors.QueryExecutionErrors$.catalogNotFoundError(QueryExecutionErrors.scala:1809)
execute	Execute Action	2026-09-26T09:28:24.6808801Z [pod/manual-maintenance-20260926-091315-phtnw/maintenance] 	at org.apache.spark.sql.connector.catalog.Catalogs$.load(Catalogs.scala:56)
execute	Execute Action	2026-09-26T09:28:24.6810093Z [pod/manual-maintenance-20260926-091315-phtnw/maintenance] 	at org.apache.spark.sql.connector.catalog.CatalogManager.$anonfun$catalog$1(CatalogManager.scala:56)
execute	Execute Action	2026-09-26T09:28:24.6811247Z [pod/manual-maintenance-20260926-091315-phtnw/maintenance] 	at scala.collection.mutable.HashMap.getOrElseUpdate(HashMap.scala:469)
execute	Execute Action	2026-09-26T09:28:24.6812473Z [pod/manual-maintenance-20260926-091315-phtnw/maintenance] 	at org.apache.spark.sql.connector.catalog.CatalogManager.catalog(CatalogManager.scala:56)
execute	Execute Action	2026-09-26T09:28:24.6813650Z [pod/manual-maintenance-20260926-091315-phtnw/maintenance] 	at org.apache.iceberg.spark.Spark3Util.lambda$catalogAndIdentifier$3(Spark3Util.java:815)
execute	Execute Action	2026-09-26T09:28:24.6814787Z [pod/manual-maintenance-20260926-091315-phtnw/maintenance] 	at org.apache.iceberg.spark.SparkUtil.catalogAndIdentifier(SparkUtil.java:122)
execute	Execute Action	2026-09-26T09:28:24.6815910Z [pod/manual-maintenance-20260926-091315-phtnw/maintenance] 	at org.apache.iceberg.spark.Spark3Util.catalogAndIdentifier(Spark3Util.java:811)
execute	Execute Action	2026-09-26T09:28:24.6817030Z [pod/manual-maintenance-20260926-091315-phtnw/maintenance] 	at org.apache.iceberg.spark.Spark3Util.catalogAndIdentifier(Spark3Util.java:766)
execute	Execute Action	2026-09-26T09:28:24.6818171Z [pod/manual-maintenance-20260926-091315-phtnw/maintenance] 	at org.apache.iceberg.spark.Spark3Util.catalogAndIdentifier(Spark3Util.java:778)
execute	Execute Action	2026-09-26T09:28:24.6819350Z [pod/manual-maintenance-20260926-091315-phtnw/maintenance] 	at org.apache.iceberg.spark.procedures.ProcedureInput.catalogAndIdent(ProcedureInput.java:243)
execute	Execute Action	2026-09-26T09:28:24.6820555Z [pod/manual-maintenance-20260926-091315-phtnw/maintenance] 	at org.apache.iceberg.spark.procedures.ProcedureInput.ident(ProcedureInput.java:215)
execute	Execute Action	2026-09-26T09:28:24.6821904Z [pod/manual-maintenance-20260926-091315-phtnw/maintenance] 	at org.apache.iceberg.spark.procedures.RewriteManifestsProcedure.call(RewriteManifestsProcedure.java:96)
execute	Execute Action	2026-09-26T09:28:24.6823414Z [pod/manual-maintenance-20260926-091315-phtnw/maintenance] 	at org.apache.spark.sql.catalyst.analysis.InvokeProcedures.org$apache$spark$sql$catalyst$analysis$InvokeProcedures$$invoke(InvokeProcedures.scala:48)
execute	Execute Action	2026-09-26T09:28:24.6825047Z [pod/manual-maintenance-20260926-091315-phtnw/maintenance] 	at org.apache.spark.sql.catalyst.analysis.InvokeProcedures$$anonfun$apply$1.applyOrElse(InvokeProcedures.scala:40)
execute	Execute Action	2026-09-26T09:28:24.6826422Z [pod/manual-maintenance-20260926-091315-phtnw/maintenance] 	at org.apache.spark.sql.catalyst.analysis.InvokeProcedures$$anonfun$apply$1.applyOrElse(InvokeProcedures.scala:36)
execute	Execute Action	2026-09-26T09:28:24.6827864Z [pod/manual-maintenance-20260926-091315-phtnw/maintenance] 	at org.apache.spark.sql.catalyst.plans.logical.AnalysisHelper.$anonfun$resolveOperatorsDownWithPruning$2(AnalysisHelper.scala:200)
execute	Execute Action	2026-09-26T09:28:24.6829176Z [pod/manual-maintenance-20260926-091315-phtnw/maintenance] 	at org.apache.spark.sql.catalyst.trees.CurrentOrigin$.withOrigin(origin.scala:86)
execute	Execute Action	2026-09-26T09:28:24.6830495Z [pod/manual-maintenance-20260926-091315-phtnw/maintenance] 	at org.apache.spark.sql.catalyst.plans.logical.AnalysisHelper.$anonfun$resolveOperatorsDownWithPruning$1(AnalysisHelper.scala:200)
execute	Execute Action	2026-09-26T09:28:24.6832106Z [pod/manual-maintenance-20260926-091315-phtnw/maintenance] 	at org.apache.spark.sql.catalyst.plans.logical.AnalysisHelper$.allowInvokingTransformsInAnalyzer(AnalysisHelper.scala:416)
execute	Execute Action	2026-09-26T09:28:24.6833592Z [pod/manual-maintenance-20260926-091315-phtnw/maintenance] 	at org.apache.spark.sql.catalyst.plans.logical.AnalysisHelper.resolveOperatorsDownWithPruning(AnalysisHelper.scala:198)
execute	Execute Action	2026-09-26T09:28:24.6835093Z [pod/manual-maintenance-20260926-091315-phtnw/maintenance] 	at org.apache.spark.sql.catalyst.plans.logical.AnalysisHelper.resolveOperatorsDownWithPruning$(AnalysisHelper.scala:194)
execute	Execute Action	2026-09-26T09:28:24.6836574Z [pod/manual-maintenance-20260926-091315-phtnw/maintenance] 	at org.apache.spark.sql.catalyst.plans.logical.LogicalPlan.resolveOperatorsDownWithPruning(LogicalPlan.scala:37)
execute	Execute Action	2026-09-26T09:28:24.6838154Z [pod/manual-maintenance-20260926-091315-phtnw/maintenance] 	at org.apache.spark.sql.catalyst.plans.logical.AnalysisHelper.resolveOperatorsWithPruning(AnalysisHelper.scala:100)
execute	Execute Action	2026-09-26T09:28:24.6839622Z [pod/manual-maintenance-20260926-091315-phtnw/maintenance] 	at org.apache.spark.sql.catalyst.plans.logical.AnalysisHelper.resolveOperatorsWithPruning$(AnalysisHelper.scala:97)
execute	Execute Action	2026-09-26T09:28:24.6841049Z [pod/manual-maintenance-20260926-091315-phtnw/maintenance] 	at org.apache.spark.sql.catalyst.plans.logical.LogicalPlan.resolveOperatorsWithPruning(LogicalPlan.scala:37)
execute	Execute Action	2026-09-26T09:28:24.6842531Z [pod/manual-maintenance-20260926-091315-phtnw/maintenance] 	at org.apache.spark.sql.catalyst.plans.logical.AnalysisHelper.resolveOperators(AnalysisHelper.scala:77)
execute	Execute Action	2026-09-26T09:28:24.6843873Z [pod/manual-maintenance-20260926-091315-phtnw/maintenance] 	at org.apache.spark.sql.catalyst.plans.logical.AnalysisHelper.resolveOperators$(AnalysisHelper.scala:76)
execute	Execute Action	2026-09-26T09:28:24.6845196Z [pod/manual-maintenance-20260926-091315-phtnw/maintenance] 	at org.apache.spark.sql.catalyst.plans.logical.LogicalPlan.resolveOperators(LogicalPlan.scala:37)
execute	Execute Action	2026-09-26T09:28:24.6846452Z [pod/manual-maintenance-20260926-091315-phtnw/maintenance] 	at org.apache.spark.sql.catalyst.analysis.InvokeProcedures.apply(InvokeProcedures.scala:36)
execute	Execute Action	2026-09-26T09:28:24.6847666Z [pod/manual-maintenance-20260926-091315-phtnw/maintenance] 	at org.apache.spark.sql.catalyst.analysis.InvokeProcedures.apply(InvokeProcedures.scala:34)
execute	Execute Action	2026-09-26T09:28:24.6848874Z [pod/manual-maintenance-20260926-091315-phtnw/maintenance] 	at org.apache.spark.sql.catalyst.rules.RuleExecutor.$anonfun$execute$2(RuleExecutor.scala:242)
execute	Execute Action	2026-09-26T09:28:24.6849965Z [pod/manual-maintenance-20260926-091315-phtnw/maintenance] 	at scala.collection.LinearSeqOps.foldLeft(LinearSeq.scala:183)
execute	Execute Action	2026-09-26T09:28:24.6850934Z [pod/manual-maintenance-20260926-091315-phtnw/maintenance] 	at scala.collection.LinearSeqOps.foldLeft$(LinearSeq.scala:179)
execute	Execute Action	2026-09-26T09:28:24.6852165Z [pod/manual-maintenance-20260926-091315-phtnw/maintenance] 	at scala.collection.immutable.List.foldLeft(List.scala:79)
execute	Execute Action	2026-09-26T09:28:24.6853229Z [pod/manual-maintenance-20260926-091315-phtnw/maintenance] 	at org.apache.spark.sql.catalyst.rules.RuleExecutor.$anonfun$execute$1(RuleExecutor.scala:239)
execute	Execute Action	2026-09-26T09:28:24.6854469Z [pod/manual-maintenance-20260926-091315-phtnw/maintenance] 	at org.apache.spark.sql.catalyst.rules.RuleExecutor.$anonfun$execute$1$adapted(RuleExecutor.scala:231)
execute	Execute Action	2026-09-26T09:28:24.6855568Z [pod/manual-maintenance-20260926-091315-phtnw/maintenance] 	at scala.collection.immutable.List.foreach(List.scala:334)
execute	Execute Action	2026-09-26T09:28:24.6856610Z [pod/manual-maintenance-20260926-091315-phtnw/maintenance] 	at org.apache.spark.sql.catalyst.rules.RuleExecutor.execute(RuleExecutor.scala:231)
execute	Execute Action	2026-09-26T09:28:24.6858073Z [pod/manual-maintenance-20260926-091315-phtnw/maintenance] 	at org.apache.spark.sql.catalyst.analysis.Analyzer.org$apache$spark$sql$catalyst$analysis$Analyzer$$executeSameContext(Analyzer.scala:340)
execute	Execute Action	2026-09-26T09:28:24.6859582Z [pod/manual-maintenance-20260926-091315-phtnw/maintenance] 	at org.apache.spark.sql.catalyst.analysis.Analyzer.$anonfun$execute$1(Analyzer.scala:336)
execute	Execute Action	2026-09-26T09:28:24.6861127Z [pod/manual-maintenance-20260926-091315-phtnw/maintenance] 	at org.apache.spark.sql.catalyst.analysis.AnalysisContext$.withNewAnalysisContext(Analyzer.scala:234)
execute	Execute Action	2026-09-26T09:28:24.6862808Z [pod/manual-maintenance-20260926-091315-phtnw/maintenance] 	at org.apache.spark.sql.catalyst.analysis.Analyzer.execute(Analyzer.scala:336)
execute	Execute Action	2026-09-26T09:28:24.6864082Z [pod/manual-maintenance-20260926-091315-phtnw/maintenance] 	at org.apache.spark.sql.catalyst.analysis.Analyzer.execute(Analyzer.scala:299)
execute	Execute Action	2026-09-26T09:28:24.6865504Z [pod/manual-maintenance-20260926-091315-phtnw/maintenance] 	at org.apache.spark.sql.catalyst.rules.RuleExecutor.$anonfun$executeAndTrack$1(RuleExecutor.scala:201)
execute	Execute Action	2026-09-26T09:28:24.8392470Z [pod/manual-maintenance-20260926-091315-phtnw/maintenance] 	at org.apache.spark.sql.catalyst.QueryPlanningTracker$.withTracker(QueryPlanningTracker.scala:89)
execute	Execute Action	2026-09-26T09:28:24.8395291Z [pod/manual-maintenance-20260926-091315-phtnw/maintenance] 	at org.apache.spark.sql.catalyst.rules.RuleExecutor.executeAndTrack(RuleExecutor.scala:201)
execute	Execute Action	2026-09-26T09:28:24.8397955Z [pod/manual-maintenance-20260926-091315-phtnw/maintenance] 	at org.apache.spark.sql.catalyst.analysis.resolver.HybridAnalyzer.resolveInFixedPoint(HybridAnalyzer.scala:190)
execute	Execute Action	2026-09-26T09:28:24.8400137Z [pod/manual-maintenance-20260926-091315-phtnw/maintenance] 	at org.apache.spark.sql.catalyst.analysis.resolver.HybridAnalyzer.$anonfun$apply$1(HybridAnalyzer.scala:76)
execute	Execute Action	2026-09-26T09:28:24.8402063Z [pod/manual-maintenance-20260926-091315-phtnw/maintenance] 	at org.apache.spark.sql.catalyst.analysis.resolver.HybridAnalyzer.withTrackedAnalyzerBridgeState(HybridAnalyzer.scala:111)
execute	Execute Action	2026-09-26T09:28:24.8403814Z [pod/manual-maintenance-20260926-091315-phtnw/maintenance] 	at org.apache.spark.sql.catalyst.analysis.resolver.HybridAnalyzer.apply(HybridAnalyzer.scala:71)
execute	Execute Action	2026-09-26T09:28:24.8405878Z [pod/manual-maintenance-20260926-091315-phtnw/maintenance] 	at org.apache.spark.sql.catalyst.analysis.Analyzer.$anonfun$executeAndCheck$1(Analyzer.scala:330)
execute	Execute Action	2026-09-26T09:28:24.8408216Z [pod/manual-maintenance-20260926-091315-phtnw/maintenance] 	at org.apache.spark.sql.catalyst.plans.logical.AnalysisHelper$.markInAnalyzer(AnalysisHelper.scala:423)
execute	Execute Action	2026-09-26T09:28:24.8409679Z [pod/manual-maintenance-20260926-091315-phtnw/maintenance] 	at org.apache.spark.sql.catalyst.analysis.Analyzer.executeAndCheck(Analyzer.scala:330)
execute	Execute Action	2026-09-26T09:28:24.8410891Z [pod/manual-maintenance-20260926-091315-phtnw/maintenance] 	at org.apache.spark.sql.execution.QueryExecution.$anonfun$lazyAnalyzed$2(QueryExecution.scala:110)
execute	Execute Action	2026-09-26T09:28:24.8413039Z [pod/manual-maintenance-20260926-091315-phtnw/maintenance] 	at org.apache.spark.sql.catalyst.QueryPlanningTracker.measurePhase(QueryPlanningTracker.scala:148)
execute	Execute Action	2026-09-26T09:28:24.8415358Z [pod/manual-maintenance-20260926-091315-phtnw/maintenance] 	at org.apache.spark.sql.execution.QueryExecution.$anonfun$executePhase$2(QueryExecution.scala:278)
execute	Execute Action	2026-09-26T09:28:24.8417355Z [pod/manual-maintenance-20260926-091315-phtnw/maintenance] 	at org.apache.spark.sql.execution.QueryExecution$.withInternalError(QueryExecution.scala:654)
execute	Execute Action	2026-09-26T09:28:24.8419157Z [pod/manual-maintenance-20260926-091315-phtnw/maintenance] 	at org.apache.spark.sql.execution.QueryExecution.$anonfun$executePhase$1(QueryExecution.scala:278)
execute	Execute Action	2026-09-26T09:28:24.8420854Z [pod/manual-maintenance-20260926-091315-phtnw/maintenance] 	at org.apache.spark.sql.SparkSession.withActive(SparkSession.scala:804)
execute	Execute Action	2026-09-26T09:28:24.8422370Z [pod/manual-maintenance-20260926-091315-phtnw/maintenance] 	at org.apache.spark.sql.execution.QueryExecution.executePhase(QueryExecution.scala:277)
execute	Execute Action	2026-09-26T09:28:24.8423635Z [pod/manual-maintenance-20260926-091315-phtnw/maintenance] 	at org.apache.spark.sql.execution.QueryExecution.$anonfun$lazyAnalyzed$1(QueryExecution.scala:110)
execute	Execute Action	2026-09-26T09:28:24.8424670Z [pod/manual-maintenance-20260926-091315-phtnw/maintenance] 	at scala.util.Try$.apply(Try.scala:217)
execute	Execute Action	2026-09-26T09:28:24.8425599Z [pod/manual-maintenance-20260926-091315-phtnw/maintenance] 	at org.apache.spark.util.Utils$.doTryWithCallerStacktrace(Utils.scala:1378)
execute	Execute Action	2026-09-26T09:28:24.8426673Z [pod/manual-maintenance-20260926-091315-phtnw/maintenance] 	at org.apache.spark.util.LazyTry.tryT$lzycompute(LazyTry.scala:46)
execute	Execute Action	2026-09-26T09:28:24.8427616Z [pod/manual-maintenance-20260926-091315-phtnw/maintenance] 	at org.apache.spark.util.LazyTry.tryT(LazyTry.scala:46)
execute	Execute Action	2026-09-26T09:28:24.8428509Z [pod/manual-maintenance-20260926-091315-phtnw/maintenance] 	at org.apache.spark.util.LazyTry.get(LazyTry.scala:58)
execute	Execute Action	2026-09-26T09:28:24.8429525Z [pod/manual-maintenance-20260926-091315-phtnw/maintenance] 	at org.apache.spark.sql.execution.QueryExecution.analyzed(QueryExecution.scala:121)
execute	Execute Action	2026-09-26T09:28:24.8430675Z [pod/manual-maintenance-20260926-091315-phtnw/maintenance] 	at org.apache.spark.sql.execution.QueryExecution.assertAnalyzed(QueryExecution.scala:80)
execute	Execute Action	2026-09-26T09:28:24.8432238Z [pod/manual-maintenance-20260926-091315-phtnw/maintenance] 	at org.apache.spark.sql.classic.Dataset$.$anonfun$ofRows$5(Dataset.scala:139)
execute	Execute Action	2026-09-26T09:28:24.8433280Z [pod/manual-maintenance-20260926-091315-phtnw/maintenance] 	at org.apache.spark.sql.SparkSession.withActive(SparkSession.scala:804)
execute	Execute Action	2026-09-26T09:28:24.8434283Z [pod/manual-maintenance-20260926-091315-phtnw/maintenance] 	at org.apache.spark.sql.classic.Dataset$.ofRows(Dataset.scala:136)
execute	Execute Action	2026-09-26T09:28:24.8435316Z [pod/manual-maintenance-20260926-091315-phtnw/maintenance] 	at org.apache.spark.sql.classic.SparkSession.$anonfun$sql$1(SparkSession.scala:462)
execute	Execute Action	2026-09-26T09:28:24.8436376Z [pod/manual-maintenance-20260926-091315-phtnw/maintenance] 	at org.apache.spark.sql.SparkSession.withActive(SparkSession.scala:804)
execute	Execute Action	2026-09-26T09:28:24.8437394Z [pod/manual-maintenance-20260926-091315-phtnw/maintenance] 	at org.apache.spark.sql.classic.SparkSession.sql(SparkSession.scala:449)
execute	Execute Action	2026-09-26T09:28:24.8438417Z [pod/manual-maintenance-20260926-091315-phtnw/maintenance] 	at org.apache.spark.sql.classic.SparkSession.sql(SparkSession.scala:467)
execute	Execute Action	2026-09-26T09:28:24.8439433Z [pod/manual-maintenance-20260926-091315-phtnw/maintenance] 	at jdk.internal.reflect.GeneratedMethodAccessor93.invoke(Unknown Source)
execute	Execute Action	2026-09-26T09:28:24.8440625Z [pod/manual-maintenance-20260926-091315-phtnw/maintenance] 	at java.base/jdk.internal.reflect.DelegatingMethodAccessorImpl.invoke(DelegatingMethodAccessorImpl.java:43)
execute	Execute Action	2026-09-26T09:28:24.8442004Z [pod/manual-maintenance-20260926-091315-phtnw/maintenance] 	at java.base/java.lang.reflect.Method.invoke(Method.java:569)
execute	Execute Action	2026-09-26T09:28:24.8442971Z [pod/manual-maintenance-20260926-091315-phtnw/maintenance] 	at py4j.reflection.MethodInvoker.invoke(MethodInvoker.java:244)
execute	Execute Action	2026-09-26T09:28:24.8444000Z [pod/manual-maintenance-20260926-091315-phtnw/maintenance] 	at py4j.reflection.ReflectionEngine.invoke(ReflectionEngine.java:374)
execute	Execute Action	2026-09-26T09:28:24.8445604Z [pod/manual-maintenance-20260926-091315-phtnw/maintenance] 	at py4j.Gateway.invoke(Gateway.java:282)
execute	Execute Action	2026-09-26T09:28:24.8447022Z [pod/manual-maintenance-20260926-091315-phtnw/maintenance] 	at py4j.commands.AbstractCommand.invokeMethod(AbstractCommand.java:132)
execute	Execute Action	2026-09-26T09:28:24.8447588Z [pod/manual-maintenance-20260926-091315-phtnw/maintenance] 	at py4j.commands.CallCommand.execute(CallCommand.java:79)
execute	Execute Action	2026-09-26T09:28:24.8448110Z [pod/manual-maintenance-20260926-091315-phtnw/maintenance] 	at py4j.ClientServerConnection.waitForCommands(ClientServerConnection.java:184)
execute	Execute Action	2026-09-26T09:28:24.8448684Z [pod/manual-maintenance-20260926-091315-phtnw/maintenance] 	at py4j.ClientServerConnection.run(ClientServerConnection.java:108)
execute	Execute Action	2026-09-26T09:28:24.8449086Z [pod/manual-maintenance-20260926-091315-phtnw/maintenance] 	at java.base/java.lang.Thread.run(Thread.java:840)
execute	Execute Action	2026-09-26T09:28:24.8450036Z [pod/manual-maintenance-20260926-091315-phtnw/maintenance] 26/09/26 09:27:45 INFO HttpRequestRetryExec: ex-0000000028 http://rustfs-svc.rustfs.svc.cluster.local:9000 responded with status 500; request will be automatically re-executed in 1029 MILLISECONDS (exec count 2)
execute	Execute Action	2026-09-26T09:28:24.8451903Z [pod/manual-maintenance-20260926-091315-phtnw/maintenance] 26/09/26 09:27:46 INFO HttpRequestRetryExec: ex-0000000028 http://rustfs-svc.rustfs.svc.cluster.local:9000 responded with status 500; request will be automatically re-executed in 2036 MILLISECONDS (exec count 3)
execute	Execute Action	2026-09-26T09:28:24.8453644Z [pod/manual-maintenance-20260926-091315-phtnw/maintenance] 26/09/26 09:27:48 INFO HttpRequestRetryExec: ex-0000000028 http://rustfs-svc.rustfs.svc.cluster.local:9000 responded with status 500; request will be automatically re-executed in 4223 MILLISECONDS (exec count 4)
execute	Execute Action	2026-09-26T09:28:24.8455404Z [pod/manual-maintenance-20260926-091315-phtnw/maintenance] 26/09/26 09:27:52 INFO HttpRequestRetryExec: ex-0000000028 http://rustfs-svc.rustfs.svc.cluster.local:9000 responded with status 500; request will be automatically re-executed in 8270 MILLISECONDS (exec count 5)
execute	Execute Action	2026-09-26T09:28:24.8457370Z [pod/manual-maintenance-20260926-091315-phtnw/maintenance] 26/09/26 09:28:01 INFO HttpRequestRetryExec: ex-0000000028 http://rustfs-svc.rustfs.svc.cluster.local:9000 responded with status 500; request will be automatically re-executed in 17556 MILLISECONDS (exec count 6)
execute	Execute Action	2026-09-26T09:28:24.8458527Z [pod/manual-maintenance-20260926-091315-phtnw/maintenance]     ✗ manifests: An error occurred while calling o68.sql.
execute	Execute Action	2026-09-26T09:28:24.8459757Z [pod/manual-maintenance-20260926-091315-phtnw/maintenance] : org.apache.iceberg.exceptions.ServiceFailureException: Server error: RESTException: persisted table metadata is invalid
execute	Execute Action	2026-09-26T09:28:24.8460530Z [pod/manual-maintenance-20260926-091315-phtnw/maintenance] 	at org.apache.iceberg.rest.ErrorHandlers$DefaultErrorHandler.accept(ErrorHandlers.java:350)
execute	Execute Action	2026-09-26T09:28:24.8461071Z [pod/manual-maintenance-20260926-091315-phtnw/maintenance] 	at org.apache.iceberg.rest.ErrorHandlers$TableErrorHandler.accept(ErrorHandlers.java:160)
execute	Execute Action	2026-09-26T09:28:24.8462103Z [pod/manual-maintenance-20260926-091315-phtnw/maintenance] 	at org.apache.iceberg.rest.ErrorHandlers$TableErrorHandler.accept(ErrorHandlers.java:142)
execute	Execute Action	2026-09-26T09:28:24.8463027Z [pod/manual-maintenance-20260926-091315-phtnw/maintenance] 	at org.apache.iceberg.rest.HTTPClient.throwFailure(HTTPClient.java:242)
execute	Execute Action	2026-09-26T09:28:24.8463917Z [pod/manual-maintenance-20260926-091315-phtnw/maintenance] 	at org.apache.iceberg.rest.HTTPClient.execute(HTTPClient.java:347)
execute	Execute Action	2026-09-26T09:28:24.8464755Z [pod/manual-maintenance-20260926-091315-phtnw/maintenance] 	at org.apache.iceberg.rest.HTTPClient.execute(HTTPClient.java:299)
execute	Execute Action	2026-09-26T09:28:24.8465600Z [pod/manual-maintenance-20260926-091315-phtnw/maintenance] 	at org.apache.iceberg.rest.BaseHTTPClient.get(BaseHTTPClient.java:101)
execute	Execute Action	2026-09-26T09:28:24.8466601Z [pod/manual-maintenance-20260926-091315-phtnw/maintenance] 	at org.apache.iceberg.rest.RESTSessionCatalog.loadInternal(RESTSessionCatalog.java:438)
execute	Execute Action	2026-09-26T09:28:24.8467718Z [pod/manual-maintenance-20260926-091315-phtnw/maintenance] 	at org.apache.iceberg.rest.RESTSessionCatalog.loadTable(RESTSessionCatalog.java:468)
execute	Execute Action	2026-09-26T09:28:24.8468682Z [pod/manual-maintenance-20260926-091315-phtnw/maintenance] 	at org.apache.iceberg.catalog.BaseSessionCatalog$AsCatalog.loadTable(BaseSessionCatalog.java:105)
execute	Execute Action	2026-09-26T09:28:24.8469482Z [pod/manual-maintenance-20260926-091315-phtnw/maintenance] 	at org.apache.iceberg.rest.RESTCatalog.loadTable(RESTCatalog.java:124)
execute	Execute Action	2026-09-26T09:28:24.8470938Z [pod/manual-maintenance-20260926-091315-phtnw/maintenance] 	at org.apache.iceberg.shaded.com.github.benmanes.caffeine.cache.BoundedLocalCache.lambda$doComputeIfAbsent$14(BoundedLocalCache.java:2406)
execute	Execute Action	2026-09-26T09:28:24.8472131Z [pod/manual-maintenance-20260926-091315-phtnw/maintenance] 	at java.base/java.util.concurrent.ConcurrentHashMap.compute(ConcurrentHashMap.java:1916)
execute	Execute Action	2026-09-26T09:28:24.8473434Z [pod/manual-maintenance-20260926-091315-phtnw/maintenance] 	at org.apache.iceberg.shaded.com.github.benmanes.caffeine.cache.BoundedLocalCache.doComputeIfAbsent(BoundedLocalCache.java:2404)
execute	Execute Action	2026-09-26T09:28:24.8474771Z [pod/manual-maintenance-20260926-091315-phtnw/maintenance] 	at org.apache.iceberg.shaded.com.github.benmanes.caffeine.cache.BoundedLocalCache.computeIfAbsent(BoundedLocalCache.java:2387)
execute	Execute Action	2026-09-26T09:28:24.8476010Z [pod/manual-maintenance-20260926-091315-phtnw/maintenance] 	at org.apache.iceberg.shaded.com.github.benmanes.caffeine.cache.LocalCache.computeIfAbsent(LocalCache.java:108)
execute	Execute Action	2026-09-26T09:28:24.8477488Z [pod/manual-maintenance-20260926-091315-phtnw/maintenance] 	at org.apache.iceberg.shaded.com.github.benmanes.caffeine.cache.LocalManualCache.get(LocalManualCache.java:62)
execute	Execute Action	2026-09-26T09:28:24.8478351Z [pod/manual-maintenance-20260926-091315-phtnw/maintenance] 	at org.apache.iceberg.CachingCatalog.loadTable(CachingCatalog.java:147)
execute	Execute Action	2026-09-26T09:28:24.8478906Z [pod/manual-maintenance-20260926-091315-phtnw/maintenance] 	at org.apache.iceberg.spark.SparkCatalog.load(SparkCatalog.java:867)
execute	Execute Action	2026-09-26T09:28:24.8479603Z [pod/manual-maintenance-20260926-091315-phtnw/maintenance] 	at org.apache.iceberg.spark.SparkCatalog.loadTable(SparkCatalog.java:171)
execute	Execute Action	2026-09-26T09:28:24.8480178Z [pod/manual-maintenance-20260926-091315-phtnw/maintenance] 	at org.apache.iceberg.spark.procedures.BaseProcedure.loadSparkTable(BaseProcedure.java:168)
execute	Execute Action	2026-09-26T09:28:24.8480700Z [pod/manual-maintenance-20260926-091315-phtnw/maintenance] 	at org.apache.iceberg.spark.procedures.BaseProcedure.execute(BaseProcedure.java:129)
execute	Execute Action	2026-09-26T09:28:24.8481281Z [pod/manual-maintenance-20260926-091315-phtnw/maintenance] 	at org.apache.iceberg.spark.procedures.BaseProcedure.modifyIcebergTable(BaseProcedure.java:113)
execute	Execute Action	2026-09-26T09:28:24.8482203Z [pod/manual-maintenance-20260926-091315-phtnw/maintenance] 	at org.apache.iceberg.spark.procedures.RewriteManifestsProcedure.call(RewriteManifestsProcedure.java:100)
execute	Execute Action	2026-09-26T09:28:24.8482985Z [pod/manual-maintenance-20260926-091315-phtnw/maintenance] 	at org.apache.spark.sql.catalyst.analysis.InvokeProcedures.org$apache$spark$sql$catalyst$analysis$InvokeProcedures$$invoke(InvokeProcedures.scala:48)
execute	Execute Action	2026-09-26T09:28:24.8483631Z [pod/manual-maintenance-20260926-091315-phtnw/maintenance] 	at org.apache.spark.sql.catalyst.analysis.InvokeProcedures$$anonfun$apply$1.applyOrElse(InvokeProcedures.scala:40)
execute	Execute Action	2026-09-26T09:28:24.8484259Z [pod/manual-maintenance-20260926-091315-phtnw/maintenance] 	at org.apache.spark.sql.catalyst.analysis.InvokeProcedures$$anonfun$apply$1.applyOrElse(InvokeProcedures.scala:36)
execute	Execute Action	2026-09-26T09:28:24.8484966Z [pod/manual-maintenance-20260926-091315-phtnw/maintenance] 	at org.apache.spark.sql.catalyst.plans.logical.AnalysisHelper.$anonfun$resolveOperatorsDownWithPruning$2(AnalysisHelper.scala:200)
execute	Execute Action	2026-09-26T09:28:24.8485467Z [pod/manual-maintenance-20260926-091315-phtnw/maintenance] 	at org.apache.spark.sql.catalyst.trees.CurrentOrigin$.withOrigin(origin.scala:86)
execute	Execute Action	2026-09-26T09:28:24.8486173Z [pod/manual-maintenance-20260926-091315-phtnw/maintenance] 	at org.apache.spark.sql.catalyst.plans.logical.AnalysisHelper.$anonfun$resolveOperatorsDownWithPruning$1(AnalysisHelper.scala:200)
execute	Execute Action	2026-09-26T09:28:24.8486986Z [pod/manual-maintenance-20260926-091315-phtnw/maintenance] 	at org.apache.spark.sql.catalyst.plans.logical.AnalysisHelper$.allowInvokingTransformsInAnalyzer(AnalysisHelper.scala:416)
execute	Execute Action	2026-09-26T09:28:24.8487699Z [pod/manual-maintenance-20260926-091315-phtnw/maintenance] 	at org.apache.spark.sql.catalyst.plans.logical.AnalysisHelper.resolveOperatorsDownWithPruning(AnalysisHelper.scala:198)
execute	Execute Action	2026-09-26T09:28:24.8488396Z [pod/manual-maintenance-20260926-091315-phtnw/maintenance] 	at org.apache.spark.sql.catalyst.plans.logical.AnalysisHelper.resolveOperatorsDownWithPruning$(AnalysisHelper.scala:194)
execute	Execute Action	2026-09-26T09:28:24.8489054Z [pod/manual-maintenance-20260926-091315-phtnw/maintenance] 	at org.apache.spark.sql.catalyst.plans.logical.LogicalPlan.resolveOperatorsDownWithPruning(LogicalPlan.scala:37)
execute	Execute Action	2026-09-26T09:28:24.8489735Z [pod/manual-maintenance-20260926-091315-phtnw/maintenance] 	at org.apache.spark.sql.catalyst.plans.logical.AnalysisHelper.resolveOperatorsWithPruning(AnalysisHelper.scala:100)
execute	Execute Action	2026-09-26T09:28:24.8490409Z [pod/manual-maintenance-20260926-091315-phtnw/maintenance] 	at org.apache.spark.sql.catalyst.plans.logical.AnalysisHelper.resolveOperatorsWithPruning$(AnalysisHelper.scala:97)
execute	Execute Action	2026-09-26T09:28:24.8491056Z [pod/manual-maintenance-20260926-091315-phtnw/maintenance] 	at org.apache.spark.sql.catalyst.plans.logical.LogicalPlan.resolveOperatorsWithPruning(LogicalPlan.scala:37)
execute	Execute Action	2026-09-26T09:28:24.8491944Z [pod/manual-maintenance-20260926-091315-phtnw/maintenance] 	at org.apache.spark.sql.catalyst.plans.logical.AnalysisHelper.resolveOperators(AnalysisHelper.scala:77)
execute	Execute Action	2026-09-26T09:28:24.8492566Z [pod/manual-maintenance-20260926-091315-phtnw/maintenance] 	at org.apache.spark.sql.catalyst.plans.logical.AnalysisHelper.resolveOperators$(AnalysisHelper.scala:76)
execute	Execute Action	2026-09-26T09:28:24.8493287Z [pod/manual-maintenance-20260926-091315-phtnw/maintenance] 	at org.apache.spark.sql.catalyst.plans.logical.LogicalPlan.resolveOperators(LogicalPlan.scala:37)
execute	Execute Action	2026-09-26T09:28:24.8493844Z [pod/manual-maintenance-20260926-091315-phtnw/maintenance] 	at org.apache.spark.sql.catalyst.analysis.InvokeProcedures.apply(InvokeProcedures.scala:36)
execute	Execute Action	2026-09-26T09:28:24.8494391Z [pod/manual-maintenance-20260926-091315-phtnw/maintenance] 	at org.apache.spark.sql.catalyst.analysis.InvokeProcedures.apply(InvokeProcedures.scala:34)
execute	Execute Action	2026-09-26T09:28:24.8495106Z [pod/manual-maintenance-20260926-091315-phtnw/maintenance] 	at org.apache.spark.sql.catalyst.rules.RuleExecutor.$anonfun$execute$2(RuleExecutor.scala:242)
execute	Execute Action	2026-09-26T09:28:24.8495552Z [pod/manual-maintenance-20260926-091315-phtnw/maintenance] 	at scala.collection.LinearSeqOps.foldLeft(LinearSeq.scala:183)
execute	Execute Action	2026-09-26T09:28:24.8496126Z [pod/manual-maintenance-20260926-091315-phtnw/maintenance] 	at scala.collection.LinearSeqOps.foldLeft$(LinearSeq.scala:179)
execute	Execute Action	2026-09-26T09:28:24.8496562Z [pod/manual-maintenance-20260926-091315-phtnw/maintenance] 	at scala.collection.immutable.List.foldLeft(List.scala:79)
execute	Execute Action	2026-09-26T09:28:24.8497117Z [pod/manual-maintenance-20260926-091315-phtnw/maintenance] 	at org.apache.spark.sql.catalyst.rules.RuleExecutor.$anonfun$execute$1(RuleExecutor.scala:239)
execute	Execute Action	2026-09-26T09:28:24.8497692Z [pod/manual-maintenance-20260926-091315-phtnw/maintenance] 	at org.apache.spark.sql.catalyst.rules.RuleExecutor.$anonfun$execute$1$adapted(RuleExecutor.scala:231)
execute	Execute Action	2026-09-26T09:28:24.8498108Z [pod/manual-maintenance-20260926-091315-phtnw/maintenance] 	at scala.collection.immutable.List.foreach(List.scala:334)
execute	Execute Action	2026-09-26T09:28:24.8498627Z [pod/manual-maintenance-20260926-091315-phtnw/maintenance] 	at org.apache.spark.sql.catalyst.rules.RuleExecutor.execute(RuleExecutor.scala:231)
execute	Execute Action	2026-09-26T09:28:24.8499357Z [pod/manual-maintenance-20260926-091315-phtnw/maintenance] 	at org.apache.spark.sql.catalyst.analysis.Analyzer.org$apache$spark$sql$catalyst$analysis$Analyzer$$executeSameContext(Analyzer.scala:340)
execute	Execute Action	2026-09-26T09:28:24.8500031Z [pod/manual-maintenance-20260926-091315-phtnw/maintenance] 	at org.apache.spark.sql.catalyst.analysis.Analyzer.$anonfun$execute$1(Analyzer.scala:336)
execute	Execute Action	2026-09-26T09:28:24.8500611Z [pod/manual-maintenance-20260926-091315-phtnw/maintenance] 	at org.apache.spark.sql.catalyst.analysis.AnalysisContext$.withNewAnalysisContext(Analyzer.scala:234)
execute	Execute Action	2026-09-26T09:28:24.8501109Z [pod/manual-maintenance-20260926-091315-phtnw/maintenance] 	at org.apache.spark.sql.catalyst.analysis.Analyzer.execute(Analyzer.scala:336)
execute	Execute Action	2026-09-26T09:28:24.8501958Z [pod/manual-maintenance-20260926-091315-phtnw/maintenance] 	at org.apache.spark.sql.catalyst.analysis.Analyzer.execute(Analyzer.scala:299)
execute	Execute Action	2026-09-26T09:28:24.8502562Z [pod/manual-maintenance-20260926-091315-phtnw/maintenance] 	at org.apache.spark.sql.catalyst.rules.RuleExecutor.$anonfun$executeAndTrack$1(RuleExecutor.scala:201)
execute	Execute Action	2026-09-26T09:28:24.8503136Z [pod/manual-maintenance-20260926-091315-phtnw/maintenance] 	at org.apache.spark.sql.catalyst.QueryPlanningTracker$.withTracker(QueryPlanningTracker.scala:89)
execute	Execute Action	2026-09-26T09:28:24.8503699Z [pod/manual-maintenance-20260926-091315-phtnw/maintenance] 	at org.apache.spark.sql.catalyst.rules.RuleExecutor.executeAndTrack(RuleExecutor.scala:201)
execute	Execute Action	2026-09-26T09:28:24.8504356Z [pod/manual-maintenance-20260926-091315-phtnw/maintenance] 	at org.apache.spark.sql.catalyst.analysis.resolver.HybridAnalyzer.resolveInFixedPoint(HybridAnalyzer.scala:190)
execute	Execute Action	2026-09-26T09:28:24.8504964Z [pod/manual-maintenance-20260926-091315-phtnw/maintenance] 	at org.apache.spark.sql.catalyst.analysis.resolver.HybridAnalyzer.$anonfun$apply$1(HybridAnalyzer.scala:76)
execute	Execute Action	2026-09-26T09:28:24.8505676Z [pod/manual-maintenance-20260926-091315-phtnw/maintenance] 	at org.apache.spark.sql.catalyst.analysis.resolver.HybridAnalyzer.withTrackedAnalyzerBridgeState(HybridAnalyzer.scala:111)
execute	Execute Action	2026-09-26T09:28:24.8506251Z [pod/manual-maintenance-20260926-091315-phtnw/maintenance] 	at org.apache.spark.sql.catalyst.analysis.resolver.HybridAnalyzer.apply(HybridAnalyzer.scala:71)
execute	Execute Action	2026-09-26T09:28:24.8506943Z [pod/manual-maintenance-20260926-091315-phtnw/maintenance] 	at org.apache.spark.sql.catalyst.analysis.Analyzer.$anonfun$executeAndCheck$1(Analyzer.scala:330)
execute	Execute Action	2026-09-26T09:28:24.8507541Z [pod/manual-maintenance-20260926-091315-phtnw/maintenance] 	at org.apache.spark.sql.catalyst.plans.logical.AnalysisHelper$.markInAnalyzer(AnalysisHelper.scala:423)
execute	Execute Action	2026-09-26T09:28:24.8508070Z [pod/manual-maintenance-20260926-091315-phtnw/maintenance] 	at org.apache.spark.sql.catalyst.analysis.Analyzer.executeAndCheck(Analyzer.scala:330)
execute	Execute Action	2026-09-26T09:28:24.8508637Z [pod/manual-maintenance-20260926-091315-phtnw/maintenance] 	at org.apache.spark.sql.execution.QueryExecution.$anonfun$lazyAnalyzed$2(QueryExecution.scala:110)
execute	Execute Action	2026-09-26T09:28:24.8509227Z [pod/manual-maintenance-20260926-091315-phtnw/maintenance] 	at org.apache.spark.sql.catalyst.QueryPlanningTracker.measurePhase(QueryPlanningTracker.scala:148)
execute	Execute Action	2026-09-26T09:28:24.8509797Z [pod/manual-maintenance-20260926-091315-phtnw/maintenance] 	at org.apache.spark.sql.execution.QueryExecution.$anonfun$executePhase$2(QueryExecution.scala:278)
execute	Execute Action	2026-09-26T09:28:24.8510354Z [pod/manual-maintenance-20260926-091315-phtnw/maintenance] 	at org.apache.spark.sql.execution.QueryExecution$.withInternalError(QueryExecution.scala:654)
execute	Execute Action	2026-09-26T09:28:24.8510909Z [pod/manual-maintenance-20260926-091315-phtnw/maintenance] 	at org.apache.spark.sql.execution.QueryExecution.$anonfun$executePhase$1(QueryExecution.scala:278)
execute	Execute Action	2026-09-26T09:28:24.8511652Z [pod/manual-maintenance-20260926-091315-phtnw/maintenance] 	at org.apache.spark.sql.SparkSession.withActive(SparkSession.scala:804)
execute	Execute Action	2026-09-26T09:28:24.8512212Z [pod/manual-maintenance-20260926-091315-phtnw/maintenance] 	at org.apache.spark.sql.execution.QueryExecution.executePhase(QueryExecution.scala:277)
execute	Execute Action	2026-09-26T09:28:24.8512782Z [pod/manual-maintenance-20260926-091315-phtnw/maintenance] 	at org.apache.spark.sql.execution.QueryExecution.$anonfun$lazyAnalyzed$1(QueryExecution.scala:110)
execute	Execute Action	2026-09-26T09:28:24.8513267Z [pod/manual-maintenance-20260926-091315-phtnw/maintenance] 	at scala.util.Try$.apply(Try.scala:217)
execute	Execute Action	2026-09-26T09:28:24.8513747Z [pod/manual-maintenance-20260926-091315-phtnw/maintenance] 	at org.apache.spark.util.Utils$.doTryWithCallerStacktrace(Utils.scala:1378)
execute	Execute Action	2026-09-26T09:28:24.8514222Z [pod/manual-maintenance-20260926-091315-phtnw/maintenance] 	at org.apache.spark.util.Utils$.getTryWithCallerStacktrace(Utils.scala:1439)
execute	Execute Action	2026-09-26T09:28:24.8514619Z [pod/manual-maintenance-20260926-091315-phtnw/maintenance] 	at org.apache.spark.util.LazyTry.get(LazyTry.scala:58)
execute	Execute Action	2026-09-26T09:28:24.8515142Z [pod/manual-maintenance-20260926-091315-phtnw/maintenance] 	at org.apache.spark.sql.execution.QueryExecution.analyzed(QueryExecution.scala:121)
execute	Execute Action	2026-09-26T09:28:24.8515681Z [pod/manual-maintenance-20260926-091315-phtnw/maintenance] 	at org.apache.spark.sql.execution.QueryExecution.assertAnalyzed(QueryExecution.scala:80)
execute	Execute Action	2026-09-26T09:28:24.8516161Z [pod/manual-maintenance-20260926-091315-phtnw/maintenance] 	at org.apache.spark.sql.classic.Dataset$.$anonfun$ofRows$5(Dataset.scala:139)
execute	Execute Action	2026-09-26T09:28:24.8516628Z [pod/manual-maintenance-20260926-091315-phtnw/maintenance] 	at org.apache.spark.sql.SparkSession.withActive(SparkSession.scala:804)
execute	Execute Action	2026-09-26T09:28:24.8517070Z [pod/manual-maintenance-20260926-091315-phtnw/maintenance] 	at org.apache.spark.sql.classic.Dataset$.ofRows(Dataset.scala:136)
execute	Execute Action	2026-09-26T09:28:24.8517583Z [pod/manual-maintenance-20260926-091315-phtnw/maintenance] 	at org.apache.spark.sql.classic.SparkSession.$anonfun$sql$1(SparkSession.scala:462)
execute	Execute Action	2026-09-26T09:28:24.8518042Z [pod/manual-maintenance-20260926-091315-phtnw/maintenance] 	at org.apache.spark.sql.SparkSession.withActive(SparkSession.scala:804)
execute	Execute Action	2026-09-26T09:28:24.8518511Z [pod/manual-maintenance-20260926-091315-phtnw/maintenance] 	at org.apache.spark.sql.classic.SparkSession.sql(SparkSession.scala:449)
execute	Execute Action	2026-09-26T09:28:24.8518970Z [pod/manual-maintenance-20260926-091315-phtnw/maintenance] 	at org.apache.spark.sql.classic.SparkSession.sql(SparkSession.scala:467)
execute	Execute Action	2026-09-26T09:28:24.8519611Z [pod/manual-maintenance-20260926-091315-phtnw/maintenance] 	at jdk.internal.reflect.GeneratedMethodAccessor93.invoke(Unknown Source)
execute	Execute Action	2026-09-26T09:28:24.8520236Z [pod/manual-maintenance-20260926-091315-phtnw/maintenance] 	at java.base/jdk.internal.reflect.DelegatingMethodAccessorImpl.invoke(DelegatingMethodAccessorImpl.java:43)
execute	Execute Action	2026-09-26T09:28:24.8520660Z [pod/manual-maintenance-20260926-091315-phtnw/maintenance] 	at java.base/java.lang.reflect.Method.invoke(Method.java:569)
execute	Execute Action	2026-09-26T09:28:24.8521098Z [pod/manual-maintenance-20260926-091315-phtnw/maintenance] 	at py4j.reflection.MethodInvoker.invoke(MethodInvoker.java:244)
execute	Execute Action	2026-09-26T09:28:24.8521942Z [pod/manual-maintenance-20260926-091315-phtnw/maintenance] 	at py4j.reflection.ReflectionEngine.invoke(ReflectionEngine.java:374)
execute	Execute Action	2026-09-26T09:28:24.8522377Z [pod/manual-maintenance-20260926-091315-phtnw/maintenance] 	at py4j.Gateway.invoke(Gateway.java:282)
execute	Execute Action	2026-09-26T09:28:24.8522853Z [pod/manual-maintenance-20260926-091315-phtnw/maintenance] 	at py4j.commands.AbstractCommand.invokeMethod(AbstractCommand.java:132)
execute	Execute Action	2026-09-26T09:28:24.8523271Z [pod/manual-maintenance-20260926-091315-phtnw/maintenance] 	at py4j.commands.CallCommand.execute(CallCommand.java:79)
execute	Execute Action	2026-09-26T09:28:24.8523778Z [pod/manual-maintenance-20260926-091315-phtnw/maintenance] 	at py4j.ClientServerConnection.waitForCommands(ClientServerConnection.java:184)
execute	Execute Action	2026-09-26T09:28:24.8524230Z [pod/manual-maintenance-20260926-091315-phtnw/maintenance] 	at py4j.ClientServerConnection.run(ClientServerConnection.java:108)
execute	Execute Action	2026-09-26T09:28:24.8524614Z [pod/manual-maintenance-20260926-091315-phtnw/maintenance] 	at java.base/java.lang.Thread.run(Thread.java:840)
execute	Execute Action	2026-09-26T09:28:24.8525311Z [pod/manual-maintenance-20260926-091315-phtnw/maintenance] 	Suppressed: org.apache.spark.util.Utils$OriginalTryStackTraceException: Full stacktrace of original doTryWithCallerStacktrace caller
execute	Execute Action	2026-09-26T09:28:24.8525862Z [pod/manual-maintenance-20260926-091315-phtnw/maintenance] 		at org.apache.iceberg.rest.ErrorHandlers$DefaultErrorHandler.accept(ErrorHandlers.java:350)
execute	Execute Action	2026-09-26T09:28:24.8526537Z [pod/manual-maintenance-20260926-091315-phtnw/maintenance] 		at org.apache.iceberg.rest.ErrorHandlers$TableErrorHandler.accept(ErrorHandlers.java:160)
execute	Execute Action	2026-09-26T09:28:24.8527070Z [pod/manual-maintenance-20260926-091315-phtnw/maintenance] 		at org.apache.iceberg.rest.ErrorHandlers$TableErrorHandler.accept(ErrorHandlers.java:142)
execute	Execute Action	2026-09-26T09:28:24.8527537Z [pod/manual-maintenance-20260926-091315-phtnw/maintenance] 		at org.apache.iceberg.rest.HTTPClient.throwFailure(HTTPClient.java:242)
execute	Execute Action	2026-09-26T09:28:24.8527985Z [pod/manual-maintenance-20260926-091315-phtnw/maintenance] 		at org.apache.iceberg.rest.HTTPClient.execute(HTTPClient.java:347)
execute	Execute Action	2026-09-26T09:28:24.8528428Z [pod/manual-maintenance-20260926-091315-phtnw/maintenance] 		at org.apache.iceberg.rest.HTTPClient.execute(HTTPClient.java:299)
execute	Execute Action	2026-09-26T09:28:24.8528892Z [pod/manual-maintenance-20260926-091315-phtnw/maintenance] 		at org.apache.iceberg.rest.BaseHTTPClient.get(BaseHTTPClient.java:101)
execute	Execute Action	2026-09-26T09:28:24.8529434Z [pod/manual-maintenance-20260926-091315-phtnw/maintenance] 		at org.apache.iceberg.rest.RESTSessionCatalog.loadInternal(RESTSessionCatalog.java:438)
execute	Execute Action	2026-09-26T09:28:24.8529949Z [pod/manual-maintenance-20260926-091315-phtnw/maintenance] 		at org.apache.iceberg.rest.RESTSessionCatalog.loadTable(RESTSessionCatalog.java:468)
execute	Execute Action	2026-09-26T09:28:24.8530523Z [pod/manual-maintenance-20260926-091315-phtnw/maintenance] 		at org.apache.iceberg.catalog.BaseSessionCatalog$AsCatalog.loadTable(BaseSessionCatalog.java:105)
execute	Execute Action	2026-09-26T09:28:24.8530980Z [pod/manual-maintenance-20260926-091315-phtnw/maintenance] 		at org.apache.iceberg.rest.RESTCatalog.loadTable(RESTCatalog.java:124)
execute	Execute Action	2026-09-26T09:28:24.8532007Z [pod/manual-maintenance-20260926-091315-phtnw/maintenance] 		at org.apache.iceberg.shaded.com.github.benmanes.caffeine.cache.BoundedLocalCache.lambda$doComputeIfAbsent$14(BoundedLocalCache.java:2406)
execute	Execute Action	2026-09-26T09:28:24.8532691Z [pod/manual-maintenance-20260926-091315-phtnw/maintenance] 		at java.base/java.util.concurrent.ConcurrentHashMap.compute(ConcurrentHashMap.java:1916)
execute	Execute Action	2026-09-26T09:28:24.8533433Z [pod/manual-maintenance-20260926-091315-phtnw/maintenance] 		at org.apache.iceberg.shaded.com.github.benmanes.caffeine.cache.BoundedLocalCache.doComputeIfAbsent(BoundedLocalCache.java:2404)
execute	Execute Action	2026-09-26T09:28:24.8534185Z [pod/manual-maintenance-20260926-091315-phtnw/maintenance] 		at org.apache.iceberg.shaded.com.github.benmanes.caffeine.cache.BoundedLocalCache.computeIfAbsent(BoundedLocalCache.java:2387)
execute	Execute Action	2026-09-26T09:28:24.8534862Z [pod/manual-maintenance-20260926-091315-phtnw/maintenance] 		at org.apache.iceberg.shaded.com.github.benmanes.caffeine.cache.LocalCache.computeIfAbsent(LocalCache.java:108)
execute	Execute Action	2026-09-26T09:28:24.8535522Z [pod/manual-maintenance-20260926-091315-phtnw/maintenance] 		at org.apache.iceberg.shaded.com.github.benmanes.caffeine.cache.LocalManualCache.get(LocalManualCache.java:62)
execute	Execute Action	2026-09-26T09:28:24.8536005Z [pod/manual-maintenance-20260926-091315-phtnw/maintenance] 		at org.apache.iceberg.CachingCatalog.loadTable(CachingCatalog.java:147)
execute	Execute Action	2026-09-26T09:28:24.8536456Z [pod/manual-maintenance-20260926-091315-phtnw/maintenance] 		at org.apache.iceberg.spark.SparkCatalog.load(SparkCatalog.java:867)
execute	Execute Action	2026-09-26T09:28:24.8536934Z [pod/manual-maintenance-20260926-091315-phtnw/maintenance] 		at org.apache.iceberg.spark.SparkCatalog.loadTable(SparkCatalog.java:171)
execute	Execute Action	2026-09-26T09:28:24.8537504Z [pod/manual-maintenance-20260926-091315-phtnw/maintenance] 		at org.apache.iceberg.spark.procedures.BaseProcedure.loadSparkTable(BaseProcedure.java:168)
execute	Execute Action	2026-09-26T09:28:24.8538032Z [pod/manual-maintenance-20260926-091315-phtnw/maintenance] 		at org.apache.iceberg.spark.procedures.BaseProcedure.execute(BaseProcedure.java:129)
execute	Execute Action	2026-09-26T09:28:24.8538607Z [pod/manual-maintenance-20260926-091315-phtnw/maintenance] 		at org.apache.iceberg.spark.procedures.BaseProcedure.modifyIcebergTable(BaseProcedure.java:113)
execute	Execute Action	2026-09-26T09:28:24.8539353Z [pod/manual-maintenance-20260926-091315-phtnw/maintenance] 		at org.apache.iceberg.spark.procedures.RewriteManifestsProcedure.call(RewriteManifestsProcedure.java:100)
execute	Execute Action	2026-09-26T09:28:24.8540119Z [pod/manual-maintenance-20260926-091315-phtnw/maintenance] 		at org.apache.spark.sql.catalyst.analysis.InvokeProcedures.org$apache$spark$sql$catalyst$analysis$InvokeProcedures$$invoke(InvokeProcedures.scala:48)
execute	Execute Action	2026-09-26T09:28:24.8540751Z [pod/manual-maintenance-20260926-091315-phtnw/maintenance] 		at org.apache.spark.sql.catalyst.analysis.InvokeProcedures$$anonfun$apply$1.applyOrElse(InvokeProcedures.scala:40)
execute	Execute Action	2026-09-26T09:28:24.8541608Z [pod/manual-maintenance-20260926-091315-phtnw/maintenance] 		at org.apache.spark.sql.catalyst.analysis.InvokeProcedures$$anonfun$apply$1.applyOrElse(InvokeProcedures.scala:36)
execute	Execute Action	2026-09-26T09:28:24.8542331Z [pod/manual-maintenance-20260926-091315-phtnw/maintenance] 		at org.apache.spark.sql.catalyst.plans.logical.AnalysisHelper.$anonfun$resolveOperatorsDownWithPruning$2(AnalysisHelper.scala:200)
execute	Execute Action	2026-09-26T09:28:24.8542850Z [pod/manual-maintenance-20260926-091315-phtnw/maintenance] 		at org.apache.spark.sql.catalyst.trees.CurrentOrigin$.withOrigin(origin.scala:86)
execute	Execute Action	2026-09-26T09:28:24.8543555Z [pod/manual-maintenance-20260926-091315-phtnw/maintenance] 		at org.apache.spark.sql.catalyst.plans.logical.AnalysisHelper.$anonfun$resolveOperatorsDownWithPruning$1(AnalysisHelper.scala:200)
execute	Execute Action	2026-09-26T09:28:24.8544231Z [pod/manual-maintenance-20260926-091315-phtnw/maintenance] 		at org.apache.spark.sql.catalyst.plans.logical.AnalysisHelper$.allowInvokingTransformsInAnalyzer(AnalysisHelper.scala:416)
execute	Execute Action	2026-09-26T09:28:24.8544931Z [pod/manual-maintenance-20260926-091315-phtnw/maintenance] 		at org.apache.spark.sql.catalyst.plans.logical.AnalysisHelper.resolveOperatorsDownWithPruning(AnalysisHelper.scala:198)
execute	Execute Action	2026-09-26T09:28:24.8545628Z [pod/manual-maintenance-20260926-091315-phtnw/maintenance] 		at org.apache.spark.sql.catalyst.plans.logical.AnalysisHelper.resolveOperatorsDownWithPruning$(AnalysisHelper.scala:194)
execute	Execute Action	2026-09-26T09:28:24.8546425Z [pod/manual-maintenance-20260926-091315-phtnw/maintenance] 		at org.apache.spark.sql.catalyst.plans.logical.LogicalPlan.resolveOperatorsDownWithPruning(LogicalPlan.scala:37)
execute	Execute Action	2026-09-26T09:28:24.8547104Z [pod/manual-maintenance-20260926-091315-phtnw/maintenance] 		at org.apache.spark.sql.catalyst.plans.logical.AnalysisHelper.resolveOperatorsWithPruning(AnalysisHelper.scala:100)
execute	Execute Action	2026-09-26T09:28:24.8547776Z [pod/manual-maintenance-20260926-091315-phtnw/maintenance] 		at org.apache.spark.sql.catalyst.plans.logical.AnalysisHelper.resolveOperatorsWithPruning$(AnalysisHelper.scala:97)
execute	Execute Action	2026-09-26T09:28:24.8548421Z [pod/manual-maintenance-20260926-091315-phtnw/maintenance] 		at org.apache.spark.sql.catalyst.plans.logical.LogicalPlan.resolveOperatorsWithPruning(LogicalPlan.scala:37)
execute	Execute Action	2026-09-26T09:28:24.8549036Z [pod/manual-maintenance-20260926-091315-phtnw/maintenance] 		at org.apache.spark.sql.catalyst.plans.logical.AnalysisHelper.resolveOperators(AnalysisHelper.scala:77)
execute	Execute Action	2026-09-26T09:28:24.8549662Z [pod/manual-maintenance-20260926-091315-phtnw/maintenance] 		at org.apache.spark.sql.catalyst.plans.logical.AnalysisHelper.resolveOperators$(AnalysisHelper.scala:76)
execute	Execute Action	2026-09-26T09:28:24.8550244Z [pod/manual-maintenance-20260926-091315-phtnw/maintenance] 		at org.apache.spark.sql.catalyst.plans.logical.LogicalPlan.resolveOperators(LogicalPlan.scala:37)
execute	Execute Action	2026-09-26T09:28:24.8550799Z [pod/manual-maintenance-20260926-091315-phtnw/maintenance] 		at org.apache.spark.sql.catalyst.analysis.InvokeProcedures.apply(InvokeProcedures.scala:36)
execute	Execute Action	2026-09-26T09:28:24.8551586Z [pod/manual-maintenance-20260926-091315-phtnw/maintenance] 		at org.apache.spark.sql.catalyst.analysis.InvokeProcedures.apply(InvokeProcedures.scala:34)
execute	Execute Action	2026-09-26T09:28:24.8552174Z [pod/manual-maintenance-20260926-091315-phtnw/maintenance] 		at org.apache.spark.sql.catalyst.rules.RuleExecutor.$anonfun$execute$2(RuleExecutor.scala:242)
execute	Execute Action	2026-09-26T09:28:24.8552631Z [pod/manual-maintenance-20260926-091315-phtnw/maintenance] 		at scala.collection.LinearSeqOps.foldLeft(LinearSeq.scala:183)
execute	Execute Action	2026-09-26T09:28:24.8553203Z [pod/manual-maintenance-20260926-091315-phtnw/maintenance] 		at scala.collection.LinearSeqOps.foldLeft$(LinearSeq.scala:179)
execute	Execute Action	2026-09-26T09:28:24.8553627Z [pod/manual-maintenance-20260926-091315-phtnw/maintenance] 		at scala.collection.immutable.List.foldLeft(List.scala:79)
execute	Execute Action	2026-09-26T09:28:24.8554179Z [pod/manual-maintenance-20260926-091315-phtnw/maintenance] 		at org.apache.spark.sql.catalyst.rules.RuleExecutor.$anonfun$execute$1(RuleExecutor.scala:239)
execute	Execute Action	2026-09-26T09:28:24.8554763Z [pod/manual-maintenance-20260926-091315-phtnw/maintenance] 		at org.apache.spark.sql.catalyst.rules.RuleExecutor.$anonfun$execute$1$adapted(RuleExecutor.scala:231)
execute	Execute Action	2026-09-26T09:28:24.8555182Z [pod/manual-maintenance-20260926-091315-phtnw/maintenance] 		at scala.collection.immutable.List.foreach(List.scala:334)
execute	Execute Action	2026-09-26T09:28:24.8555697Z [pod/manual-maintenance-20260926-091315-phtnw/maintenance] 		at org.apache.spark.sql.catalyst.rules.RuleExecutor.execute(RuleExecutor.scala:231)
execute	Execute Action	2026-09-26T09:28:24.8556415Z [pod/manual-maintenance-20260926-091315-phtnw/maintenance] 		at org.apache.spark.sql.catalyst.analysis.Analyzer.org$apache$spark$sql$catalyst$analysis$Analyzer$$executeSameContext(Analyzer.scala:340)
execute	Execute Action	2026-09-26T09:28:24.8556943Z [pod/manual-maintenance-20260926-091315-phtnw/maintenance] 		at org.apache.spark.sql.catalyst.analysis.Analyzer.$anonfun$execute$1(Analyzer.scala:336)
execute	Execute Action	2026-09-26T09:28:24.8557530Z [pod/manual-maintenance-20260926-091315-phtnw/maintenance] 		at org.apache.spark.sql.catalyst.analysis.AnalysisContext$.withNewAnalysisContext(Analyzer.scala:234)
execute	Execute Action	2026-09-26T09:28:24.8558030Z [pod/manual-maintenance-20260926-091315-phtnw/maintenance] 		at org.apache.spark.sql.catalyst.analysis.Analyzer.execute(Analyzer.scala:336)
execute	Execute Action	2026-09-26T09:28:24.8558522Z [pod/manual-maintenance-20260926-091315-phtnw/maintenance] 		at org.apache.spark.sql.catalyst.analysis.Analyzer.execute(Analyzer.scala:299)
execute	Execute Action	2026-09-26T09:28:24.8559221Z [pod/manual-maintenance-20260926-091315-phtnw/maintenance] 		at org.apache.spark.sql.catalyst.rules.RuleExecutor.$anonfun$executeAndTrack$1(RuleExecutor.scala:201)
execute	Execute Action	2026-09-26T09:28:24.8559793Z [pod/manual-maintenance-20260926-091315-phtnw/maintenance] 		at org.apache.spark.sql.catalyst.QueryPlanningTracker$.withTracker(QueryPlanningTracker.scala:89)
execute	Execute Action	2026-09-26T09:28:24.8560349Z [pod/manual-maintenance-20260926-091315-phtnw/maintenance] 		at org.apache.spark.sql.catalyst.rules.RuleExecutor.executeAndTrack(RuleExecutor.scala:201)
execute	Execute Action	2026-09-26T09:28:24.8561003Z [pod/manual-maintenance-20260926-091315-phtnw/maintenance] 		at org.apache.spark.sql.catalyst.analysis.resolver.HybridAnalyzer.resolveInFixedPoint(HybridAnalyzer.scala:190)
execute	Execute Action	2026-09-26T09:28:24.8561870Z [pod/manual-maintenance-20260926-091315-phtnw/maintenance] 		at org.apache.spark.sql.catalyst.analysis.resolver.HybridAnalyzer.$anonfun$apply$1(HybridAnalyzer.scala:76)
execute	Execute Action	2026-09-26T09:28:24.8562605Z [pod/manual-maintenance-20260926-091315-phtnw/maintenance] 		at org.apache.spark.sql.catalyst.analysis.resolver.HybridAnalyzer.withTrackedAnalyzerBridgeState(HybridAnalyzer.scala:111)
execute	Execute Action	2026-09-26T09:28:24.8563190Z [pod/manual-maintenance-20260926-091315-phtnw/maintenance] 		at org.apache.spark.sql.catalyst.analysis.resolver.HybridAnalyzer.apply(HybridAnalyzer.scala:71)
execute	Execute Action	2026-09-26T09:28:24.8563748Z [pod/manual-maintenance-20260926-091315-phtnw/maintenance] 		at org.apache.spark.sql.catalyst.analysis.Analyzer.$anonfun$executeAndCheck$1(Analyzer.scala:330)
execute	Execute Action	2026-09-26T09:28:24.8564341Z [pod/manual-maintenance-20260926-091315-phtnw/maintenance] 		at org.apache.spark.sql.catalyst.plans.logical.AnalysisHelper$.markInAnalyzer(AnalysisHelper.scala:423)
execute	Execute Action	2026-09-26T09:28:24.8564880Z [pod/manual-maintenance-20260926-091315-phtnw/maintenance] 		at org.apache.spark.sql.catalyst.analysis.Analyzer.executeAndCheck(Analyzer.scala:330)
execute	Execute Action	2026-09-26T09:28:24.8565450Z [pod/manual-maintenance-20260926-091315-phtnw/maintenance] 		at org.apache.spark.sql.execution.QueryExecution.$anonfun$lazyAnalyzed$2(QueryExecution.scala:110)
execute	Execute Action	2026-09-26T09:28:24.8566172Z [pod/manual-maintenance-20260926-091315-phtnw/maintenance] 		at org.apache.spark.sql.catalyst.QueryPlanningTracker.measurePhase(QueryPlanningTracker.scala:148)
execute	Execute Action	2026-09-26T09:28:24.8566736Z [pod/manual-maintenance-20260926-091315-phtnw/maintenance] 		at org.apache.spark.sql.execution.QueryExecution.$anonfun$executePhase$2(QueryExecution.scala:278)
execute	Execute Action	2026-09-26T09:28:24.8567280Z [pod/manual-maintenance-20260926-091315-phtnw/maintenance] 		at org.apache.spark.sql.execution.QueryExecution$.withInternalError(QueryExecution.scala:654)
execute	Execute Action	2026-09-26T09:28:24.8567843Z [pod/manual-maintenance-20260926-091315-phtnw/maintenance] 		at org.apache.spark.sql.execution.QueryExecution.$anonfun$executePhase$1(QueryExecution.scala:278)
execute	Execute Action	2026-09-26T09:28:24.8568314Z [pod/manual-maintenance-20260926-091315-phtnw/maintenance] 		at org.apache.spark.sql.SparkSession.withActive(SparkSession.scala:804)
execute	Execute Action	2026-09-26T09:28:24.8568857Z [pod/manual-maintenance-20260926-091315-phtnw/maintenance] 		at org.apache.spark.sql.execution.QueryExecution.executePhase(QueryExecution.scala:277)
execute	Execute Action	2026-09-26T09:28:24.8569431Z [pod/manual-maintenance-20260926-091315-phtnw/maintenance] 		at org.apache.spark.sql.execution.QueryExecution.$anonfun$lazyAnalyzed$1(QueryExecution.scala:110)
execute	Execute Action	2026-09-26T09:28:24.8569778Z [pod/manual-maintenance-20260926-091315-phtnw/maintenance] 		at scala.util.Try$.apply(Try.scala:217)
execute	Execute Action	2026-09-26T09:28:24.8570267Z [pod/manual-maintenance-20260926-091315-phtnw/maintenance] 		at org.apache.spark.util.Utils$.doTryWithCallerStacktrace(Utils.scala:1378)
execute	Execute Action	2026-09-26T09:28:24.8570725Z [pod/manual-maintenance-20260926-091315-phtnw/maintenance] 		at org.apache.spark.util.LazyTry.tryT$lzycompute(LazyTry.scala:46)
execute	Execute Action	2026-09-26T09:28:24.8571137Z [pod/manual-maintenance-20260926-091315-phtnw/maintenance] 		at org.apache.spark.util.LazyTry.tryT(LazyTry.scala:46)
execute	Execute Action	2026-09-26T09:28:24.8571584Z [pod/manual-maintenance-20260926-091315-phtnw/maintenance] 		... 21 more
execute	Execute Action	2026-09-26T09:28:24.8572194Z [pod/manual-maintenance-20260926-091315-phtnw/maintenance] 
execute	Execute Action	2026-09-26T09:28:24.8572546Z [pod/manual-maintenance-20260926-091315-phtnw/maintenance] Traceback (most recent call last):
execute	Execute Action	2026-09-26T09:28:24.8573042Z [pod/manual-maintenance-20260926-091315-phtnw/maintenance]   File "/opt/maintenance/..2026_09_26_09_13_16.786903983/maintenance.py", line 266, in run
execute	Execute Action	2026-09-26T09:28:24.8573286Z [pod/manual-maintenance-20260926-091315-phtnw/maintenance]     step()
execute	Execute Action	2026-09-26T09:28:24.8573784Z [pod/manual-maintenance-20260926-091315-phtnw/maintenance]   File "/opt/maintenance/..2026_09_26_09_13_16.786903983/maintenance.py", line 274, in <lambda>
execute	Execute Action	2026-09-26T09:28:24.8574196Z [pod/manual-maintenance-20260926-091315-phtnw/maintenance]     run("manifests", lambda: rewrite_manifests(spark, table))
execute	Execute Action	2026-09-26T09:28:24.8574721Z [pod/manual-maintenance-20260926-091315-phtnw/maintenance]   File "/opt/maintenance/..2026_09_26_09_13_16.786903983/maintenance.py", line 90, in rewrite_manifests
execute	Execute Action	2026-09-26T09:28:24.8575015Z [pod/manual-maintenance-20260926-091315-phtnw/maintenance]     result = spark.sql(
execute	Execute Action	2026-09-26T09:28:24.8575516Z [pod/manual-maintenance-20260926-091315-phtnw/maintenance]   File "/opt/spark/python/lib/pyspark.zip/pyspark/sql/session.py", line 1810, in sql
execute	Execute Action	2026-09-26T09:28:24.8575958Z [pod/manual-maintenance-20260926-091315-phtnw/maintenance]     return DataFrame(self._jsparkSession.sql(sqlQuery, litArgs), self)
execute	Execute Action	2026-09-26T09:28:24.8576489Z [pod/manual-maintenance-20260926-091315-phtnw/maintenance]   File "/opt/spark/python/lib/py4j-0.10.9.9-src.zip/py4j/java_gateway.py", line 1362, in __call__
execute	Execute Action	2026-09-26T09:28:24.8576820Z [pod/manual-maintenance-20260926-091315-phtnw/maintenance]     return_value = get_return_value(
execute	Execute Action	2026-09-26T09:28:24.8577364Z [pod/manual-maintenance-20260926-091315-phtnw/maintenance]   File "/opt/spark/python/lib/pyspark.zip/pyspark/errors/exceptions/captured.py", line 282, in deco
execute	Execute Action	2026-09-26T09:28:24.8577640Z [pod/manual-maintenance-20260926-091315-phtnw/maintenance]     return f(*a, **kw)
execute	Execute Action	2026-09-26T09:28:24.8578294Z [pod/manual-maintenance-20260926-091315-phtnw/maintenance]   File "/opt/spark/python/lib/py4j-0.10.9.9-src.zip/py4j/protocol.py", line 327, in get_return_value
execute	Execute Action	2026-09-26T09:28:24.8578580Z [pod/manual-maintenance-20260926-091315-phtnw/maintenance]     raise Py4JJavaError(
execute	Execute Action	2026-09-26T09:28:24.8579040Z [pod/manual-maintenance-20260926-091315-phtnw/maintenance] py4j.protocol.Py4JJavaError: An error occurred while calling o68.sql.
execute	Execute Action	2026-09-26T09:28:24.8579703Z [pod/manual-maintenance-20260926-091315-phtnw/maintenance] : org.apache.iceberg.exceptions.ServiceFailureException: Server error: RESTException: persisted table metadata is invalid
execute	Execute Action	2026-09-26T09:28:24.8580249Z [pod/manual-maintenance-20260926-091315-phtnw/maintenance] 	at org.apache.iceberg.rest.ErrorHandlers$DefaultErrorHandler.accept(ErrorHandlers.java:350)
execute	Execute Action	2026-09-26T09:28:24.8580781Z [pod/manual-maintenance-20260926-091315-phtnw/maintenance] 	at org.apache.iceberg.rest.ErrorHandlers$TableErrorHandler.accept(ErrorHandlers.java:160)
execute	Execute Action	2026-09-26T09:28:24.8581504Z [pod/manual-maintenance-20260926-091315-phtnw/maintenance] 	at org.apache.iceberg.rest.ErrorHandlers$TableErrorHandler.accept(ErrorHandlers.java:142)
execute	Execute Action	2026-09-26T09:28:24.8582041Z [pod/manual-maintenance-20260926-091315-phtnw/maintenance] 	at org.apache.iceberg.rest.HTTPClient.throwFailure(HTTPClient.java:242)
execute	Execute Action	2026-09-26T09:28:24.8582493Z [pod/manual-maintenance-20260926-091315-phtnw/maintenance] 	at org.apache.iceberg.rest.HTTPClient.execute(HTTPClient.java:347)
execute	Execute Action	2026-09-26T09:28:24.8582939Z [pod/manual-maintenance-20260926-091315-phtnw/maintenance] 	at org.apache.iceberg.rest.HTTPClient.execute(HTTPClient.java:299)
execute	Execute Action	2026-09-26T09:28:24.8583404Z [pod/manual-maintenance-20260926-091315-phtnw/maintenance] 	at org.apache.iceberg.rest.BaseHTTPClient.get(BaseHTTPClient.java:101)
execute	Execute Action	2026-09-26T09:28:24.8583941Z [pod/manual-maintenance-20260926-091315-phtnw/maintenance] 	at org.apache.iceberg.rest.RESTSessionCatalog.loadInternal(RESTSessionCatalog.java:438)
execute	Execute Action	2026-09-26T09:28:24.8584599Z [pod/manual-maintenance-20260926-091315-phtnw/maintenance] 	at org.apache.iceberg.rest.RESTSessionCatalog.loadTable(RESTSessionCatalog.java:468)
execute	Execute Action	2026-09-26T09:28:24.8585170Z [pod/manual-maintenance-20260926-091315-phtnw/maintenance] 	at org.apache.iceberg.catalog.BaseSessionCatalog$AsCatalog.loadTable(BaseSessionCatalog.java:105)
execute	Execute Action	2026-09-26T09:28:24.8585633Z [pod/manual-maintenance-20260926-091315-phtnw/maintenance] 	at org.apache.iceberg.rest.RESTCatalog.loadTable(RESTCatalog.java:124)
execute	Execute Action	2026-09-26T09:28:24.8586396Z [pod/manual-maintenance-20260926-091315-phtnw/maintenance] 	at org.apache.iceberg.shaded.com.github.benmanes.caffeine.cache.BoundedLocalCache.lambda$doComputeIfAbsent$14(BoundedLocalCache.java:2406)
execute	Execute Action	2026-09-26T09:28:24.8586929Z [pod/manual-maintenance-20260926-091315-phtnw/maintenance] 	at java.base/java.util.concurrent.ConcurrentHashMap.compute(ConcurrentHashMap.java:1916)
execute	Execute Action	2026-09-26T09:28:24.8587672Z [pod/manual-maintenance-20260926-091315-phtnw/maintenance] 	at org.apache.iceberg.shaded.com.github.benmanes.caffeine.cache.BoundedLocalCache.doComputeIfAbsent(BoundedLocalCache.java:2404)
execute	Execute Action	2026-09-26T09:28:24.8588404Z [pod/manual-maintenance-20260926-091315-phtnw/maintenance] 	at org.apache.iceberg.shaded.com.github.benmanes.caffeine.cache.BoundedLocalCache.computeIfAbsent(BoundedLocalCache.java:2387)
execute	Execute Action	2026-09-26T09:28:24.8589071Z [pod/manual-maintenance-20260926-091315-phtnw/maintenance] 	at org.apache.iceberg.shaded.com.github.benmanes.caffeine.cache.LocalCache.computeIfAbsent(LocalCache.java:108)
execute	Execute Action	2026-09-26T09:28:24.8589712Z [pod/manual-maintenance-20260926-091315-phtnw/maintenance] 	at org.apache.iceberg.shaded.com.github.benmanes.caffeine.cache.LocalManualCache.get(LocalManualCache.java:62)
execute	Execute Action	2026-09-26T09:28:24.8590184Z [pod/manual-maintenance-20260926-091315-phtnw/maintenance] 	at org.apache.iceberg.CachingCatalog.loadTable(CachingCatalog.java:147)
execute	Execute Action	2026-09-26T09:28:24.8590636Z [pod/manual-maintenance-20260926-091315-phtnw/maintenance] 	at org.apache.iceberg.spark.SparkCatalog.load(SparkCatalog.java:867)
execute	Execute Action	2026-09-26T09:28:24.8591225Z [pod/manual-maintenance-20260926-091315-phtnw/maintenance] 	at org.apache.iceberg.spark.SparkCatalog.loadTable(SparkCatalog.java:171)
execute	Execute Action	2026-09-26T09:28:24.8592051Z [pod/manual-maintenance-20260926-091315-phtnw/maintenance] 	at org.apache.iceberg.spark.procedures.BaseProcedure.loadSparkTable(BaseProcedure.java:168)
execute	Execute Action	2026-09-26T09:28:24.8592588Z [pod/manual-maintenance-20260926-091315-phtnw/maintenance] 	at org.apache.iceberg.spark.procedures.BaseProcedure.execute(BaseProcedure.java:129)
execute	Execute Action	2026-09-26T09:28:24.8593170Z [pod/manual-maintenance-20260926-091315-phtnw/maintenance] 	at org.apache.iceberg.spark.procedures.BaseProcedure.modifyIcebergTable(BaseProcedure.java:113)
execute	Execute Action	2026-09-26T09:28:24.8593791Z [pod/manual-maintenance-20260926-091315-phtnw/maintenance] 	at org.apache.iceberg.spark.procedures.RewriteManifestsProcedure.call(RewriteManifestsProcedure.java:100)
execute	Execute Action	2026-09-26T09:28:24.8594555Z [pod/manual-maintenance-20260926-091315-phtnw/maintenance] 	at org.apache.spark.sql.catalyst.analysis.InvokeProcedures.org$apache$spark$sql$catalyst$analysis$InvokeProcedures$$invoke(InvokeProcedures.scala:48)
execute	Execute Action	2026-09-26T09:28:24.8595201Z [pod/manual-maintenance-20260926-091315-phtnw/maintenance] 	at org.apache.spark.sql.catalyst.analysis.InvokeProcedures$$anonfun$apply$1.applyOrElse(InvokeProcedures.scala:40)
execute	Execute Action	2026-09-26T09:28:24.8595827Z [pod/manual-maintenance-20260926-091315-phtnw/maintenance] 	at org.apache.spark.sql.catalyst.analysis.InvokeProcedures$$anonfun$apply$1.applyOrElse(InvokeProcedures.scala:36)
execute	Execute Action	2026-09-26T09:28:24.8596537Z [pod/manual-maintenance-20260926-091315-phtnw/maintenance] 	at org.apache.spark.sql.catalyst.plans.logical.AnalysisHelper.$anonfun$resolveOperatorsDownWithPruning$2(AnalysisHelper.scala:200)
execute	Execute Action	2026-09-26T09:28:24.8597038Z [pod/manual-maintenance-20260926-091315-phtnw/maintenance] 	at org.apache.spark.sql.catalyst.trees.CurrentOrigin$.withOrigin(origin.scala:86)
execute	Execute Action	2026-09-26T09:28:24.8597741Z [pod/manual-maintenance-20260926-091315-phtnw/maintenance] 	at org.apache.spark.sql.catalyst.plans.logical.AnalysisHelper.$anonfun$resolveOperatorsDownWithPruning$1(AnalysisHelper.scala:200)
execute	Execute Action	2026-09-26T09:28:24.8598577Z [pod/manual-maintenance-20260926-091315-phtnw/maintenance] 	at org.apache.spark.sql.catalyst.plans.logical.AnalysisHelper$.allowInvokingTransformsInAnalyzer(AnalysisHelper.scala:416)
execute	Execute Action	2026-09-26T09:28:24.8599398Z [pod/manual-maintenance-20260926-091315-phtnw/maintenance] 	at org.apache.spark.sql.catalyst.plans.logical.AnalysisHelper.resolveOperatorsDownWithPruning(AnalysisHelper.scala:198)
execute	Execute Action	2026-09-26T09:28:24.8600107Z [pod/manual-maintenance-20260926-091315-phtnw/maintenance] 	at org.apache.spark.sql.catalyst.plans.logical.AnalysisHelper.resolveOperatorsDownWithPruning$(AnalysisHelper.scala:194)
execute	Execute Action	2026-09-26T09:28:24.8600772Z [pod/manual-maintenance-20260926-091315-phtnw/maintenance] 	at org.apache.spark.sql.catalyst.plans.logical.LogicalPlan.resolveOperatorsDownWithPruning(LogicalPlan.scala:37)
execute	Execute Action	2026-09-26T09:28:24.8601694Z [pod/manual-maintenance-20260926-091315-phtnw/maintenance] 	at org.apache.spark.sql.catalyst.plans.logical.AnalysisHelper.resolveOperatorsWithPruning(AnalysisHelper.scala:100)
execute	Execute Action	2026-09-26T09:28:24.8602386Z [pod/manual-maintenance-20260926-091315-phtnw/maintenance] 	at org.apache.spark.sql.catalyst.plans.logical.AnalysisHelper.resolveOperatorsWithPruning$(AnalysisHelper.scala:97)
execute	Execute Action	2026-09-26T09:28:24.8603027Z [pod/manual-maintenance-20260926-091315-phtnw/maintenance] 	at org.apache.spark.sql.catalyst.plans.logical.LogicalPlan.resolveOperatorsWithPruning(LogicalPlan.scala:37)
execute	Execute Action	2026-09-26T09:28:24.8603644Z [pod/manual-maintenance-20260926-091315-phtnw/maintenance] 	at org.apache.spark.sql.catalyst.plans.logical.AnalysisHelper.resolveOperators(AnalysisHelper.scala:77)
execute	Execute Action	2026-09-26T09:28:24.8604263Z [pod/manual-maintenance-20260926-091315-phtnw/maintenance] 	at org.apache.spark.sql.catalyst.plans.logical.AnalysisHelper.resolveOperators$(AnalysisHelper.scala:76)
execute	Execute Action	2026-09-26T09:28:24.8604854Z [pod/manual-maintenance-20260926-091315-phtnw/maintenance] 	at org.apache.spark.sql.catalyst.plans.logical.LogicalPlan.resolveOperators(LogicalPlan.scala:37)
execute	Execute Action	2026-09-26T09:28:24.8605550Z [pod/manual-maintenance-20260926-091315-phtnw/maintenance] 	at org.apache.spark.sql.catalyst.analysis.InvokeProcedures.apply(InvokeProcedures.scala:36)
execute	Execute Action	2026-09-26T09:28:24.8606106Z [pod/manual-maintenance-20260926-091315-phtnw/maintenance] 	at org.apache.spark.sql.catalyst.analysis.InvokeProcedures.apply(InvokeProcedures.scala:34)
execute	Execute Action	2026-09-26T09:28:24.8606672Z [pod/manual-maintenance-20260926-091315-phtnw/maintenance] 	at org.apache.spark.sql.catalyst.rules.RuleExecutor.$anonfun$execute$2(RuleExecutor.scala:242)
execute	Execute Action	2026-09-26T09:28:24.8607110Z [pod/manual-maintenance-20260926-091315-phtnw/maintenance] 	at scala.collection.LinearSeqOps.foldLeft(LinearSeq.scala:183)
execute	Execute Action	2026-09-26T09:28:24.8607554Z [pod/manual-maintenance-20260926-091315-phtnw/maintenance] 	at scala.collection.LinearSeqOps.foldLeft$(LinearSeq.scala:179)
execute	Execute Action	2026-09-26T09:28:24.8607971Z [pod/manual-maintenance-20260926-091315-phtnw/maintenance] 	at scala.collection.immutable.List.foldLeft(List.scala:79)
execute	Execute Action	2026-09-26T09:28:24.8608534Z [pod/manual-maintenance-20260926-091315-phtnw/maintenance] 	at org.apache.spark.sql.catalyst.rules.RuleExecutor.$anonfun$execute$1(RuleExecutor.scala:239)
execute	Execute Action	2026-09-26T09:28:24.8609116Z [pod/manual-maintenance-20260926-091315-phtnw/maintenance] 	at org.apache.spark.sql.catalyst.rules.RuleExecutor.$anonfun$execute$1$adapted(RuleExecutor.scala:231)
execute	Execute Action	2026-09-26T09:28:24.8609533Z [pod/manual-maintenance-20260926-091315-phtnw/maintenance] 	at scala.collection.immutable.List.foreach(List.scala:334)
execute	Execute Action	2026-09-26T09:28:24.8610057Z [pod/manual-maintenance-20260926-091315-phtnw/maintenance] 	at org.apache.spark.sql.catalyst.rules.RuleExecutor.execute(RuleExecutor.scala:231)
execute	Execute Action	2026-09-26T09:28:24.8610764Z [pod/manual-maintenance-20260926-091315-phtnw/maintenance] 	at org.apache.spark.sql.catalyst.analysis.Analyzer.org$apache$spark$sql$catalyst$analysis$Analyzer$$executeSameContext(Analyzer.scala:340)
execute	Execute Action	2026-09-26T09:28:24.8611612Z [pod/manual-maintenance-20260926-091315-phtnw/maintenance] 	at org.apache.spark.sql.catalyst.analysis.Analyzer.$anonfun$execute$1(Analyzer.scala:336)
execute	Execute Action	2026-09-26T09:28:24.8612212Z [pod/manual-maintenance-20260926-091315-phtnw/maintenance] 	at org.apache.spark.sql.catalyst.analysis.AnalysisContext$.withNewAnalysisContext(Analyzer.scala:234)
execute	Execute Action	2026-09-26T09:28:24.8612715Z [pod/manual-maintenance-20260926-091315-phtnw/maintenance] 	at org.apache.spark.sql.catalyst.analysis.Analyzer.execute(Analyzer.scala:336)
execute	Execute Action	2026-09-26T09:28:24.8613211Z [pod/manual-maintenance-20260926-091315-phtnw/maintenance] 	at org.apache.spark.sql.catalyst.analysis.Analyzer.execute(Analyzer.scala:299)
execute	Execute Action	2026-09-26T09:28:24.8613785Z [pod/manual-maintenance-20260926-091315-phtnw/maintenance] 	at org.apache.spark.sql.catalyst.rules.RuleExecutor.$anonfun$executeAndTrack$1(RuleExecutor.scala:201)
execute	Execute Action	2026-09-26T09:28:24.8614362Z [pod/manual-maintenance-20260926-091315-phtnw/maintenance] 	at org.apache.spark.sql.catalyst.QueryPlanningTracker$.withTracker(QueryPlanningTracker.scala:89)
execute	Execute Action	2026-09-26T09:28:24.8614921Z [pod/manual-maintenance-20260926-091315-phtnw/maintenance] 	at org.apache.spark.sql.catalyst.rules.RuleExecutor.executeAndTrack(RuleExecutor.scala:201)
execute	Execute Action	2026-09-26T09:28:24.8615579Z [pod/manual-maintenance-20260926-091315-phtnw/maintenance] 	at org.apache.spark.sql.catalyst.analysis.resolver.HybridAnalyzer.resolveInFixedPoint(HybridAnalyzer.scala:190)
execute	Execute Action	2026-09-26T09:28:24.8616189Z [pod/manual-maintenance-20260926-091315-phtnw/maintenance] 	at org.apache.spark.sql.catalyst.analysis.resolver.HybridAnalyzer.$anonfun$apply$1(HybridAnalyzer.scala:76)
execute	Execute Action	2026-09-26T09:28:24.8616908Z [pod/manual-maintenance-20260926-091315-phtnw/maintenance] 	at org.apache.spark.sql.catalyst.analysis.resolver.HybridAnalyzer.withTrackedAnalyzerBridgeState(HybridAnalyzer.scala:111)
execute	Execute Action	2026-09-26T09:28:24.8617489Z [pod/manual-maintenance-20260926-091315-phtnw/maintenance] 	at org.apache.spark.sql.catalyst.analysis.resolver.HybridAnalyzer.apply(HybridAnalyzer.scala:71)
execute	Execute Action	2026-09-26T09:28:24.8618051Z [pod/manual-maintenance-20260926-091315-phtnw/maintenance] 	at org.apache.spark.sql.catalyst.analysis.Analyzer.$anonfun$executeAndCheck$1(Analyzer.scala:330)
execute	Execute Action	2026-09-26T09:28:24.8618779Z [pod/manual-maintenance-20260926-091315-phtnw/maintenance] 	at org.apache.spark.sql.catalyst.plans.logical.AnalysisHelper$.markInAnalyzer(AnalysisHelper.scala:423)
execute	Execute Action	2026-09-26T09:28:24.8619308Z [pod/manual-maintenance-20260926-091315-phtnw/maintenance] 	at org.apache.spark.sql.catalyst.analysis.Analyzer.executeAndCheck(Analyzer.scala:330)
execute	Execute Action	2026-09-26T09:28:24.8619877Z [pod/manual-maintenance-20260926-091315-phtnw/maintenance] 	at org.apache.spark.sql.execution.QueryExecution.$anonfun$lazyAnalyzed$2(QueryExecution.scala:110)
execute	Execute Action	2026-09-26T09:28:24.8620464Z [pod/manual-maintenance-20260926-091315-phtnw/maintenance] 	at org.apache.spark.sql.catalyst.QueryPlanningTracker.measurePhase(QueryPlanningTracker.scala:148)
execute	Execute Action	2026-09-26T09:28:24.8621026Z [pod/manual-maintenance-20260926-091315-phtnw/maintenance] 	at org.apache.spark.sql.execution.QueryExecution.$anonfun$executePhase$2(QueryExecution.scala:278)
execute	Execute Action	2026-09-26T09:28:24.8621816Z [pod/manual-maintenance-20260926-091315-phtnw/maintenance] 	at org.apache.spark.sql.execution.QueryExecution$.withInternalError(QueryExecution.scala:654)
execute	Execute Action	2026-09-26T09:28:24.8622384Z [pod/manual-maintenance-20260926-091315-phtnw/maintenance] 	at org.apache.spark.sql.execution.QueryExecution.$anonfun$executePhase$1(QueryExecution.scala:278)
execute	Execute Action	2026-09-26T09:28:24.8622856Z [pod/manual-maintenance-20260926-091315-phtnw/maintenance] 	at org.apache.spark.sql.SparkSession.withActive(SparkSession.scala:804)
execute	Execute Action	2026-09-26T09:28:24.8623393Z [pod/manual-maintenance-20260926-091315-phtnw/maintenance] 	at org.apache.spark.sql.execution.QueryExecution.executePhase(QueryExecution.scala:277)
execute	Execute Action	2026-09-26T09:28:24.8623959Z [pod/manual-maintenance-20260926-091315-phtnw/maintenance] 	at org.apache.spark.sql.execution.QueryExecution.$anonfun$lazyAnalyzed$1(QueryExecution.scala:110)
execute	Execute Action	2026-09-26T09:28:24.8624474Z [pod/manual-maintenance-20260926-091315-phtnw/maintenance] 	at scala.util.Try$.apply(Try.scala:217)
execute	Execute Action	2026-09-26T09:28:24.8624955Z [pod/manual-maintenance-20260926-091315-phtnw/maintenance] 	at org.apache.spark.util.Utils$.doTryWithCallerStacktrace(Utils.scala:1378)
execute	Execute Action	2026-09-26T09:28:24.8625432Z [pod/manual-maintenance-20260926-091315-phtnw/maintenance] 	at org.apache.spark.util.Utils$.getTryWithCallerStacktrace(Utils.scala:1439)
execute	Execute Action	2026-09-26T09:28:24.8625828Z [pod/manual-maintenance-20260926-091315-phtnw/maintenance] 	at org.apache.spark.util.LazyTry.get(LazyTry.scala:58)
execute	Execute Action	2026-09-26T09:28:24.8626353Z [pod/manual-maintenance-20260926-091315-phtnw/maintenance] 	at org.apache.spark.sql.execution.QueryExecution.analyzed(QueryExecution.scala:121)
execute	Execute Action	2026-09-26T09:28:24.8626895Z [pod/manual-maintenance-20260926-091315-phtnw/maintenance] 	at org.apache.spark.sql.execution.QueryExecution.assertAnalyzed(QueryExecution.scala:80)
execute	Execute Action	2026-09-26T09:28:24.8627375Z [pod/manual-maintenance-20260926-091315-phtnw/maintenance] 	at org.apache.spark.sql.classic.Dataset$.$anonfun$ofRows$5(Dataset.scala:139)
execute	Execute Action	2026-09-26T09:28:24.8627861Z [pod/manual-maintenance-20260926-091315-phtnw/maintenance] 	at org.apache.spark.sql.SparkSession.withActive(SparkSession.scala:804)
execute	Execute Action	2026-09-26T09:28:24.8628298Z [pod/manual-maintenance-20260926-091315-phtnw/maintenance] 	at org.apache.spark.sql.classic.Dataset$.ofRows(Dataset.scala:136)
execute	Execute Action	2026-09-26T09:28:24.8628807Z [pod/manual-maintenance-20260926-091315-phtnw/maintenance] 	at org.apache.spark.sql.classic.SparkSession.$anonfun$sql$1(SparkSession.scala:462)
execute	Execute Action	2026-09-26T09:28:24.8629269Z [pod/manual-maintenance-20260926-091315-phtnw/maintenance] 	at org.apache.spark.sql.SparkSession.withActive(SparkSession.scala:804)
execute	Execute Action	2026-09-26T09:28:24.8629746Z [pod/manual-maintenance-20260926-091315-phtnw/maintenance] 	at org.apache.spark.sql.classic.SparkSession.sql(SparkSession.scala:449)
execute	Execute Action	2026-09-26T09:28:24.8630208Z [pod/manual-maintenance-20260926-091315-phtnw/maintenance] 	at org.apache.spark.sql.classic.SparkSession.sql(SparkSession.scala:467)
execute	Execute Action	2026-09-26T09:28:24.8630807Z [pod/manual-maintenance-20260926-091315-phtnw/maintenance] 	at jdk.internal.reflect.GeneratedMethodAccessor93.invoke(Unknown Source)
execute	Execute Action	2026-09-26T09:28:24.8631682Z [pod/manual-maintenance-20260926-091315-phtnw/maintenance] 	at java.base/jdk.internal.reflect.DelegatingMethodAccessorImpl.invoke(DelegatingMethodAccessorImpl.java:43)
execute	Execute Action	2026-09-26T09:28:24.8632132Z [pod/manual-maintenance-20260926-091315-phtnw/maintenance] 	at java.base/java.lang.reflect.Method.invoke(Method.java:569)
execute	Execute Action	2026-09-26T09:28:24.8632576Z [pod/manual-maintenance-20260926-091315-phtnw/maintenance] 	at py4j.reflection.MethodInvoker.invoke(MethodInvoker.java:244)
execute	Execute Action	2026-09-26T09:28:24.8633037Z [pod/manual-maintenance-20260926-091315-phtnw/maintenance] 	at py4j.reflection.ReflectionEngine.invoke(ReflectionEngine.java:374)
execute	Execute Action	2026-09-26T09:28:24.8633389Z [pod/manual-maintenance-20260926-091315-phtnw/maintenance] 	at py4j.Gateway.invoke(Gateway.java:282)
execute	Execute Action	2026-09-26T09:28:24.8633862Z [pod/manual-maintenance-20260926-091315-phtnw/maintenance] 	at py4j.commands.AbstractCommand.invokeMethod(AbstractCommand.java:132)
execute	Execute Action	2026-09-26T09:28:24.8634288Z [pod/manual-maintenance-20260926-091315-phtnw/maintenance] 	at py4j.commands.CallCommand.execute(CallCommand.java:79)
execute	Execute Action	2026-09-26T09:28:24.8634804Z [pod/manual-maintenance-20260926-091315-phtnw/maintenance] 	at py4j.ClientServerConnection.waitForCommands(ClientServerConnection.java:184)
execute	Execute Action	2026-09-26T09:28:24.8635256Z [pod/manual-maintenance-20260926-091315-phtnw/maintenance] 	at py4j.ClientServerConnection.run(ClientServerConnection.java:108)
execute	Execute Action	2026-09-26T09:28:24.8635642Z [pod/manual-maintenance-20260926-091315-phtnw/maintenance] 	at java.base/java.lang.Thread.run(Thread.java:840)
execute	Execute Action	2026-09-26T09:28:24.8636341Z [pod/manual-maintenance-20260926-091315-phtnw/maintenance] 	Suppressed: org.apache.spark.util.Utils$OriginalTryStackTraceException: Full stacktrace of original doTryWithCallerStacktrace caller
execute	Execute Action	2026-09-26T09:28:24.8636889Z [pod/manual-maintenance-20260926-091315-phtnw/maintenance] 		at org.apache.iceberg.rest.ErrorHandlers$DefaultErrorHandler.accept(ErrorHandlers.java:350)
execute	Execute Action	2026-09-26T09:28:24.8637553Z [pod/manual-maintenance-20260926-091315-phtnw/maintenance] 		at org.apache.iceberg.rest.ErrorHandlers$TableErrorHandler.accept(ErrorHandlers.java:160)
execute	Execute Action	2026-09-26T09:28:24.8638086Z [pod/manual-maintenance-20260926-091315-phtnw/maintenance] 		at org.apache.iceberg.rest.ErrorHandlers$TableErrorHandler.accept(ErrorHandlers.java:142)
execute	Execute Action	2026-09-26T09:28:24.8638563Z [pod/manual-maintenance-20260926-091315-phtnw/maintenance] 		at org.apache.iceberg.rest.HTTPClient.throwFailure(HTTPClient.java:242)
execute	Execute Action	2026-09-26T09:28:24.8639009Z [pod/manual-maintenance-20260926-091315-phtnw/maintenance] 		at org.apache.iceberg.rest.HTTPClient.execute(HTTPClient.java:347)
execute	Execute Action	2026-09-26T09:28:24.8639457Z [pod/manual-maintenance-20260926-091315-phtnw/maintenance] 		at org.apache.iceberg.rest.HTTPClient.execute(HTTPClient.java:299)
execute	Execute Action	2026-09-26T09:28:24.8639931Z [pod/manual-maintenance-20260926-091315-phtnw/maintenance] 		at org.apache.iceberg.rest.BaseHTTPClient.get(BaseHTTPClient.java:101)
execute	Execute Action	2026-09-26T09:28:24.8640476Z [pod/manual-maintenance-20260926-091315-phtnw/maintenance] 		at org.apache.iceberg.rest.RESTSessionCatalog.loadInternal(RESTSessionCatalog.java:438)
execute	Execute Action	2026-09-26T09:28:24.8641001Z [pod/manual-maintenance-20260926-091315-phtnw/maintenance] 		at org.apache.iceberg.rest.RESTSessionCatalog.loadTable(RESTSessionCatalog.java:468)
execute	Execute Action	2026-09-26T09:28:24.8641828Z [pod/manual-maintenance-20260926-091315-phtnw/maintenance] 		at org.apache.iceberg.catalog.BaseSessionCatalog$AsCatalog.loadTable(BaseSessionCatalog.java:105)
execute	Execute Action	2026-09-26T09:28:24.8642297Z [pod/manual-maintenance-20260926-091315-phtnw/maintenance] 		at org.apache.iceberg.rest.RESTCatalog.loadTable(RESTCatalog.java:124)
execute	Execute Action	2026-09-26T09:28:24.8643065Z [pod/manual-maintenance-20260926-091315-phtnw/maintenance] 		at org.apache.iceberg.shaded.com.github.benmanes.caffeine.cache.BoundedLocalCache.lambda$doComputeIfAbsent$14(BoundedLocalCache.java:2406)
execute	Execute Action	2026-09-26T09:28:24.8643601Z [pod/manual-maintenance-20260926-091315-phtnw/maintenance] 		at java.base/java.util.concurrent.ConcurrentHashMap.compute(ConcurrentHashMap.java:1916)
execute	Execute Action	2026-09-26T09:28:24.8644481Z [pod/manual-maintenance-20260926-091315-phtnw/maintenance] 		at org.apache.iceberg.shaded.com.github.benmanes.caffeine.cache.BoundedLocalCache.doComputeIfAbsent(BoundedLocalCache.java:2404)
execute	Execute Action	2026-09-26T09:28:24.8645256Z [pod/manual-maintenance-20260926-091315-phtnw/maintenance] 		at org.apache.iceberg.shaded.com.github.benmanes.caffeine.cache.BoundedLocalCache.computeIfAbsent(BoundedLocalCache.java:2387)
execute	Execute Action	2026-09-26T09:28:24.8645919Z [pod/manual-maintenance-20260926-091315-phtnw/maintenance] 		at org.apache.iceberg.shaded.com.github.benmanes.caffeine.cache.LocalCache.computeIfAbsent(LocalCache.java:108)
execute	Execute Action	2026-09-26T09:28:24.8646565Z [pod/manual-maintenance-20260926-091315-phtnw/maintenance] 		at org.apache.iceberg.shaded.com.github.benmanes.caffeine.cache.LocalManualCache.get(LocalManualCache.java:62)
execute	Execute Action	2026-09-26T09:28:24.8647040Z [pod/manual-maintenance-20260926-091315-phtnw/maintenance] 		at org.apache.iceberg.CachingCatalog.loadTable(CachingCatalog.java:147)
execute	Execute Action	2026-09-26T09:28:24.8647492Z [pod/manual-maintenance-20260926-091315-phtnw/maintenance] 		at org.apache.iceberg.spark.SparkCatalog.load(SparkCatalog.java:867)
execute	Execute Action	2026-09-26T09:28:24.8647973Z [pod/manual-maintenance-20260926-091315-phtnw/maintenance] 		at org.apache.iceberg.spark.SparkCatalog.loadTable(SparkCatalog.java:171)
execute	Execute Action	2026-09-26T09:28:24.8648532Z [pod/manual-maintenance-20260926-091315-phtnw/maintenance] 		at org.apache.iceberg.spark.procedures.BaseProcedure.loadSparkTable(BaseProcedure.java:168)
execute	Execute Action	2026-09-26T09:28:24.8649060Z [pod/manual-maintenance-20260926-091315-phtnw/maintenance] 		at org.apache.iceberg.spark.procedures.BaseProcedure.execute(BaseProcedure.java:129)
execute	Execute Action	2026-09-26T09:28:24.8649643Z [pod/manual-maintenance-20260926-091315-phtnw/maintenance] 		at org.apache.iceberg.spark.procedures.BaseProcedure.modifyIcebergTable(BaseProcedure.java:113)
execute	Execute Action	2026-09-26T09:28:24.8650374Z [pod/manual-maintenance-20260926-091315-phtnw/maintenance] 		at org.apache.iceberg.spark.procedures.RewriteManifestsProcedure.call(RewriteManifestsProcedure.java:100)
execute	Execute Action	2026-09-26T09:28:24.8651144Z [pod/manual-maintenance-20260926-091315-phtnw/maintenance] 		at org.apache.spark.sql.catalyst.analysis.InvokeProcedures.org$apache$spark$sql$catalyst$analysis$InvokeProcedures$$invoke(InvokeProcedures.scala:48)
execute	Execute Action	2026-09-26T09:28:24.8652001Z [pod/manual-maintenance-20260926-091315-phtnw/maintenance] 		at org.apache.spark.sql.catalyst.analysis.InvokeProcedures$$anonfun$apply$1.applyOrElse(InvokeProcedures.scala:40)
execute	Execute Action	2026-09-26T09:28:24.8652640Z [pod/manual-maintenance-20260926-091315-phtnw/maintenance] 		at org.apache.spark.sql.catalyst.analysis.InvokeProcedures$$anonfun$apply$1.applyOrElse(InvokeProcedures.scala:36)
execute	Execute Action	2026-09-26T09:28:24.8653352Z [pod/manual-maintenance-20260926-091315-phtnw/maintenance] 		at org.apache.spark.sql.catalyst.plans.logical.AnalysisHelper.$anonfun$resolveOperatorsDownWithPruning$2(AnalysisHelper.scala:200)
execute	Execute Action	2026-09-26T09:28:24.8653866Z [pod/manual-maintenance-20260926-091315-phtnw/maintenance] 		at org.apache.spark.sql.catalyst.trees.CurrentOrigin$.withOrigin(origin.scala:86)
execute	Execute Action	2026-09-26T09:28:24.8654571Z [pod/manual-maintenance-20260926-091315-phtnw/maintenance] 		at org.apache.spark.sql.catalyst.plans.logical.AnalysisHelper.$anonfun$resolveOperatorsDownWithPruning$1(AnalysisHelper.scala:200)
execute	Execute Action	2026-09-26T09:28:24.8655249Z [pod/manual-maintenance-20260926-091315-phtnw/maintenance] 		at org.apache.spark.sql.catalyst.plans.logical.AnalysisHelper$.allowInvokingTransformsInAnalyzer(AnalysisHelper.scala:416)
execute	Execute Action	2026-09-26T09:28:24.8655949Z [pod/manual-maintenance-20260926-091315-phtnw/maintenance] 		at org.apache.spark.sql.catalyst.plans.logical.AnalysisHelper.resolveOperatorsDownWithPruning(AnalysisHelper.scala:198)
execute	Execute Action	2026-09-26T09:28:24.8656647Z [pod/manual-maintenance-20260926-091315-phtnw/maintenance] 		at org.apache.spark.sql.catalyst.plans.logical.AnalysisHelper.resolveOperatorsDownWithPruning$(AnalysisHelper.scala:194)
execute	Execute Action	2026-09-26T09:28:24.8657437Z [pod/manual-maintenance-20260926-091315-phtnw/maintenance] 		at org.apache.spark.sql.catalyst.plans.logical.LogicalPlan.resolveOperatorsDownWithPruning(LogicalPlan.scala:37)
execute	Execute Action	2026-09-26T09:28:24.8658118Z [pod/manual-maintenance-20260926-091315-phtnw/maintenance] 		at org.apache.spark.sql.catalyst.plans.logical.AnalysisHelper.resolveOperatorsWithPruning(AnalysisHelper.scala:100)
execute	Execute Action	2026-09-26T09:28:24.8658787Z [pod/manual-maintenance-20260926-091315-phtnw/maintenance] 		at org.apache.spark.sql.catalyst.plans.logical.AnalysisHelper.resolveOperatorsWithPruning$(AnalysisHelper.scala:97)
execute	Execute Action	2026-09-26T09:28:24.8659432Z [pod/manual-maintenance-20260926-091315-phtnw/maintenance] 		at org.apache.spark.sql.catalyst.plans.logical.LogicalPlan.resolveOperatorsWithPruning(LogicalPlan.scala:37)
execute	Execute Action	2026-09-26T09:28:24.8660050Z [pod/manual-maintenance-20260926-091315-phtnw/maintenance] 		at org.apache.spark.sql.catalyst.plans.logical.AnalysisHelper.resolveOperators(AnalysisHelper.scala:77)
execute	Execute Action	2026-09-26T09:28:24.8660670Z [pod/manual-maintenance-20260926-091315-phtnw/maintenance] 		at org.apache.spark.sql.catalyst.plans.logical.AnalysisHelper.resolveOperators$(AnalysisHelper.scala:76)
execute	Execute Action	2026-09-26T09:28:24.8661263Z [pod/manual-maintenance-20260926-091315-phtnw/maintenance] 		at org.apache.spark.sql.catalyst.plans.logical.LogicalPlan.resolveOperators(LogicalPlan.scala:37)
execute	Execute Action	2026-09-26T09:28:24.8662048Z [pod/manual-maintenance-20260926-091315-phtnw/maintenance] 		at org.apache.spark.sql.catalyst.analysis.InvokeProcedures.apply(InvokeProcedures.scala:36)
execute	Execute Action	2026-09-26T09:28:24.8662609Z [pod/manual-maintenance-20260926-091315-phtnw/maintenance] 		at org.apache.spark.sql.catalyst.analysis.InvokeProcedures.apply(InvokeProcedures.scala:34)
execute	Execute Action	2026-09-26T09:28:24.8663157Z [pod/manual-maintenance-20260926-091315-phtnw/maintenance] 		at org.apache.spark.sql.catalyst.rules.RuleExecutor.$anonfun$execute$2(RuleExecutor.scala:242)
execute	Execute Action	2026-09-26T09:28:24.8663599Z [pod/manual-maintenance-20260926-091315-phtnw/maintenance] 		at scala.collection.LinearSeqOps.foldLeft(LinearSeq.scala:183)
execute	Execute Action	2026-09-26T09:28:24.8664171Z [pod/manual-maintenance-20260926-091315-phtnw/maintenance] 		at scala.collection.LinearSeqOps.foldLeft$(LinearSeq.scala:179)
execute	Execute Action	2026-09-26T09:28:24.8664596Z [pod/manual-maintenance-20260926-091315-phtnw/maintenance] 		at scala.collection.immutable.List.foldLeft(List.scala:79)
execute	Execute Action	2026-09-26T09:28:24.8665160Z [pod/manual-maintenance-20260926-091315-phtnw/maintenance] 		at org.apache.spark.sql.catalyst.rules.RuleExecutor.$anonfun$execute$1(RuleExecutor.scala:239)
execute	Execute Action	2026-09-26T09:28:24.8665739Z [pod/manual-maintenance-20260926-091315-phtnw/maintenance] 		at org.apache.spark.sql.catalyst.rules.RuleExecutor.$anonfun$execute$1$adapted(RuleExecutor.scala:231)
execute	Execute Action	2026-09-26T09:28:24.8666156Z [pod/manual-maintenance-20260926-091315-phtnw/maintenance] 		at scala.collection.immutable.List.foreach(List.scala:334)
execute	Execute Action	2026-09-26T09:28:24.8666671Z [pod/manual-maintenance-20260926-091315-phtnw/maintenance] 		at org.apache.spark.sql.catalyst.rules.RuleExecutor.execute(RuleExecutor.scala:231)
execute	Execute Action	2026-09-26T09:28:24.8667394Z [pod/manual-maintenance-20260926-091315-phtnw/maintenance] 		at org.apache.spark.sql.catalyst.analysis.Analyzer.org$apache$spark$sql$catalyst$analysis$Analyzer$$executeSameContext(Analyzer.scala:340)
execute	Execute Action	2026-09-26T09:28:24.8667927Z [pod/manual-maintenance-20260926-091315-phtnw/maintenance] 		at org.apache.spark.sql.catalyst.analysis.Analyzer.$anonfun$execute$1(Analyzer.scala:336)
execute	Execute Action	2026-09-26T09:28:24.8668506Z [pod/manual-maintenance-20260926-091315-phtnw/maintenance] 		at org.apache.spark.sql.catalyst.analysis.AnalysisContext$.withNewAnalysisContext(Analyzer.scala:234)
execute	Execute Action	2026-09-26T09:28:24.8669005Z [pod/manual-maintenance-20260926-091315-phtnw/maintenance] 		at org.apache.spark.sql.catalyst.analysis.Analyzer.execute(Analyzer.scala:336)
execute	Execute Action	2026-09-26T09:28:24.8669501Z [pod/manual-maintenance-20260926-091315-phtnw/maintenance] 		at org.apache.spark.sql.catalyst.analysis.Analyzer.execute(Analyzer.scala:299)
execute	Execute Action	2026-09-26T09:28:24.8670083Z [pod/manual-maintenance-20260926-091315-phtnw/maintenance] 		at org.apache.spark.sql.catalyst.rules.RuleExecutor.$anonfun$executeAndTrack$1(RuleExecutor.scala:201)
execute	Execute Action	2026-09-26T09:28:24.8670767Z [pod/manual-maintenance-20260926-091315-phtnw/maintenance] 		at org.apache.spark.sql.catalyst.QueryPlanningTracker$.withTracker(QueryPlanningTracker.scala:89)
execute	Execute Action	2026-09-26T09:28:24.8671556Z [pod/manual-maintenance-20260926-091315-phtnw/maintenance] 		at org.apache.spark.sql.catalyst.rules.RuleExecutor.executeAndTrack(RuleExecutor.scala:201)
execute	Execute Action	2026-09-26T09:28:24.8672233Z [pod/manual-maintenance-20260926-091315-phtnw/maintenance] 		at org.apache.spark.sql.catalyst.analysis.resolver.HybridAnalyzer.resolveInFixedPoint(HybridAnalyzer.scala:190)
execute	Execute Action	2026-09-26T09:28:24.8672842Z [pod/manual-maintenance-20260926-091315-phtnw/maintenance] 		at org.apache.spark.sql.catalyst.analysis.resolver.HybridAnalyzer.$anonfun$apply$1(HybridAnalyzer.scala:76)
execute	Execute Action	2026-09-26T09:28:24.8673561Z [pod/manual-maintenance-20260926-091315-phtnw/maintenance] 		at org.apache.spark.sql.catalyst.analysis.resolver.HybridAnalyzer.withTrackedAnalyzerBridgeState(HybridAnalyzer.scala:111)
execute	Execute Action	2026-09-26T09:28:24.8674148Z [pod/manual-maintenance-20260926-091315-phtnw/maintenance] 		at org.apache.spark.sql.catalyst.analysis.resolver.HybridAnalyzer.apply(HybridAnalyzer.scala:71)
execute	Execute Action	2026-09-26T09:28:24.8674709Z [pod/manual-maintenance-20260926-091315-phtnw/maintenance] 		at org.apache.spark.sql.catalyst.analysis.Analyzer.$anonfun$executeAndCheck$1(Analyzer.scala:330)
execute	Execute Action	2026-09-26T09:28:24.8675310Z [pod/manual-maintenance-20260926-091315-phtnw/maintenance] 		at org.apache.spark.sql.catalyst.plans.logical.AnalysisHelper$.markInAnalyzer(AnalysisHelper.scala:423)
execute	Execute Action	2026-09-26T09:28:24.8675839Z [pod/manual-maintenance-20260926-091315-phtnw/maintenance] 		at org.apache.spark.sql.catalyst.analysis.Analyzer.executeAndCheck(Analyzer.scala:330)
execute	Execute Action	2026-09-26T09:28:24.8676407Z [pod/manual-maintenance-20260926-091315-phtnw/maintenance] 		at org.apache.spark.sql.execution.QueryExecution.$anonfun$lazyAnalyzed$2(QueryExecution.scala:110)
execute	Execute Action	2026-09-26T09:28:24.8677124Z [pod/manual-maintenance-20260926-091315-phtnw/maintenance] 		at org.apache.spark.sql.catalyst.QueryPlanningTracker.measurePhase(QueryPlanningTracker.scala:148)
execute	Execute Action	2026-09-26T09:28:24.8677687Z [pod/manual-maintenance-20260926-091315-phtnw/maintenance] 		at org.apache.spark.sql.execution.QueryExecution.$anonfun$executePhase$2(QueryExecution.scala:278)
execute	Execute Action	2026-09-26T09:28:24.8678232Z [pod/manual-maintenance-20260926-091315-phtnw/maintenance] 		at org.apache.spark.sql.execution.QueryExecution$.withInternalError(QueryExecution.scala:654)
execute	Execute Action	2026-09-26T09:28:24.8678793Z [pod/manual-maintenance-20260926-091315-phtnw/maintenance] 		at org.apache.spark.sql.execution.QueryExecution.$anonfun$executePhase$1(QueryExecution.scala:278)
execute	Execute Action	2026-09-26T09:28:24.8679263Z [pod/manual-maintenance-20260926-091315-phtnw/maintenance] 		at org.apache.spark.sql.SparkSession.withActive(SparkSession.scala:804)
execute	Execute Action	2026-09-26T09:28:24.8679794Z [pod/manual-maintenance-20260926-091315-phtnw/maintenance] 		at org.apache.spark.sql.execution.QueryExecution.executePhase(QueryExecution.scala:277)
execute	Execute Action	2026-09-26T09:28:24.8680364Z [pod/manual-maintenance-20260926-091315-phtnw/maintenance] 		at org.apache.spark.sql.execution.QueryExecution.$anonfun$lazyAnalyzed$1(QueryExecution.scala:110)
execute	Execute Action	2026-09-26T09:28:24.8680708Z [pod/manual-maintenance-20260926-091315-phtnw/maintenance] 		at scala.util.Try$.apply(Try.scala:217)
execute	Execute Action	2026-09-26T09:28:24.8681184Z [pod/manual-maintenance-20260926-091315-phtnw/maintenance] 		at org.apache.spark.util.Utils$.doTryWithCallerStacktrace(Utils.scala:1378)
execute	Execute Action	2026-09-26T09:28:24.8681892Z [pod/manual-maintenance-20260926-091315-phtnw/maintenance] 		at org.apache.spark.util.LazyTry.tryT$lzycompute(LazyTry.scala:46)
execute	Execute Action	2026-09-26T09:28:24.8682302Z [pod/manual-maintenance-20260926-091315-phtnw/maintenance] 		at org.apache.spark.util.LazyTry.tryT(LazyTry.scala:46)
execute	Execute Action	2026-09-26T09:28:24.8682553Z [pod/manual-maintenance-20260926-091315-phtnw/maintenance] 		... 21 more
execute	Execute Action	2026-09-26T09:28:24.8682765Z [pod/manual-maintenance-20260926-091315-phtnw/maintenance] 
execute	Execute Action	2026-09-26T09:28:24.8683394Z [pod/manual-maintenance-20260926-091315-phtnw/maintenance] 26/09/26 09:28:18 WARN Spark3Util: Failed to load catalog: web
execute	Execute Action	2026-09-26T09:28:24.8684340Z [pod/manual-maintenance-20260926-091315-phtnw/maintenance] org.apache.spark.sql.connector.catalog.CatalogNotFoundException: [CATALOG_NOT_FOUND] The catalog `web` not found. Consider to set the SQL config "spark.sql.catalog.web" to a catalog plugin. SQLSTATE: 42P08
execute	Execute Action	2026-09-26T09:28:24.8684951Z [pod/manual-maintenance-20260926-091315-phtnw/maintenance] 	at org.apache.spark.sql.errors.QueryExecutionErrors$.catalogNotFoundError(QueryExecutionErrors.scala:1809)
execute	Execute Action	2026-09-26T09:28:24.8685428Z [pod/manual-maintenance-20260926-091315-phtnw/maintenance] 	at org.apache.spark.sql.connector.catalog.Catalogs$.load(Catalogs.scala:56)
execute	Execute Action	2026-09-26T09:28:24.8686007Z [pod/manual-maintenance-20260926-091315-phtnw/maintenance] 	at org.apache.spark.sql.connector.catalog.CatalogManager.$anonfun$catalog$1(CatalogManager.scala:56)
execute	Execute Action	2026-09-26T09:28:24.8686487Z [pod/manual-maintenance-20260926-091315-phtnw/maintenance] 	at scala.collection.mutable.HashMap.getOrElseUpdate(HashMap.scala:469)
execute	Execute Action	2026-09-26T09:28:24.8687027Z [pod/manual-maintenance-20260926-091315-phtnw/maintenance] 	at org.apache.spark.sql.connector.catalog.CatalogManager.catalog(CatalogManager.scala:56)
execute	Execute Action	2026-09-26T09:28:24.8687556Z [pod/manual-maintenance-20260926-091315-phtnw/maintenance] 	at org.apache.iceberg.spark.Spark3Util.lambda$catalogAndIdentifier$3(Spark3Util.java:815)
execute	Execute Action	2026-09-26T09:28:24.8688053Z [pod/manual-maintenance-20260926-091315-phtnw/maintenance] 	at org.apache.iceberg.spark.SparkUtil.catalogAndIdentifier(SparkUtil.java:122)
execute	Execute Action	2026-09-26T09:28:24.8688560Z [pod/manual-maintenance-20260926-091315-phtnw/maintenance] 	at org.apache.iceberg.spark.Spark3Util.catalogAndIdentifier(Spark3Util.java:811)
execute	Execute Action	2026-09-26T09:28:24.8689061Z [pod/manual-maintenance-20260926-091315-phtnw/maintenance] 	at org.apache.iceberg.spark.Spark3Util.catalogAndIdentifier(Spark3Util.java:766)
execute	Execute Action	2026-09-26T09:28:24.8689677Z [pod/manual-maintenance-20260926-091315-phtnw/maintenance] 	at org.apache.iceberg.spark.Spark3Util.catalogAndIdentifier(Spark3Util.java:778)
execute	Execute Action	2026-09-26T09:28:24.8690256Z [pod/manual-maintenance-20260926-091315-phtnw/maintenance] 	at org.apache.iceberg.spark.procedures.ProcedureInput.catalogAndIdent(ProcedureInput.java:243)
execute	Execute Action	2026-09-26T09:28:24.8690777Z [pod/manual-maintenance-20260926-091315-phtnw/maintenance] 	at org.apache.iceberg.spark.procedures.ProcedureInput.ident(ProcedureInput.java:215)
execute	Execute Action	2026-09-26T09:28:24.8691599Z [pod/manual-maintenance-20260926-091315-phtnw/maintenance] 	at org.apache.iceberg.spark.procedures.ExpireSnapshotsProcedure.call(ExpireSnapshotsProcedure.java:122)
execute	Execute Action	2026-09-26T09:28:24.8692370Z [pod/manual-maintenance-20260926-091315-phtnw/maintenance] 	at org.apache.spark.sql.catalyst.analysis.InvokeProcedures.org$apache$spark$sql$catalyst$analysis$InvokeProcedures$$invoke(InvokeProcedures.scala:48)
execute	Execute Action	2026-09-26T09:28:24.8693014Z [pod/manual-maintenance-20260926-091315-phtnw/maintenance] 	at org.apache.spark.sql.catalyst.analysis.InvokeProcedures$$anonfun$apply$1.applyOrElse(InvokeProcedures.scala:40)
execute	Execute Action	2026-09-26T09:28:24.8693650Z [pod/manual-maintenance-20260926-091315-phtnw/maintenance] 	at org.apache.spark.sql.catalyst.analysis.InvokeProcedures$$anonfun$apply$1.applyOrElse(InvokeProcedures.scala:36)
execute	Execute Action	2026-09-26T09:28:24.8694351Z [pod/manual-maintenance-20260926-091315-phtnw/maintenance] 	at org.apache.spark.sql.catalyst.plans.logical.AnalysisHelper.$anonfun$resolveOperatorsDownWithPruning$2(AnalysisHelper.scala:200)
execute	Execute Action	2026-09-26T09:28:24.8694856Z [pod/manual-maintenance-20260926-091315-phtnw/maintenance] 	at org.apache.spark.sql.catalyst.trees.CurrentOrigin$.withOrigin(origin.scala:86)
execute	Execute Action	2026-09-26T09:28:24.8695553Z [pod/manual-maintenance-20260926-091315-phtnw/maintenance] 	at org.apache.spark.sql.catalyst.plans.logical.AnalysisHelper.$anonfun$resolveOperatorsDownWithPruning$1(AnalysisHelper.scala:200)
execute	Execute Action	2026-09-26T09:28:24.8696233Z [pod/manual-maintenance-20260926-091315-phtnw/maintenance] 	at org.apache.spark.sql.catalyst.plans.logical.AnalysisHelper$.allowInvokingTransformsInAnalyzer(AnalysisHelper.scala:416)
execute	Execute Action	2026-09-26T09:28:24.8697061Z [pod/manual-maintenance-20260926-091315-phtnw/maintenance] 	at org.apache.spark.sql.catalyst.plans.logical.AnalysisHelper.resolveOperatorsDownWithPruning(AnalysisHelper.scala:198)
execute	Execute Action	2026-09-26T09:28:24.8697793Z [pod/manual-maintenance-20260926-091315-phtnw/maintenance] 	at org.apache.spark.sql.catalyst.plans.logical.AnalysisHelper.resolveOperatorsDownWithPruning$(AnalysisHelper.scala:194)
execute	Execute Action	2026-09-26T09:28:24.8698457Z [pod/manual-maintenance-20260926-091315-phtnw/maintenance] 	at org.apache.spark.sql.catalyst.plans.logical.LogicalPlan.resolveOperatorsDownWithPruning(LogicalPlan.scala:37)
execute	Execute Action	2026-09-26T09:28:24.8699174Z [pod/manual-maintenance-20260926-091315-phtnw/maintenance] 	at org.apache.spark.sql.catalyst.plans.logical.AnalysisHelper.resolveOperatorsWithPruning(AnalysisHelper.scala:100)
execute	Execute Action	2026-09-26T09:28:24.8699858Z [pod/manual-maintenance-20260926-091315-phtnw/maintenance] 	at org.apache.spark.sql.catalyst.plans.logical.AnalysisHelper.resolveOperatorsWithPruning$(AnalysisHelper.scala:97)
execute	Execute Action	2026-09-26T09:28:24.8700506Z [pod/manual-maintenance-20260926-091315-phtnw/maintenance] 	at org.apache.spark.sql.catalyst.plans.logical.LogicalPlan.resolveOperatorsWithPruning(LogicalPlan.scala:37)
execute	Execute Action	2026-09-26T09:28:24.8701117Z [pod/manual-maintenance-20260926-091315-phtnw/maintenance] 	at org.apache.spark.sql.catalyst.plans.logical.AnalysisHelper.resolveOperators(AnalysisHelper.scala:77)
execute	Execute Action	2026-09-26T09:28:24.8701952Z [pod/manual-maintenance-20260926-091315-phtnw/maintenance] 	at org.apache.spark.sql.catalyst.plans.logical.AnalysisHelper.resolveOperators$(AnalysisHelper.scala:76)
execute	Execute Action	2026-09-26T09:28:24.8702544Z [pod/manual-maintenance-20260926-091315-phtnw/maintenance] 	at org.apache.spark.sql.catalyst.plans.logical.LogicalPlan.resolveOperators(LogicalPlan.scala:37)
execute	Execute Action	2026-09-26T09:28:24.8703101Z [pod/manual-maintenance-20260926-091315-phtnw/maintenance] 	at org.apache.spark.sql.catalyst.analysis.InvokeProcedures.apply(InvokeProcedures.scala:36)
execute	Execute Action	2026-09-26T09:28:24.8703820Z [pod/manual-maintenance-20260926-091315-phtnw/maintenance] 	at org.apache.spark.sql.catalyst.analysis.InvokeProcedures.apply(InvokeProcedures.scala:34)
execute	Execute Action	2026-09-26T09:28:24.8704378Z [pod/manual-maintenance-20260926-091315-phtnw/maintenance] 	at org.apache.spark.sql.catalyst.rules.RuleExecutor.$anonfun$execute$2(RuleExecutor.scala:242)
execute	Execute Action	2026-09-26T09:28:24.8704814Z [pod/manual-maintenance-20260926-091315-phtnw/maintenance] 	at scala.collection.LinearSeqOps.foldLeft(LinearSeq.scala:183)
execute	Execute Action	2026-09-26T09:28:24.8705254Z [pod/manual-maintenance-20260926-091315-phtnw/maintenance] 	at scala.collection.LinearSeqOps.foldLeft$(LinearSeq.scala:179)
execute	Execute Action	2026-09-26T09:28:24.8705675Z [pod/manual-maintenance-20260926-091315-phtnw/maintenance] 	at scala.collection.immutable.List.foldLeft(List.scala:79)
execute	Execute Action	2026-09-26T09:28:24.8706221Z [pod/manual-maintenance-20260926-091315-phtnw/maintenance] 	at org.apache.spark.sql.catalyst.rules.RuleExecutor.$anonfun$execute$1(RuleExecutor.scala:239)
execute	Execute Action	2026-09-26T09:28:24.8706809Z [pod/manual-maintenance-20260926-091315-phtnw/maintenance] 	at org.apache.spark.sql.catalyst.rules.RuleExecutor.$anonfun$execute$1$adapted(RuleExecutor.scala:231)
execute	Execute Action	2026-09-26T09:28:24.8707220Z [pod/manual-maintenance-20260926-091315-phtnw/maintenance] 	at scala.collection.immutable.List.foreach(List.scala:334)
execute	Execute Action	2026-09-26T09:28:24.8707741Z [pod/manual-maintenance-20260926-091315-phtnw/maintenance] 	at org.apache.spark.sql.catalyst.rules.RuleExecutor.execute(RuleExecutor.scala:231)
execute	Execute Action	2026-09-26T09:28:24.8708450Z [pod/manual-maintenance-20260926-091315-phtnw/maintenance] 	at org.apache.spark.sql.catalyst.analysis.Analyzer.org$apache$spark$sql$catalyst$analysis$Analyzer$$executeSameContext(Analyzer.scala:340)
execute	Execute Action	2026-09-26T09:28:24.8708976Z [pod/manual-maintenance-20260926-091315-phtnw/maintenance] 	at org.apache.spark.sql.catalyst.analysis.Analyzer.$anonfun$execute$1(Analyzer.scala:336)
execute	Execute Action	2026-09-26T09:28:24.8709564Z [pod/manual-maintenance-20260926-091315-phtnw/maintenance] 	at org.apache.spark.sql.catalyst.analysis.AnalysisContext$.withNewAnalysisContext(Analyzer.scala:234)
execute	Execute Action	2026-09-26T09:28:24.8710171Z [pod/manual-maintenance-20260926-091315-phtnw/maintenance] 	at org.apache.spark.sql.catalyst.analysis.Analyzer.execute(Analyzer.scala:336)
execute	Execute Action	2026-09-26T09:28:24.8710667Z [pod/manual-maintenance-20260926-091315-phtnw/maintenance] 	at org.apache.spark.sql.catalyst.analysis.Analyzer.execute(Analyzer.scala:299)
execute	Execute Action	2026-09-26T09:28:24.8711260Z [pod/manual-maintenance-20260926-091315-phtnw/maintenance] 	at org.apache.spark.sql.catalyst.rules.RuleExecutor.$anonfun$executeAndTrack$1(RuleExecutor.scala:201)
execute	Execute Action	2026-09-26T09:28:24.8712090Z [pod/manual-maintenance-20260926-091315-phtnw/maintenance] 	at org.apache.spark.sql.catalyst.QueryPlanningTracker$.withTracker(QueryPlanningTracker.scala:89)
execute	Execute Action	2026-09-26T09:28:24.8712660Z [pod/manual-maintenance-20260926-091315-phtnw/maintenance] 	at org.apache.spark.sql.catalyst.rules.RuleExecutor.executeAndTrack(RuleExecutor.scala:201)
execute	Execute Action	2026-09-26T09:28:24.8713334Z [pod/manual-maintenance-20260926-091315-phtnw/maintenance] 	at org.apache.spark.sql.catalyst.analysis.resolver.HybridAnalyzer.resolveInFixedPoint(HybridAnalyzer.scala:190)
execute	Execute Action	2026-09-26T09:28:24.8713950Z [pod/manual-maintenance-20260926-091315-phtnw/maintenance] 	at org.apache.spark.sql.catalyst.analysis.resolver.HybridAnalyzer.$anonfun$apply$1(HybridAnalyzer.scala:76)
execute	Execute Action	2026-09-26T09:28:24.8714662Z [pod/manual-maintenance-20260926-091315-phtnw/maintenance] 	at org.apache.spark.sql.catalyst.analysis.resolver.HybridAnalyzer.withTrackedAnalyzerBridgeState(HybridAnalyzer.scala:111)
execute	Execute Action	2026-09-26T09:28:24.8715245Z [pod/manual-maintenance-20260926-091315-phtnw/maintenance] 	at org.apache.spark.sql.catalyst.analysis.resolver.HybridAnalyzer.apply(HybridAnalyzer.scala:71)
execute	Execute Action	2026-09-26T09:28:24.8715805Z [pod/manual-maintenance-20260926-091315-phtnw/maintenance] 	at org.apache.spark.sql.catalyst.analysis.Analyzer.$anonfun$executeAndCheck$1(Analyzer.scala:330)
execute	Execute Action	2026-09-26T09:28:24.8716530Z [pod/manual-maintenance-20260926-091315-phtnw/maintenance] 	at org.apache.spark.sql.catalyst.plans.logical.AnalysisHelper$.markInAnalyzer(AnalysisHelper.scala:423)
execute	Execute Action	2026-09-26T09:28:24.8717071Z [pod/manual-maintenance-20260926-091315-phtnw/maintenance] 	at org.apache.spark.sql.catalyst.analysis.Analyzer.executeAndCheck(Analyzer.scala:330)
execute	Execute Action	2026-09-26T09:28:24.8717635Z [pod/manual-maintenance-20260926-091315-phtnw/maintenance] 	at org.apache.spark.sql.execution.QueryExecution.$anonfun$lazyAnalyzed$2(QueryExecution.scala:110)
execute	Execute Action	2026-09-26T09:28:24.8718226Z [pod/manual-maintenance-20260926-091315-phtnw/maintenance] 	at org.apache.spark.sql.catalyst.QueryPlanningTracker.measurePhase(QueryPlanningTracker.scala:148)
execute	Execute Action	2026-09-26T09:28:24.8718784Z [pod/manual-maintenance-20260926-091315-phtnw/maintenance] 	at org.apache.spark.sql.execution.QueryExecution.$anonfun$executePhase$2(QueryExecution.scala:278)
execute	Execute Action	2026-09-26T09:28:24.8719332Z [pod/manual-maintenance-20260926-091315-phtnw/maintenance] 	at org.apache.spark.sql.execution.QueryExecution$.withInternalError(QueryExecution.scala:654)
execute	Execute Action	2026-09-26T09:28:24.8719902Z [pod/manual-maintenance-20260926-091315-phtnw/maintenance] 	at org.apache.spark.sql.execution.QueryExecution.$anonfun$executePhase$1(QueryExecution.scala:278)
execute	Execute Action	2026-09-26T09:28:24.8720370Z [pod/manual-maintenance-20260926-091315-phtnw/maintenance] 	at org.apache.spark.sql.SparkSession.withActive(SparkSession.scala:804)
execute	Execute Action	2026-09-26T09:28:24.8720910Z [pod/manual-maintenance-20260926-091315-phtnw/maintenance] 	at org.apache.spark.sql.execution.QueryExecution.executePhase(QueryExecution.scala:277)
execute	Execute Action	2026-09-26T09:28:24.8721756Z [pod/manual-maintenance-20260926-091315-phtnw/maintenance] 	at org.apache.spark.sql.execution.QueryExecution.$anonfun$lazyAnalyzed$1(QueryExecution.scala:110)
execute	Execute Action	2026-09-26T09:28:24.8722124Z [pod/manual-maintenance-20260926-091315-phtnw/maintenance] 	at scala.util.Try$.apply(Try.scala:217)
execute	Execute Action	2026-09-26T09:28:24.8722605Z [pod/manual-maintenance-20260926-091315-phtnw/maintenance] 	at org.apache.spark.util.Utils$.doTryWithCallerStacktrace(Utils.scala:1378)
execute	Execute Action	2026-09-26T09:28:24.8723223Z [pod/manual-maintenance-20260926-091315-phtnw/maintenance] 	at org.apache.spark.util.LazyTry.tryT$lzycompute(LazyTry.scala:46)
execute	Execute Action	2026-09-26T09:28:24.8723630Z [pod/manual-maintenance-20260926-091315-phtnw/maintenance] 	at org.apache.spark.util.LazyTry.tryT(LazyTry.scala:46)
execute	Execute Action	2026-09-26T09:28:24.8724025Z [pod/manual-maintenance-20260926-091315-phtnw/maintenance] 	at org.apache.spark.util.LazyTry.get(LazyTry.scala:58)
execute	Execute Action	2026-09-26T09:28:24.8724548Z [pod/manual-maintenance-20260926-091315-phtnw/maintenance] 	at org.apache.spark.sql.execution.QueryExecution.analyzed(QueryExecution.scala:121)
execute	Execute Action	2026-09-26T09:28:24.8725087Z [pod/manual-maintenance-20260926-091315-phtnw/maintenance] 	at org.apache.spark.sql.execution.QueryExecution.assertAnalyzed(QueryExecution.scala:80)
execute	Execute Action	2026-09-26T09:28:24.8725567Z [pod/manual-maintenance-20260926-091315-phtnw/maintenance] 	at org.apache.spark.sql.classic.Dataset$.$anonfun$ofRows$5(Dataset.scala:139)
execute	Execute Action	2026-09-26T09:28:24.8726050Z [pod/manual-maintenance-20260926-091315-phtnw/maintenance] 	at org.apache.spark.sql.SparkSession.withActive(SparkSession.scala:804)
execute	Execute Action	2026-09-26T09:28:24.8726487Z [pod/manual-maintenance-20260926-091315-phtnw/maintenance] 	at org.apache.spark.sql.classic.Dataset$.ofRows(Dataset.scala:136)
execute	Execute Action	2026-09-26T09:28:24.8726994Z [pod/manual-maintenance-20260926-091315-phtnw/maintenance] 	at org.apache.spark.sql.classic.SparkSession.$anonfun$sql$1(SparkSession.scala:462)
execute	Execute Action	2026-09-26T09:28:24.8727453Z [pod/manual-maintenance-20260926-091315-phtnw/maintenance] 	at org.apache.spark.sql.SparkSession.withActive(SparkSession.scala:804)
execute	Execute Action	2026-09-26T09:28:24.8727924Z [pod/manual-maintenance-20260926-091315-phtnw/maintenance] 	at org.apache.spark.sql.classic.SparkSession.sql(SparkSession.scala:449)
execute	Execute Action	2026-09-26T09:28:24.8728394Z [pod/manual-maintenance-20260926-091315-phtnw/maintenance] 	at org.apache.spark.sql.classic.SparkSession.sql(SparkSession.scala:467)
execute	Execute Action	2026-09-26T09:28:24.8728989Z [pod/manual-maintenance-20260926-091315-phtnw/maintenance] 	at jdk.internal.reflect.GeneratedMethodAccessor93.invoke(Unknown Source)
execute	Execute Action	2026-09-26T09:28:24.8729623Z [pod/manual-maintenance-20260926-091315-phtnw/maintenance] 	at java.base/jdk.internal.reflect.DelegatingMethodAccessorImpl.invoke(DelegatingMethodAccessorImpl.java:43)
execute	Execute Action	2026-09-26T09:28:24.8730047Z [pod/manual-maintenance-20260926-091315-phtnw/maintenance] 	at java.base/java.lang.reflect.Method.invoke(Method.java:569)
execute	Execute Action	2026-09-26T09:28:24.8730491Z [pod/manual-maintenance-20260926-091315-phtnw/maintenance] 	at py4j.reflection.MethodInvoker.invoke(MethodInvoker.java:244)
execute	Execute Action	2026-09-26T09:28:24.8730946Z [pod/manual-maintenance-20260926-091315-phtnw/maintenance] 	at py4j.reflection.ReflectionEngine.invoke(ReflectionEngine.java:374)
execute	Execute Action	2026-09-26T09:28:24.8731300Z [pod/manual-maintenance-20260926-091315-phtnw/maintenance] 	at py4j.Gateway.invoke(Gateway.java:282)
execute	Execute Action	2026-09-26T09:28:24.8731919Z [pod/manual-maintenance-20260926-091315-phtnw/maintenance] 	at py4j.commands.AbstractCommand.invokeMethod(AbstractCommand.java:132)
execute	Execute Action	2026-09-26T09:28:24.8732348Z [pod/manual-maintenance-20260926-091315-phtnw/maintenance] 	at py4j.commands.CallCommand.execute(CallCommand.java:79)
execute	Execute Action	2026-09-26T09:28:24.8732857Z [pod/manual-maintenance-20260926-091315-phtnw/maintenance] 	at py4j.ClientServerConnection.waitForCommands(ClientServerConnection.java:184)
execute	Execute Action	2026-09-26T09:28:24.8733316Z [pod/manual-maintenance-20260926-091315-phtnw/maintenance] 	at py4j.ClientServerConnection.run(ClientServerConnection.java:108)
execute	Execute Action	2026-09-26T09:28:24.8733701Z [pod/manual-maintenance-20260926-091315-phtnw/maintenance] 	at java.base/java.lang.Thread.run(Thread.java:840)
execute	Execute Action	2026-09-26T09:28:24.8734646Z [pod/manual-maintenance-20260926-091315-phtnw/maintenance] 26/09/26 09:28:18 INFO HttpRequestRetryExec: ex-0000000029 http://rustfs-svc.rustfs.svc.cluster.local:9000 responded with status 500; request will be automatically re-executed in 1028 MILLISECONDS (exec count 2)
execute	Execute Action	2026-09-26T09:28:24.8735566Z [pod/manual-maintenance-20260926-091315-phtnw/maintenance] 26/09/26 09:28:20 INFO HttpRequestRetryExec: ex-0000000029 http://rustfs-svc.rustfs.svc.cluster.local:9000 responded with status 500; request will be automatically re-executed in 2077 MILLISECONDS (exec count 3)
execute	Execute Action	2026-09-26T09:28:24.8736608Z [pod/manual-maintenance-20260926-091315-phtnw/maintenance] 26/09/26 09:28:22 INFO HttpRequestRetryExec: ex-0000000029 http://rustfs-svc.rustfs.svc.cluster.local:9000 responded with status 500; request will be automatically re-executed in 4288 MILLISECONDS (exec count 4)
execute	Execute Action	2026-09-26T09:28:24.8737027Z ❌ manual-maintenance-20260926-091315 did not complete successfully
execute	Execute Action	2026-09-26T09:28:24.8747483Z ##[error]Process completed with exit code 1.
execute	Post Setup Tailscale	﻿2026-09-26T09:28:24.8868288Z Post job cleanup.
execute	Post Setup Tailscale	2026-09-26T09:28:24.9509925Z ##[group]Cleaning up Tailscale
execute	Post Setup Tailscale	2026-09-26T09:28:24.9510920Z 🔄 Logging out of Tailscale...
execute	Post Setup Tailscale	2026-09-26T09:28:24.9648759Z Running: sudo -E tailscale logout
execute	Post Setup Tailscale	2026-09-26T09:28:25.2115241Z ✅ Successfully logged out of Tailscale
execute	Post Setup Tailscale	2026-09-26T09:28:25.2116180Z Stopping tailscale
execute	Post Setup Tailscale	2026-09-26T09:28:25.3426593Z ✅ Stopped tailscale
execute	Post Setup Tailscale	2026-09-26T09:28:25.3427776Z ##[endgroup]
execute	Post Run actions/checkout@v4	﻿2026-09-26T09:28:25.3574649Z Post job cleanup.
execute	Post Run actions/checkout@v4	2026-09-26T09:28:25.4441491Z [command]/usr/bin/git version
execute	Post Run actions/checkout@v4	2026-09-26T09:28:25.4494310Z git version 2.55.0
execute	Post Run actions/checkout@v4	2026-09-26T09:28:25.4541077Z Temporarily overriding HOME='/home/runner/work/_temp/d481bd91-e75a-4567-9b78-b97414710c63' before making global git config changes
execute	Post Run actions/checkout@v4	2026-09-26T09:28:25.4543323Z Adding repository directory to the temporary git global config as a safe directory
execute	Post Run actions/checkout@v4	2026-09-26T09:28:25.4549731Z [command]/usr/bin/git config --global --add safe.directory /home/runner/work/***/***
execute	Post Run actions/checkout@v4	2026-09-26T09:28:25.4590046Z [command]/usr/bin/git config --local --name-only --get-regexp core\.sshCommand
execute	Post Run actions/checkout@v4	2026-09-26T09:28:25.4629777Z [command]/usr/bin/git submodule foreach --recursive sh -c "git config --local --name-only --get-regexp 'core\.sshCommand' && git config --local --unset-all 'core.sshCommand' || :"
execute	Post Run actions/checkout@v4	2026-09-26T09:28:25.4877940Z [command]/usr/bin/git config --local --name-only --get-regexp http\.https\:\/\/github\.com\/\.extraheader
execute	Post Run actions/checkout@v4	2026-09-26T09:28:25.4907962Z http.https://github.com/.extraheader
execute	Post Run actions/checkout@v4	2026-09-26T09:28:25.4920112Z [command]/usr/bin/git config --local --unset-all http.https://github.com/.extraheader
execute	Post Run actions/checkout@v4	2026-09-26T09:28:25.4957351Z [command]/usr/bin/git submodule foreach --recursive sh -c "git config --local --name-only --get-regexp 'http\.https\:\/\/github\.com\/\.extraheader' && git config --local --unset-all 'http.https://github.com/.extraheader' || :"
execute	Post Run actions/checkout@v4	2026-09-26T09:28:25.5248972Z [command]/usr/bin/git config --local --name-only --get-regexp ^includeIf\.gitdir:
execute	Post Run actions/checkout@v4	2026-09-26T09:28:25.5291062Z [command]/usr/bin/git submodule foreach --recursive git config --local --show-origin --name-only --get-regexp remote.origin.url
execute	Complete job	﻿2026-09-26T09:28:25.5704268Z Cleaning up orphan processes
execute	Complete job	2026-09-26T09:28:25.6022788Z ##[warning]Node.js 20 is deprecated. The following actions target Node.js 20 but are being forced to run on Node.js 24: actions/checkout@v4, azure/setup-helm@v4, azure/setup-kubectl@v4. For more information see: https://github.blog/changelog/2025-09-19-deprecation-of-node-20-on-github-actions-runners/
