Execute Action	2026-09-26T09:07:14.1286673Z → kubectl logs pod/manual-maintenance-20260926-085159-qv4pp --tail=2000
Execute Action	2026-09-26T09:07:15.1405769Z 26/09/26 09:07:13 DEBUG ExecutionInterceptorChain: Interceptor 'software.amazon.awssdk.services.s3.internal.handlers.EnableTrailingChecksumInterceptor@46bbec6a' modified the message with its modifyHttpRequest method.
Execute Action	2026-09-26T09:07:15.1407839Z 26/09/26 09:07:13 DEBUG requestId: Received successful response: 206, Request ID: 753caf60-9fca-4594-83d8-214651da5214, Extended Request ID: not available
Execute Action	2026-09-26T09:07:15.1409822Z 26/09/26 09:07:13 DEBUG request: Received successful response: 206, Request ID: 753caf60-9fca-4594-83d8-214651da5214, Extended Request ID: not available
Execute Action	2026-09-26T09:07:15.1412359Z 26/09/26 09:07:13 DEBUG request: Sending Request: DefaultSdkHttpFullRequest(httpMethod=GET, protocol=http, host=rustfs-svc.rustfs.svc.cluster.local, port=9000, encodedPath=/datalake/tables/305c440c-c4c6-4821-b74a-504dd009c463/metadata/b06e3600-c27c-4d9e-85a6-80f2eb676e90-m0.avro, headers=[amz-sdk-invocation-id, Range, User-Agent, x-amz-te], queryParameters=[])
Execute Action	2026-09-26T09:07:15.1414688Z 26/09/26 09:07:13 DEBUG SigningStage: Using SelectedAuthScheme: aws.auth#sigv4
Execute Action	2026-09-26T09:07:15.1415654Z 26/09/26 09:07:13 DEBUG DefaultV4RequestSigner: AWS4 Canonical Request: GET
Execute Action	2026-09-26T09:07:15.1417211Z /datalake/tables/305c440c-c4c6-4821-b74a-504dd009c463/metadata/b06e3600-c27c-4d9e-85a6-80f2eb676e90-m0.avro
Execute Action	2026-09-26T09:07:15.1418059Z 
Execute Action	2026-09-26T09:07:15.1419136Z amz-sdk-invocation-id:efcd11c8-37ab-4ee7-b2c6-42e111628d25
Execute Action	2026-09-26T09:07:15.1419965Z amz-sdk-request:attempt=1; max=6
Execute Action	2026-09-26T09:07:15.1420733Z host:rustfs-svc.rustfs.svc.cluster.local:9000
Execute Action	2026-09-26T09:07:15.1421323Z range:bytes=0-
Execute Action	2026-09-26T09:07:15.1421867Z x-amz-checksum-crc32:AAAAAA==
Execute Action	2026-09-26T09:07:15.1422864Z x-amz-content-sha256:UNSIGNED-PAYLOAD
Execute Action	2026-09-26T09:07:15.1423775Z x-amz-date:20260926T090713Z
Execute Action	2026-09-26T09:07:15.1424548Z x-amz-te:append-md5
Execute Action	2026-09-26T09:07:15.1425098Z 
Execute Action	2026-09-26T09:07:15.1425805Z amz-sdk-invocation-id;amz-sdk-request;host;range;x-amz-checksum-crc32;x-amz-content-sha256;x-amz-date;x-amz-te
Execute Action	2026-09-26T09:07:15.1426563Z UNSIGNED-PAYLOAD
Execute Action	2026-09-26T09:07:15.1427498Z 26/09/26 09:07:13 DEBUG DefaultV4RequestSigner: AWS4 Canonical Request Hash: 32674ef5a656d85cc317ac217a423feefcaaaf7b50de449daf1866b82877b6cf
Execute Action	2026-09-26T09:07:15.1428756Z 26/09/26 09:07:13 DEBUG DefaultV4RequestSigner: AWS4 String to sign: AWS4-HMAC-SHA256
Execute Action	2026-09-26T09:07:15.1429491Z 20260926T090713Z
Execute Action	2026-09-26T09:07:15.1430018Z 20260926/us-east-1/s3/aws4_request
Execute Action	2026-09-26T09:07:15.1431128Z 32674ef5a656d85cc317ac217a423feefcaaaf7b50de449daf1866b82877b6cf
Execute Action	2026-09-26T09:07:15.1439066Z 26/09/26 09:07:13 DEBUG ExecutionInterceptorChain: Creating an interceptor chain that will apply interceptors in the following order: [software.amazon.awssdk.core.internal.interceptor.HttpChecksumValidationInterceptor@1b42f03, software.amazon.awssdk.awscore.interceptor.HelpfulUnknownHostExceptionInterceptor@14295ba6, software.amazon.awssdk.awscore.eventstream.EventStreamInitialRequestInterceptor@25b51297, software.amazon.awssdk.awscore.interceptor.TraceIdExecutionInterceptor@1e16a17b, software.amazon.awssdk.services.s3.auth.scheme.internal.S3AuthSchemeInterceptor@3efa598d, software.amazon.awssdk.services.s3.endpoints.internal.S3ResolveEndpointInterceptor@60d0c19f, software.amazon.awssdk.services.s3.endpoints.internal.S3RequestSetEndpointInterceptor@6dfc56b8, software.amazon.awssdk.services.s3.internal.handlers.StreamingRequestInterceptor@464a2f05, software.amazon.awssdk.services.s3.internal.handlers.CreateBucketInterceptor@2a902070, software.amazon.awssdk.services.s3.internal.handlers.CreateMultipartUploadRequestInterceptor@4c2ad084, software.amazon.awssdk.services.s3.internal.handlers.DecodeUrlEncodedResponseInterceptor@436c162f, software.amazon.awssdk.services.s3.internal.handlers.GetBucketPolicyInterceptor@54493b40, software.amazon.awssdk.services.s3.internal.handlers.AsyncChecksumValidationInterceptor@7ff11219, software.amazon.awssdk.services.s3.internal.handlers.SyncChecksumValidationInterceptor@65c55393, software.amazon.awssdk.services.s3.internal.handlers.EnableTrailingChecksumInterceptor@46bbec6a, software.amazon.awssdk.services.s3.internal.handlers.ExceptionTranslationInterceptor@5bb55cc6, software.amazon.awssdk.services.s3.internal.handlers.GetObjectInterceptor@2ca3ec73, software.amazon.awssdk.services.s3.internal.handlers.ObjectMetadataInterceptor@63b57bbf]
Execute Action	2026-09-26T09:07:15.1448645Z 26/09/26 09:07:13 DEBUG ExecutionInterceptorChain: Interceptor 'software.amazon.awssdk.services.s3.endpoints.internal.S3RequestSetEndpointInterceptor@6dfc56b8' modified the message with its modifyHttpRequest method.
Execute Action	2026-09-26T09:07:15.1451077Z 26/09/26 09:07:13 DEBUG ExecutionInterceptorChain: Interceptor 'software.amazon.awssdk.services.s3.internal.handlers.EnableTrailingChecksumInterceptor@46bbec6a' modified the message with its modifyHttpRequest method.
Execute Action	2026-09-26T09:07:15.1453174Z 26/09/26 09:07:13 DEBUG request: Sending Request: DefaultSdkHttpFullRequest(httpMethod=GET, protocol=http, host=rustfs-svc.rustfs.svc.cluster.local, port=9000, encodedPath=/datalake/tables/305c440c-c4c6-4821-b74a-504dd009c463/metadata/dd33cd50-3872-4515-86e2-f1cd3a36e0d4-m0.avro, headers=[amz-sdk-invocation-id, Range, User-Agent, x-amz-te], queryParameters=[])
Execute Action	2026-09-26T09:07:15.1454731Z 26/09/26 09:07:13 DEBUG SigningStage: Using SelectedAuthScheme: aws.auth#sigv4
Execute Action	2026-09-26T09:07:15.1455509Z 26/09/26 09:07:13 DEBUG DefaultV4RequestSigner: AWS4 Canonical Request: GET
Execute Action	2026-09-26T09:07:15.1456365Z /datalake/tables/305c440c-c4c6-4821-b74a-504dd009c463/metadata/dd33cd50-3872-4515-86e2-f1cd3a36e0d4-m0.avro
Execute Action	2026-09-26T09:07:15.1457036Z 
Execute Action	2026-09-26T09:07:15.1457583Z amz-sdk-invocation-id:dfb1b1f3-a158-8ec8-18f8-f3635917c0da
Execute Action	2026-09-26T09:07:15.1458210Z amz-sdk-request:attempt=1; max=6
Execute Action	2026-09-26T09:07:15.1458826Z host:rustfs-svc.rustfs.svc.cluster.local:9000
Execute Action	2026-09-26T09:07:15.1459391Z range:bytes=0-
Execute Action	2026-09-26T09:07:15.1459902Z x-amz-checksum-crc32:AAAAAA==
Execute Action	2026-09-26T09:07:15.1460633Z x-amz-content-sha256:UNSIGNED-PAYLOAD
Execute Action	2026-09-26T09:07:15.1461192Z x-amz-date:20260926T090713Z
Execute Action	2026-09-26T09:07:15.1461712Z x-amz-te:append-md5
Execute Action	2026-09-26T09:07:15.1462161Z 
Execute Action	2026-09-26T09:07:15.1462950Z amz-sdk-invocation-id;amz-sdk-request;host;range;x-amz-checksum-crc32;x-amz-content-sha256;x-amz-date;x-amz-te
Execute Action	2026-09-26T09:07:15.1463691Z UNSIGNED-PAYLOAD
Execute Action	2026-09-26T09:07:15.1464491Z 26/09/26 09:07:13 DEBUG DefaultV4RequestSigner: AWS4 Canonical Request Hash: 7e05884897c89a38c0bb4dd58370a34b96e30255cfea9816e5c3795f43cc51a4
Execute Action	2026-09-26T09:07:15.1465475Z 26/09/26 09:07:13 DEBUG DefaultV4RequestSigner: AWS4 String to sign: AWS4-HMAC-SHA256
Execute Action	2026-09-26T09:07:15.1466106Z 20260926T090713Z
Execute Action	2026-09-26T09:07:15.1466620Z 20260926/us-east-1/s3/aws4_request
Execute Action	2026-09-26T09:07:15.1467268Z 7e05884897c89a38c0bb4dd58370a34b96e30255cfea9816e5c3795f43cc51a4
Execute Action	2026-09-26T09:07:15.1468209Z 26/09/26 09:07:13 DEBUG requestId: Received successful response: 206, Request ID: e1f66284-f0ed-404b-9c99-f74a4fdf98d9, Extended Request ID: not available
Execute Action	2026-09-26T09:07:15.1469323Z 26/09/26 09:07:13 DEBUG request: Received successful response: 206, Request ID: e1f66284-f0ed-404b-9c99-f74a4fdf98d9, Extended Request ID: not available
Execute Action	2026-09-26T09:07:15.1475954Z 26/09/26 09:07:13 DEBUG ExecutionInterceptorChain: Creating an interceptor chain that will apply interceptors in the following order: [software.amazon.awssdk.core.internal.interceptor.HttpChecksumValidationInterceptor@1b42f03, software.amazon.awssdk.awscore.interceptor.HelpfulUnknownHostExceptionInterceptor@14295ba6, software.amazon.awssdk.awscore.eventstream.EventStreamInitialRequestInterceptor@25b51297, software.amazon.awssdk.awscore.interceptor.TraceIdExecutionInterceptor@1e16a17b, software.amazon.awssdk.services.s3.auth.scheme.internal.S3AuthSchemeInterceptor@3efa598d, software.amazon.awssdk.services.s3.endpoints.internal.S3ResolveEndpointInterceptor@60d0c19f, software.amazon.awssdk.services.s3.endpoints.internal.S3RequestSetEndpointInterceptor@6dfc56b8, software.amazon.awssdk.services.s3.internal.handlers.StreamingRequestInterceptor@464a2f05, software.amazon.awssdk.services.s3.internal.handlers.CreateBucketInterceptor@2a902070, software.amazon.awssdk.services.s3.internal.handlers.CreateMultipartUploadRequestInterceptor@4c2ad084, software.amazon.awssdk.services.s3.internal.handlers.DecodeUrlEncodedResponseInterceptor@436c162f, software.amazon.awssdk.services.s3.internal.handlers.GetBucketPolicyInterceptor@54493b40, software.amazon.awssdk.services.s3.internal.handlers.AsyncChecksumValidationInterceptor@7ff11219, software.amazon.awssdk.services.s3.internal.handlers.SyncChecksumValidationInterceptor@65c55393, software.amazon.awssdk.services.s3.internal.handlers.EnableTrailingChecksumInterceptor@46bbec6a, software.amazon.awssdk.services.s3.internal.handlers.ExceptionTranslationInterceptor@5bb55cc6, software.amazon.awssdk.services.s3.internal.handlers.GetObjectInterceptor@2ca3ec73, software.amazon.awssdk.services.s3.internal.handlers.ObjectMetadataInterceptor@63b57bbf]
Execute Action	2026-09-26T09:07:15.1482809Z 26/09/26 09:07:13 DEBUG ExecutionInterceptorChain: Interceptor 'software.amazon.awssdk.services.s3.endpoints.internal.S3RequestSetEndpointInterceptor@6dfc56b8' modified the message with its modifyHttpRequest method.
Execute Action	2026-09-26T09:07:15.1484532Z 26/09/26 09:07:13 DEBUG ExecutionInterceptorChain: Interceptor 'software.amazon.awssdk.services.s3.internal.handlers.EnableTrailingChecksumInterceptor@46bbec6a' modified the message with its modifyHttpRequest method.
Execute Action	2026-09-26T09:07:15.1485973Z 26/09/26 09:07:13 DEBUG requestId: Received successful response: 206, Request ID: 1f21c0b2-3966-43dd-8820-4a5ac75c71f9, Extended Request ID: not available
Execute Action	2026-09-26T09:07:15.1487099Z 26/09/26 09:07:13 DEBUG request: Received successful response: 206, Request ID: 1f21c0b2-3966-43dd-8820-4a5ac75c71f9, Extended Request ID: not available
Execute Action	2026-09-26T09:07:15.1488817Z 26/09/26 09:07:13 DEBUG request: Sending Request: DefaultSdkHttpFullRequest(httpMethod=GET, protocol=http, host=rustfs-svc.rustfs.svc.cluster.local, port=9000, encodedPath=/datalake/tables/305c440c-c4c6-4821-b74a-504dd009c463/metadata/9bb82d1f-848a-45c7-89c9-9dc4cb31a81c-m0.avro, headers=[amz-sdk-invocation-id, Range, User-Agent, x-amz-te], queryParameters=[])
Execute Action	2026-09-26T09:07:15.1490338Z 26/09/26 09:07:13 DEBUG SigningStage: Using SelectedAuthScheme: aws.auth#sigv4
Execute Action	2026-09-26T09:07:15.1491101Z 26/09/26 09:07:13 DEBUG DefaultV4RequestSigner: AWS4 Canonical Request: GET
Execute Action	2026-09-26T09:07:15.1491937Z /datalake/tables/305c440c-c4c6-4821-b74a-504dd009c463/metadata/9bb82d1f-848a-45c7-89c9-9dc4cb31a81c-m0.avro
Execute Action	2026-09-26T09:07:15.1492808Z 
Execute Action	2026-09-26T09:07:15.1493358Z amz-sdk-invocation-id:e725d585-d01d-cc0e-50f5-472b9580fcb2
Execute Action	2026-09-26T09:07:15.1493999Z amz-sdk-request:attempt=1; max=6
Execute Action	2026-09-26T09:07:15.1494609Z host:rustfs-svc.rustfs.svc.cluster.local:9000
Execute Action	2026-09-26T09:07:15.1495173Z range:bytes=0-
Execute Action	2026-09-26T09:07:15.1495678Z x-amz-checksum-crc32:AAAAAA==
Execute Action	2026-09-26T09:07:15.1496243Z x-amz-content-sha256:UNSIGNED-PAYLOAD
Execute Action	2026-09-26T09:07:15.1497016Z x-amz-date:20260926T090713Z
Execute Action	2026-09-26T09:07:15.1497771Z x-amz-te:append-md5
Execute Action	2026-09-26T09:07:15.1498220Z 
Execute Action	2026-09-26T09:07:15.1498914Z amz-sdk-invocation-id;amz-sdk-request;host;range;x-amz-checksum-crc32;x-amz-content-sha256;x-amz-date;x-amz-te
Execute Action	2026-09-26T09:07:15.1499634Z UNSIGNED-PAYLOAD
Execute Action	2026-09-26T09:07:15.1500438Z 26/09/26 09:07:13 DEBUG DefaultV4RequestSigner: AWS4 Canonical Request Hash: c77fc4be09da37623fe7d6739cd7af68c30453e23510bac8a2781216823b6ae5
Execute Action	2026-09-26T09:07:15.1501393Z 26/09/26 09:07:13 DEBUG DefaultV4RequestSigner: AWS4 String to sign: AWS4-HMAC-SHA256
Execute Action	2026-09-26T09:07:15.1502036Z 20260926T090713Z
Execute Action	2026-09-26T09:07:15.1502633Z 20260926/us-east-1/s3/aws4_request
Execute Action	2026-09-26T09:07:15.1503294Z c77fc4be09da37623fe7d6739cd7af68c30453e23510bac8a2781216823b6ae5
Execute Action	2026-09-26T09:07:15.1504372Z 26/09/26 09:07:13 DEBUG requestId: Received successful response: 206, Request ID: 4ad9b420-3f91-495a-a1a1-0ab41fd91ed5, Extended Request ID: not available
Execute Action	2026-09-26T09:07:15.1505488Z 26/09/26 09:07:13 DEBUG request: Received successful response: 206, Request ID: 4ad9b420-3f91-495a-a1a1-0ab41fd91ed5, Extended Request ID: not available
Execute Action	2026-09-26T09:07:15.1511834Z 26/09/26 09:07:13 DEBUG ExecutionInterceptorChain: Creating an interceptor chain that will apply interceptors in the following order: [software.amazon.awssdk.core.internal.interceptor.HttpChecksumValidationInterceptor@1b42f03, software.amazon.awssdk.awscore.interceptor.HelpfulUnknownHostExceptionInterceptor@14295ba6, software.amazon.awssdk.awscore.eventstream.EventStreamInitialRequestInterceptor@25b51297, software.amazon.awssdk.awscore.interceptor.TraceIdExecutionInterceptor@1e16a17b, software.amazon.awssdk.services.s3.auth.scheme.internal.S3AuthSchemeInterceptor@3efa598d, software.amazon.awssdk.services.s3.endpoints.internal.S3ResolveEndpointInterceptor@60d0c19f, software.amazon.awssdk.services.s3.endpoints.internal.S3RequestSetEndpointInterceptor@6dfc56b8, software.amazon.awssdk.services.s3.internal.handlers.StreamingRequestInterceptor@464a2f05, software.amazon.awssdk.services.s3.internal.handlers.CreateBucketInterceptor@2a902070, software.amazon.awssdk.services.s3.internal.handlers.CreateMultipartUploadRequestInterceptor@4c2ad084, software.amazon.awssdk.services.s3.internal.handlers.DecodeUrlEncodedResponseInterceptor@436c162f, software.amazon.awssdk.services.s3.internal.handlers.GetBucketPolicyInterceptor@54493b40, software.amazon.awssdk.services.s3.internal.handlers.AsyncChecksumValidationInterceptor@7ff11219, software.amazon.awssdk.services.s3.internal.handlers.SyncChecksumValidationInterceptor@65c55393, software.amazon.awssdk.services.s3.internal.handlers.EnableTrailingChecksumInterceptor@46bbec6a, software.amazon.awssdk.services.s3.internal.handlers.ExceptionTranslationInterceptor@5bb55cc6, software.amazon.awssdk.services.s3.internal.handlers.GetObjectInterceptor@2ca3ec73, software.amazon.awssdk.services.s3.internal.handlers.ObjectMetadataInterceptor@63b57bbf]
Execute Action	2026-09-26T09:07:15.1523872Z 26/09/26 09:07:13 DEBUG ExecutionInterceptorChain: Creating an interceptor chain that will apply interceptors in the following order: [software.amazon.awssdk.core.internal.interceptor.HttpChecksumValidationInterceptor@1b42f03, software.amazon.awssdk.awscore.interceptor.HelpfulUnknownHostExceptionInterceptor@14295ba6, software.amazon.awssdk.awscore.eventstream.EventStreamInitialRequestInterceptor@25b51297, software.amazon.awssdk.awscore.interceptor.TraceIdExecutionInterceptor@1e16a17b, software.amazon.awssdk.services.s3.auth.scheme.internal.S3AuthSchemeInterceptor@3efa598d, software.amazon.awssdk.services.s3.endpoints.internal.S3ResolveEndpointInterceptor@60d0c19f, software.amazon.awssdk.services.s3.endpoints.internal.S3RequestSetEndpointInterceptor@6dfc56b8, software.amazon.awssdk.services.s3.internal.handlers.StreamingRequestInterceptor@464a2f05, software.amazon.awssdk.services.s3.internal.handlers.CreateBucketInterceptor@2a902070, software.amazon.awssdk.services.s3.internal.handlers.CreateMultipartUploadRequestInterceptor@4c2ad084, software.amazon.awssdk.services.s3.internal.handlers.DecodeUrlEncodedResponseInterceptor@436c162f, software.amazon.awssdk.services.s3.internal.handlers.GetBucketPolicyInterceptor@54493b40, software.amazon.awssdk.services.s3.internal.handlers.AsyncChecksumValidationInterceptor@7ff11219, software.amazon.awssdk.services.s3.internal.handlers.SyncChecksumValidationInterceptor@65c55393, software.amazon.awssdk.services.s3.internal.handlers.EnableTrailingChecksumInterceptor@46bbec6a, software.amazon.awssdk.services.s3.internal.handlers.ExceptionTranslationInterceptor@5bb55cc6, software.amazon.awssdk.services.s3.internal.handlers.GetObjectInterceptor@2ca3ec73, software.amazon.awssdk.services.s3.internal.handlers.ObjectMetadataInterceptor@63b57bbf]
Execute Action	2026-09-26T09:07:15.1530699Z 26/09/26 09:07:13 DEBUG ExecutionInterceptorChain: Interceptor 'software.amazon.awssdk.services.s3.endpoints.internal.S3RequestSetEndpointInterceptor@6dfc56b8' modified the message with its modifyHttpRequest method.
Execute Action	2026-09-26T09:07:15.1532299Z 26/09/26 09:07:13 DEBUG ExecutionInterceptorChain: Interceptor 'software.amazon.awssdk.services.s3.internal.handlers.EnableTrailingChecksumInterceptor@46bbec6a' modified the message with its modifyHttpRequest method.
Execute Action	2026-09-26T09:07:15.1534342Z 26/09/26 09:07:13 DEBUG request: Sending Request: DefaultSdkHttpFullRequest(httpMethod=GET, protocol=http, host=rustfs-svc.rustfs.svc.cluster.local, port=9000, encodedPath=/datalake/tables/305c440c-c4c6-4821-b74a-504dd009c463/metadata/7106b4fb-0fff-47b4-adc7-1c188ce3a827-m0.avro, headers=[amz-sdk-invocation-id, Range, User-Agent, x-amz-te], queryParameters=[])
Execute Action	2026-09-26T09:07:15.1535869Z 26/09/26 09:07:13 DEBUG SigningStage: Using SelectedAuthScheme: aws.auth#sigv4
Execute Action	2026-09-26T09:07:15.1537085Z 26/09/26 09:07:13 DEBUG ExecutionInterceptorChain: Interceptor 'software.amazon.awssdk.services.s3.endpoints.internal.S3RequestSetEndpointInterceptor@6dfc56b8' modified the message with its modifyHttpRequest method.
Execute Action	2026-09-26T09:07:15.1538677Z 26/09/26 09:07:13 DEBUG ExecutionInterceptorChain: Interceptor 'software.amazon.awssdk.services.s3.internal.handlers.EnableTrailingChecksumInterceptor@46bbec6a' modified the message with its modifyHttpRequest method.
Execute Action	2026-09-26T09:07:15.1539959Z 26/09/26 09:07:13 DEBUG DefaultV4RequestSigner: AWS4 Canonical Request: GET
Execute Action	2026-09-26T09:07:15.1540816Z /datalake/tables/305c440c-c4c6-4821-b74a-504dd009c463/metadata/7106b4fb-0fff-47b4-adc7-1c188ce3a827-m0.avro
Execute Action	2026-09-26T09:07:15.1541509Z 
Execute Action	2026-09-26T09:07:15.1542066Z amz-sdk-invocation-id:b33c9cb3-46d4-03f9-40f5-8a2b1cfbd644
Execute Action	2026-09-26T09:07:15.1542778Z amz-sdk-request:attempt=1; max=6
Execute Action	2026-09-26T09:07:15.1543394Z host:rustfs-svc.rustfs.svc.cluster.local:9000
Execute Action	2026-09-26T09:07:15.1543956Z range:bytes=0-
Execute Action	2026-09-26T09:07:15.1544467Z x-amz-checksum-crc32:AAAAAA==
Execute Action	2026-09-26T09:07:15.1545041Z x-amz-content-sha256:UNSIGNED-PAYLOAD
Execute Action	2026-09-26T09:07:15.1545603Z x-amz-date:20260926T090713Z
Execute Action	2026-09-26T09:07:15.1546128Z x-amz-te:append-md5
Execute Action	2026-09-26T09:07:15.1546575Z 
Execute Action	2026-09-26T09:07:15.1547266Z amz-sdk-invocation-id;amz-sdk-request;host;range;x-amz-checksum-crc32;x-amz-content-sha256;x-amz-date;x-amz-te
Execute Action	2026-09-26T09:07:15.1547992Z UNSIGNED-PAYLOAD
Execute Action	2026-09-26T09:07:15.1548783Z 26/09/26 09:07:13 DEBUG DefaultV4RequestSigner: AWS4 Canonical Request Hash: 6e5ca5a35e976192c28e124b427ac5e8336f20349c7e5f546097c7d6d29ab1bb
Execute Action	2026-09-26T09:07:15.1549844Z 26/09/26 09:07:13 DEBUG DefaultV4RequestSigner: AWS4 String to sign: AWS4-HMAC-SHA256
Execute Action	2026-09-26T09:07:15.1550482Z 20260926T090713Z
Execute Action	2026-09-26T09:07:15.1550991Z 20260926/us-east-1/s3/aws4_request
Execute Action	2026-09-26T09:07:15.1551631Z 6e5ca5a35e976192c28e124b427ac5e8336f20349c7e5f546097c7d6d29ab1bb
Execute Action	2026-09-26T09:07:15.1552643Z 26/09/26 09:07:13 DEBUG requestId: Received successful response: 206, Request ID: 01352831-67ca-435e-9809-4d3aa4a2aa9d, Extended Request ID: not available
Execute Action	2026-09-26T09:07:15.1553772Z 26/09/26 09:07:13 DEBUG request: Received successful response: 206, Request ID: 01352831-67ca-435e-9809-4d3aa4a2aa9d, Extended Request ID: not available
Execute Action	2026-09-26T09:07:15.1555511Z 26/09/26 09:07:13 DEBUG request: Sending Request: DefaultSdkHttpFullRequest(httpMethod=GET, protocol=http, host=rustfs-svc.rustfs.svc.cluster.local, port=9000, encodedPath=/datalake/tables/305c440c-c4c6-4821-b74a-504dd009c463/metadata/9c0bc59b-2e31-4ccf-882f-c6d382541186-m0.avro, headers=[amz-sdk-invocation-id, Range, User-Agent, x-amz-te], queryParameters=[])
Execute Action	2026-09-26T09:07:15.1557055Z 26/09/26 09:07:13 DEBUG SigningStage: Using SelectedAuthScheme: aws.auth#sigv4
Execute Action	2026-09-26T09:07:15.1557998Z 26/09/26 09:07:13 DEBUG requestId: Received successful response: 206, Request ID: ff8904a1-b170-45a3-a838-f50b3bd5b8a1, Extended Request ID: not available
Execute Action	2026-09-26T09:07:15.1559236Z 26/09/26 09:07:13 DEBUG request: Received successful response: 206, Request ID: ff8904a1-b170-45a3-a838-f50b3bd5b8a1, Extended Request ID: not available
Execute Action	2026-09-26T09:07:15.1565629Z 26/09/26 09:07:13 DEBUG ExecutionInterceptorChain: Creating an interceptor chain that will apply interceptors in the following order: [software.amazon.awssdk.core.internal.interceptor.HttpChecksumValidationInterceptor@1b42f03, software.amazon.awssdk.awscore.interceptor.HelpfulUnknownHostExceptionInterceptor@14295ba6, software.amazon.awssdk.awscore.eventstream.EventStreamInitialRequestInterceptor@25b51297, software.amazon.awssdk.awscore.interceptor.TraceIdExecutionInterceptor@1e16a17b, software.amazon.awssdk.services.s3.auth.scheme.internal.S3AuthSchemeInterceptor@3efa598d, software.amazon.awssdk.services.s3.endpoints.internal.S3ResolveEndpointInterceptor@60d0c19f, software.amazon.awssdk.services.s3.endpoints.internal.S3RequestSetEndpointInterceptor@6dfc56b8, software.amazon.awssdk.services.s3.internal.handlers.StreamingRequestInterceptor@464a2f05, software.amazon.awssdk.services.s3.internal.handlers.CreateBucketInterceptor@2a902070, software.amazon.awssdk.services.s3.internal.handlers.CreateMultipartUploadRequestInterceptor@4c2ad084, software.amazon.awssdk.services.s3.internal.handlers.DecodeUrlEncodedResponseInterceptor@436c162f, software.amazon.awssdk.services.s3.internal.handlers.GetBucketPolicyInterceptor@54493b40, software.amazon.awssdk.services.s3.internal.handlers.AsyncChecksumValidationInterceptor@7ff11219, software.amazon.awssdk.services.s3.internal.handlers.SyncChecksumValidationInterceptor@65c55393, software.amazon.awssdk.services.s3.internal.handlers.EnableTrailingChecksumInterceptor@46bbec6a, software.amazon.awssdk.services.s3.internal.handlers.ExceptionTranslationInterceptor@5bb55cc6, software.amazon.awssdk.services.s3.internal.handlers.GetObjectInterceptor@2ca3ec73, software.amazon.awssdk.services.s3.internal.handlers.ObjectMetadataInterceptor@63b57bbf]
Execute Action	2026-09-26T09:07:15.1572312Z 26/09/26 09:07:13 DEBUG ExecutionInterceptorChain: Interceptor 'software.amazon.awssdk.services.s3.endpoints.internal.S3RequestSetEndpointInterceptor@6dfc56b8' modified the message with its modifyHttpRequest method.
Execute Action	2026-09-26T09:07:15.1575255Z 26/09/26 09:07:13 DEBUG ExecutionInterceptorChain: Interceptor 'software.amazon.awssdk.services.s3.internal.handlers.EnableTrailingChecksumInterceptor@46bbec6a' modified the message with its modifyHttpRequest method.
Execute Action	2026-09-26T09:07:15.1577389Z 26/09/26 09:07:13 DEBUG requestId: Received successful response: 206, Request ID: f7372bd5-e8e5-4a3e-a3ba-7dff23b9d438, Extended Request ID: not available
Execute Action	2026-09-26T09:07:15.1578546Z 26/09/26 09:07:13 DEBUG request: Received successful response: 206, Request ID: f7372bd5-e8e5-4a3e-a3ba-7dff23b9d438, Extended Request ID: not available
Execute Action	2026-09-26T09:07:15.1580280Z 26/09/26 09:07:13 DEBUG request: Sending Request: DefaultSdkHttpFullRequest(httpMethod=GET, protocol=http, host=rustfs-svc.rustfs.svc.cluster.local, port=9000, encodedPath=/datalake/tables/305c440c-c4c6-4821-b74a-504dd009c463/metadata/db9d3e01-85e5-4f77-8e13-de0c19bd1714-m0.avro, headers=[amz-sdk-invocation-id, Range, User-Agent, x-amz-te], queryParameters=[])
Execute Action	2026-09-26T09:07:15.1581803Z 26/09/26 09:07:13 DEBUG SigningStage: Using SelectedAuthScheme: aws.auth#sigv4
Execute Action	2026-09-26T09:07:15.1582673Z 26/09/26 09:07:13 DEBUG DefaultV4RequestSigner: AWS4 Canonical Request: GET
Execute Action	2026-09-26T09:07:15.1583542Z /datalake/tables/305c440c-c4c6-4821-b74a-504dd009c463/metadata/db9d3e01-85e5-4f77-8e13-de0c19bd1714-m0.avro
Execute Action	2026-09-26T09:07:15.1584418Z 
Execute Action	2026-09-26T09:07:15.1584978Z amz-sdk-invocation-id:75427fa2-09a5-e128-1951-c2b52cc006d6
Execute Action	2026-09-26T09:07:15.1585612Z amz-sdk-request:attempt=1; max=6
Execute Action	2026-09-26T09:07:15.1586224Z host:rustfs-svc.rustfs.svc.cluster.local:9000
Execute Action	2026-09-26T09:07:15.1586780Z range:bytes=0-
Execute Action	2026-09-26T09:07:15.1587288Z x-amz-checksum-crc32:AAAAAA==
Execute Action	2026-09-26T09:07:15.1587857Z x-amz-content-sha256:UNSIGNED-PAYLOAD
Execute Action	2026-09-26T09:07:15.1588412Z x-amz-date:20260926T090713Z
Execute Action	2026-09-26T09:07:15.1588933Z x-amz-te:append-md5
Execute Action	2026-09-26T09:07:15.1589379Z 
Execute Action	2026-09-26T09:07:15.1590064Z amz-sdk-invocation-id;amz-sdk-request;host;range;x-amz-checksum-crc32;x-amz-content-sha256;x-amz-date;x-amz-te
Execute Action	2026-09-26T09:07:15.1590793Z UNSIGNED-PAYLOAD
Execute Action	2026-09-26T09:07:15.3358018Z 26/09/26 09:07:13 DEBUG DefaultV4RequestSigner: AWS4 Canonical Request Hash: fca848936665e586caf28b50a059420c9577d6f9db5ba1b94ed007c467eea5a8
Execute Action	2026-09-26T09:07:15.3359140Z 26/09/26 09:07:13 DEBUG DefaultV4RequestSigner: AWS4 String to sign: AWS4-HMAC-SHA256
Execute Action	2026-09-26T09:07:15.3360122Z 20260926T090713Z
Execute Action	2026-09-26T09:07:15.3361061Z 20260926/us-east-1/s3/aws4_request
Execute Action	2026-09-26T09:07:15.3362289Z fca848936665e586caf28b50a059420c9577d6f9db5ba1b94ed007c467eea5a8
Execute Action	2026-09-26T09:07:15.3363478Z 26/09/26 09:07:13 DEBUG DefaultV4RequestSigner: AWS4 Canonical Request: GET
Execute Action	2026-09-26T09:07:15.3364691Z /datalake/tables/305c440c-c4c6-4821-b74a-504dd009c463/metadata/9c0bc59b-2e31-4ccf-882f-c6d382541186-m0.avro
Execute Action	2026-09-26T09:07:15.3365637Z 
Execute Action	2026-09-26T09:07:15.3366210Z amz-sdk-invocation-id:b43c7d91-3a52-dc30-fd9b-c6b5679c3cea
Execute Action	2026-09-26T09:07:15.3366845Z amz-sdk-request:attempt=1; max=6
Execute Action	2026-09-26T09:07:15.3367484Z host:rustfs-svc.rustfs.svc.cluster.local:9000
Execute Action	2026-09-26T09:07:15.3368337Z range:bytes=0-
Execute Action	2026-09-26T09:07:15.3369162Z x-amz-checksum-crc32:AAAAAA==
Execute Action	2026-09-26T09:07:15.3370093Z x-amz-content-sha256:UNSIGNED-PAYLOAD
Execute Action	2026-09-26T09:07:15.3370780Z x-amz-date:20260926T090713Z
Execute Action	2026-09-26T09:07:15.3371434Z x-amz-te:append-md5
Execute Action	2026-09-26T09:07:15.3372004Z 
Execute Action	2026-09-26T09:07:15.3373099Z amz-sdk-invocation-id;amz-sdk-request;host;range;x-amz-checksum-crc32;x-amz-content-sha256;x-amz-date;x-amz-te
Execute Action	2026-09-26T09:07:15.3374078Z UNSIGNED-PAYLOAD
Execute Action	2026-09-26T09:07:15.3375200Z 26/09/26 09:07:13 DEBUG DefaultV4RequestSigner: AWS4 Canonical Request Hash: 20bffd6fb8b88f82e123a40c143049f3ab25d56e0cfa9f8351c7076b8ff7aade
Execute Action	2026-09-26T09:07:15.3376447Z 26/09/26 09:07:13 DEBUG DefaultV4RequestSigner: AWS4 String to sign: AWS4-HMAC-SHA256
Execute Action	2026-09-26T09:07:15.3377101Z 20260926T090713Z
Execute Action	2026-09-26T09:07:15.3377648Z 20260926/us-east-1/s3/aws4_request
Execute Action	2026-09-26T09:07:15.3378308Z 20bffd6fb8b88f82e123a40c143049f3ab25d56e0cfa9f8351c7076b8ff7aade
Execute Action	2026-09-26T09:07:15.3386327Z 26/09/26 09:07:13 DEBUG ExecutionInterceptorChain: Creating an interceptor chain that will apply interceptors in the following order: [software.amazon.awssdk.core.internal.interceptor.HttpChecksumValidationInterceptor@1b42f03, software.amazon.awssdk.awscore.interceptor.HelpfulUnknownHostExceptionInterceptor@14295ba6, software.amazon.awssdk.awscore.eventstream.EventStreamInitialRequestInterceptor@25b51297, software.amazon.awssdk.awscore.interceptor.TraceIdExecutionInterceptor@1e16a17b, software.amazon.awssdk.services.s3.auth.scheme.internal.S3AuthSchemeInterceptor@3efa598d, software.amazon.awssdk.services.s3.endpoints.internal.S3ResolveEndpointInterceptor@60d0c19f, software.amazon.awssdk.services.s3.endpoints.internal.S3RequestSetEndpointInterceptor@6dfc56b8, software.amazon.awssdk.services.s3.internal.handlers.StreamingRequestInterceptor@464a2f05, software.amazon.awssdk.services.s3.internal.handlers.CreateBucketInterceptor@2a902070, software.amazon.awssdk.services.s3.internal.handlers.CreateMultipartUploadRequestInterceptor@4c2ad084, software.amazon.awssdk.services.s3.internal.handlers.DecodeUrlEncodedResponseInterceptor@436c162f, software.amazon.awssdk.services.s3.internal.handlers.GetBucketPolicyInterceptor@54493b40, software.amazon.awssdk.services.s3.internal.handlers.AsyncChecksumValidationInterceptor@7ff11219, software.amazon.awssdk.services.s3.internal.handlers.SyncChecksumValidationInterceptor@65c55393, software.amazon.awssdk.services.s3.internal.handlers.EnableTrailingChecksumInterceptor@46bbec6a, software.amazon.awssdk.services.s3.internal.handlers.ExceptionTranslationInterceptor@5bb55cc6, software.amazon.awssdk.services.s3.internal.handlers.GetObjectInterceptor@2ca3ec73, software.amazon.awssdk.services.s3.internal.handlers.ObjectMetadataInterceptor@63b57bbf]
Execute Action	2026-09-26T09:07:15.3402169Z 26/09/26 09:07:13 DEBUG ExecutionInterceptorChain: Creating an interceptor chain that will apply interceptors in the following order: [software.amazon.awssdk.core.internal.interceptor.HttpChecksumValidationInterceptor@1b42f03, software.amazon.awssdk.awscore.interceptor.HelpfulUnknownHostExceptionInterceptor@14295ba6, software.amazon.awssdk.awscore.eventstream.EventStreamInitialRequestInterceptor@25b51297, software.amazon.awssdk.awscore.interceptor.TraceIdExecutionInterceptor@1e16a17b, software.amazon.awssdk.services.s3.auth.scheme.internal.S3AuthSchemeInterceptor@3efa598d, software.amazon.awssdk.services.s3.endpoints.internal.S3ResolveEndpointInterceptor@60d0c19f, software.amazon.awssdk.services.s3.endpoints.internal.S3RequestSetEndpointInterceptor@6dfc56b8, software.amazon.awssdk.services.s3.internal.handlers.StreamingRequestInterceptor@464a2f05, software.amazon.awssdk.services.s3.internal.handlers.CreateBucketInterceptor@2a902070, software.amazon.awssdk.services.s3.internal.handlers.CreateMultipartUploadRequestInterceptor@4c2ad084, software.amazon.awssdk.services.s3.internal.handlers.DecodeUrlEncodedResponseInterceptor@436c162f, software.amazon.awssdk.services.s3.internal.handlers.GetBucketPolicyInterceptor@54493b40, software.amazon.awssdk.services.s3.internal.handlers.AsyncChecksumValidationInterceptor@7ff11219, software.amazon.awssdk.services.s3.internal.handlers.SyncChecksumValidationInterceptor@65c55393, software.amazon.awssdk.services.s3.internal.handlers.EnableTrailingChecksumInterceptor@46bbec6a, software.amazon.awssdk.services.s3.internal.handlers.ExceptionTranslationInterceptor@5bb55cc6, software.amazon.awssdk.services.s3.internal.handlers.GetObjectInterceptor@2ca3ec73, software.amazon.awssdk.services.s3.internal.handlers.ObjectMetadataInterceptor@63b57bbf]
Execute Action	2026-09-26T09:07:15.3410573Z 26/09/26 09:07:13 DEBUG requestId: Received successful response: 206, Request ID: e4d71695-229f-416f-9897-c7ca08ce514b, Extended Request ID: not available
Execute Action	2026-09-26T09:07:15.3411927Z 26/09/26 09:07:13 DEBUG request: Received successful response: 206, Request ID: e4d71695-229f-416f-9897-c7ca08ce514b, Extended Request ID: not available
Execute Action	2026-09-26T09:07:15.3414188Z 26/09/26 09:07:13 DEBUG ExecutionInterceptorChain: Interceptor 'software.amazon.awssdk.services.s3.endpoints.internal.S3RequestSetEndpointInterceptor@6dfc56b8' modified the message with its modifyHttpRequest method.
Execute Action	2026-09-26T09:07:15.3416261Z 26/09/26 09:07:13 DEBUG ExecutionInterceptorChain: Interceptor 'software.amazon.awssdk.services.s3.endpoints.internal.S3RequestSetEndpointInterceptor@6dfc56b8' modified the message with its modifyHttpRequest method.
Execute Action	2026-09-26T09:07:15.3418526Z 26/09/26 09:07:13 DEBUG ExecutionInterceptorChain: Interceptor 'software.amazon.awssdk.services.s3.internal.handlers.EnableTrailingChecksumInterceptor@46bbec6a' modified the message with its modifyHttpRequest method.
Execute Action	2026-09-26T09:07:15.3420952Z 26/09/26 09:07:13 DEBUG ExecutionInterceptorChain: Interceptor 'software.amazon.awssdk.services.s3.internal.handlers.EnableTrailingChecksumInterceptor@46bbec6a' modified the message with its modifyHttpRequest method.
Execute Action	2026-09-26T09:07:15.3423883Z 26/09/26 09:07:13 DEBUG request: Sending Request: DefaultSdkHttpFullRequest(httpMethod=GET, protocol=http, host=rustfs-svc.rustfs.svc.cluster.local, port=9000, encodedPath=/datalake/tables/305c440c-c4c6-4821-b74a-504dd009c463/metadata/da9639f7-dffe-46d1-aea3-120077233909-m0.avro, headers=[amz-sdk-invocation-id, Range, User-Agent, x-amz-te], queryParameters=[])
Execute Action	2026-09-26T09:07:15.3426357Z 26/09/26 09:07:13 DEBUG SigningStage: Using SelectedAuthScheme: aws.auth#sigv4
Execute Action	2026-09-26T09:07:15.3427907Z 26/09/26 09:07:13 DEBUG request: Sending Request: DefaultSdkHttpFullRequest(httpMethod=GET, protocol=http, host=rustfs-svc.rustfs.svc.cluster.local, port=9000, encodedPath=/datalake/tables/305c440c-c4c6-4821-b74a-504dd009c463/metadata/72a69750-ac3c-4ea6-9bb0-045d1337de37-m0.avro, headers=[amz-sdk-invocation-id, Range, User-Agent, x-amz-te], queryParameters=[])
Execute Action	2026-09-26T09:07:15.3430236Z 26/09/26 09:07:13 DEBUG DefaultV4RequestSigner: AWS4 Canonical Request: GET
Execute Action	2026-09-26T09:07:15.3431113Z /datalake/tables/305c440c-c4c6-4821-b74a-504dd009c463/metadata/da9639f7-dffe-46d1-aea3-120077233909-m0.avro
Execute Action	2026-09-26T09:07:15.3431826Z 
Execute Action	2026-09-26T09:07:15.3432400Z amz-sdk-invocation-id:328a83b8-6008-df9e-7f4e-f220ec1136a4
Execute Action	2026-09-26T09:07:15.3433149Z amz-sdk-request:attempt=1; max=6
Execute Action	2026-09-26T09:07:15.3433765Z host:rustfs-svc.rustfs.svc.cluster.local:9000
Execute Action	2026-09-26T09:07:15.3434489Z range:bytes=0-
Execute Action	2026-09-26T09:07:15.3435024Z x-amz-checksum-crc32:AAAAAA==
Execute Action	2026-09-26T09:07:15.3435603Z x-amz-content-sha256:UNSIGNED-PAYLOAD
Execute Action	2026-09-26T09:07:15.3436162Z x-amz-date:20260926T090713Z
Execute Action	2026-09-26T09:07:15.3436692Z x-amz-te:append-md5
Execute Action	2026-09-26T09:07:15.3437143Z 
Execute Action	2026-09-26T09:07:15.3437844Z amz-sdk-invocation-id;amz-sdk-request;host;range;x-amz-checksum-crc32;x-amz-content-sha256;x-amz-date;x-amz-te
Execute Action	2026-09-26T09:07:15.3438576Z UNSIGNED-PAYLOAD
Execute Action	2026-09-26T09:07:15.3439379Z 26/09/26 09:07:13 DEBUG DefaultV4RequestSigner: AWS4 Canonical Request Hash: a86dbf3a035b2c0e42918f122923cf5bce2addc1369474690429cd16b53e7186
Execute Action	2026-09-26T09:07:15.3440329Z 26/09/26 09:07:13 DEBUG DefaultV4RequestSigner: AWS4 String to sign: AWS4-HMAC-SHA256
Execute Action	2026-09-26T09:07:15.3440952Z 20260926T090713Z
Execute Action	2026-09-26T09:07:15.3441462Z 20260926/us-east-1/s3/aws4_request
Execute Action	2026-09-26T09:07:15.3442109Z a86dbf3a035b2c0e42918f122923cf5bce2addc1369474690429cd16b53e7186
Execute Action	2026-09-26T09:07:15.3442971Z 26/09/26 09:07:13 DEBUG SigningStage: Using SelectedAuthScheme: aws.auth#sigv4
Execute Action	2026-09-26T09:07:15.3449158Z 26/09/26 09:07:13 DEBUG ExecutionInterceptorChain: Creating an interceptor chain that will apply interceptors in the following order: [software.amazon.awssdk.core.internal.interceptor.HttpChecksumValidationInterceptor@1b42f03, software.amazon.awssdk.awscore.interceptor.HelpfulUnknownHostExceptionInterceptor@14295ba6, software.amazon.awssdk.awscore.eventstream.EventStreamInitialRequestInterceptor@25b51297, software.amazon.awssdk.awscore.interceptor.TraceIdExecutionInterceptor@1e16a17b, software.amazon.awssdk.services.s3.auth.scheme.internal.S3AuthSchemeInterceptor@3efa598d, software.amazon.awssdk.services.s3.endpoints.internal.S3ResolveEndpointInterceptor@60d0c19f, software.amazon.awssdk.services.s3.endpoints.internal.S3RequestSetEndpointInterceptor@6dfc56b8, software.amazon.awssdk.services.s3.internal.handlers.StreamingRequestInterceptor@464a2f05, software.amazon.awssdk.services.s3.internal.handlers.CreateBucketInterceptor@2a902070, software.amazon.awssdk.services.s3.internal.handlers.CreateMultipartUploadRequestInterceptor@4c2ad084, software.amazon.awssdk.services.s3.internal.handlers.DecodeUrlEncodedResponseInterceptor@436c162f, software.amazon.awssdk.services.s3.internal.handlers.GetBucketPolicyInterceptor@54493b40, software.amazon.awssdk.services.s3.internal.handlers.AsyncChecksumValidationInterceptor@7ff11219, software.amazon.awssdk.services.s3.internal.handlers.SyncChecksumValidationInterceptor@65c55393, software.amazon.awssdk.services.s3.internal.handlers.EnableTrailingChecksumInterceptor@46bbec6a, software.amazon.awssdk.services.s3.internal.handlers.ExceptionTranslationInterceptor@5bb55cc6, software.amazon.awssdk.services.s3.internal.handlers.GetObjectInterceptor@2ca3ec73, software.amazon.awssdk.services.s3.internal.handlers.ObjectMetadataInterceptor@63b57bbf]
Execute Action	2026-09-26T09:07:15.3455657Z 26/09/26 09:07:13 DEBUG DefaultV4RequestSigner: AWS4 Canonical Request: GET
Execute Action	2026-09-26T09:07:15.3456521Z /datalake/tables/305c440c-c4c6-4821-b74a-504dd009c463/metadata/72a69750-ac3c-4ea6-9bb0-045d1337de37-m0.avro
Execute Action	2026-09-26T09:07:15.3457307Z 
Execute Action	2026-09-26T09:07:15.3457858Z amz-sdk-invocation-id:d5e454b5-d8d5-3391-e8c9-fbaf55f89264
Execute Action	2026-09-26T09:07:15.3458479Z amz-sdk-request:attempt=1; max=6
Execute Action	2026-09-26T09:07:15.3459091Z host:rustfs-svc.rustfs.svc.cluster.local:9000
Execute Action	2026-09-26T09:07:15.3459649Z range:bytes=0-
Execute Action	2026-09-26T09:07:15.3460156Z x-amz-checksum-crc32:AAAAAA==
Execute Action	2026-09-26T09:07:15.3460722Z x-amz-content-sha256:UNSIGNED-PAYLOAD
Execute Action	2026-09-26T09:07:15.3461279Z x-amz-date:20260926T090713Z
Execute Action	2026-09-26T09:07:15.3461806Z x-amz-te:append-md5
Execute Action	2026-09-26T09:07:15.3462256Z 
Execute Action	2026-09-26T09:07:15.3463028Z amz-sdk-invocation-id;amz-sdk-request;host;range;x-amz-checksum-crc32;x-amz-content-sha256;x-amz-date;x-amz-te
Execute Action	2026-09-26T09:07:15.3463772Z UNSIGNED-PAYLOAD
Execute Action	2026-09-26T09:07:15.3464575Z 26/09/26 09:07:13 DEBUG DefaultV4RequestSigner: AWS4 Canonical Request Hash: 6a1fa0130f782287cb472d6a771d0af8114306d45e30eaaa3870df772b9dd434
Execute Action	2026-09-26T09:07:15.3465559Z 26/09/26 09:07:13 DEBUG DefaultV4RequestSigner: AWS4 String to sign: AWS4-HMAC-SHA256
Execute Action	2026-09-26T09:07:15.3466206Z 20260926T090713Z
Execute Action	2026-09-26T09:07:15.3466718Z 20260926/us-east-1/s3/aws4_request
Execute Action	2026-09-26T09:07:15.3467489Z 6a1fa0130f782287cb472d6a771d0af8114306d45e30eaaa3870df772b9dd434
Execute Action	2026-09-26T09:07:15.3468661Z 26/09/26 09:07:13 DEBUG ExecutionInterceptorChain: Interceptor 'software.amazon.awssdk.services.s3.endpoints.internal.S3RequestSetEndpointInterceptor@6dfc56b8' modified the message with its modifyHttpRequest method.
Execute Action	2026-09-26T09:07:15.3470258Z 26/09/26 09:07:13 DEBUG ExecutionInterceptorChain: Interceptor 'software.amazon.awssdk.services.s3.internal.handlers.EnableTrailingChecksumInterceptor@46bbec6a' modified the message with its modifyHttpRequest method.
Execute Action	2026-09-26T09:07:15.3472214Z 26/09/26 09:07:13 DEBUG request: Sending Request: DefaultSdkHttpFullRequest(httpMethod=GET, protocol=http, host=rustfs-svc.rustfs.svc.cluster.local, port=9000, encodedPath=/datalake/tables/305c440c-c4c6-4821-b74a-504dd009c463/metadata/ea6dd2af-d6a4-48d4-94c2-bf59607348ca-m0.avro, headers=[amz-sdk-invocation-id, Range, User-Agent, x-amz-te], queryParameters=[])
Execute Action	2026-09-26T09:07:15.3473873Z 26/09/26 09:07:13 DEBUG SigningStage: Using SelectedAuthScheme: aws.auth#sigv4
Execute Action	2026-09-26T09:07:15.3474630Z 26/09/26 09:07:13 DEBUG DefaultV4RequestSigner: AWS4 Canonical Request: GET
Execute Action	2026-09-26T09:07:15.3475523Z /datalake/tables/305c440c-c4c6-4821-b74a-504dd009c463/metadata/ea6dd2af-d6a4-48d4-94c2-bf59607348ca-m0.avro
Execute Action	2026-09-26T09:07:15.3476213Z 
Execute Action	2026-09-26T09:07:15.3476937Z amz-sdk-invocation-id:def934b0-4fe2-247c-29fc-250ee2f7c2d7
Execute Action	2026-09-26T09:07:15.3477582Z amz-sdk-request:attempt=1; max=6
Execute Action	2026-09-26T09:07:15.3478204Z host:rustfs-svc.rustfs.svc.cluster.local:9000
Execute Action	2026-09-26T09:07:15.3478766Z range:bytes=0-
Execute Action	2026-09-26T09:07:15.3479276Z x-amz-checksum-crc32:AAAAAA==
Execute Action	2026-09-26T09:07:15.3479847Z x-amz-content-sha256:UNSIGNED-PAYLOAD
Execute Action	2026-09-26T09:07:15.3480403Z x-amz-date:20260926T090713Z
Execute Action	2026-09-26T09:07:15.3480915Z x-amz-te:append-md5
Execute Action	2026-09-26T09:07:15.3481362Z 
Execute Action	2026-09-26T09:07:15.3482057Z amz-sdk-invocation-id;amz-sdk-request;host;range;x-amz-checksum-crc32;x-amz-content-sha256;x-amz-date;x-amz-te
Execute Action	2026-09-26T09:07:15.3482877Z UNSIGNED-PAYLOAD
Execute Action	2026-09-26T09:07:15.3483672Z 26/09/26 09:07:13 DEBUG DefaultV4RequestSigner: AWS4 Canonical Request Hash: 353343a3b68ccf59a64e5494fc14024f044f975411dbee124841b693abf1433a
Execute Action	2026-09-26T09:07:15.3484616Z 26/09/26 09:07:13 DEBUG DefaultV4RequestSigner: AWS4 String to sign: AWS4-HMAC-SHA256
Execute Action	2026-09-26T09:07:15.3485243Z 20260926T090713Z
Execute Action	2026-09-26T09:07:15.3485751Z 20260926/us-east-1/s3/aws4_request
Execute Action	2026-09-26T09:07:15.3486390Z 353343a3b68ccf59a64e5494fc14024f044f975411dbee124841b693abf1433a
Execute Action	2026-09-26T09:07:15.3487332Z 26/09/26 09:07:13 DEBUG requestId: Received successful response: 206, Request ID: fc00edd4-2a06-4aff-a63c-c7632e317d9b, Extended Request ID: not available
Execute Action	2026-09-26T09:07:15.3488583Z 26/09/26 09:07:13 DEBUG request: Received successful response: 206, Request ID: fc00edd4-2a06-4aff-a63c-c7632e317d9b, Extended Request ID: not available
Execute Action	2026-09-26T09:07:15.3495004Z 26/09/26 09:07:13 DEBUG ExecutionInterceptorChain: Creating an interceptor chain that will apply interceptors in the following order: [software.amazon.awssdk.core.internal.interceptor.HttpChecksumValidationInterceptor@1b42f03, software.amazon.awssdk.awscore.interceptor.HelpfulUnknownHostExceptionInterceptor@14295ba6, software.amazon.awssdk.awscore.eventstream.EventStreamInitialRequestInterceptor@25b51297, software.amazon.awssdk.awscore.interceptor.TraceIdExecutionInterceptor@1e16a17b, software.amazon.awssdk.services.s3.auth.scheme.internal.S3AuthSchemeInterceptor@3efa598d, software.amazon.awssdk.services.s3.endpoints.internal.S3ResolveEndpointInterceptor@60d0c19f, software.amazon.awssdk.services.s3.endpoints.internal.S3RequestSetEndpointInterceptor@6dfc56b8, software.amazon.awssdk.services.s3.internal.handlers.StreamingRequestInterceptor@464a2f05, software.amazon.awssdk.services.s3.internal.handlers.CreateBucketInterceptor@2a902070, software.amazon.awssdk.services.s3.internal.handlers.CreateMultipartUploadRequestInterceptor@4c2ad084, software.amazon.awssdk.services.s3.internal.handlers.DecodeUrlEncodedResponseInterceptor@436c162f, software.amazon.awssdk.services.s3.internal.handlers.GetBucketPolicyInterceptor@54493b40, software.amazon.awssdk.services.s3.internal.handlers.AsyncChecksumValidationInterceptor@7ff11219, software.amazon.awssdk.services.s3.internal.handlers.SyncChecksumValidationInterceptor@65c55393, software.amazon.awssdk.services.s3.internal.handlers.EnableTrailingChecksumInterceptor@46bbec6a, software.amazon.awssdk.services.s3.internal.handlers.ExceptionTranslationInterceptor@5bb55cc6, software.amazon.awssdk.services.s3.internal.handlers.GetObjectInterceptor@2ca3ec73, software.amazon.awssdk.services.s3.internal.handlers.ObjectMetadataInterceptor@63b57bbf]
Execute Action	2026-09-26T09:07:15.3501878Z 26/09/26 09:07:13 DEBUG ExecutionInterceptorChain: Interceptor 'software.amazon.awssdk.services.s3.endpoints.internal.S3RequestSetEndpointInterceptor@6dfc56b8' modified the message with its modifyHttpRequest method.
Execute Action	2026-09-26T09:07:15.3503588Z 26/09/26 09:07:13 DEBUG ExecutionInterceptorChain: Interceptor 'software.amazon.awssdk.services.s3.internal.handlers.EnableTrailingChecksumInterceptor@46bbec6a' modified the message with its modifyHttpRequest method.
Execute Action	2026-09-26T09:07:15.3505576Z 26/09/26 09:07:13 DEBUG request: Sending Request: DefaultSdkHttpFullRequest(httpMethod=GET, protocol=http, host=rustfs-svc.rustfs.svc.cluster.local, port=9000, encodedPath=/datalake/tables/305c440c-c4c6-4821-b74a-504dd009c463/metadata/14a581d4-2223-4861-9fe7-452142ef3d8f-m0.avro, headers=[amz-sdk-invocation-id, Range, User-Agent, x-amz-te], queryParameters=[])
Execute Action	2026-09-26T09:07:15.3507109Z 26/09/26 09:07:13 DEBUG SigningStage: Using SelectedAuthScheme: aws.auth#sigv4
Execute Action	2026-09-26T09:07:15.3507870Z 26/09/26 09:07:13 DEBUG DefaultV4RequestSigner: AWS4 Canonical Request: GET
Execute Action	2026-09-26T09:07:15.3508726Z /datalake/tables/305c440c-c4c6-4821-b74a-504dd009c463/metadata/14a581d4-2223-4861-9fe7-452142ef3d8f-m0.avro
Execute Action	2026-09-26T09:07:15.3509408Z 
Execute Action	2026-09-26T09:07:15.3509964Z amz-sdk-invocation-id:82745690-9a33-9877-fcc3-35bf2cd18989
Execute Action	2026-09-26T09:07:15.3510702Z amz-sdk-request:attempt=1; max=6
Execute Action	2026-09-26T09:07:15.3511323Z host:rustfs-svc.rustfs.svc.cluster.local:9000
Execute Action	2026-09-26T09:07:15.3511885Z range:bytes=0-
Execute Action	2026-09-26T09:07:15.3512396Z x-amz-checksum-crc32:AAAAAA==
Execute Action	2026-09-26T09:07:15.3513070Z x-amz-content-sha256:UNSIGNED-PAYLOAD
Execute Action	2026-09-26T09:07:15.3513640Z x-amz-date:20260926T090713Z
Execute Action	2026-09-26T09:07:15.3514160Z x-amz-te:append-md5
Execute Action	2026-09-26T09:07:15.3514611Z 
Execute Action	2026-09-26T09:07:15.3515302Z amz-sdk-invocation-id;amz-sdk-request;host;range;x-amz-checksum-crc32;x-amz-content-sha256;x-amz-date;x-amz-te
Execute Action	2026-09-26T09:07:15.3516038Z UNSIGNED-PAYLOAD
Execute Action	2026-09-26T09:07:15.3516837Z 26/09/26 09:07:13 DEBUG DefaultV4RequestSigner: AWS4 Canonical Request Hash: a66ac5c8bc76011093f826a4a9180a7eeae598b0b2478d582bc524b07f65a025
Execute Action	2026-09-26T09:07:15.3517785Z 26/09/26 09:07:13 DEBUG DefaultV4RequestSigner: AWS4 String to sign: AWS4-HMAC-SHA256
Execute Action	2026-09-26T09:07:15.3518418Z 20260926T090713Z
Execute Action	2026-09-26T09:07:15.3518927Z 20260926/us-east-1/s3/aws4_request
Execute Action	2026-09-26T09:07:15.3519711Z a66ac5c8bc76011093f826a4a9180a7eeae598b0b2478d582bc524b07f65a025
Execute Action	2026-09-26T09:07:15.3520668Z 26/09/26 09:07:13 DEBUG requestId: Received successful response: 206, Request ID: 912804e6-1bc1-42d1-9a9f-9149ff99aa41, Extended Request ID: not available
Execute Action	2026-09-26T09:07:15.3521839Z 26/09/26 09:07:13 DEBUG request: Received successful response: 206, Request ID: 912804e6-1bc1-42d1-9a9f-9149ff99aa41, Extended Request ID: not available
Execute Action	2026-09-26T09:07:15.3528260Z 26/09/26 09:07:13 DEBUG ExecutionInterceptorChain: Creating an interceptor chain that will apply interceptors in the following order: [software.amazon.awssdk.core.internal.interceptor.HttpChecksumValidationInterceptor@1b42f03, software.amazon.awssdk.awscore.interceptor.HelpfulUnknownHostExceptionInterceptor@14295ba6, software.amazon.awssdk.awscore.eventstream.EventStreamInitialRequestInterceptor@25b51297, software.amazon.awssdk.awscore.interceptor.TraceIdExecutionInterceptor@1e16a17b, software.amazon.awssdk.services.s3.auth.scheme.internal.S3AuthSchemeInterceptor@3efa598d, software.amazon.awssdk.services.s3.endpoints.internal.S3ResolveEndpointInterceptor@60d0c19f, software.amazon.awssdk.services.s3.endpoints.internal.S3RequestSetEndpointInterceptor@6dfc56b8, software.amazon.awssdk.services.s3.internal.handlers.StreamingRequestInterceptor@464a2f05, software.amazon.awssdk.services.s3.internal.handlers.CreateBucketInterceptor@2a902070, software.amazon.awssdk.services.s3.internal.handlers.CreateMultipartUploadRequestInterceptor@4c2ad084, software.amazon.awssdk.services.s3.internal.handlers.DecodeUrlEncodedResponseInterceptor@436c162f, software.amazon.awssdk.services.s3.internal.handlers.GetBucketPolicyInterceptor@54493b40, software.amazon.awssdk.services.s3.internal.handlers.AsyncChecksumValidationInterceptor@7ff11219, software.amazon.awssdk.services.s3.internal.handlers.SyncChecksumValidationInterceptor@65c55393, software.amazon.awssdk.services.s3.internal.handlers.EnableTrailingChecksumInterceptor@46bbec6a, software.amazon.awssdk.services.s3.internal.handlers.ExceptionTranslationInterceptor@5bb55cc6, software.amazon.awssdk.services.s3.internal.handlers.GetObjectInterceptor@2ca3ec73, software.amazon.awssdk.services.s3.internal.handlers.ObjectMetadataInterceptor@63b57bbf]
Execute Action	2026-09-26T09:07:15.3535212Z 26/09/26 09:07:13 DEBUG ExecutionInterceptorChain: Interceptor 'software.amazon.awssdk.services.s3.endpoints.internal.S3RequestSetEndpointInterceptor@6dfc56b8' modified the message with its modifyHttpRequest method.
Execute Action	2026-09-26T09:07:15.3536822Z 26/09/26 09:07:13 DEBUG ExecutionInterceptorChain: Interceptor 'software.amazon.awssdk.services.s3.internal.handlers.EnableTrailingChecksumInterceptor@46bbec6a' modified the message with its modifyHttpRequest method.
Execute Action	2026-09-26T09:07:15.3538196Z 26/09/26 09:07:13 DEBUG requestId: Received successful response: 206, Request ID: 712a26f1-7289-453f-9fbb-6ceb192c0444, Extended Request ID: not available
Execute Action	2026-09-26T09:07:15.3539307Z 26/09/26 09:07:13 DEBUG request: Received successful response: 206, Request ID: 712a26f1-7289-453f-9fbb-6ceb192c0444, Extended Request ID: not available
Execute Action	2026-09-26T09:07:15.3541025Z 26/09/26 09:07:13 DEBUG request: Sending Request: DefaultSdkHttpFullRequest(httpMethod=GET, protocol=http, host=rustfs-svc.rustfs.svc.cluster.local, port=9000, encodedPath=/datalake/tables/305c440c-c4c6-4821-b74a-504dd009c463/metadata/9aa9a004-7f84-4ea5-981a-fa75c8a4147a-m0.avro, headers=[amz-sdk-invocation-id, Range, User-Agent, x-amz-te], queryParameters=[])
Execute Action	2026-09-26T09:07:15.3542618Z 26/09/26 09:07:13 DEBUG SigningStage: Using SelectedAuthScheme: aws.auth#sigv4
Execute Action	2026-09-26T09:07:15.3543491Z 26/09/26 09:07:13 DEBUG DefaultV4RequestSigner: AWS4 Canonical Request: GET
Execute Action	2026-09-26T09:07:15.3544347Z /datalake/tables/305c440c-c4c6-4821-b74a-504dd009c463/metadata/9aa9a004-7f84-4ea5-981a-fa75c8a4147a-m0.avro
Execute Action	2026-09-26T09:07:15.3545033Z 
Execute Action	2026-09-26T09:07:15.3545583Z amz-sdk-invocation-id:da3156de-a820-93ae-2f64-976a456e58f3
Execute Action	2026-09-26T09:07:15.3546214Z amz-sdk-request:attempt=1; max=6
Execute Action	2026-09-26T09:07:15.3546820Z host:rustfs-svc.rustfs.svc.cluster.local:9000
Execute Action	2026-09-26T09:07:15.3547376Z range:bytes=0-
Execute Action	2026-09-26T09:07:15.3547887Z x-amz-checksum-crc32:AAAAAA==
Execute Action	2026-09-26T09:07:15.3548460Z x-amz-content-sha256:UNSIGNED-PAYLOAD
Execute Action	2026-09-26T09:07:15.3549017Z x-amz-date:20260926T090713Z
Execute Action	2026-09-26T09:07:15.3549527Z x-amz-te:append-md5
Execute Action	2026-09-26T09:07:15.3549972Z 
Execute Action	2026-09-26T09:07:15.3550656Z amz-sdk-invocation-id;amz-sdk-request;host;range;x-amz-checksum-crc32;x-amz-content-sha256;x-amz-date;x-amz-te
Execute Action	2026-09-26T09:07:15.3551376Z UNSIGNED-PAYLOAD
Execute Action	2026-09-26T09:07:15.3552182Z 26/09/26 09:07:13 DEBUG DefaultV4RequestSigner: AWS4 Canonical Request Hash: bc905cc4f1ce276185e22dc12ad7e37814a321d2c8394ca6a67b8d093a945d86
Execute Action	2026-09-26T09:07:15.3553225Z 26/09/26 09:07:13 DEBUG DefaultV4RequestSigner: AWS4 String to sign: AWS4-HMAC-SHA256
Execute Action	2026-09-26T09:07:15.3553992Z 20260926T090713Z
Execute Action	2026-09-26T09:07:15.3554525Z 20260926/us-east-1/s3/aws4_request
Execute Action	2026-09-26T09:07:15.3555174Z bc905cc4f1ce276185e22dc12ad7e37814a321d2c8394ca6a67b8d093a945d86
Execute Action	2026-09-26T09:07:15.3556129Z 26/09/26 09:07:13 DEBUG requestId: Received successful response: 206, Request ID: 5b2f67eb-3716-4c7e-8d40-9dd707a5eb66, Extended Request ID: not available
Execute Action	2026-09-26T09:07:15.3557246Z 26/09/26 09:07:13 DEBUG request: Received successful response: 206, Request ID: 5b2f67eb-3716-4c7e-8d40-9dd707a5eb66, Extended Request ID: not available
Execute Action	2026-09-26T09:07:15.3563634Z 26/09/26 09:07:13 DEBUG ExecutionInterceptorChain: Creating an interceptor chain that will apply interceptors in the following order: [software.amazon.awssdk.core.internal.interceptor.HttpChecksumValidationInterceptor@1b42f03, software.amazon.awssdk.awscore.interceptor.HelpfulUnknownHostExceptionInterceptor@14295ba6, software.amazon.awssdk.awscore.eventstream.EventStreamInitialRequestInterceptor@25b51297, software.amazon.awssdk.awscore.interceptor.TraceIdExecutionInterceptor@1e16a17b, software.amazon.awssdk.services.s3.auth.scheme.internal.S3AuthSchemeInterceptor@3efa598d, software.amazon.awssdk.services.s3.endpoints.internal.S3ResolveEndpointInterceptor@60d0c19f, software.amazon.awssdk.services.s3.endpoints.internal.S3RequestSetEndpointInterceptor@6dfc56b8, software.amazon.awssdk.services.s3.internal.handlers.StreamingRequestInterceptor@464a2f05, software.amazon.awssdk.services.s3.internal.handlers.CreateBucketInterceptor@2a902070, software.amazon.awssdk.services.s3.internal.handlers.CreateMultipartUploadRequestInterceptor@4c2ad084, software.amazon.awssdk.services.s3.internal.handlers.DecodeUrlEncodedResponseInterceptor@436c162f, software.amazon.awssdk.services.s3.internal.handlers.GetBucketPolicyInterceptor@54493b40, software.amazon.awssdk.services.s3.internal.handlers.AsyncChecksumValidationInterceptor@7ff11219, software.amazon.awssdk.services.s3.internal.handlers.SyncChecksumValidationInterceptor@65c55393, software.amazon.awssdk.services.s3.internal.handlers.EnableTrailingChecksumInterceptor@46bbec6a, software.amazon.awssdk.services.s3.internal.handlers.ExceptionTranslationInterceptor@5bb55cc6, software.amazon.awssdk.services.s3.internal.handlers.GetObjectInterceptor@2ca3ec73, software.amazon.awssdk.services.s3.internal.handlers.ObjectMetadataInterceptor@63b57bbf]
Execute Action	2026-09-26T09:07:15.3575496Z 26/09/26 09:07:13 DEBUG ExecutionInterceptorChain: Creating an interceptor chain that will apply interceptors in the following order: [software.amazon.awssdk.core.internal.interceptor.HttpChecksumValidationInterceptor@1b42f03, software.amazon.awssdk.awscore.interceptor.HelpfulUnknownHostExceptionInterceptor@14295ba6, software.amazon.awssdk.awscore.eventstream.EventStreamInitialRequestInterceptor@25b51297, software.amazon.awssdk.awscore.interceptor.TraceIdExecutionInterceptor@1e16a17b, software.amazon.awssdk.services.s3.auth.scheme.internal.S3AuthSchemeInterceptor@3efa598d, software.amazon.awssdk.services.s3.endpoints.internal.S3ResolveEndpointInterceptor@60d0c19f, software.amazon.awssdk.services.s3.endpoints.internal.S3RequestSetEndpointInterceptor@6dfc56b8, software.amazon.awssdk.services.s3.internal.handlers.StreamingRequestInterceptor@464a2f05, software.amazon.awssdk.services.s3.internal.handlers.CreateBucketInterceptor@2a902070, software.amazon.awssdk.services.s3.internal.handlers.CreateMultipartUploadRequestInterceptor@4c2ad084, software.amazon.awssdk.services.s3.internal.handlers.DecodeUrlEncodedResponseInterceptor@436c162f, software.amazon.awssdk.services.s3.internal.handlers.GetBucketPolicyInterceptor@54493b40, software.amazon.awssdk.services.s3.internal.handlers.AsyncChecksumValidationInterceptor@7ff11219, software.amazon.awssdk.services.s3.internal.handlers.SyncChecksumValidationInterceptor@65c55393, software.amazon.awssdk.services.s3.internal.handlers.EnableTrailingChecksumInterceptor@46bbec6a, software.amazon.awssdk.services.s3.internal.handlers.ExceptionTranslationInterceptor@5bb55cc6, software.amazon.awssdk.services.s3.internal.handlers.GetObjectInterceptor@2ca3ec73, software.amazon.awssdk.services.s3.internal.handlers.ObjectMetadataInterceptor@63b57bbf]
Execute Action	2026-09-26T09:07:15.3582320Z 26/09/26 09:07:13 DEBUG ExecutionInterceptorChain: Interceptor 'software.amazon.awssdk.services.s3.endpoints.internal.S3RequestSetEndpointInterceptor@6dfc56b8' modified the message with its modifyHttpRequest method.
Execute Action	2026-09-26T09:07:15.3584003Z 26/09/26 09:07:13 DEBUG ExecutionInterceptorChain: Interceptor 'software.amazon.awssdk.services.s3.internal.handlers.EnableTrailingChecksumInterceptor@46bbec6a' modified the message with its modifyHttpRequest method.
Execute Action	2026-09-26T09:07:15.3585603Z 26/09/26 09:07:13 DEBUG ExecutionInterceptorChain: Interceptor 'software.amazon.awssdk.services.s3.endpoints.internal.S3RequestSetEndpointInterceptor@6dfc56b8' modified the message with its modifyHttpRequest method.
Execute Action	2026-09-26T09:07:15.3587181Z 26/09/26 09:07:13 DEBUG ExecutionInterceptorChain: Interceptor 'software.amazon.awssdk.services.s3.internal.handlers.EnableTrailingChecksumInterceptor@46bbec6a' modified the message with its modifyHttpRequest method.
Execute Action	2026-09-26T09:07:15.3589239Z 26/09/26 09:07:13 DEBUG request: Sending Request: DefaultSdkHttpFullRequest(httpMethod=GET, protocol=http, host=rustfs-svc.rustfs.svc.cluster.local, port=9000, encodedPath=/datalake/tables/305c440c-c4c6-4821-b74a-504dd009c463/metadata/58b24236-4201-42ec-ac9f-3061e8ac1af6-m0.avro, headers=[amz-sdk-invocation-id, Range, User-Agent, x-amz-te], queryParameters=[])
Execute Action	2026-09-26T09:07:15.3590764Z 26/09/26 09:07:13 DEBUG SigningStage: Using SelectedAuthScheme: aws.auth#sigv4
Execute Action	2026-09-26T09:07:15.3592273Z 26/09/26 09:07:13 DEBUG request: Sending Request: DefaultSdkHttpFullRequest(httpMethod=GET, protocol=http, host=rustfs-svc.rustfs.svc.cluster.local, port=9000, encodedPath=/datalake/tables/305c440c-c4c6-4821-b74a-504dd009c463/metadata/0890862e-988d-47e9-accc-4f2501291cca-m0.avro, headers=[amz-sdk-invocation-id, Range, User-Agent, x-amz-te], queryParameters=[])
Execute Action	2026-09-26T09:07:15.3593904Z 26/09/26 09:07:13 DEBUG SigningStage: Using SelectedAuthScheme: aws.auth#sigv4
Execute Action	2026-09-26T09:07:15.3594675Z 26/09/26 09:07:13 DEBUG DefaultV4RequestSigner: AWS4 Canonical Request: GET
Execute Action	2026-09-26T09:07:15.3595529Z /datalake/tables/305c440c-c4c6-4821-b74a-504dd009c463/metadata/0890862e-988d-47e9-accc-4f2501291cca-m0.avro
Execute Action	2026-09-26T09:07:15.3596204Z 
Execute Action	2026-09-26T09:07:15.3596757Z amz-sdk-invocation-id:67b966f9-2d1b-cf54-9ca2-d148ee51f389
Execute Action	2026-09-26T09:07:15.3597394Z amz-sdk-request:attempt=1; max=6
Execute Action	2026-09-26T09:07:15.3598008Z host:rustfs-svc.rustfs.svc.cluster.local:9000
Execute Action	2026-09-26T09:07:15.3598576Z range:bytes=0-
Execute Action	2026-09-26T09:07:15.3599091Z x-amz-checksum-crc32:AAAAAA==
Execute Action	2026-09-26T09:07:15.3611545Z x-amz-content-sha256:UNSIGNED-PAYLOAD
Execute Action	2026-09-26T09:07:15.3612427Z x-amz-date:20260926T090713Z
Execute Action	2026-09-26T09:07:15.3613088Z x-amz-te:append-md5
Execute Action	2026-09-26T09:07:15.3613576Z 
Execute Action	2026-09-26T09:07:15.3614295Z amz-sdk-invocation-id;amz-sdk-request;host;range;x-amz-checksum-crc32;x-amz-content-sha256;x-amz-date;x-amz-te
Execute Action	2026-09-26T09:07:15.3615038Z UNSIGNED-PAYLOAD
Execute Action	2026-09-26T09:07:15.3615861Z 26/09/26 09:07:13 DEBUG DefaultV4RequestSigner: AWS4 Canonical Request Hash: 3c6881e804f39efeef4d565aa2df63bba9e4f5e3ad2cdf40a5bd45a8bcf75e59
Execute Action	2026-09-26T09:07:15.3616830Z 26/09/26 09:07:13 DEBUG DefaultV4RequestSigner: AWS4 String to sign: AWS4-HMAC-SHA256
Execute Action	2026-09-26T09:07:15.3617474Z 20260926T090713Z
Execute Action	2026-09-26T09:07:15.3617998Z 20260926/us-east-1/s3/aws4_request
Execute Action	2026-09-26T09:07:15.3618657Z 3c6881e804f39efeef4d565aa2df63bba9e4f5e3ad2cdf40a5bd45a8bcf75e59
Execute Action	2026-09-26T09:07:15.3619404Z 26/09/26 09:07:13 DEBUG DefaultV4RequestSigner: AWS4 Canonical Request: GET
Execute Action	2026-09-26T09:07:15.3620255Z /datalake/tables/305c440c-c4c6-4821-b74a-504dd009c463/metadata/58b24236-4201-42ec-ac9f-3061e8ac1af6-m0.avro
Execute Action	2026-09-26T09:07:15.3621118Z 
Execute Action	2026-09-26T09:07:15.3621692Z amz-sdk-invocation-id:a1c7e3ac-4274-9f59-9b27-f1f843d06bce
Execute Action	2026-09-26T09:07:15.3622328Z amz-sdk-request:attempt=1; max=6
Execute Action	2026-09-26T09:07:15.3623033Z host:rustfs-svc.rustfs.svc.cluster.local:9000
Execute Action	2026-09-26T09:07:15.3623598Z range:bytes=0-
Execute Action	2026-09-26T09:07:15.3624106Z x-amz-checksum-crc32:AAAAAA==
Execute Action	2026-09-26T09:07:15.3624680Z x-amz-content-sha256:UNSIGNED-PAYLOAD
Execute Action	2026-09-26T09:07:15.3625234Z x-amz-date:20260926T090713Z
Execute Action	2026-09-26T09:07:15.3625755Z x-amz-te:append-md5
Execute Action	2026-09-26T09:07:15.3626203Z 
Execute Action	2026-09-26T09:07:15.3626898Z amz-sdk-invocation-id;amz-sdk-request;host;range;x-amz-checksum-crc32;x-amz-content-sha256;x-amz-date;x-amz-te
Execute Action	2026-09-26T09:07:15.3627629Z UNSIGNED-PAYLOAD
Execute Action	2026-09-26T09:07:15.3628434Z 26/09/26 09:07:13 DEBUG DefaultV4RequestSigner: AWS4 Canonical Request Hash: f26fdcc0fc87fc0355b8bf76c61a81fafd693d93fbe39cbce2ecdb72309681a9
Execute Action	2026-09-26T09:07:15.3629391Z 26/09/26 09:07:13 DEBUG DefaultV4RequestSigner: AWS4 String to sign: AWS4-HMAC-SHA256
Execute Action	2026-09-26T09:07:15.3630024Z 20260926T090713Z
Execute Action	2026-09-26T09:07:15.3630552Z 20260926/us-east-1/s3/aws4_request
Execute Action	2026-09-26T09:07:15.3631208Z f26fdcc0fc87fc0355b8bf76c61a81fafd693d93fbe39cbce2ecdb72309681a9
Execute Action	2026-09-26T09:07:15.3632316Z 26/09/26 09:07:13 DEBUG requestId: Received successful response: 206, Request ID: 831f62dd-3f85-4f73-a6ad-58f2c844c8a5, Extended Request ID: not available
Execute Action	2026-09-26T09:07:15.3633541Z 26/09/26 09:07:13 DEBUG request: Received successful response: 206, Request ID: 831f62dd-3f85-4f73-a6ad-58f2c844c8a5, Extended Request ID: not available
Execute Action	2026-09-26T09:07:15.3639854Z 26/09/26 09:07:13 DEBUG ExecutionInterceptorChain: Creating an interceptor chain that will apply interceptors in the following order: [software.amazon.awssdk.core.internal.interceptor.HttpChecksumValidationInterceptor@1b42f03, software.amazon.awssdk.awscore.interceptor.HelpfulUnknownHostExceptionInterceptor@14295ba6, software.amazon.awssdk.awscore.eventstream.EventStreamInitialRequestInterceptor@25b51297, software.amazon.awssdk.awscore.interceptor.TraceIdExecutionInterceptor@1e16a17b, software.amazon.awssdk.services.s3.auth.scheme.internal.S3AuthSchemeInterceptor@3efa598d, software.amazon.awssdk.services.s3.endpoints.internal.S3ResolveEndpointInterceptor@60d0c19f, software.amazon.awssdk.services.s3.endpoints.internal.S3RequestSetEndpointInterceptor@6dfc56b8, software.amazon.awssdk.services.s3.internal.handlers.StreamingRequestInterceptor@464a2f05, software.amazon.awssdk.services.s3.internal.handlers.CreateBucketInterceptor@2a902070, software.amazon.awssdk.services.s3.internal.handlers.CreateMultipartUploadRequestInterceptor@4c2ad084, software.amazon.awssdk.services.s3.internal.handlers.DecodeUrlEncodedResponseInterceptor@436c162f, software.amazon.awssdk.services.s3.internal.handlers.GetBucketPolicyInterceptor@54493b40, software.amazon.awssdk.services.s3.internal.handlers.AsyncChecksumValidationInterceptor@7ff11219, software.amazon.awssdk.services.s3.internal.handlers.SyncChecksumValidationInterceptor@65c55393, software.amazon.awssdk.services.s3.internal.handlers.EnableTrailingChecksumInterceptor@46bbec6a, software.amazon.awssdk.services.s3.internal.handlers.ExceptionTranslationInterceptor@5bb55cc6, software.amazon.awssdk.services.s3.internal.handlers.GetObjectInterceptor@2ca3ec73, software.amazon.awssdk.services.s3.internal.handlers.ObjectMetadataInterceptor@63b57bbf]
Execute Action	2026-09-26T09:07:15.3646779Z 26/09/26 09:07:13 DEBUG ExecutionInterceptorChain: Interceptor 'software.amazon.awssdk.services.s3.endpoints.internal.S3RequestSetEndpointInterceptor@6dfc56b8' modified the message with its modifyHttpRequest method.
Execute Action	2026-09-26T09:07:15.3648377Z 26/09/26 09:07:13 DEBUG ExecutionInterceptorChain: Interceptor 'software.amazon.awssdk.services.s3.internal.handlers.EnableTrailingChecksumInterceptor@46bbec6a' modified the message with its modifyHttpRequest method.
Execute Action	2026-09-26T09:07:15.3650361Z 26/09/26 09:07:13 DEBUG request: Sending Request: DefaultSdkHttpFullRequest(httpMethod=GET, protocol=http, host=rustfs-svc.rustfs.svc.cluster.local, port=9000, encodedPath=/datalake/tables/305c440c-c4c6-4821-b74a-504dd009c463/metadata/f7c2340a-56b6-4616-bad1-3fd914a1f3a4-m0.avro, headers=[amz-sdk-invocation-id, Range, User-Agent, x-amz-te], queryParameters=[])
Execute Action	2026-09-26T09:07:15.3651868Z 26/09/26 09:07:13 DEBUG SigningStage: Using SelectedAuthScheme: aws.auth#sigv4
Execute Action	2026-09-26T09:07:15.3652692Z 26/09/26 09:07:13 DEBUG DefaultV4RequestSigner: AWS4 Canonical Request: GET
Execute Action	2026-09-26T09:07:15.3653542Z /datalake/tables/305c440c-c4c6-4821-b74a-504dd009c463/metadata/f7c2340a-56b6-4616-bad1-3fd914a1f3a4-m0.avro
Execute Action	2026-09-26T09:07:15.3654225Z 
Execute Action	2026-09-26T09:07:15.3654884Z amz-sdk-invocation-id:34ad499a-204d-34cd-fb73-2333716b7aab
Execute Action	2026-09-26T09:07:15.3655533Z amz-sdk-request:attempt=1; max=6
Execute Action	2026-09-26T09:07:15.3656147Z host:rustfs-svc.rustfs.svc.cluster.local:9000
Execute Action	2026-09-26T09:07:15.3656738Z range:bytes=0-
Execute Action	2026-09-26T09:07:15.3657266Z x-amz-checksum-crc32:AAAAAA==
Execute Action	2026-09-26T09:07:15.3657840Z x-amz-content-sha256:UNSIGNED-PAYLOAD
Execute Action	2026-09-26T09:07:15.3658409Z x-amz-date:20260926T090713Z
Execute Action	2026-09-26T09:07:15.3658941Z x-amz-te:append-md5
Execute Action	2026-09-26T09:07:15.3659396Z 
Execute Action	2026-09-26T09:07:15.3660096Z amz-sdk-invocation-id;amz-sdk-request;host;range;x-amz-checksum-crc32;x-amz-content-sha256;x-amz-date;x-amz-te
Execute Action	2026-09-26T09:07:15.3660832Z UNSIGNED-PAYLOAD
Execute Action	2026-09-26T09:07:15.3661626Z 26/09/26 09:07:13 DEBUG DefaultV4RequestSigner: AWS4 Canonical Request Hash: 09fcef638d6e72a000c29b240d0d538c788233373a5b6e916e41d73d55e5eea2
Execute Action	2026-09-26T09:07:15.3662663Z 26/09/26 09:07:13 DEBUG DefaultV4RequestSigner: AWS4 String to sign: AWS4-HMAC-SHA256
Execute Action	2026-09-26T09:07:15.3663432Z 20260926T090713Z
Execute Action	2026-09-26T09:07:15.3663950Z 20260926/us-east-1/s3/aws4_request
Execute Action	2026-09-26T09:07:15.3664601Z 09fcef638d6e72a000c29b240d0d538c788233373a5b6e916e41d73d55e5eea2
Execute Action	2026-09-26T09:07:15.3665582Z 26/09/26 09:07:13 DEBUG requestId: Received successful response: 206, Request ID: 3bdedd5b-6d34-48a2-9a61-5c37ef98fd66, Extended Request ID: not available
Execute Action	2026-09-26T09:07:15.3666705Z 26/09/26 09:07:13 DEBUG request: Received successful response: 206, Request ID: 3bdedd5b-6d34-48a2-9a61-5c37ef98fd66, Extended Request ID: not available
Execute Action	2026-09-26T09:07:15.3673107Z 26/09/26 09:07:13 DEBUG ExecutionInterceptorChain: Creating an interceptor chain that will apply interceptors in the following order: [software.amazon.awssdk.core.internal.interceptor.HttpChecksumValidationInterceptor@1b42f03, software.amazon.awssdk.awscore.interceptor.HelpfulUnknownHostExceptionInterceptor@14295ba6, software.amazon.awssdk.awscore.eventstream.EventStreamInitialRequestInterceptor@25b51297, software.amazon.awssdk.awscore.interceptor.TraceIdExecutionInterceptor@1e16a17b, software.amazon.awssdk.services.s3.auth.scheme.internal.S3AuthSchemeInterceptor@3efa598d, software.amazon.awssdk.services.s3.endpoints.internal.S3ResolveEndpointInterceptor@60d0c19f, software.amazon.awssdk.services.s3.endpoints.internal.S3RequestSetEndpointInterceptor@6dfc56b8, software.amazon.awssdk.services.s3.internal.handlers.StreamingRequestInterceptor@464a2f05, software.amazon.awssdk.services.s3.internal.handlers.CreateBucketInterceptor@2a902070, software.amazon.awssdk.services.s3.internal.handlers.CreateMultipartUploadRequestInterceptor@4c2ad084, software.amazon.awssdk.services.s3.internal.handlers.DecodeUrlEncodedResponseInterceptor@436c162f, software.amazon.awssdk.services.s3.internal.handlers.GetBucketPolicyInterceptor@54493b40, software.amazon.awssdk.services.s3.internal.handlers.AsyncChecksumValidationInterceptor@7ff11219, software.amazon.awssdk.services.s3.internal.handlers.SyncChecksumValidationInterceptor@65c55393, software.amazon.awssdk.services.s3.internal.handlers.EnableTrailingChecksumInterceptor@46bbec6a, software.amazon.awssdk.services.s3.internal.handlers.ExceptionTranslationInterceptor@5bb55cc6, software.amazon.awssdk.services.s3.internal.handlers.GetObjectInterceptor@2ca3ec73, software.amazon.awssdk.services.s3.internal.handlers.ObjectMetadataInterceptor@63b57bbf]
Execute Action	2026-09-26T09:07:15.3679753Z 26/09/26 09:07:13 DEBUG requestId: Received successful response: 206, Request ID: 9c7d1cda-5560-4061-a190-fb1ce52c1fb8, Extended Request ID: not available
Execute Action	2026-09-26T09:07:15.3680877Z 26/09/26 09:07:13 DEBUG request: Received successful response: 206, Request ID: 9c7d1cda-5560-4061-a190-fb1ce52c1fb8, Extended Request ID: not available
Execute Action	2026-09-26T09:07:15.3687275Z 26/09/26 09:07:13 DEBUG ExecutionInterceptorChain: Creating an interceptor chain that will apply interceptors in the following order: [software.amazon.awssdk.core.internal.interceptor.HttpChecksumValidationInterceptor@1b42f03, software.amazon.awssdk.awscore.interceptor.HelpfulUnknownHostExceptionInterceptor@14295ba6, software.amazon.awssdk.awscore.eventstream.EventStreamInitialRequestInterceptor@25b51297, software.amazon.awssdk.awscore.interceptor.TraceIdExecutionInterceptor@1e16a17b, software.amazon.awssdk.services.s3.auth.scheme.internal.S3AuthSchemeInterceptor@3efa598d, software.amazon.awssdk.services.s3.endpoints.internal.S3ResolveEndpointInterceptor@60d0c19f, software.amazon.awssdk.services.s3.endpoints.internal.S3RequestSetEndpointInterceptor@6dfc56b8, software.amazon.awssdk.services.s3.internal.handlers.StreamingRequestInterceptor@464a2f05, software.amazon.awssdk.services.s3.internal.handlers.CreateBucketInterceptor@2a902070, software.amazon.awssdk.services.s3.internal.handlers.CreateMultipartUploadRequestInterceptor@4c2ad084, software.amazon.awssdk.services.s3.internal.handlers.DecodeUrlEncodedResponseInterceptor@436c162f, software.amazon.awssdk.services.s3.internal.handlers.GetBucketPolicyInterceptor@54493b40, software.amazon.awssdk.services.s3.internal.handlers.AsyncChecksumValidationInterceptor@7ff11219, software.amazon.awssdk.services.s3.internal.handlers.SyncChecksumValidationInterceptor@65c55393, software.amazon.awssdk.services.s3.internal.handlers.EnableTrailingChecksumInterceptor@46bbec6a, software.amazon.awssdk.services.s3.internal.handlers.ExceptionTranslationInterceptor@5bb55cc6, software.amazon.awssdk.services.s3.internal.handlers.GetObjectInterceptor@2ca3ec73, software.amazon.awssdk.services.s3.internal.handlers.ObjectMetadataInterceptor@63b57bbf]
Execute Action	2026-09-26T09:07:15.3694162Z 26/09/26 09:07:13 DEBUG ExecutionInterceptorChain: Interceptor 'software.amazon.awssdk.services.s3.endpoints.internal.S3RequestSetEndpointInterceptor@6dfc56b8' modified the message with its modifyHttpRequest method.
Execute Action	2026-09-26T09:07:15.3695789Z 26/09/26 09:07:13 DEBUG ExecutionInterceptorChain: Interceptor 'software.amazon.awssdk.services.s3.internal.handlers.EnableTrailingChecksumInterceptor@46bbec6a' modified the message with its modifyHttpRequest method.
Execute Action	2026-09-26T09:07:15.3697368Z 26/09/26 09:07:13 DEBUG ExecutionInterceptorChain: Interceptor 'software.amazon.awssdk.services.s3.endpoints.internal.S3RequestSetEndpointInterceptor@6dfc56b8' modified the message with its modifyHttpRequest method.
Execute Action	2026-09-26T09:07:15.3698937Z 26/09/26 09:07:13 DEBUG ExecutionInterceptorChain: Interceptor 'software.amazon.awssdk.services.s3.internal.handlers.EnableTrailingChecksumInterceptor@46bbec6a' modified the message with its modifyHttpRequest method.
Execute Action	2026-09-26T09:07:15.3701062Z 26/09/26 09:07:13 DEBUG request: Sending Request: DefaultSdkHttpFullRequest(httpMethod=GET, protocol=http, host=rustfs-svc.rustfs.svc.cluster.local, port=9000, encodedPath=/datalake/tables/305c440c-c4c6-4821-b74a-504dd009c463/metadata/45caccbe-2f3b-451e-a758-5524bbd9cf3e-m0.avro, headers=[amz-sdk-invocation-id, Range, User-Agent, x-amz-te], queryParameters=[])
Execute Action	2026-09-26T09:07:15.3702666Z 26/09/26 09:07:13 DEBUG SigningStage: Using SelectedAuthScheme: aws.auth#sigv4
Execute Action	2026-09-26T09:07:15.3704181Z 26/09/26 09:07:13 DEBUG request: Sending Request: DefaultSdkHttpFullRequest(httpMethod=GET, protocol=http, host=rustfs-svc.rustfs.svc.cluster.local, port=9000, encodedPath=/datalake/tables/305c440c-c4c6-4821-b74a-504dd009c463/metadata/9ecc46bf-c3d9-4497-8ac6-cbbd17a01fe0-m0.avro, headers=[amz-sdk-invocation-id, Range, User-Agent, x-amz-te], queryParameters=[])
Execute Action	2026-09-26T09:07:15.3705691Z 26/09/26 09:07:13 DEBUG SigningStage: Using SelectedAuthScheme: aws.auth#sigv4
Execute Action	2026-09-26T09:07:15.3706433Z 26/09/26 09:07:13 DEBUG DefaultV4RequestSigner: AWS4 Canonical Request: GET
Execute Action	2026-09-26T09:07:15.3707276Z /datalake/tables/305c440c-c4c6-4821-b74a-504dd009c463/metadata/45caccbe-2f3b-451e-a758-5524bbd9cf3e-m0.avro
Execute Action	2026-09-26T09:07:15.3707949Z 
Execute Action	2026-09-26T09:07:15.3708484Z amz-sdk-invocation-id:9188b570-f382-059f-9992-4e119438fccd
Execute Action	2026-09-26T09:07:15.3709107Z amz-sdk-request:attempt=1; max=6
Execute Action	2026-09-26T09:07:15.3709823Z host:rustfs-svc.rustfs.svc.cluster.local:9000
Execute Action	2026-09-26T09:07:15.3710555Z range:bytes=0-
Execute Action	2026-09-26T09:07:15.3711073Z x-amz-checksum-crc32:AAAAAA==
Execute Action	2026-09-26T09:07:15.3711651Z x-amz-content-sha256:UNSIGNED-PAYLOAD
Execute Action	2026-09-26T09:07:15.3712205Z x-amz-date:20260926T090713Z
Execute Action	2026-09-26T09:07:15.3712826Z x-amz-te:append-md5
Execute Action	2026-09-26T09:07:15.3713274Z 
Execute Action	2026-09-26T09:07:15.3713955Z amz-sdk-invocation-id;amz-sdk-request;host;range;x-amz-checksum-crc32;x-amz-content-sha256;x-amz-date;x-amz-te
Execute Action	2026-09-26T09:07:15.3714687Z UNSIGNED-PAYLOAD
Execute Action	2026-09-26T09:07:15.3715474Z 26/09/26 09:07:13 DEBUG DefaultV4RequestSigner: AWS4 Canonical Request Hash: e739d9806be3cd3ef63b26776a3edadd591355b8f73440749026022159b1fcae
Execute Action	2026-09-26T09:07:15.3716427Z 26/09/26 09:07:13 DEBUG DefaultV4RequestSigner: AWS4 String to sign: AWS4-HMAC-SHA256
Execute Action	2026-09-26T09:07:15.3717067Z 20260926T090713Z
Execute Action	2026-09-26T09:07:15.3717588Z 20260926/us-east-1/s3/aws4_request
Execute Action	2026-09-26T09:07:15.3718232Z e739d9806be3cd3ef63b26776a3edadd591355b8f73440749026022159b1fcae
Execute Action	2026-09-26T09:07:15.3718967Z 26/09/26 09:07:13 DEBUG DefaultV4RequestSigner: AWS4 Canonical Request: GET
Execute Action	2026-09-26T09:07:15.3719828Z /datalake/tables/305c440c-c4c6-4821-b74a-504dd009c463/metadata/9ecc46bf-c3d9-4497-8ac6-cbbd17a01fe0-m0.avro
Execute Action	2026-09-26T09:07:15.3720652Z 
Execute Action	2026-09-26T09:07:15.3721448Z amz-sdk-invocation-id:217755f2-1b67-dc12-3be1-fb48684f475d
Execute Action	2026-09-26T09:07:15.3722495Z amz-sdk-request:attempt=1; max=6
Execute Action	2026-09-26T09:07:15.3723595Z host:rustfs-svc.rustfs.svc.cluster.local:9000
Execute Action	2026-09-26T09:07:15.3724507Z range:bytes=0-
Execute Action	2026-09-26T09:07:15.3725316Z x-amz-checksum-crc32:AAAAAA==
Execute Action	2026-09-26T09:07:15.3726232Z x-amz-content-sha256:UNSIGNED-PAYLOAD
Execute Action	2026-09-26T09:07:15.3727137Z x-amz-date:20260926T090713Z
Execute Action	2026-09-26T09:07:15.3727964Z x-amz-te:append-md5
Execute Action	2026-09-26T09:07:15.3728667Z 
Execute Action	2026-09-26T09:07:15.3729818Z amz-sdk-invocation-id;amz-sdk-request;host;range;x-amz-checksum-crc32;x-amz-content-sha256;x-amz-date;x-amz-te
Execute Action	2026-09-26T09:07:15.3731014Z UNSIGNED-PAYLOAD
Execute Action	2026-09-26T09:07:15.3732318Z 26/09/26 09:07:13 DEBUG DefaultV4RequestSigner: AWS4 Canonical Request Hash: bad294c493dc0c84f005f6b2146f105d684817b9c6bca49e48133a65c41cb0e0
Execute Action	2026-09-26T09:07:15.3734031Z 26/09/26 09:07:13 DEBUG DefaultV4RequestSigner: AWS4 String to sign: AWS4-HMAC-SHA256
Execute Action	2026-09-26T09:07:15.3735242Z 20260926T090713Z
Execute Action	2026-09-26T09:07:15.3736076Z 20260926/us-east-1/s3/aws4_request
Execute Action	2026-09-26T09:07:15.3737139Z bad294c493dc0c84f005f6b2146f105d684817b9c6bca49e48133a65c41cb0e0
Execute Action	2026-09-26T09:07:15.3738697Z 26/09/26 09:07:13 DEBUG requestId: Received successful response: 206, Request ID: 8129eb3c-6c25-494d-853a-fcf7a5517582, Extended Request ID: not available
Execute Action	2026-09-26T09:07:15.3740562Z 26/09/26 09:07:13 DEBUG request: Received successful response: 206, Request ID: 8129eb3c-6c25-494d-853a-fcf7a5517582, Extended Request ID: not available
Execute Action	2026-09-26T09:07:15.3751810Z 26/09/26 09:07:13 DEBUG ExecutionInterceptorChain: Creating an interceptor chain that will apply interceptors in the following order: [software.amazon.awssdk.core.internal.interceptor.HttpChecksumValidationInterceptor@1b42f03, software.amazon.awssdk.awscore.interceptor.HelpfulUnknownHostExceptionInterceptor@14295ba6, software.amazon.awssdk.awscore.eventstream.EventStreamInitialRequestInterceptor@25b51297, software.amazon.awssdk.awscore.interceptor.TraceIdExecutionInterceptor@1e16a17b, software.amazon.awssdk.services.s3.auth.scheme.internal.S3AuthSchemeInterceptor@3efa598d, software.amazon.awssdk.services.s3.endpoints.internal.S3ResolveEndpointInterceptor@60d0c19f, software.amazon.awssdk.services.s3.endpoints.internal.S3RequestSetEndpointInterceptor@6dfc56b8, software.amazon.awssdk.services.s3.internal.handlers.StreamingRequestInterceptor@464a2f05, software.amazon.awssdk.services.s3.internal.handlers.CreateBucketInterceptor@2a902070, software.amazon.awssdk.services.s3.internal.handlers.CreateMultipartUploadRequestInterceptor@4c2ad084, software.amazon.awssdk.services.s3.internal.handlers.DecodeUrlEncodedResponseInterceptor@436c162f, software.amazon.awssdk.services.s3.internal.handlers.GetBucketPolicyInterceptor@54493b40, software.amazon.awssdk.services.s3.internal.handlers.AsyncChecksumValidationInterceptor@7ff11219, software.amazon.awssdk.services.s3.internal.handlers.SyncChecksumValidationInterceptor@65c55393, software.amazon.awssdk.services.s3.internal.handlers.EnableTrailingChecksumInterceptor@46bbec6a, software.amazon.awssdk.services.s3.internal.handlers.ExceptionTranslationInterceptor@5bb55cc6, software.amazon.awssdk.services.s3.internal.handlers.GetObjectInterceptor@2ca3ec73, software.amazon.awssdk.services.s3.internal.handlers.ObjectMetadataInterceptor@63b57bbf]
Execute Action	2026-09-26T09:07:15.3764046Z 26/09/26 09:07:13 DEBUG ExecutionInterceptorChain: Interceptor 'software.amazon.awssdk.services.s3.endpoints.internal.S3RequestSetEndpointInterceptor@6dfc56b8' modified the message with its modifyHttpRequest method.
Execute Action	2026-09-26T09:07:15.3766882Z 26/09/26 09:07:13 DEBUG ExecutionInterceptorChain: Interceptor 'software.amazon.awssdk.services.s3.internal.handlers.EnableTrailingChecksumInterceptor@46bbec6a' modified the message with its modifyHttpRequest method.
Execute Action	2026-09-26T09:07:15.3770253Z 26/09/26 09:07:13 DEBUG request: Sending Request: DefaultSdkHttpFullRequest(httpMethod=GET, protocol=http, host=rustfs-svc.rustfs.svc.cluster.local, port=9000, encodedPath=/datalake/tables/305c440c-c4c6-4821-b74a-504dd009c463/metadata/9f10fc0c-bb98-44b9-866e-9e5402f3f1bc-m0.avro, headers=[amz-sdk-invocation-id, Range, User-Agent, x-amz-te], queryParameters=[])
Execute Action	2026-09-26T09:07:15.3772921Z 26/09/26 09:07:13 DEBUG SigningStage: Using SelectedAuthScheme: aws.auth#sigv4
Execute Action	2026-09-26T09:07:15.3774162Z 26/09/26 09:07:13 DEBUG DefaultV4RequestSigner: AWS4 Canonical Request: GET
Execute Action	2026-09-26T09:07:15.3775729Z /datalake/tables/305c440c-c4c6-4821-b74a-504dd009c463/metadata/9f10fc0c-bb98-44b9-866e-9e5402f3f1bc-m0.avro
Execute Action	2026-09-26T09:07:15.3776834Z 
Execute Action	2026-09-26T09:07:15.3777719Z amz-sdk-invocation-id:eb586298-beb2-4b2a-f47f-3cbd0101786c
Execute Action	2026-09-26T09:07:15.3778751Z amz-sdk-request:attempt=1; max=6
Execute Action	2026-09-26T09:07:15.3779737Z host:rustfs-svc.rustfs.svc.cluster.local:9000
Execute Action	2026-09-26T09:07:15.3780638Z range:bytes=0-
Execute Action	2026-09-26T09:07:15.3781449Z x-amz-checksum-crc32:AAAAAA==
Execute Action	2026-09-26T09:07:15.3782381Z x-amz-content-sha256:UNSIGNED-PAYLOAD
Execute Action	2026-09-26T09:07:15.3783406Z x-amz-date:20260926T090713Z
Execute Action	2026-09-26T09:07:15.3784244Z x-amz-te:append-md5
Execute Action	2026-09-26T09:07:15.3784948Z 
Execute Action	2026-09-26T09:07:15.3786060Z amz-sdk-invocation-id;amz-sdk-request;host;range;x-amz-checksum-crc32;x-amz-content-sha256;x-amz-date;x-amz-te
Execute Action	2026-09-26T09:07:15.3787247Z UNSIGNED-PAYLOAD
Execute Action	2026-09-26T09:07:15.3788546Z 26/09/26 09:07:13 DEBUG DefaultV4RequestSigner: AWS4 Canonical Request Hash: 405caad068b331855ef7e01c0586e2be21eb5adb468405f062320655ef768c7d
Execute Action	2026-09-26T09:07:15.3790122Z 26/09/26 09:07:13 DEBUG DefaultV4RequestSigner: AWS4 String to sign: AWS4-HMAC-SHA256
Execute Action	2026-09-26T09:07:15.3791161Z 20260926T090713Z
Execute Action	2026-09-26T09:07:15.3792142Z 20260926/us-east-1/s3/aws4_request
Execute Action	2026-09-26T09:07:15.3793311Z 405caad068b331855ef7e01c0586e2be21eb5adb468405f062320655ef768c7d
Execute Action	2026-09-26T09:07:15.3794885Z 26/09/26 09:07:13 DEBUG requestId: Received successful response: 206, Request ID: b70be65e-4a91-4b81-a8e4-f500943ab4cc, Extended Request ID: not available
Execute Action	2026-09-26T09:07:15.3796771Z 26/09/26 09:07:13 DEBUG request: Received successful response: 206, Request ID: b70be65e-4a91-4b81-a8e4-f500943ab4cc, Extended Request ID: not available
Execute Action	2026-09-26T09:07:15.3808108Z 26/09/26 09:07:13 DEBUG ExecutionInterceptorChain: Creating an interceptor chain that will apply interceptors in the following order: [software.amazon.awssdk.core.internal.interceptor.HttpChecksumValidationInterceptor@1b42f03, software.amazon.awssdk.awscore.interceptor.HelpfulUnknownHostExceptionInterceptor@14295ba6, software.amazon.awssdk.awscore.eventstream.EventStreamInitialRequestInterceptor@25b51297, software.amazon.awssdk.awscore.interceptor.TraceIdExecutionInterceptor@1e16a17b, software.amazon.awssdk.services.s3.auth.scheme.internal.S3AuthSchemeInterceptor@3efa598d, software.amazon.awssdk.services.s3.endpoints.internal.S3ResolveEndpointInterceptor@60d0c19f, software.amazon.awssdk.services.s3.endpoints.internal.S3RequestSetEndpointInterceptor@6dfc56b8, software.amazon.awssdk.services.s3.internal.handlers.StreamingRequestInterceptor@464a2f05, software.amazon.awssdk.services.s3.internal.handlers.CreateBucketInterceptor@2a902070, software.amazon.awssdk.services.s3.internal.handlers.CreateMultipartUploadRequestInterceptor@4c2ad084, software.amazon.awssdk.services.s3.internal.handlers.DecodeUrlEncodedResponseInterceptor@436c162f, software.amazon.awssdk.services.s3.internal.handlers.GetBucketPolicyInterceptor@54493b40, software.amazon.awssdk.services.s3.internal.handlers.AsyncChecksumValidationInterceptor@7ff11219, software.amazon.awssdk.services.s3.internal.handlers.SyncChecksumValidationInterceptor@65c55393, software.amazon.awssdk.services.s3.internal.handlers.EnableTrailingChecksumInterceptor@46bbec6a, software.amazon.awssdk.services.s3.internal.handlers.ExceptionTranslationInterceptor@5bb55cc6, software.amazon.awssdk.services.s3.internal.handlers.GetObjectInterceptor@2ca3ec73, software.amazon.awssdk.services.s3.internal.handlers.ObjectMetadataInterceptor@63b57bbf]
Execute Action	2026-09-26T09:07:15.3819813Z 26/09/26 09:07:13 DEBUG requestId: Received successful response: 206, Request ID: 50dc417e-50ba-4110-be86-37b8024a2753, Extended Request ID: not available
Execute Action	2026-09-26T09:07:15.3822182Z 26/09/26 09:07:13 DEBUG ExecutionInterceptorChain: Interceptor 'software.amazon.awssdk.services.s3.endpoints.internal.S3RequestSetEndpointInterceptor@6dfc56b8' modified the message with its modifyHttpRequest method.
Execute Action	2026-09-26T09:07:15.3824166Z 26/09/26 09:07:13 DEBUG ExecutionInterceptorChain: Interceptor 'software.amazon.awssdk.services.s3.internal.handlers.EnableTrailingChecksumInterceptor@46bbec6a' modified the message with its modifyHttpRequest method.
Execute Action	2026-09-26T09:07:15.3826142Z 26/09/26 09:07:13 DEBUG request: Sending Request: DefaultSdkHttpFullRequest(httpMethod=GET, protocol=http, host=rustfs-svc.rustfs.svc.cluster.local, port=9000, encodedPath=/datalake/tables/305c440c-c4c6-4821-b74a-504dd009c463/metadata/c01e2182-25f4-49b2-9335-20b1aa11d226-m0.avro, headers=[amz-sdk-invocation-id, Range, User-Agent, x-amz-te], queryParameters=[])
Execute Action	2026-09-26T09:07:15.3827669Z 26/09/26 09:07:13 DEBUG SigningStage: Using SelectedAuthScheme: aws.auth#sigv4
Execute Action	2026-09-26T09:07:15.3828568Z 26/09/26 09:07:13 DEBUG DefaultV4RequestSigner: AWS4 Canonical Request: GET
Execute Action	2026-09-26T09:07:15.3829414Z /datalake/tables/305c440c-c4c6-4821-b74a-504dd009c463/metadata/c01e2182-25f4-49b2-9335-20b1aa11d226-m0.avro
Execute Action	2026-09-26T09:07:15.3830106Z 
Execute Action	2026-09-26T09:07:15.3830661Z amz-sdk-invocation-id:1db23c98-483f-11b3-fa55-f36aa2a41e35
Execute Action	2026-09-26T09:07:15.3831288Z amz-sdk-request:attempt=1; max=6
Execute Action	2026-09-26T09:07:15.3831914Z host:rustfs-svc.rustfs.svc.cluster.local:9000
Execute Action	2026-09-26T09:07:15.3832482Z range:bytes=0-
Execute Action	2026-09-26T09:07:15.3833164Z x-amz-checksum-crc32:AAAAAA==
Execute Action	2026-09-26T09:07:15.3833749Z x-amz-content-sha256:UNSIGNED-PAYLOAD
Execute Action	2026-09-26T09:07:15.3834306Z x-amz-date:20260926T090713Z
Execute Action	2026-09-26T09:07:15.3834830Z x-amz-te:append-md5
Execute Action	2026-09-26T09:07:15.3835287Z 
Execute Action	2026-09-26T09:07:15.3835978Z amz-sdk-invocation-id;amz-sdk-request;host;range;x-amz-checksum-crc32;x-amz-content-sha256;x-amz-date;x-amz-te
Execute Action	2026-09-26T09:07:15.3836709Z UNSIGNED-PAYLOAD
Execute Action	2026-09-26T09:07:15.3837675Z 26/09/26 09:07:13 DEBUG DefaultV4RequestSigner: AWS4 Canonical Request Hash: c6b7742d7c582f21dbe24a688aa3d92c921ede5328fd3b22501ea026a1f67b8e
Execute Action	2026-09-26T09:07:15.3838634Z 26/09/26 09:07:13 DEBUG DefaultV4RequestSigner: AWS4 String to sign: AWS4-HMAC-SHA256
Execute Action	2026-09-26T09:07:15.3839267Z 20260926T090713Z
Execute Action	2026-09-26T09:07:15.3839778Z 20260926/us-east-1/s3/aws4_request
Execute Action	2026-09-26T09:07:15.3840431Z c6b7742d7c582f21dbe24a688aa3d92c921ede5328fd3b22501ea026a1f67b8e
Execute Action	2026-09-26T09:07:15.3841365Z 26/09/26 09:07:13 DEBUG request: Received successful response: 206, Request ID: 50dc417e-50ba-4110-be86-37b8024a2753, Extended Request ID: not available
Execute Action	2026-09-26T09:07:15.5284174Z 26/09/26 09:07:13 DEBUG ExecutionInterceptorChain: Creating an interceptor chain that will apply interceptors in the following order: [software.amazon.awssdk.core.internal.interceptor.HttpChecksumValidationInterceptor@1b42f03, software.amazon.awssdk.awscore.interceptor.HelpfulUnknownHostExceptionInterceptor@14295ba6, software.amazon.awssdk.awscore.eventstream.EventStreamInitialRequestInterceptor@25b51297, software.amazon.awssdk.awscore.interceptor.TraceIdExecutionInterceptor@1e16a17b, software.amazon.awssdk.services.s3.auth.scheme.internal.S3AuthSchemeInterceptor@3efa598d, software.amazon.awssdk.services.s3.endpoints.internal.S3ResolveEndpointInterceptor@60d0c19f, software.amazon.awssdk.services.s3.endpoints.internal.S3RequestSetEndpointInterceptor@6dfc56b8, software.amazon.awssdk.services.s3.internal.handlers.StreamingRequestInterceptor@464a2f05, software.amazon.awssdk.services.s3.internal.handlers.CreateBucketInterceptor@2a902070, software.amazon.awssdk.services.s3.internal.handlers.CreateMultipartUploadRequestInterceptor@4c2ad084, software.amazon.awssdk.services.s3.internal.handlers.DecodeUrlEncodedResponseInterceptor@436c162f, software.amazon.awssdk.services.s3.internal.handlers.GetBucketPolicyInterceptor@54493b40, software.amazon.awssdk.services.s3.internal.handlers.AsyncChecksumValidationInterceptor@7ff11219, software.amazon.awssdk.services.s3.internal.handlers.SyncChecksumValidationInterceptor@65c55393, software.amazon.awssdk.services.s3.internal.handlers.EnableTrailingChecksumInterceptor@46bbec6a, software.amazon.awssdk.services.s3.internal.handlers.ExceptionTranslationInterceptor@5bb55cc6, software.amazon.awssdk.services.s3.internal.handlers.GetObjectInterceptor@2ca3ec73, software.amazon.awssdk.services.s3.internal.handlers.ObjectMetadataInterceptor@63b57bbf]
Execute Action	2026-09-26T09:07:15.5294396Z 26/09/26 09:07:13 DEBUG ExecutionInterceptorChain: Interceptor 'software.amazon.awssdk.services.s3.endpoints.internal.S3RequestSetEndpointInterceptor@6dfc56b8' modified the message with its modifyHttpRequest method.
Execute Action	2026-09-26T09:07:15.5296227Z 26/09/26 09:07:13 DEBUG ExecutionInterceptorChain: Interceptor 'software.amazon.awssdk.services.s3.internal.handlers.EnableTrailingChecksumInterceptor@46bbec6a' modified the message with its modifyHttpRequest method.
Execute Action	2026-09-26T09:07:15.5298205Z 26/09/26 09:07:13 DEBUG request: Sending Request: DefaultSdkHttpFullRequest(httpMethod=GET, protocol=http, host=rustfs-svc.rustfs.svc.cluster.local, port=9000, encodedPath=/datalake/tables/305c440c-c4c6-4821-b74a-504dd009c463/metadata/90f7cb1a-90aa-4f6a-afc7-799fc2bd7df7-m0.avro, headers=[amz-sdk-invocation-id, Range, User-Agent, x-amz-te], queryParameters=[])
Execute Action	2026-09-26T09:07:15.5300350Z 26/09/26 09:07:13 DEBUG SigningStage: Using SelectedAuthScheme: aws.auth#sigv4
Execute Action	2026-09-26T09:07:15.5301525Z 26/09/26 09:07:13 DEBUG DefaultV4RequestSigner: AWS4 Canonical Request: GET
Execute Action	2026-09-26T09:07:15.5302760Z /datalake/tables/305c440c-c4c6-4821-b74a-504dd009c463/metadata/90f7cb1a-90aa-4f6a-afc7-799fc2bd7df7-m0.avro
Execute Action	2026-09-26T09:07:15.5303843Z 
Execute Action	2026-09-26T09:07:15.5304716Z amz-sdk-invocation-id:28d9611c-044d-7f83-5113-f32096629b9b
Execute Action	2026-09-26T09:07:15.5305360Z amz-sdk-request:attempt=1; max=6
Execute Action	2026-09-26T09:07:15.5306398Z host:rustfs-svc.rustfs.svc.cluster.local:9000
Execute Action	2026-09-26T09:07:15.5307380Z range:bytes=0-
Execute Action	2026-09-26T09:07:15.5308014Z x-amz-checksum-crc32:AAAAAA==
Execute Action	2026-09-26T09:07:15.5309036Z x-amz-content-sha256:UNSIGNED-PAYLOAD
Execute Action	2026-09-26T09:07:15.5309873Z x-amz-date:20260926T090713Z
Execute Action	2026-09-26T09:07:15.5310701Z x-amz-te:append-md5
Execute Action	2026-09-26T09:07:15.5311281Z 
Execute Action	2026-09-26T09:07:15.5312129Z amz-sdk-invocation-id;amz-sdk-request;host;range;x-amz-checksum-crc32;x-amz-content-sha256;x-amz-date;x-amz-te
Execute Action	2026-09-26T09:07:15.5313198Z UNSIGNED-PAYLOAD
Execute Action	2026-09-26T09:07:15.5314064Z 26/09/26 09:07:13 DEBUG DefaultV4RequestSigner: AWS4 Canonical Request Hash: bf1d9caa6ba0517c7434c239489e5426712a0e2067a2c48a1375b46b63a761c5
Execute Action	2026-09-26T09:07:15.5315518Z 26/09/26 09:07:13 DEBUG DefaultV4RequestSigner: AWS4 String to sign: AWS4-HMAC-SHA256
Execute Action	2026-09-26T09:07:15.5316634Z 20260926T090713Z
Execute Action	2026-09-26T09:07:15.5317297Z 20260926/us-east-1/s3/aws4_request
Execute Action	2026-09-26T09:07:15.5318401Z bf1d9caa6ba0517c7434c239489e5426712a0e2067a2c48a1375b46b63a761c5
Execute Action	2026-09-26T09:07:15.5319881Z 26/09/26 09:07:13 DEBUG requestId: Received successful response: 206, Request ID: e75deef6-dc1a-4a22-b878-90497e3e0d84, Extended Request ID: not available
Execute Action	2026-09-26T09:07:15.5321620Z 26/09/26 09:07:13 DEBUG request: Received successful response: 206, Request ID: e75deef6-dc1a-4a22-b878-90497e3e0d84, Extended Request ID: not available
Execute Action	2026-09-26T09:07:15.5330400Z 26/09/26 09:07:13 DEBUG ExecutionInterceptorChain: Creating an interceptor chain that will apply interceptors in the following order: [software.amazon.awssdk.core.internal.interceptor.HttpChecksumValidationInterceptor@1b42f03, software.amazon.awssdk.awscore.interceptor.HelpfulUnknownHostExceptionInterceptor@14295ba6, software.amazon.awssdk.awscore.eventstream.EventStreamInitialRequestInterceptor@25b51297, software.amazon.awssdk.awscore.interceptor.TraceIdExecutionInterceptor@1e16a17b, software.amazon.awssdk.services.s3.auth.scheme.internal.S3AuthSchemeInterceptor@3efa598d, software.amazon.awssdk.services.s3.endpoints.internal.S3ResolveEndpointInterceptor@60d0c19f, software.amazon.awssdk.services.s3.endpoints.internal.S3RequestSetEndpointInterceptor@6dfc56b8, software.amazon.awssdk.services.s3.internal.handlers.StreamingRequestInterceptor@464a2f05, software.amazon.awssdk.services.s3.internal.handlers.CreateBucketInterceptor@2a902070, software.amazon.awssdk.services.s3.internal.handlers.CreateMultipartUploadRequestInterceptor@4c2ad084, software.amazon.awssdk.services.s3.internal.handlers.DecodeUrlEncodedResponseInterceptor@436c162f, software.amazon.awssdk.services.s3.internal.handlers.GetBucketPolicyInterceptor@54493b40, software.amazon.awssdk.services.s3.internal.handlers.AsyncChecksumValidationInterceptor@7ff11219, software.amazon.awssdk.services.s3.internal.handlers.SyncChecksumValidationInterceptor@65c55393, software.amazon.awssdk.services.s3.internal.handlers.EnableTrailingChecksumInterceptor@46bbec6a, software.amazon.awssdk.services.s3.internal.handlers.ExceptionTranslationInterceptor@5bb55cc6, software.amazon.awssdk.services.s3.internal.handlers.GetObjectInterceptor@2ca3ec73, software.amazon.awssdk.services.s3.internal.handlers.ObjectMetadataInterceptor@63b57bbf]
Execute Action	2026-09-26T09:07:15.5339837Z 26/09/26 09:07:13 DEBUG ExecutionInterceptorChain: Interceptor 'software.amazon.awssdk.services.s3.endpoints.internal.S3RequestSetEndpointInterceptor@6dfc56b8' modified the message with its modifyHttpRequest method.
Execute Action	2026-09-26T09:07:15.5342017Z 26/09/26 09:07:13 DEBUG ExecutionInterceptorChain: Interceptor 'software.amazon.awssdk.services.s3.internal.handlers.EnableTrailingChecksumInterceptor@46bbec6a' modified the message with its modifyHttpRequest method.
Execute Action	2026-09-26T09:07:15.5345491Z 26/09/26 09:07:13 DEBUG request: Sending Request: DefaultSdkHttpFullRequest(httpMethod=GET, protocol=http, host=rustfs-svc.rustfs.svc.cluster.local, port=9000, encodedPath=/datalake/tables/305c440c-c4c6-4821-b74a-504dd009c463/metadata/1631403d-e17d-47bb-b698-9ebfd9653428-m0.avro, headers=[amz-sdk-invocation-id, Range, User-Agent, x-amz-te], queryParameters=[])
Execute Action	2026-09-26T09:07:15.5347415Z 26/09/26 09:07:13 DEBUG SigningStage: Using SelectedAuthScheme: aws.auth#sigv4
Execute Action	2026-09-26T09:07:15.5348683Z 26/09/26 09:07:13 DEBUG DefaultV4RequestSigner: AWS4 Canonical Request: GET
Execute Action	2026-09-26T09:07:15.5350319Z /datalake/tables/305c440c-c4c6-4821-b74a-504dd009c463/metadata/1631403d-e17d-47bb-b698-9ebfd9653428-m0.avro
Execute Action	2026-09-26T09:07:15.5351486Z 
Execute Action	2026-09-26T09:07:15.5352404Z amz-sdk-invocation-id:d3bd2e1c-9a0c-84bb-52c2-d8849e577f6c
Execute Action	2026-09-26T09:07:15.5353488Z amz-sdk-request:attempt=1; max=6
Execute Action	2026-09-26T09:07:15.5354469Z host:rustfs-svc.rustfs.svc.cluster.local:9000
Execute Action	2026-09-26T09:07:15.5355448Z range:bytes=0-
Execute Action	2026-09-26T09:07:15.5356246Z x-amz-checksum-crc32:AAAAAA==
Execute Action	2026-09-26T09:07:15.5356860Z x-amz-content-sha256:UNSIGNED-PAYLOAD
Execute Action	2026-09-26T09:07:15.5357654Z x-amz-date:20260926T090713Z
Execute Action	2026-09-26T09:07:15.5358290Z x-amz-te:append-md5
Execute Action	2026-09-26T09:07:15.5359046Z 
Execute Action	2026-09-26T09:07:15.5360184Z amz-sdk-invocation-id;amz-sdk-request;host;range;x-amz-checksum-crc32;x-amz-content-sha256;x-amz-date;x-amz-te
Execute Action	2026-09-26T09:07:15.5361176Z UNSIGNED-PAYLOAD
Execute Action	2026-09-26T09:07:15.5362462Z 26/09/26 09:07:13 DEBUG DefaultV4RequestSigner: AWS4 Canonical Request Hash: 46afcfe5d252fba645cdf8b9cc45c03c86e48ee681276596e8d2e30210c13582
Execute Action	2026-09-26T09:07:15.5364434Z 26/09/26 09:07:13 DEBUG DefaultV4RequestSigner: AWS4 String to sign: AWS4-HMAC-SHA256
Execute Action	2026-09-26T09:07:15.5365244Z 20260926T090713Z
Execute Action	2026-09-26T09:07:15.5365857Z 20260926/us-east-1/s3/aws4_request
Execute Action	2026-09-26T09:07:15.5366787Z 46afcfe5d252fba645cdf8b9cc45c03c86e48ee681276596e8d2e30210c13582
Execute Action	2026-09-26T09:07:15.5367943Z 26/09/26 09:07:13 DEBUG requestId: Received successful response: 206, Request ID: b67dac41-9b84-4ee4-aebb-ffabbcd7caaf, Extended Request ID: not available
Execute Action	2026-09-26T09:07:15.5369079Z 26/09/26 09:07:13 DEBUG request: Received successful response: 206, Request ID: b67dac41-9b84-4ee4-aebb-ffabbcd7caaf, Extended Request ID: not available
Execute Action	2026-09-26T09:07:15.5376885Z 26/09/26 09:07:13 DEBUG ExecutionInterceptorChain: Creating an interceptor chain that will apply interceptors in the following order: [software.amazon.awssdk.core.internal.interceptor.HttpChecksumValidationInterceptor@1b42f03, software.amazon.awssdk.awscore.interceptor.HelpfulUnknownHostExceptionInterceptor@14295ba6, software.amazon.awssdk.awscore.eventstream.EventStreamInitialRequestInterceptor@25b51297, software.amazon.awssdk.awscore.interceptor.TraceIdExecutionInterceptor@1e16a17b, software.amazon.awssdk.services.s3.auth.scheme.internal.S3AuthSchemeInterceptor@3efa598d, software.amazon.awssdk.services.s3.endpoints.internal.S3ResolveEndpointInterceptor@60d0c19f, software.amazon.awssdk.services.s3.endpoints.internal.S3RequestSetEndpointInterceptor@6dfc56b8, software.amazon.awssdk.services.s3.internal.handlers.StreamingRequestInterceptor@464a2f05, software.amazon.awssdk.services.s3.internal.handlers.CreateBucketInterceptor@2a902070, software.amazon.awssdk.services.s3.internal.handlers.CreateMultipartUploadRequestInterceptor@4c2ad084, software.amazon.awssdk.services.s3.internal.handlers.DecodeUrlEncodedResponseInterceptor@436c162f, software.amazon.awssdk.services.s3.internal.handlers.GetBucketPolicyInterceptor@54493b40, software.amazon.awssdk.services.s3.internal.handlers.AsyncChecksumValidationInterceptor@7ff11219, software.amazon.awssdk.services.s3.internal.handlers.SyncChecksumValidationInterceptor@65c55393, software.amazon.awssdk.services.s3.internal.handlers.EnableTrailingChecksumInterceptor@46bbec6a, software.amazon.awssdk.services.s3.internal.handlers.ExceptionTranslationInterceptor@5bb55cc6, software.amazon.awssdk.services.s3.internal.handlers.GetObjectInterceptor@2ca3ec73, software.amazon.awssdk.services.s3.internal.handlers.ObjectMetadataInterceptor@63b57bbf]
Execute Action	2026-09-26T09:07:15.5385482Z 26/09/26 09:07:13 DEBUG ExecutionInterceptorChain: Interceptor 'software.amazon.awssdk.services.s3.endpoints.internal.S3RequestSetEndpointInterceptor@6dfc56b8' modified the message with its modifyHttpRequest method.
Execute Action	2026-09-26T09:07:15.5387112Z 26/09/26 09:07:13 DEBUG ExecutionInterceptorChain: Interceptor 'software.amazon.awssdk.services.s3.internal.handlers.EnableTrailingChecksumInterceptor@46bbec6a' modified the message with its modifyHttpRequest method.
Execute Action	2026-09-26T09:07:15.5389104Z 26/09/26 09:07:13 DEBUG request: Sending Request: DefaultSdkHttpFullRequest(httpMethod=GET, protocol=http, host=rustfs-svc.rustfs.svc.cluster.local, port=9000, encodedPath=/datalake/tables/305c440c-c4c6-4821-b74a-504dd009c463/metadata/3d462ff4-6b66-4b50-ab51-4199ec7951c6-m0.avro, headers=[amz-sdk-invocation-id, Range, User-Agent, x-amz-te], queryParameters=[])
Execute Action	2026-09-26T09:07:15.5390841Z 26/09/26 09:07:13 DEBUG SigningStage: Using SelectedAuthScheme: aws.auth#sigv4
Execute Action	2026-09-26T09:07:15.5391611Z 26/09/26 09:07:13 DEBUG DefaultV4RequestSigner: AWS4 Canonical Request: GET
Execute Action	2026-09-26T09:07:15.5392471Z /datalake/tables/305c440c-c4c6-4821-b74a-504dd009c463/metadata/3d462ff4-6b66-4b50-ab51-4199ec7951c6-m0.avro
Execute Action	2026-09-26T09:07:15.5393281Z 
Execute Action	2026-09-26T09:07:15.5393843Z amz-sdk-invocation-id:eba95323-a2f8-dfdc-5f22-15a8420da9f0
Execute Action	2026-09-26T09:07:15.5394486Z amz-sdk-request:attempt=1; max=6
Execute Action	2026-09-26T09:07:15.5395098Z host:rustfs-svc.rustfs.svc.cluster.local:9000
Execute Action	2026-09-26T09:07:15.5395671Z range:bytes=0-
Execute Action	2026-09-26T09:07:15.5396181Z x-amz-checksum-crc32:AAAAAA==
Execute Action	2026-09-26T09:07:15.5396758Z x-amz-content-sha256:UNSIGNED-PAYLOAD
Execute Action	2026-09-26T09:07:15.5397329Z x-amz-date:20260926T090713Z
Execute Action	2026-09-26T09:07:15.5397854Z x-amz-te:append-md5
Execute Action	2026-09-26T09:07:15.5398303Z 
Execute Action	2026-09-26T09:07:15.5399010Z amz-sdk-invocation-id;amz-sdk-request;host;range;x-amz-checksum-crc32;x-amz-content-sha256;x-amz-date;x-amz-te
Execute Action	2026-09-26T09:07:15.5399739Z UNSIGNED-PAYLOAD
Execute Action	2026-09-26T09:07:15.5400538Z 26/09/26 09:07:13 DEBUG DefaultV4RequestSigner: AWS4 Canonical Request Hash: dca8199ee0d9f7a8a46903d30210b829f57424ff8a90d9ae0527a8f8d7c93aed
Execute Action	2026-09-26T09:07:15.5401630Z 26/09/26 09:07:13 DEBUG DefaultV4RequestSigner: AWS4 String to sign: AWS4-HMAC-SHA256
Execute Action	2026-09-26T09:07:15.5402297Z 20260926T090713Z
Execute Action	2026-09-26T09:07:15.5402957Z 20260926/us-east-1/s3/aws4_request
Execute Action	2026-09-26T09:07:15.5403628Z dca8199ee0d9f7a8a46903d30210b829f57424ff8a90d9ae0527a8f8d7c93aed
Execute Action	2026-09-26T09:07:15.5404576Z 26/09/26 09:07:13 DEBUG requestId: Received successful response: 206, Request ID: ef909147-81ab-4693-b411-8c99098279d9, Extended Request ID: not available
Execute Action	2026-09-26T09:07:15.5405685Z 26/09/26 09:07:13 DEBUG request: Received successful response: 206, Request ID: ef909147-81ab-4693-b411-8c99098279d9, Extended Request ID: not available
Execute Action	2026-09-26T09:07:15.5412040Z 26/09/26 09:07:13 DEBUG ExecutionInterceptorChain: Creating an interceptor chain that will apply interceptors in the following order: [software.amazon.awssdk.core.internal.interceptor.HttpChecksumValidationInterceptor@1b42f03, software.amazon.awssdk.awscore.interceptor.HelpfulUnknownHostExceptionInterceptor@14295ba6, software.amazon.awssdk.awscore.eventstream.EventStreamInitialRequestInterceptor@25b51297, software.amazon.awssdk.awscore.interceptor.TraceIdExecutionInterceptor@1e16a17b, software.amazon.awssdk.services.s3.auth.scheme.internal.S3AuthSchemeInterceptor@3efa598d, software.amazon.awssdk.services.s3.endpoints.internal.S3ResolveEndpointInterceptor@60d0c19f, software.amazon.awssdk.services.s3.endpoints.internal.S3RequestSetEndpointInterceptor@6dfc56b8, software.amazon.awssdk.services.s3.internal.handlers.StreamingRequestInterceptor@464a2f05, software.amazon.awssdk.services.s3.internal.handlers.CreateBucketInterceptor@2a902070, software.amazon.awssdk.services.s3.internal.handlers.CreateMultipartUploadRequestInterceptor@4c2ad084, software.amazon.awssdk.services.s3.internal.handlers.DecodeUrlEncodedResponseInterceptor@436c162f, software.amazon.awssdk.services.s3.internal.handlers.GetBucketPolicyInterceptor@54493b40, software.amazon.awssdk.services.s3.internal.handlers.AsyncChecksumValidationInterceptor@7ff11219, software.amazon.awssdk.services.s3.internal.handlers.SyncChecksumValidationInterceptor@65c55393, software.amazon.awssdk.services.s3.internal.handlers.EnableTrailingChecksumInterceptor@46bbec6a, software.amazon.awssdk.services.s3.internal.handlers.ExceptionTranslationInterceptor@5bb55cc6, software.amazon.awssdk.services.s3.internal.handlers.GetObjectInterceptor@2ca3ec73, software.amazon.awssdk.services.s3.internal.handlers.ObjectMetadataInterceptor@63b57bbf]
Execute Action	2026-09-26T09:07:15.5419066Z 26/09/26 09:07:13 DEBUG ExecutionInterceptorChain: Interceptor 'software.amazon.awssdk.services.s3.endpoints.internal.S3RequestSetEndpointInterceptor@6dfc56b8' modified the message with its modifyHttpRequest method.
Execute Action	2026-09-26T09:07:15.5420669Z 26/09/26 09:07:13 DEBUG ExecutionInterceptorChain: Interceptor 'software.amazon.awssdk.services.s3.internal.handlers.EnableTrailingChecksumInterceptor@46bbec6a' modified the message with its modifyHttpRequest method.
Execute Action	2026-09-26T09:07:15.5422033Z 26/09/26 09:07:13 DEBUG requestId: Received successful response: 206, Request ID: 28ee67ed-e0c1-43b2-aab4-2eec736ca0dc, Extended Request ID: not available
Execute Action	2026-09-26T09:07:15.5423228Z 26/09/26 09:07:13 DEBUG request: Received successful response: 206, Request ID: 28ee67ed-e0c1-43b2-aab4-2eec736ca0dc, Extended Request ID: not available
Execute Action	2026-09-26T09:07:15.5424950Z 26/09/26 09:07:13 DEBUG request: Sending Request: DefaultSdkHttpFullRequest(httpMethod=GET, protocol=http, host=rustfs-svc.rustfs.svc.cluster.local, port=9000, encodedPath=/datalake/tables/305c440c-c4c6-4821-b74a-504dd009c463/metadata/fc92cc25-db5e-4414-b7ba-e2a8fe4835a1-m0.avro, headers=[amz-sdk-invocation-id, Range, User-Agent, x-amz-te], queryParameters=[])
Execute Action	2026-09-26T09:07:15.5426581Z 26/09/26 09:07:13 DEBUG SigningStage: Using SelectedAuthScheme: aws.auth#sigv4
Execute Action	2026-09-26T09:07:15.5427337Z 26/09/26 09:07:13 DEBUG DefaultV4RequestSigner: AWS4 Canonical Request: GET
Execute Action	2026-09-26T09:07:15.5428189Z /datalake/tables/305c440c-c4c6-4821-b74a-504dd009c463/metadata/fc92cc25-db5e-4414-b7ba-e2a8fe4835a1-m0.avro
Execute Action	2026-09-26T09:07:15.5428892Z 
Execute Action	2026-09-26T09:07:15.5429450Z amz-sdk-invocation-id:6b904ae7-676f-ad15-3570-51589463459f
Execute Action	2026-09-26T09:07:15.5430081Z amz-sdk-request:attempt=1; max=6
Execute Action	2026-09-26T09:07:15.5430689Z host:rustfs-svc.rustfs.svc.cluster.local:9000
Execute Action	2026-09-26T09:07:15.5431246Z range:bytes=0-
Execute Action	2026-09-26T09:07:15.5431750Z x-amz-checksum-crc32:AAAAAA==
Execute Action	2026-09-26T09:07:15.5432319Z x-amz-content-sha256:UNSIGNED-PAYLOAD
Execute Action	2026-09-26T09:07:15.5432963Z x-amz-date:20260926T090713Z
Execute Action	2026-09-26T09:07:15.5433605Z x-amz-te:append-md5
Execute Action	2026-09-26T09:07:15.5434056Z 
Execute Action	2026-09-26T09:07:15.5434755Z amz-sdk-invocation-id;amz-sdk-request;host;range;x-amz-checksum-crc32;x-amz-content-sha256;x-amz-date;x-amz-te
Execute Action	2026-09-26T09:07:15.5435477Z UNSIGNED-PAYLOAD
Execute Action	2026-09-26T09:07:15.5436280Z 26/09/26 09:07:13 DEBUG DefaultV4RequestSigner: AWS4 Canonical Request Hash: 6ab6cf07d104b7323f395c350e4d2a534b58cc5303ebbd427187387ebd2b7458
Execute Action	2026-09-26T09:07:15.5437235Z 26/09/26 09:07:13 DEBUG DefaultV4RequestSigner: AWS4 String to sign: AWS4-HMAC-SHA256
Execute Action	2026-09-26T09:07:15.5437865Z 20260926T090713Z
Execute Action	2026-09-26T09:07:15.5438370Z 20260926/us-east-1/s3/aws4_request
Execute Action	2026-09-26T09:07:15.5439198Z 6ab6cf07d104b7323f395c350e4d2a534b58cc5303ebbd427187387ebd2b7458
Execute Action	2026-09-26T09:07:15.5446242Z 26/09/26 09:07:13 DEBUG ExecutionInterceptorChain: Creating an interceptor chain that will apply interceptors in the following order: [software.amazon.awssdk.core.internal.interceptor.HttpChecksumValidationInterceptor@1b42f03, software.amazon.awssdk.awscore.interceptor.HelpfulUnknownHostExceptionInterceptor@14295ba6, software.amazon.awssdk.awscore.eventstream.EventStreamInitialRequestInterceptor@25b51297, software.amazon.awssdk.awscore.interceptor.TraceIdExecutionInterceptor@1e16a17b, software.amazon.awssdk.services.s3.auth.scheme.internal.S3AuthSchemeInterceptor@3efa598d, software.amazon.awssdk.services.s3.endpoints.internal.S3ResolveEndpointInterceptor@60d0c19f, software.amazon.awssdk.services.s3.endpoints.internal.S3RequestSetEndpointInterceptor@6dfc56b8, software.amazon.awssdk.services.s3.internal.handlers.StreamingRequestInterceptor@464a2f05, software.amazon.awssdk.services.s3.internal.handlers.CreateBucketInterceptor@2a902070, software.amazon.awssdk.services.s3.internal.handlers.CreateMultipartUploadRequestInterceptor@4c2ad084, software.amazon.awssdk.services.s3.internal.handlers.DecodeUrlEncodedResponseInterceptor@436c162f, software.amazon.awssdk.services.s3.internal.handlers.GetBucketPolicyInterceptor@54493b40, software.amazon.awssdk.services.s3.internal.handlers.AsyncChecksumValidationInterceptor@7ff11219, software.amazon.awssdk.services.s3.internal.handlers.SyncChecksumValidationInterceptor@65c55393, software.amazon.awssdk.services.s3.internal.handlers.EnableTrailingChecksumInterceptor@46bbec6a, software.amazon.awssdk.services.s3.internal.handlers.ExceptionTranslationInterceptor@5bb55cc6, software.amazon.awssdk.services.s3.internal.handlers.GetObjectInterceptor@2ca3ec73, software.amazon.awssdk.services.s3.internal.handlers.ObjectMetadataInterceptor@63b57bbf]
Execute Action	2026-09-26T09:07:15.5453215Z 26/09/26 09:07:13 DEBUG ExecutionInterceptorChain: Interceptor 'software.amazon.awssdk.services.s3.endpoints.internal.S3RequestSetEndpointInterceptor@6dfc56b8' modified the message with its modifyHttpRequest method.
Execute Action	2026-09-26T09:07:15.5454822Z 26/09/26 09:07:13 DEBUG ExecutionInterceptorChain: Interceptor 'software.amazon.awssdk.services.s3.internal.handlers.EnableTrailingChecksumInterceptor@46bbec6a' modified the message with its modifyHttpRequest method.
Execute Action	2026-09-26T09:07:15.5456789Z 26/09/26 09:07:13 DEBUG request: Sending Request: DefaultSdkHttpFullRequest(httpMethod=GET, protocol=http, host=rustfs-svc.rustfs.svc.cluster.local, port=9000, encodedPath=/datalake/tables/305c440c-c4c6-4821-b74a-504dd009c463/metadata/8a382b32-8e57-4bfe-a310-d20763a98b70-m0.avro, headers=[amz-sdk-invocation-id, Range, User-Agent, x-amz-te], queryParameters=[])
Execute Action	2026-09-26T09:07:15.5458543Z 26/09/26 09:07:13 DEBUG SigningStage: Using SelectedAuthScheme: aws.auth#sigv4
Execute Action	2026-09-26T09:07:15.5459309Z 26/09/26 09:07:13 DEBUG DefaultV4RequestSigner: AWS4 Canonical Request: GET
Execute Action	2026-09-26T09:07:15.5460159Z /datalake/tables/305c440c-c4c6-4821-b74a-504dd009c463/metadata/8a382b32-8e57-4bfe-a310-d20763a98b70-m0.avro
Execute Action	2026-09-26T09:07:15.5460833Z 
Execute Action	2026-09-26T09:07:15.5461386Z amz-sdk-invocation-id:f27a3fc5-4362-74fd-4b57-f0bb3836f982
Execute Action	2026-09-26T09:07:15.5462012Z amz-sdk-request:attempt=1; max=6
Execute Action	2026-09-26T09:07:15.5462702Z host:rustfs-svc.rustfs.svc.cluster.local:9000
Execute Action	2026-09-26T09:07:15.5463264Z range:bytes=0-
Execute Action	2026-09-26T09:07:15.5463773Z x-amz-checksum-crc32:AAAAAA==
Execute Action	2026-09-26T09:07:15.5464342Z x-amz-content-sha256:UNSIGNED-PAYLOAD
Execute Action	2026-09-26T09:07:15.5464895Z x-amz-date:20260926T090713Z
Execute Action	2026-09-26T09:07:15.5465402Z x-amz-te:append-md5
Execute Action	2026-09-26T09:07:15.5465846Z 
Execute Action	2026-09-26T09:07:15.5466532Z amz-sdk-invocation-id;amz-sdk-request;host;range;x-amz-checksum-crc32;x-amz-content-sha256;x-amz-date;x-amz-te
Execute Action	2026-09-26T09:07:15.5467256Z UNSIGNED-PAYLOAD
Execute Action	2026-09-26T09:07:15.5468043Z 26/09/26 09:07:13 DEBUG DefaultV4RequestSigner: AWS4 Canonical Request Hash: 407f94e577b252f687100658ed050063dd3a2f20237f619e1f3800b4bb85404a
Execute Action	2026-09-26T09:07:15.5469111Z 26/09/26 09:07:13 DEBUG DefaultV4RequestSigner: AWS4 String to sign: AWS4-HMAC-SHA256
Execute Action	2026-09-26T09:07:15.5469749Z 20260926T090713Z
Execute Action	2026-09-26T09:07:15.5470260Z 20260926/us-east-1/s3/aws4_request
Execute Action	2026-09-26T09:07:15.5470900Z 407f94e577b252f687100658ed050063dd3a2f20237f619e1f3800b4bb85404a
Execute Action	2026-09-26T09:07:15.5471832Z 26/09/26 09:07:13 DEBUG requestId: Received successful response: 206, Request ID: 466dcbda-69cf-4b6d-8ded-a420e547da22, Extended Request ID: not available
Execute Action	2026-09-26T09:07:15.5473057Z 26/09/26 09:07:13 DEBUG request: Received successful response: 206, Request ID: 466dcbda-69cf-4b6d-8ded-a420e547da22, Extended Request ID: not available
Execute Action	2026-09-26T09:07:15.5474186Z 26/09/26 09:07:13 DEBUG requestId: Received successful response: 206, Request ID: c8605f29-bef6-4a32-a68a-23b65881f18d, Extended Request ID: not available
Execute Action	2026-09-26T09:07:15.5475295Z 26/09/26 09:07:13 DEBUG request: Received successful response: 206, Request ID: c8605f29-bef6-4a32-a68a-23b65881f18d, Extended Request ID: not available
Execute Action	2026-09-26T09:07:15.5481648Z 26/09/26 09:07:13 DEBUG ExecutionInterceptorChain: Creating an interceptor chain that will apply interceptors in the following order: [software.amazon.awssdk.core.internal.interceptor.HttpChecksumValidationInterceptor@1b42f03, software.amazon.awssdk.awscore.interceptor.HelpfulUnknownHostExceptionInterceptor@14295ba6, software.amazon.awssdk.awscore.eventstream.EventStreamInitialRequestInterceptor@25b51297, software.amazon.awssdk.awscore.interceptor.TraceIdExecutionInterceptor@1e16a17b, software.amazon.awssdk.services.s3.auth.scheme.internal.S3AuthSchemeInterceptor@3efa598d, software.amazon.awssdk.services.s3.endpoints.internal.S3ResolveEndpointInterceptor@60d0c19f, software.amazon.awssdk.services.s3.endpoints.internal.S3RequestSetEndpointInterceptor@6dfc56b8, software.amazon.awssdk.services.s3.internal.handlers.StreamingRequestInterceptor@464a2f05, software.amazon.awssdk.services.s3.internal.handlers.CreateBucketInterceptor@2a902070, software.amazon.awssdk.services.s3.internal.handlers.CreateMultipartUploadRequestInterceptor@4c2ad084, software.amazon.awssdk.services.s3.internal.handlers.DecodeUrlEncodedResponseInterceptor@436c162f, software.amazon.awssdk.services.s3.internal.handlers.GetBucketPolicyInterceptor@54493b40, software.amazon.awssdk.services.s3.internal.handlers.AsyncChecksumValidationInterceptor@7ff11219, software.amazon.awssdk.services.s3.internal.handlers.SyncChecksumValidationInterceptor@65c55393, software.amazon.awssdk.services.s3.internal.handlers.EnableTrailingChecksumInterceptor@46bbec6a, software.amazon.awssdk.services.s3.internal.handlers.ExceptionTranslationInterceptor@5bb55cc6, software.amazon.awssdk.services.s3.internal.handlers.GetObjectInterceptor@2ca3ec73, software.amazon.awssdk.services.s3.internal.handlers.ObjectMetadataInterceptor@63b57bbf]
Execute Action	2026-09-26T09:07:15.5493576Z 26/09/26 09:07:13 DEBUG ExecutionInterceptorChain: Creating an interceptor chain that will apply interceptors in the following order: [software.amazon.awssdk.core.internal.interceptor.HttpChecksumValidationInterceptor@1b42f03, software.amazon.awssdk.awscore.interceptor.HelpfulUnknownHostExceptionInterceptor@14295ba6, software.amazon.awssdk.awscore.eventstream.EventStreamInitialRequestInterceptor@25b51297, software.amazon.awssdk.awscore.interceptor.TraceIdExecutionInterceptor@1e16a17b, software.amazon.awssdk.services.s3.auth.scheme.internal.S3AuthSchemeInterceptor@3efa598d, software.amazon.awssdk.services.s3.endpoints.internal.S3ResolveEndpointInterceptor@60d0c19f, software.amazon.awssdk.services.s3.endpoints.internal.S3RequestSetEndpointInterceptor@6dfc56b8, software.amazon.awssdk.services.s3.internal.handlers.StreamingRequestInterceptor@464a2f05, software.amazon.awssdk.services.s3.internal.handlers.CreateBucketInterceptor@2a902070, software.amazon.awssdk.services.s3.internal.handlers.CreateMultipartUploadRequestInterceptor@4c2ad084, software.amazon.awssdk.services.s3.internal.handlers.DecodeUrlEncodedResponseInterceptor@436c162f, software.amazon.awssdk.services.s3.internal.handlers.GetBucketPolicyInterceptor@54493b40, software.amazon.awssdk.services.s3.internal.handlers.AsyncChecksumValidationInterceptor@7ff11219, software.amazon.awssdk.services.s3.internal.handlers.SyncChecksumValidationInterceptor@65c55393, software.amazon.awssdk.services.s3.internal.handlers.EnableTrailingChecksumInterceptor@46bbec6a, software.amazon.awssdk.services.s3.internal.handlers.ExceptionTranslationInterceptor@5bb55cc6, software.amazon.awssdk.services.s3.internal.handlers.GetObjectInterceptor@2ca3ec73, software.amazon.awssdk.services.s3.internal.handlers.ObjectMetadataInterceptor@63b57bbf]
Execute Action	2026-09-26T09:07:15.5500421Z 26/09/26 09:07:13 DEBUG ExecutionInterceptorChain: Interceptor 'software.amazon.awssdk.services.s3.endpoints.internal.S3RequestSetEndpointInterceptor@6dfc56b8' modified the message with its modifyHttpRequest method.
Execute Action	2026-09-26T09:07:15.5502016Z 26/09/26 09:07:13 DEBUG ExecutionInterceptorChain: Interceptor 'software.amazon.awssdk.services.s3.internal.handlers.EnableTrailingChecksumInterceptor@46bbec6a' modified the message with its modifyHttpRequest method.
Execute Action	2026-09-26T09:07:15.5503824Z 26/09/26 09:07:13 DEBUG ExecutionInterceptorChain: Interceptor 'software.amazon.awssdk.services.s3.endpoints.internal.S3RequestSetEndpointInterceptor@6dfc56b8' modified the message with its modifyHttpRequest method.
Execute Action	2026-09-26T09:07:15.5505421Z 26/09/26 09:07:13 DEBUG ExecutionInterceptorChain: Interceptor 'software.amazon.awssdk.services.s3.internal.handlers.EnableTrailingChecksumInterceptor@46bbec6a' modified the message with its modifyHttpRequest method.
Execute Action	2026-09-26T09:07:15.5507382Z 26/09/26 09:07:13 DEBUG request: Sending Request: DefaultSdkHttpFullRequest(httpMethod=GET, protocol=http, host=rustfs-svc.rustfs.svc.cluster.local, port=9000, encodedPath=/datalake/tables/305c440c-c4c6-4821-b74a-504dd009c463/metadata/514c0a4b-6261-4af4-919e-34e4b2cddd99-m0.avro, headers=[amz-sdk-invocation-id, Range, User-Agent, x-amz-te], queryParameters=[])
Execute Action	2026-09-26T09:07:15.5509638Z 26/09/26 09:07:13 DEBUG request: Sending Request: DefaultSdkHttpFullRequest(httpMethod=GET, protocol=http, host=rustfs-svc.rustfs.svc.cluster.local, port=9000, encodedPath=/datalake/tables/305c440c-c4c6-4821-b74a-504dd009c463/metadata/b898995a-e570-49fc-b680-f4aed83c2d15-m0.avro, headers=[amz-sdk-invocation-id, Range, User-Agent, x-amz-te], queryParameters=[])
Execute Action	2026-09-26T09:07:15.5511143Z 26/09/26 09:07:13 DEBUG SigningStage: Using SelectedAuthScheme: aws.auth#sigv4
Execute Action	2026-09-26T09:07:15.5511938Z 26/09/26 09:07:13 DEBUG SigningStage: Using SelectedAuthScheme: aws.auth#sigv4
Execute Action	2026-09-26T09:07:15.5512767Z 26/09/26 09:07:13 DEBUG DefaultV4RequestSigner: AWS4 Canonical Request: GET
Execute Action	2026-09-26T09:07:15.5513632Z /datalake/tables/305c440c-c4c6-4821-b74a-504dd009c463/metadata/b898995a-e570-49fc-b680-f4aed83c2d15-m0.avro
Execute Action	2026-09-26T09:07:15.5514427Z 
Execute Action	2026-09-26T09:07:15.5514974Z amz-sdk-invocation-id:ec3f7c5c-75d3-0a23-7982-974816e1ef22
Execute Action	2026-09-26T09:07:15.5515604Z amz-sdk-request:attempt=1; max=6
Execute Action	2026-09-26T09:07:15.5516207Z host:rustfs-svc.rustfs.svc.cluster.local:9000
Execute Action	2026-09-26T09:07:15.5516762Z range:bytes=0-
Execute Action	2026-09-26T09:07:15.5517269Z x-amz-checksum-crc32:AAAAAA==
Execute Action	2026-09-26T09:07:15.5517835Z x-amz-content-sha256:UNSIGNED-PAYLOAD
Execute Action	2026-09-26T09:07:15.5518393Z x-amz-date:20260926T090713Z
Execute Action	2026-09-26T09:07:15.5518904Z x-amz-te:append-md5
Execute Action	2026-09-26T09:07:15.5519352Z 
Execute Action	2026-09-26T09:07:15.5520049Z amz-sdk-invocation-id;amz-sdk-request;host;range;x-amz-checksum-crc32;x-amz-content-sha256;x-amz-date;x-amz-te
Execute Action	2026-09-26T09:07:15.5520777Z UNSIGNED-PAYLOAD
Execute Action	2026-09-26T09:07:15.5521574Z 26/09/26 09:07:13 DEBUG DefaultV4RequestSigner: AWS4 Canonical Request Hash: 4615da5a39243bfc695a4837ef1528ba35d4d979addd4e1ef3cf562ecb952019
Execute Action	2026-09-26T09:07:15.5522523Z 26/09/26 09:07:13 DEBUG DefaultV4RequestSigner: AWS4 String to sign: AWS4-HMAC-SHA256
Execute Action	2026-09-26T09:07:15.5523372Z 20260926T090713Z
Execute Action	2026-09-26T09:07:15.5523881Z 20260926/us-east-1/s3/aws4_request
Execute Action	2026-09-26T09:07:15.5524531Z 4615da5a39243bfc695a4837ef1528ba35d4d979addd4e1ef3cf562ecb952019
Execute Action	2026-09-26T09:07:15.5525266Z 26/09/26 09:07:13 DEBUG DefaultV4RequestSigner: AWS4 Canonical Request: GET
Execute Action	2026-09-26T09:07:15.5526113Z /datalake/tables/305c440c-c4c6-4821-b74a-504dd009c463/metadata/514c0a4b-6261-4af4-919e-34e4b2cddd99-m0.avro
Execute Action	2026-09-26T09:07:15.5526780Z 
Execute Action	2026-09-26T09:07:15.5527318Z amz-sdk-invocation-id:053cda19-d6c8-8758-0c7a-95fe79a7b15d
Execute Action	2026-09-26T09:07:15.5527939Z amz-sdk-request:attempt=1; max=6
Execute Action	2026-09-26T09:07:15.5528547Z host:rustfs-svc.rustfs.svc.cluster.local:9000
Execute Action	2026-09-26T09:07:15.5529111Z range:bytes=0-
Execute Action	2026-09-26T09:07:15.5529619Z x-amz-checksum-crc32:AAAAAA==
Execute Action	2026-09-26T09:07:15.5530187Z x-amz-content-sha256:UNSIGNED-PAYLOAD
Execute Action	2026-09-26T09:07:15.5530739Z x-amz-date:20260926T090713Z
Execute Action	2026-09-26T09:07:15.5531248Z x-amz-te:append-md5
Execute Action	2026-09-26T09:07:15.5531695Z 
Execute Action	2026-09-26T09:07:15.5532380Z amz-sdk-invocation-id;amz-sdk-request;host;range;x-amz-checksum-crc32;x-amz-content-sha256;x-amz-date;x-amz-te
Execute Action	2026-09-26T09:07:15.5533218Z UNSIGNED-PAYLOAD
Execute Action	2026-09-26T09:07:15.5534019Z 26/09/26 09:07:13 DEBUG DefaultV4RequestSigner: AWS4 Canonical Request Hash: 483b9aaa02a29bd5172cdfc46eb8d8619ba6ed010d858e5d49d85e0ca24516b2
Execute Action	2026-09-26T09:07:15.5535121Z 26/09/26 09:07:13 DEBUG DefaultV4RequestSigner: AWS4 String to sign: AWS4-HMAC-SHA256
Execute Action	2026-09-26T09:07:15.5535754Z 20260926T090713Z
Execute Action	2026-09-26T09:07:15.5536265Z 20260926/us-east-1/s3/aws4_request
Execute Action	2026-09-26T09:07:15.5536913Z 483b9aaa02a29bd5172cdfc46eb8d8619ba6ed010d858e5d49d85e0ca24516b2
Execute Action	2026-09-26T09:07:15.5537853Z 26/09/26 09:07:13 DEBUG requestId: Received successful response: 206, Request ID: 4358dca6-7f9a-4865-9ba4-c2d9daef8995, Extended Request ID: not available
Execute Action	2026-09-26T09:07:15.5538986Z 26/09/26 09:07:13 DEBUG request: Received successful response: 206, Request ID: 4358dca6-7f9a-4865-9ba4-c2d9daef8995, Extended Request ID: not available
Execute Action	2026-09-26T09:07:15.5540111Z 26/09/26 09:07:13 DEBUG requestId: Received successful response: 206, Request ID: f0b5515e-6abe-4539-a772-1b08fd8e4b51, Extended Request ID: not available
Execute Action	2026-09-26T09:07:15.5541215Z 26/09/26 09:07:13 DEBUG request: Received successful response: 206, Request ID: f0b5515e-6abe-4539-a772-1b08fd8e4b51, Extended Request ID: not available
Execute Action	2026-09-26T09:07:15.5547633Z 26/09/26 09:07:13 DEBUG ExecutionInterceptorChain: Creating an interceptor chain that will apply interceptors in the following order: [software.amazon.awssdk.core.internal.interceptor.HttpChecksumValidationInterceptor@1b42f03, software.amazon.awssdk.awscore.interceptor.HelpfulUnknownHostExceptionInterceptor@14295ba6, software.amazon.awssdk.awscore.eventstream.EventStreamInitialRequestInterceptor@25b51297, software.amazon.awssdk.awscore.interceptor.TraceIdExecutionInterceptor@1e16a17b, software.amazon.awssdk.services.s3.auth.scheme.internal.S3AuthSchemeInterceptor@3efa598d, software.amazon.awssdk.services.s3.endpoints.internal.S3ResolveEndpointInterceptor@60d0c19f, software.amazon.awssdk.services.s3.endpoints.internal.S3RequestSetEndpointInterceptor@6dfc56b8, software.amazon.awssdk.services.s3.internal.handlers.StreamingRequestInterceptor@464a2f05, software.amazon.awssdk.services.s3.internal.handlers.CreateBucketInterceptor@2a902070, software.amazon.awssdk.services.s3.internal.handlers.CreateMultipartUploadRequestInterceptor@4c2ad084, software.amazon.awssdk.services.s3.internal.handlers.DecodeUrlEncodedResponseInterceptor@436c162f, software.amazon.awssdk.services.s3.internal.handlers.GetBucketPolicyInterceptor@54493b40, software.amazon.awssdk.services.s3.internal.handlers.AsyncChecksumValidationInterceptor@7ff11219, software.amazon.awssdk.services.s3.internal.handlers.SyncChecksumValidationInterceptor@65c55393, software.amazon.awssdk.services.s3.internal.handlers.EnableTrailingChecksumInterceptor@46bbec6a, software.amazon.awssdk.services.s3.internal.handlers.ExceptionTranslationInterceptor@5bb55cc6, software.amazon.awssdk.services.s3.internal.handlers.GetObjectInterceptor@2ca3ec73, software.amazon.awssdk.services.s3.internal.handlers.ObjectMetadataInterceptor@63b57bbf]
Execute Action	2026-09-26T09:07:15.5554625Z 26/09/26 09:07:13 DEBUG ExecutionInterceptorChain: Interceptor 'software.amazon.awssdk.services.s3.endpoints.internal.S3RequestSetEndpointInterceptor@6dfc56b8' modified the message with its modifyHttpRequest method.
Execute Action	2026-09-26T09:07:15.5556248Z 26/09/26 09:07:13 DEBUG ExecutionInterceptorChain: Interceptor 'software.amazon.awssdk.services.s3.internal.handlers.EnableTrailingChecksumInterceptor@46bbec6a' modified the message with its modifyHttpRequest method.
Execute Action	2026-09-26T09:07:15.5558357Z 26/09/26 09:07:13 DEBUG request: Sending Request: DefaultSdkHttpFullRequest(httpMethod=GET, protocol=http, host=rustfs-svc.rustfs.svc.cluster.local, port=9000, encodedPath=/datalake/tables/305c440c-c4c6-4821-b74a-504dd009c463/metadata/b938e37a-aa31-4f06-97dc-9b2e37e75cea-m0.avro, headers=[amz-sdk-invocation-id, Range, User-Agent, x-amz-te], queryParameters=[])
Execute Action	2026-09-26T09:07:15.5559884Z 26/09/26 09:07:13 DEBUG SigningStage: Using SelectedAuthScheme: aws.auth#sigv4
Execute Action	2026-09-26T09:07:15.5560635Z 26/09/26 09:07:13 DEBUG DefaultV4RequestSigner: AWS4 Canonical Request: GET
Execute Action	2026-09-26T09:07:15.5561489Z /datalake/tables/305c440c-c4c6-4821-b74a-504dd009c463/metadata/b938e37a-aa31-4f06-97dc-9b2e37e75cea-m0.avro
Execute Action	2026-09-26T09:07:15.5562166Z 
Execute Action	2026-09-26T09:07:15.5562798Z amz-sdk-invocation-id:4bc1cb75-bf80-83a0-3417-62b5a408dc7e
Execute Action	2026-09-26T09:07:15.5563434Z amz-sdk-request:attempt=1; max=6
Execute Action	2026-09-26T09:07:15.5564048Z host:rustfs-svc.rustfs.svc.cluster.local:9000
Execute Action	2026-09-26T09:07:15.5564612Z range:bytes=0-
Execute Action	2026-09-26T09:07:15.5565127Z x-amz-checksum-crc32:AAAAAA==
Execute Action	2026-09-26T09:07:15.5565711Z x-amz-content-sha256:UNSIGNED-PAYLOAD
Execute Action	2026-09-26T09:07:15.5566396Z x-amz-date:20260926T090713Z
Execute Action	2026-09-26T09:07:15.5566917Z x-amz-te:append-md5
Execute Action	2026-09-26T09:07:15.5567363Z 
Execute Action	2026-09-26T09:07:15.5568056Z amz-sdk-invocation-id;amz-sdk-request;host;range;x-amz-checksum-crc32;x-amz-content-sha256;x-amz-date;x-amz-te
Execute Action	2026-09-26T09:07:15.5568790Z UNSIGNED-PAYLOAD
Execute Action	2026-09-26T09:07:15.5569716Z 26/09/26 09:07:13 DEBUG DefaultV4RequestSigner: AWS4 Canonical Request Hash: 1b8be7351948f0066d223821f8563da2f13dc32999264e8606bc84ee604818ae
Execute Action	2026-09-26T09:07:15.5571056Z 26/09/26 09:07:13 DEBUG DefaultV4RequestSigner: AWS4 String to sign: AWS4-HMAC-SHA256
Execute Action	2026-09-26T09:07:15.5571914Z 20260926T090713Z
Execute Action	2026-09-26T09:07:15.5572846Z 20260926/us-east-1/s3/aws4_request
Execute Action	2026-09-26T09:07:15.5573682Z 1b8be7351948f0066d223821f8563da2f13dc32999264e8606bc84ee604818ae
Execute Action	2026-09-26T09:07:15.5591581Z 26/09/26 09:07:13 DEBUG ExecutionInterceptorChain: Creating an interceptor chain that will apply interceptors in the following order: [software.amazon.awssdk.core.internal.interceptor.HttpChecksumValidationInterceptor@1b42f03, software.amazon.awssdk.awscore.interceptor.HelpfulUnknownHostExceptionInterceptor@14295ba6, software.amazon.awssdk.awscore.eventstream.EventStreamInitialRequestInterceptor@25b51297, software.amazon.awssdk.awscore.interceptor.TraceIdExecutionInterceptor@1e16a17b, software.amazon.awssdk.services.s3.auth.scheme.internal.S3AuthSchemeInterceptor@3efa598d, software.amazon.awssdk.services.s3.endpoints.internal.S3ResolveEndpointInterceptor@60d0c19f, software.amazon.awssdk.services.s3.endpoints.internal.S3RequestSetEndpointInterceptor@6dfc56b8, software.amazon.awssdk.services.s3.internal.handlers.StreamingRequestInterceptor@464a2f05, software.amazon.awssdk.services.s3.internal.handlers.CreateBucketInterceptor@2a902070, software.amazon.awssdk.services.s3.internal.handlers.CreateMultipartUploadRequestInterceptor@4c2ad084, software.amazon.awssdk.services.s3.internal.handlers.DecodeUrlEncodedResponseInterceptor@436c162f, software.amazon.awssdk.services.s3.internal.handlers.GetBucketPolicyInterceptor@54493b40, software.amazon.awssdk.services.s3.internal.handlers.AsyncChecksumValidationInterceptor@7ff11219, software.amazon.awssdk.services.s3.internal.handlers.SyncChecksumValidationInterceptor@65c55393, software.amazon.awssdk.services.s3.internal.handlers.EnableTrailingChecksumInterceptor@46bbec6a, software.amazon.awssdk.services.s3.internal.handlers.ExceptionTranslationInterceptor@5bb55cc6, software.amazon.awssdk.services.s3.internal.handlers.GetObjectInterceptor@2ca3ec73, software.amazon.awssdk.services.s3.internal.handlers.ObjectMetadataInterceptor@63b57bbf]
Execute Action	2026-09-26T09:07:15.5598643Z 26/09/26 09:07:13 DEBUG ExecutionInterceptorChain: Interceptor 'software.amazon.awssdk.services.s3.endpoints.internal.S3RequestSetEndpointInterceptor@6dfc56b8' modified the message with its modifyHttpRequest method.
Execute Action	2026-09-26T09:07:15.5600252Z 26/09/26 09:07:13 DEBUG ExecutionInterceptorChain: Interceptor 'software.amazon.awssdk.services.s3.internal.handlers.EnableTrailingChecksumInterceptor@46bbec6a' modified the message with its modifyHttpRequest method.
Execute Action	2026-09-26T09:07:15.5602221Z 26/09/26 09:07:13 DEBUG request: Sending Request: DefaultSdkHttpFullRequest(httpMethod=GET, protocol=http, host=rustfs-svc.rustfs.svc.cluster.local, port=9000, encodedPath=/datalake/tables/305c440c-c4c6-4821-b74a-504dd009c463/metadata/353e1c77-b718-4e3c-a57b-503038c5c3ff-m0.avro, headers=[amz-sdk-invocation-id, Range, User-Agent, x-amz-te], queryParameters=[])
Execute Action	2026-09-26T09:07:15.5604199Z 26/09/26 09:07:13 DEBUG requestId: Received successful response: 206, Request ID: 0b415b09-b466-4efb-87f7-36342d0cc328, Extended Request ID: not available
Execute Action	2026-09-26T09:07:15.5605163Z 26/09/26 09:07:13 DEBUG SigningStage: Using SelectedAuthScheme: aws.auth#sigv4
Execute Action	2026-09-26T09:07:15.5606103Z 26/09/26 09:07:13 DEBUG request: Received successful response: 206, Request ID: 0b415b09-b466-4efb-87f7-36342d0cc328, Extended Request ID: not available
Execute Action	2026-09-26T09:07:15.5607029Z 26/09/26 09:07:13 DEBUG DefaultV4RequestSigner: AWS4 Canonical Request: GET
Execute Action	2026-09-26T09:07:15.5607892Z /datalake/tables/305c440c-c4c6-4821-b74a-504dd009c463/metadata/353e1c77-b718-4e3c-a57b-503038c5c3ff-m0.avro
Execute Action	2026-09-26T09:07:15.5608587Z 
Execute Action	2026-09-26T09:07:15.5609140Z amz-sdk-invocation-id:1d5c4400-6394-27b9-8a7c-775e53b5c64e
Execute Action	2026-09-26T09:07:15.5609781Z amz-sdk-request:attempt=1; max=6
Execute Action	2026-09-26T09:07:15.5610406Z host:rustfs-svc.rustfs.svc.cluster.local:9000
Execute Action	2026-09-26T09:07:15.5610963Z range:bytes=0-
Execute Action	2026-09-26T09:07:15.5611478Z x-amz-checksum-crc32:AAAAAA==
Execute Action	2026-09-26T09:07:15.5612057Z x-amz-content-sha256:UNSIGNED-PAYLOAD
Execute Action	2026-09-26T09:07:15.5612746Z x-amz-date:20260926T090713Z
Execute Action	2026-09-26T09:07:15.5613395Z x-amz-te:append-md5
Execute Action	2026-09-26T09:07:15.5613848Z 
Execute Action	2026-09-26T09:07:15.5614542Z amz-sdk-invocation-id;amz-sdk-request;host;range;x-amz-checksum-crc32;x-amz-content-sha256;x-amz-date;x-amz-te
Execute Action	2026-09-26T09:07:15.5615271Z UNSIGNED-PAYLOAD
Execute Action	2026-09-26T09:07:15.5616063Z 26/09/26 09:07:13 DEBUG DefaultV4RequestSigner: AWS4 Canonical Request Hash: 344a6501ea4c265416a497e11c7abf1123970e642f25cf9bc70572324735e1e9
Execute Action	2026-09-26T09:07:15.5622383Z 26/09/26 09:07:13 DEBUG ExecutionInterceptorChain: Creating an interceptor chain that will apply interceptors in the following order: [software.amazon.awssdk.core.internal.interceptor.HttpChecksumValidationInterceptor@1b42f03, software.amazon.awssdk.awscore.interceptor.HelpfulUnknownHostExceptionInterceptor@14295ba6, software.amazon.awssdk.awscore.eventstream.EventStreamInitialRequestInterceptor@25b51297, software.amazon.awssdk.awscore.interceptor.TraceIdExecutionInterceptor@1e16a17b, software.amazon.awssdk.services.s3.auth.scheme.internal.S3AuthSchemeInterceptor@3efa598d, software.amazon.awssdk.services.s3.endpoints.internal.S3ResolveEndpointInterceptor@60d0c19f, software.amazon.awssdk.services.s3.endpoints.internal.S3RequestSetEndpointInterceptor@6dfc56b8, software.amazon.awssdk.services.s3.internal.handlers.StreamingRequestInterceptor@464a2f05, software.amazon.awssdk.services.s3.internal.handlers.CreateBucketInterceptor@2a902070, software.amazon.awssdk.services.s3.internal.handlers.CreateMultipartUploadRequestInterceptor@4c2ad084, software.amazon.awssdk.services.s3.internal.handlers.DecodeUrlEncodedResponseInterceptor@436c162f, software.amazon.awssdk.services.s3.internal.handlers.GetBucketPolicyInterceptor@54493b40, software.amazon.awssdk.services.s3.internal.handlers.AsyncChecksumValidationInterceptor@7ff11219, software.amazon.awssdk.services.s3.internal.handlers.SyncChecksumValidationInterceptor@65c55393, software.amazon.awssdk.services.s3.internal.handlers.EnableTrailingChecksumInterceptor@46bbec6a, software.amazon.awssdk.services.s3.internal.handlers.ExceptionTranslationInterceptor@5bb55cc6, software.amazon.awssdk.services.s3.internal.handlers.GetObjectInterceptor@2ca3ec73, software.amazon.awssdk.services.s3.internal.handlers.ObjectMetadataInterceptor@63b57bbf]
Execute Action	2026-09-26T09:07:15.5628980Z 26/09/26 09:07:13 DEBUG DefaultV4RequestSigner: AWS4 String to sign: AWS4-HMAC-SHA256
Execute Action	2026-09-26T09:07:15.5629647Z 20260926T090713Z
Execute Action	2026-09-26T09:07:15.5630182Z 20260926/us-east-1/s3/aws4_request
Execute Action	2026-09-26T09:07:15.5630839Z 344a6501ea4c265416a497e11c7abf1123970e642f25cf9bc70572324735e1e9
Execute Action	2026-09-26T09:07:15.5632014Z 26/09/26 09:07:13 DEBUG ExecutionInterceptorChain: Interceptor 'software.amazon.awssdk.services.s3.endpoints.internal.S3RequestSetEndpointInterceptor@6dfc56b8' modified the message with its modifyHttpRequest method.
Execute Action	2026-09-26T09:07:15.5633700Z 26/09/26 09:07:13 DEBUG ExecutionInterceptorChain: Interceptor 'software.amazon.awssdk.services.s3.internal.handlers.EnableTrailingChecksumInterceptor@46bbec6a' modified the message with its modifyHttpRequest method.
Execute Action	2026-09-26T09:07:15.5635663Z 26/09/26 09:07:13 DEBUG request: Sending Request: DefaultSdkHttpFullRequest(httpMethod=GET, protocol=http, host=rustfs-svc.rustfs.svc.cluster.local, port=9000, encodedPath=/datalake/tables/305c440c-c4c6-4821-b74a-504dd009c463/metadata/153e7f54-7073-4f12-819c-d3a87a73368f-m0.avro, headers=[amz-sdk-invocation-id, Range, User-Agent, x-amz-te], queryParameters=[])
Execute Action	2026-09-26T09:07:15.5637348Z 26/09/26 09:07:13 DEBUG SigningStage: Using SelectedAuthScheme: aws.auth#sigv4
Execute Action	2026-09-26T09:07:15.5638105Z 26/09/26 09:07:13 DEBUG DefaultV4RequestSigner: AWS4 Canonical Request: GET
Execute Action	2026-09-26T09:07:15.5638950Z /datalake/tables/305c440c-c4c6-4821-b74a-504dd009c463/metadata/153e7f54-7073-4f12-819c-d3a87a73368f-m0.avro
Execute Action	2026-09-26T09:07:15.5639623Z 
Execute Action	2026-09-26T09:07:15.5640173Z amz-sdk-invocation-id:76fa11b2-5a57-2165-05ec-146f482d1701
Execute Action	2026-09-26T09:07:15.5640794Z amz-sdk-request:attempt=1; max=6
Execute Action	2026-09-26T09:07:15.5641408Z host:rustfs-svc.rustfs.svc.cluster.local:9000
Execute Action	2026-09-26T09:07:15.5641963Z range:bytes=0-
Execute Action	2026-09-26T09:07:15.5642468Z x-amz-checksum-crc32:AAAAAA==
Execute Action	2026-09-26T09:07:15.5643136Z x-amz-content-sha256:UNSIGNED-PAYLOAD
Execute Action	2026-09-26T09:07:15.5643698Z x-amz-date:20260926T090713Z
Execute Action	2026-09-26T09:07:15.5644211Z x-amz-te:append-md5
Execute Action	2026-09-26T09:07:15.5644651Z 
Execute Action	2026-09-26T09:07:15.5645466Z amz-sdk-invocation-id;amz-sdk-request;host;range;x-amz-checksum-crc32;x-amz-content-sha256;x-amz-date;x-amz-te
Execute Action	2026-09-26T09:07:15.5646194Z UNSIGNED-PAYLOAD
Execute Action	2026-09-26T09:07:15.5646985Z 26/09/26 09:07:13 DEBUG DefaultV4RequestSigner: AWS4 Canonical Request Hash: 47e8d2f9f0d967fb730cb09b93a0e9ba0b8fc769d54c3e942dc7880717553e7a
Execute Action	2026-09-26T09:07:15.5647933Z 26/09/26 09:07:13 DEBUG DefaultV4RequestSigner: AWS4 String to sign: AWS4-HMAC-SHA256
Execute Action	2026-09-26T09:07:15.5648564Z 20260926T090713Z
Execute Action	2026-09-26T09:07:15.5649079Z 20260926/us-east-1/s3/aws4_request
Execute Action	2026-09-26T09:07:15.5649725Z 47e8d2f9f0d967fb730cb09b93a0e9ba0b8fc769d54c3e942dc7880717553e7a
Execute Action	2026-09-26T09:07:15.5650670Z 26/09/26 09:07:13 DEBUG requestId: Received successful response: 206, Request ID: b6a38a0a-35b1-43b8-a66a-bcc7413210fd, Extended Request ID: not available
Execute Action	2026-09-26T09:07:15.5651787Z 26/09/26 09:07:13 DEBUG request: Received successful response: 206, Request ID: b6a38a0a-35b1-43b8-a66a-bcc7413210fd, Extended Request ID: not available
Execute Action	2026-09-26T09:07:15.5653049Z 26/09/26 09:07:13 DEBUG requestId: Received successful response: 206, Request ID: ad94117c-b5f5-4756-a424-d9b20deccbc2, Extended Request ID: not available
Execute Action	2026-09-26T09:07:15.5654184Z 26/09/26 09:07:13 DEBUG request: Received successful response: 206, Request ID: ad94117c-b5f5-4756-a424-d9b20deccbc2, Extended Request ID: not available
Execute Action	2026-09-26T09:07:15.5660551Z 26/09/26 09:07:13 DEBUG ExecutionInterceptorChain: Creating an interceptor chain that will apply interceptors in the following order: [software.amazon.awssdk.core.internal.interceptor.HttpChecksumValidationInterceptor@1b42f03, software.amazon.awssdk.awscore.interceptor.HelpfulUnknownHostExceptionInterceptor@14295ba6, software.amazon.awssdk.awscore.eventstream.EventStreamInitialRequestInterceptor@25b51297, software.amazon.awssdk.awscore.interceptor.TraceIdExecutionInterceptor@1e16a17b, software.amazon.awssdk.services.s3.auth.scheme.internal.S3AuthSchemeInterceptor@3efa598d, software.amazon.awssdk.services.s3.endpoints.internal.S3ResolveEndpointInterceptor@60d0c19f, software.amazon.awssdk.services.s3.endpoints.internal.S3RequestSetEndpointInterceptor@6dfc56b8, software.amazon.awssdk.services.s3.internal.handlers.StreamingRequestInterceptor@464a2f05, software.amazon.awssdk.services.s3.internal.handlers.CreateBucketInterceptor@2a902070, software.amazon.awssdk.services.s3.internal.handlers.CreateMultipartUploadRequestInterceptor@4c2ad084, software.amazon.awssdk.services.s3.internal.handlers.DecodeUrlEncodedResponseInterceptor@436c162f, software.amazon.awssdk.services.s3.internal.handlers.GetBucketPolicyInterceptor@54493b40, software.amazon.awssdk.services.s3.internal.handlers.AsyncChecksumValidationInterceptor@7ff11219, software.amazon.awssdk.services.s3.internal.handlers.SyncChecksumValidationInterceptor@65c55393, software.amazon.awssdk.services.s3.internal.handlers.EnableTrailingChecksumInterceptor@46bbec6a, software.amazon.awssdk.services.s3.internal.handlers.ExceptionTranslationInterceptor@5bb55cc6, software.amazon.awssdk.services.s3.internal.handlers.GetObjectInterceptor@2ca3ec73, software.amazon.awssdk.services.s3.internal.handlers.ObjectMetadataInterceptor@63b57bbf]
Execute Action	2026-09-26T09:07:15.5672478Z 26/09/26 09:07:13 DEBUG ExecutionInterceptorChain: Creating an interceptor chain that will apply interceptors in the following order: [software.amazon.awssdk.core.internal.interceptor.HttpChecksumValidationInterceptor@1b42f03, software.amazon.awssdk.awscore.interceptor.HelpfulUnknownHostExceptionInterceptor@14295ba6, software.amazon.awssdk.awscore.eventstream.EventStreamInitialRequestInterceptor@25b51297, software.amazon.awssdk.awscore.interceptor.TraceIdExecutionInterceptor@1e16a17b, software.amazon.awssdk.services.s3.auth.scheme.internal.S3AuthSchemeInterceptor@3efa598d, software.amazon.awssdk.services.s3.endpoints.internal.S3ResolveEndpointInterceptor@60d0c19f, software.amazon.awssdk.services.s3.endpoints.internal.S3RequestSetEndpointInterceptor@6dfc56b8, software.amazon.awssdk.services.s3.internal.handlers.StreamingRequestInterceptor@464a2f05, software.amazon.awssdk.services.s3.internal.handlers.CreateBucketInterceptor@2a902070, software.amazon.awssdk.services.s3.internal.handlers.CreateMultipartUploadRequestInterceptor@4c2ad084, software.amazon.awssdk.services.s3.internal.handlers.DecodeUrlEncodedResponseInterceptor@436c162f, software.amazon.awssdk.services.s3.internal.handlers.GetBucketPolicyInterceptor@54493b40, software.amazon.awssdk.services.s3.internal.handlers.AsyncChecksumValidationInterceptor@7ff11219, software.amazon.awssdk.services.s3.internal.handlers.SyncChecksumValidationInterceptor@65c55393, software.amazon.awssdk.services.s3.internal.handlers.EnableTrailingChecksumInterceptor@46bbec6a, software.amazon.awssdk.services.s3.internal.handlers.ExceptionTranslationInterceptor@5bb55cc6, software.amazon.awssdk.services.s3.internal.handlers.GetObjectInterceptor@2ca3ec73, software.amazon.awssdk.services.s3.internal.handlers.ObjectMetadataInterceptor@63b57bbf]
Execute Action	2026-09-26T09:07:15.5679401Z 26/09/26 09:07:13 DEBUG ExecutionInterceptorChain: Interceptor 'software.amazon.awssdk.services.s3.endpoints.internal.S3RequestSetEndpointInterceptor@6dfc56b8' modified the message with its modifyHttpRequest method.
Execute Action	2026-09-26T09:07:15.5681007Z 26/09/26 09:07:13 DEBUG ExecutionInterceptorChain: Interceptor 'software.amazon.awssdk.services.s3.internal.handlers.EnableTrailingChecksumInterceptor@46bbec6a' modified the message with its modifyHttpRequest method.
Execute Action	2026-09-26T09:07:15.5682828Z 26/09/26 09:07:13 DEBUG ExecutionInterceptorChain: Interceptor 'software.amazon.awssdk.services.s3.endpoints.internal.S3RequestSetEndpointInterceptor@6dfc56b8' modified the message with its modifyHttpRequest method.
Execute Action	2026-09-26T09:07:15.5684412Z 26/09/26 09:07:13 DEBUG ExecutionInterceptorChain: Interceptor 'software.amazon.awssdk.services.s3.internal.handlers.EnableTrailingChecksumInterceptor@46bbec6a' modified the message with its modifyHttpRequest method.
Execute Action	2026-09-26T09:07:15.5686398Z 26/09/26 09:07:13 DEBUG request: Sending Request: DefaultSdkHttpFullRequest(httpMethod=GET, protocol=http, host=rustfs-svc.rustfs.svc.cluster.local, port=9000, encodedPath=/datalake/tables/305c440c-c4c6-4821-b74a-504dd009c463/metadata/6e6ea0e0-d2af-49c7-856d-e3d5e83ffe19-m0.avro, headers=[amz-sdk-invocation-id, Range, User-Agent, x-amz-te], queryParameters=[])
Execute Action	2026-09-26T09:07:15.5688666Z 26/09/26 09:07:13 DEBUG request: Sending Request: DefaultSdkHttpFullRequest(httpMethod=GET, protocol=http, host=rustfs-svc.rustfs.svc.cluster.local, port=9000, encodedPath=/datalake/tables/305c440c-c4c6-4821-b74a-504dd009c463/metadata/2247666d-8afe-4cab-ba03-723d99136453-m0.avro, headers=[amz-sdk-invocation-id, Range, User-Agent, x-amz-te], queryParameters=[])
Execute Action	2026-09-26T09:07:15.5690160Z 26/09/26 09:07:13 DEBUG SigningStage: Using SelectedAuthScheme: aws.auth#sigv4
Execute Action	2026-09-26T09:07:15.5690915Z 26/09/26 09:07:13 DEBUG SigningStage: Using SelectedAuthScheme: aws.auth#sigv4
Execute Action	2026-09-26T09:07:15.5691792Z 26/09/26 09:07:13 DEBUG DefaultV4RequestSigner: AWS4 Canonical Request: GET
Execute Action	2026-09-26T09:07:15.5692776Z /datalake/tables/305c440c-c4c6-4821-b74a-504dd009c463/metadata/6e6ea0e0-d2af-49c7-856d-e3d5e83ffe19-m0.avro
Execute Action	2026-09-26T09:07:15.5693484Z 
Execute Action	2026-09-26T09:07:15.5694046Z amz-sdk-invocation-id:0d4dddc6-8d53-d6d6-c9cc-c77a1a0feb16
Execute Action	2026-09-26T09:07:15.5694676Z amz-sdk-request:attempt=1; max=6
Execute Action	2026-09-26T09:07:15.5695279Z host:rustfs-svc.rustfs.svc.cluster.local:9000
Execute Action	2026-09-26T09:07:15.5695838Z range:bytes=0-
Execute Action	2026-09-26T09:07:15.5696350Z x-amz-checksum-crc32:AAAAAA==
Execute Action	2026-09-26T09:07:15.5696922Z x-amz-content-sha256:UNSIGNED-PAYLOAD
Execute Action	2026-09-26T09:07:15.5697483Z x-amz-date:20260926T090713Z
Execute Action	2026-09-26T09:07:15.5697996Z x-amz-te:append-md5
Execute Action	2026-09-26T09:07:15.5698438Z 
Execute Action	2026-09-26T09:07:15.5699124Z amz-sdk-invocation-id;amz-sdk-request;host;range;x-amz-checksum-crc32;x-amz-content-sha256;x-amz-date;x-amz-te
Execute Action	2026-09-26T09:07:15.5699851Z UNSIGNED-PAYLOAD
Execute Action	2026-09-26T09:07:15.5700653Z 26/09/26 09:07:13 DEBUG DefaultV4RequestSigner: AWS4 Canonical Request Hash: 2a92005e30411c6e9b68679bb360fe62ef039ed729e03a2eba2971f12c371363
Execute Action	2026-09-26T09:07:15.5701579Z 26/09/26 09:07:13 DEBUG DefaultV4RequestSigner: AWS4 Canonical Request: GET
Execute Action	2026-09-26T09:07:15.5702651Z /datalake/tables/305c440c-c4c6-4821-b74a-504dd009c463/metadata/2247666d-8afe-4cab-ba03-723d99136453-m0.avro
Execute Action	2026-09-26T09:07:15.5703351Z 
Execute Action	2026-09-26T09:07:15.5703905Z amz-sdk-invocation-id:e3e84b02-d4e3-41f2-075a-62a7a788af3d
Execute Action	2026-09-26T09:07:15.5704532Z amz-sdk-request:attempt=1; max=6
Execute Action	2026-09-26T09:07:15.5705139Z host:rustfs-svc.rustfs.svc.cluster.local:9000
Execute Action	2026-09-26T09:07:15.5705719Z range:bytes=0-
Execute Action	2026-09-26T09:07:15.5706240Z x-amz-checksum-crc32:AAAAAA==
Execute Action	2026-09-26T09:07:15.5706815Z x-amz-content-sha256:UNSIGNED-PAYLOAD
Execute Action	2026-09-26T09:07:15.5707377Z x-amz-date:20260926T090713Z
Execute Action	2026-09-26T09:07:15.5707886Z x-amz-te:append-md5
Execute Action	2026-09-26T09:07:15.5708332Z 
Execute Action	2026-09-26T09:07:15.5709025Z amz-sdk-invocation-id;amz-sdk-request;host;range;x-amz-checksum-crc32;x-amz-content-sha256;x-amz-date;x-amz-te
Execute Action	2026-09-26T09:07:15.5709748Z UNSIGNED-PAYLOAD
Execute Action	2026-09-26T09:07:15.5710540Z 26/09/26 09:07:13 DEBUG DefaultV4RequestSigner: AWS4 Canonical Request Hash: 003078078a66a56d7807e2bc684c86c619641cce3c108f0a298c7749042e4a6e
Execute Action	2026-09-26T09:07:15.5711622Z 26/09/26 09:07:13 DEBUG DefaultV4RequestSigner: AWS4 String to sign: AWS4-HMAC-SHA256
Execute Action	2026-09-26T09:07:15.5712276Z 20260926T090713Z
Execute Action	2026-09-26T09:07:15.5712888Z 20260926/us-east-1/s3/aws4_request
Execute Action	2026-09-26T09:07:15.5713533Z 003078078a66a56d7807e2bc684c86c619641cce3c108f0a298c7749042e4a6e
Execute Action	2026-09-26T09:07:15.5714290Z 26/09/26 09:07:13 DEBUG DefaultV4RequestSigner: AWS4 String to sign: AWS4-HMAC-SHA256
Execute Action	2026-09-26T09:07:15.5714921Z 20260926T090713Z
Execute Action	2026-09-26T09:07:15.5715429Z 20260926/us-east-1/s3/aws4_request
Execute Action	2026-09-26T09:07:15.5716070Z 2a92005e30411c6e9b68679bb360fe62ef039ed729e03a2eba2971f12c371363
Execute Action	2026-09-26T09:07:15.5717009Z 26/09/26 09:07:13 DEBUG requestId: Received successful response: 206, Request ID: 2d5d8626-c1f1-4608-9e4d-edfe2252f5aa, Extended Request ID: not available
Execute Action	2026-09-26T09:07:15.5718130Z 26/09/26 09:07:13 DEBUG request: Received successful response: 206, Request ID: 2d5d8626-c1f1-4608-9e4d-edfe2252f5aa, Extended Request ID: not available
Execute Action	2026-09-26T09:07:15.5719234Z 26/09/26 09:07:13 DEBUG requestId: Received successful response: 206, Request ID: 42199bd2-340f-4690-8e47-938699d3d303, Extended Request ID: not available
Execute Action	2026-09-26T09:07:15.5720330Z 26/09/26 09:07:13 DEBUG request: Received successful response: 206, Request ID: 42199bd2-340f-4690-8e47-938699d3d303, Extended Request ID: not available
Execute Action	2026-09-26T09:07:15.5726727Z 26/09/26 09:07:13 DEBUG ExecutionInterceptorChain: Creating an interceptor chain that will apply interceptors in the following order: [software.amazon.awssdk.core.internal.interceptor.HttpChecksumValidationInterceptor@1b42f03, software.amazon.awssdk.awscore.interceptor.HelpfulUnknownHostExceptionInterceptor@14295ba6, software.amazon.awssdk.awscore.eventstream.EventStreamInitialRequestInterceptor@25b51297, software.amazon.awssdk.awscore.interceptor.TraceIdExecutionInterceptor@1e16a17b, software.amazon.awssdk.services.s3.auth.scheme.internal.S3AuthSchemeInterceptor@3efa598d, software.amazon.awssdk.services.s3.endpoints.internal.S3ResolveEndpointInterceptor@60d0c19f, software.amazon.awssdk.services.s3.endpoints.internal.S3RequestSetEndpointInterceptor@6dfc56b8, software.amazon.awssdk.services.s3.internal.handlers.StreamingRequestInterceptor@464a2f05, software.amazon.awssdk.services.s3.internal.handlers.CreateBucketInterceptor@2a902070, software.amazon.awssdk.services.s3.internal.handlers.CreateMultipartUploadRequestInterceptor@4c2ad084, software.amazon.awssdk.services.s3.internal.handlers.DecodeUrlEncodedResponseInterceptor@436c162f, software.amazon.awssdk.services.s3.internal.handlers.GetBucketPolicyInterceptor@54493b40, software.amazon.awssdk.services.s3.internal.handlers.AsyncChecksumValidationInterceptor@7ff11219, software.amazon.awssdk.services.s3.internal.handlers.SyncChecksumValidationInterceptor@65c55393, software.amazon.awssdk.services.s3.internal.handlers.EnableTrailingChecksumInterceptor@46bbec6a, software.amazon.awssdk.services.s3.internal.handlers.ExceptionTranslationInterceptor@5bb55cc6, software.amazon.awssdk.services.s3.internal.handlers.GetObjectInterceptor@2ca3ec73, software.amazon.awssdk.services.s3.internal.handlers.ObjectMetadataInterceptor@63b57bbf]
Execute Action	2026-09-26T09:07:15.5733824Z 26/09/26 09:07:13 DEBUG ExecutionInterceptorChain: Interceptor 'software.amazon.awssdk.services.s3.endpoints.internal.S3RequestSetEndpointInterceptor@6dfc56b8' modified the message with its modifyHttpRequest method.
Execute Action	2026-09-26T09:07:15.5735435Z 26/09/26 09:07:13 DEBUG ExecutionInterceptorChain: Interceptor 'software.amazon.awssdk.services.s3.internal.handlers.EnableTrailingChecksumInterceptor@46bbec6a' modified the message with its modifyHttpRequest method.
Execute Action	2026-09-26T09:07:15.5737397Z 26/09/26 09:07:13 DEBUG request: Sending Request: DefaultSdkHttpFullRequest(httpMethod=GET, protocol=http, host=rustfs-svc.rustfs.svc.cluster.local, port=9000, encodedPath=/datalake/tables/305c440c-c4c6-4821-b74a-504dd009c463/metadata/ab288593-5f5d-48f8-a092-65a54c32e982-m0.avro, headers=[amz-sdk-invocation-id, Range, User-Agent, x-amz-te], queryParameters=[])
Execute Action	2026-09-26T09:07:15.5738921Z 26/09/26 09:07:13 DEBUG SigningStage: Using SelectedAuthScheme: aws.auth#sigv4
Execute Action	2026-09-26T09:07:15.5739683Z 26/09/26 09:07:13 DEBUG DefaultV4RequestSigner: AWS4 Canonical Request: GET
Execute Action	2026-09-26T09:07:15.5740546Z /datalake/tables/305c440c-c4c6-4821-b74a-504dd009c463/metadata/ab288593-5f5d-48f8-a092-65a54c32e982-m0.avro
Execute Action	2026-09-26T09:07:15.5741226Z 
Execute Action	2026-09-26T09:07:15.5741781Z amz-sdk-invocation-id:76595e30-d7c9-601d-97f5-efee1156ef7c
Execute Action	2026-09-26T09:07:15.5742426Z amz-sdk-request:attempt=1; max=6
Execute Action	2026-09-26T09:07:15.5743112Z host:rustfs-svc.rustfs.svc.cluster.local:9000
Execute Action	2026-09-26T09:07:15.5743681Z range:bytes=0-
Execute Action	2026-09-26T09:07:15.5744189Z x-amz-checksum-crc32:AAAAAA==
Execute Action	2026-09-26T09:07:15.5744884Z x-amz-content-sha256:UNSIGNED-PAYLOAD
Execute Action	2026-09-26T09:07:15.5745448Z x-amz-date:20260926T090713Z
Execute Action	2026-09-26T09:07:15.5745964Z x-amz-te:append-md5
Execute Action	2026-09-26T09:07:15.5746410Z 
Execute Action	2026-09-26T09:07:15.5747100Z amz-sdk-invocation-id;amz-sdk-request;host;range;x-amz-checksum-crc32;x-amz-content-sha256;x-amz-date;x-amz-te
Execute Action	2026-09-26T09:07:15.5747836Z UNSIGNED-PAYLOAD
Execute Action	2026-09-26T09:07:15.5748636Z 26/09/26 09:07:13 DEBUG DefaultV4RequestSigner: AWS4 Canonical Request Hash: c1f691cd0ab45d0e1c3e683902c2398ca3e51d676d25c52375d2125b34b6ed57
Execute Action	2026-09-26T09:07:15.5749601Z 26/09/26 09:07:13 DEBUG DefaultV4RequestSigner: AWS4 String to sign: AWS4-HMAC-SHA256
Execute Action	2026-09-26T09:07:15.5750231Z 20260926T090713Z
Execute Action	2026-09-26T09:07:15.5750742Z 20260926/us-east-1/s3/aws4_request
Execute Action	2026-09-26T09:07:15.5751388Z c1f691cd0ab45d0e1c3e683902c2398ca3e51d676d25c52375d2125b34b6ed57
Execute Action	2026-09-26T09:07:15.5757606Z 26/09/26 09:07:13 DEBUG ExecutionInterceptorChain: Creating an interceptor chain that will apply interceptors in the following order: [software.amazon.awssdk.core.internal.interceptor.HttpChecksumValidationInterceptor@1b42f03, software.amazon.awssdk.awscore.interceptor.HelpfulUnknownHostExceptionInterceptor@14295ba6, software.amazon.awssdk.awscore.eventstream.EventStreamInitialRequestInterceptor@25b51297, software.amazon.awssdk.awscore.interceptor.TraceIdExecutionInterceptor@1e16a17b, software.amazon.awssdk.services.s3.auth.scheme.internal.S3AuthSchemeInterceptor@3efa598d, software.amazon.awssdk.services.s3.endpoints.internal.S3ResolveEndpointInterceptor@60d0c19f, software.amazon.awssdk.services.s3.endpoints.internal.S3RequestSetEndpointInterceptor@6dfc56b8, software.amazon.awssdk.services.s3.internal.handlers.StreamingRequestInterceptor@464a2f05, software.amazon.awssdk.services.s3.internal.handlers.CreateBucketInterceptor@2a902070, software.amazon.awssdk.services.s3.internal.handlers.CreateMultipartUploadRequestInterceptor@4c2ad084, software.amazon.awssdk.services.s3.internal.handlers.DecodeUrlEncodedResponseInterceptor@436c162f, software.amazon.awssdk.services.s3.internal.handlers.GetBucketPolicyInterceptor@54493b40, software.amazon.awssdk.services.s3.internal.handlers.AsyncChecksumValidationInterceptor@7ff11219, software.amazon.awssdk.services.s3.internal.handlers.SyncChecksumValidationInterceptor@65c55393, software.amazon.awssdk.services.s3.internal.handlers.EnableTrailingChecksumInterceptor@46bbec6a, software.amazon.awssdk.services.s3.internal.handlers.ExceptionTranslationInterceptor@5bb55cc6, software.amazon.awssdk.services.s3.internal.handlers.GetObjectInterceptor@2ca3ec73, software.amazon.awssdk.services.s3.internal.handlers.ObjectMetadataInterceptor@63b57bbf]
Execute Action	2026-09-26T09:07:15.5764570Z 26/09/26 09:07:13 DEBUG ExecutionInterceptorChain: Interceptor 'software.amazon.awssdk.services.s3.endpoints.internal.S3RequestSetEndpointInterceptor@6dfc56b8' modified the message with its modifyHttpRequest method.
Execute Action	2026-09-26T09:07:15.5766199Z 26/09/26 09:07:13 DEBUG ExecutionInterceptorChain: Interceptor 'software.amazon.awssdk.services.s3.internal.handlers.EnableTrailingChecksumInterceptor@46bbec6a' modified the message with its modifyHttpRequest method.
Execute Action	2026-09-26T09:07:15.5768177Z 26/09/26 09:07:13 DEBUG request: Sending Request: DefaultSdkHttpFullRequest(httpMethod=GET, protocol=http, host=rustfs-svc.rustfs.svc.cluster.local, port=9000, encodedPath=/datalake/tables/305c440c-c4c6-4821-b74a-504dd009c463/metadata/46b24d91-140a-40c0-bc97-9885fe42607d-m0.avro, headers=[amz-sdk-invocation-id, Range, User-Agent, x-amz-te], queryParameters=[])
Execute Action	2026-09-26T09:07:15.5769861Z 26/09/26 09:07:13 DEBUG SigningStage: Using SelectedAuthScheme: aws.auth#sigv4
Execute Action	2026-09-26T09:07:15.5770627Z 26/09/26 09:07:13 DEBUG DefaultV4RequestSigner: AWS4 Canonical Request: GET
Execute Action	2026-09-26T09:07:15.5771484Z /datalake/tables/305c440c-c4c6-4821-b74a-504dd009c463/metadata/46b24d91-140a-40c0-bc97-9885fe42607d-m0.avro
Execute Action	2026-09-26T09:07:15.5772168Z 
Execute Action	2026-09-26T09:07:15.5772809Z amz-sdk-invocation-id:16ad5abc-5eb6-877a-b155-febea3dc66c6
Execute Action	2026-09-26T09:07:15.5773453Z amz-sdk-request:attempt=1; max=6
Execute Action	2026-09-26T09:07:15.5774067Z host:rustfs-svc.rustfs.svc.cluster.local:9000
Execute Action	2026-09-26T09:07:15.5774632Z range:bytes=0-
Execute Action	2026-09-26T09:07:15.5775144Z x-amz-checksum-crc32:AAAAAA==
Execute Action	2026-09-26T09:07:15.5775720Z x-amz-content-sha256:UNSIGNED-PAYLOAD
Execute Action	2026-09-26T09:07:15.5776321Z x-amz-date:20260926T090713Z
Execute Action	2026-09-26T09:07:15.5776960Z x-amz-te:append-md5
Execute Action	2026-09-26T09:07:15.5777417Z 
Execute Action	2026-09-26T09:07:15.5778132Z amz-sdk-invocation-id;amz-sdk-request;host;range;x-amz-checksum-crc32;x-amz-content-sha256;x-amz-date;x-amz-te
Execute Action	2026-09-26T09:07:15.5778881Z UNSIGNED-PAYLOAD
Execute Action	2026-09-26T09:07:15.5779701Z 26/09/26 09:07:13 DEBUG DefaultV4RequestSigner: AWS4 Canonical Request Hash: 3e6de0dcee3c153882cb0735d6eafb74ae5afd8422011fafede22bacad5cb27d
Execute Action	2026-09-26T09:07:15.5780657Z 26/09/26 09:07:13 DEBUG DefaultV4RequestSigner: AWS4 String to sign: AWS4-HMAC-SHA256
Execute Action	2026-09-26T09:07:15.5781289Z 20260926T090713Z
Execute Action	2026-09-26T09:07:15.5781808Z 20260926/us-east-1/s3/aws4_request
Execute Action	2026-09-26T09:07:15.5782460Z 3e6de0dcee3c153882cb0735d6eafb74ae5afd8422011fafede22bacad5cb27d
Execute Action	2026-09-26T09:07:15.5783517Z 26/09/26 09:07:13 DEBUG requestId: Received successful response: 206, Request ID: af2208d9-d69d-446e-a81b-80112e04d998, Extended Request ID: not available
Execute Action	2026-09-26T09:07:15.5784647Z 26/09/26 09:07:13 DEBUG request: Received successful response: 206, Request ID: af2208d9-d69d-446e-a81b-80112e04d998, Extended Request ID: not available
Execute Action	2026-09-26T09:07:15.5790945Z 26/09/26 09:07:13 DEBUG ExecutionInterceptorChain: Creating an interceptor chain that will apply interceptors in the following order: [software.amazon.awssdk.core.internal.interceptor.HttpChecksumValidationInterceptor@1b42f03, software.amazon.awssdk.awscore.interceptor.HelpfulUnknownHostExceptionInterceptor@14295ba6, software.amazon.awssdk.awscore.eventstream.EventStreamInitialRequestInterceptor@25b51297, software.amazon.awssdk.awscore.interceptor.TraceIdExecutionInterceptor@1e16a17b, software.amazon.awssdk.services.s3.auth.scheme.internal.S3AuthSchemeInterceptor@3efa598d, software.amazon.awssdk.services.s3.endpoints.internal.S3ResolveEndpointInterceptor@60d0c19f, software.amazon.awssdk.services.s3.endpoints.internal.S3RequestSetEndpointInterceptor@6dfc56b8, software.amazon.awssdk.services.s3.internal.handlers.StreamingRequestInterceptor@464a2f05, software.amazon.awssdk.services.s3.internal.handlers.CreateBucketInterceptor@2a902070, software.amazon.awssdk.services.s3.internal.handlers.CreateMultipartUploadRequestInterceptor@4c2ad084, software.amazon.awssdk.services.s3.internal.handlers.DecodeUrlEncodedResponseInterceptor@436c162f, software.amazon.awssdk.services.s3.internal.handlers.GetBucketPolicyInterceptor@54493b40, software.amazon.awssdk.services.s3.internal.handlers.AsyncChecksumValidationInterceptor@7ff11219, software.amazon.awssdk.services.s3.internal.handlers.SyncChecksumValidationInterceptor@65c55393, software.amazon.awssdk.services.s3.internal.handlers.EnableTrailingChecksumInterceptor@46bbec6a, software.amazon.awssdk.services.s3.internal.handlers.ExceptionTranslationInterceptor@5bb55cc6, software.amazon.awssdk.services.s3.internal.handlers.GetObjectInterceptor@2ca3ec73, software.amazon.awssdk.services.s3.internal.handlers.ObjectMetadataInterceptor@63b57bbf]
Execute Action	2026-09-26T09:07:15.5797861Z 26/09/26 09:07:13 DEBUG ExecutionInterceptorChain: Interceptor 'software.amazon.awssdk.services.s3.endpoints.internal.S3RequestSetEndpointInterceptor@6dfc56b8' modified the message with its modifyHttpRequest method.
Execute Action	2026-09-26T09:07:15.5799467Z 26/09/26 09:07:13 DEBUG ExecutionInterceptorChain: Interceptor 'software.amazon.awssdk.services.s3.internal.handlers.EnableTrailingChecksumInterceptor@46bbec6a' modified the message with its modifyHttpRequest method.
Execute Action	2026-09-26T09:07:15.5801541Z 26/09/26 09:07:13 DEBUG request: Sending Request: DefaultSdkHttpFullRequest(httpMethod=GET, protocol=http, host=rustfs-svc.rustfs.svc.cluster.local, port=9000, encodedPath=/datalake/tables/305c440c-c4c6-4821-b74a-504dd009c463/metadata/aa3617f8-4457-4ce0-aa95-ccb31cb554a9-m0.avro, headers=[amz-sdk-invocation-id, Range, User-Agent, x-amz-te], queryParameters=[])
Execute Action	2026-09-26T09:07:15.5803163Z 26/09/26 09:07:13 DEBUG SigningStage: Using SelectedAuthScheme: aws.auth#sigv4
Execute Action	2026-09-26T09:07:15.5803936Z 26/09/26 09:07:13 DEBUG DefaultV4RequestSigner: AWS4 Canonical Request: GET
Execute Action	2026-09-26T09:07:15.5804796Z /datalake/tables/305c440c-c4c6-4821-b74a-504dd009c463/metadata/aa3617f8-4457-4ce0-aa95-ccb31cb554a9-m0.avro
Execute Action	2026-09-26T09:07:15.5805487Z 
Execute Action	2026-09-26T09:07:15.5806044Z amz-sdk-invocation-id:80b0186b-d759-d7a1-5f36-175fc4878353
Execute Action	2026-09-26T09:07:15.5806677Z amz-sdk-request:attempt=1; max=6
Execute Action	2026-09-26T09:07:15.5807295Z host:rustfs-svc.rustfs.svc.cluster.local:9000
Execute Action	2026-09-26T09:07:15.5807857Z range:bytes=0-
Execute Action	2026-09-26T09:07:15.5808380Z x-amz-checksum-crc32:AAAAAA==
Execute Action	2026-09-26T09:07:15.5809260Z x-amz-content-sha256:UNSIGNED-PAYLOAD
Execute Action	2026-09-26T09:07:15.5810113Z x-amz-date:20260926T090713Z
Execute Action	2026-09-26T09:07:15.5810795Z x-amz-te:append-md5
Execute Action	2026-09-26T09:07:15.5811615Z 
Execute Action	2026-09-26T09:07:15.5812392Z amz-sdk-invocation-id;amz-sdk-request;host;range;x-amz-checksum-crc32;x-amz-content-sha256;x-amz-date;x-amz-te
Execute Action	2026-09-26T09:07:15.5813237Z UNSIGNED-PAYLOAD
Execute Action	2026-09-26T09:07:15.5814046Z 26/09/26 09:07:13 DEBUG DefaultV4RequestSigner: AWS4 Canonical Request Hash: 611dd69a7a55014a00483b6ca638381fb8f6558951f1acb54f39600278b38681
Execute Action	2026-09-26T09:07:15.5814995Z 26/09/26 09:07:13 DEBUG DefaultV4RequestSigner: AWS4 String to sign: AWS4-HMAC-SHA256
Execute Action	2026-09-26T09:07:15.5815641Z 20260926T090713Z
Execute Action	2026-09-26T09:07:15.5816161Z 20260926/us-east-1/s3/aws4_request
Execute Action	2026-09-26T09:07:15.5816813Z 611dd69a7a55014a00483b6ca638381fb8f6558951f1acb54f39600278b38681
Execute Action	2026-09-26T09:07:15.5817750Z 26/09/26 09:07:13 DEBUG requestId: Received successful response: 206, Request ID: 146b0539-d5a1-4604-bcda-68c3f3fd539b, Extended Request ID: not available
Execute Action	2026-09-26T09:07:15.5818862Z 26/09/26 09:07:13 DEBUG request: Received successful response: 206, Request ID: 146b0539-d5a1-4604-bcda-68c3f3fd539b, Extended Request ID: not available
Execute Action	2026-09-26T09:07:15.5825292Z 26/09/26 09:07:13 DEBUG ExecutionInterceptorChain: Creating an interceptor chain that will apply interceptors in the following order: [software.amazon.awssdk.core.internal.interceptor.HttpChecksumValidationInterceptor@1b42f03, software.amazon.awssdk.awscore.interceptor.HelpfulUnknownHostExceptionInterceptor@14295ba6, software.amazon.awssdk.awscore.eventstream.EventStreamInitialRequestInterceptor@25b51297, software.amazon.awssdk.awscore.interceptor.TraceIdExecutionInterceptor@1e16a17b, software.amazon.awssdk.services.s3.auth.scheme.internal.S3AuthSchemeInterceptor@3efa598d, software.amazon.awssdk.services.s3.endpoints.internal.S3ResolveEndpointInterceptor@60d0c19f, software.amazon.awssdk.services.s3.endpoints.internal.S3RequestSetEndpointInterceptor@6dfc56b8, software.amazon.awssdk.services.s3.internal.handlers.StreamingRequestInterceptor@464a2f05, software.amazon.awssdk.services.s3.internal.handlers.CreateBucketInterceptor@2a902070, software.amazon.awssdk.services.s3.internal.handlers.CreateMultipartUploadRequestInterceptor@4c2ad084, software.amazon.awssdk.services.s3.internal.handlers.DecodeUrlEncodedResponseInterceptor@436c162f, software.amazon.awssdk.services.s3.internal.handlers.GetBucketPolicyInterceptor@54493b40, software.amazon.awssdk.services.s3.internal.handlers.AsyncChecksumValidationInterceptor@7ff11219, software.amazon.awssdk.services.s3.internal.handlers.SyncChecksumValidationInterceptor@65c55393, software.amazon.awssdk.services.s3.internal.handlers.EnableTrailingChecksumInterceptor@46bbec6a, software.amazon.awssdk.services.s3.internal.handlers.ExceptionTranslationInterceptor@5bb55cc6, software.amazon.awssdk.services.s3.internal.handlers.GetObjectInterceptor@2ca3ec73, software.amazon.awssdk.services.s3.internal.handlers.ObjectMetadataInterceptor@63b57bbf]
Execute Action	2026-09-26T09:07:15.5832204Z 26/09/26 09:07:13 DEBUG ExecutionInterceptorChain: Interceptor 'software.amazon.awssdk.services.s3.endpoints.internal.S3RequestSetEndpointInterceptor@6dfc56b8' modified the message with its modifyHttpRequest method.
Execute Action	2026-09-26T09:07:15.5833915Z 26/09/26 09:07:13 DEBUG ExecutionInterceptorChain: Interceptor 'software.amazon.awssdk.services.s3.internal.handlers.EnableTrailingChecksumInterceptor@46bbec6a' modified the message with its modifyHttpRequest method.
Execute Action	2026-09-26T09:07:15.5835993Z 26/09/26 09:07:13 DEBUG request: Sending Request: DefaultSdkHttpFullRequest(httpMethod=GET, protocol=http, host=rustfs-svc.rustfs.svc.cluster.local, port=9000, encodedPath=/datalake/tables/305c440c-c4c6-4821-b74a-504dd009c463/metadata/e4bca740-7db1-46f5-a182-11c0afbe2815-m0.avro, headers=[amz-sdk-invocation-id, Range, User-Agent, x-amz-te], queryParameters=[])
Execute Action	2026-09-26T09:07:15.5837568Z 26/09/26 09:07:13 DEBUG SigningStage: Using SelectedAuthScheme: aws.auth#sigv4
Execute Action	2026-09-26T09:07:15.5838333Z 26/09/26 09:07:13 DEBUG DefaultV4RequestSigner: AWS4 Canonical Request: GET
Execute Action	2026-09-26T09:07:15.5839224Z /datalake/tables/305c440c-c4c6-4821-b74a-504dd009c463/metadata/e4bca740-7db1-46f5-a182-11c0afbe2815-m0.avro
Execute Action	2026-09-26T09:07:15.5839926Z 
Execute Action	2026-09-26T09:07:15.5840483Z amz-sdk-invocation-id:bd811b60-53f9-f30d-2b62-3ba21a821b58
Execute Action	2026-09-26T09:07:15.5841114Z amz-sdk-request:attempt=1; max=6
Execute Action	2026-09-26T09:07:15.5841725Z host:rustfs-svc.rustfs.svc.cluster.local:9000
Execute Action	2026-09-26T09:07:15.5842289Z range:bytes=0-
Execute Action	2026-09-26T09:07:15.5842876Z x-amz-checksum-crc32:AAAAAA==
Execute Action	2026-09-26T09:07:15.5843455Z x-amz-content-sha256:UNSIGNED-PAYLOAD
Execute Action	2026-09-26T09:07:15.5844130Z x-amz-date:20260926T090713Z
Execute Action	2026-09-26T09:07:15.5844650Z x-amz-te:append-md5
Execute Action	2026-09-26T09:07:15.5845108Z 
Execute Action	2026-09-26T09:07:15.5845795Z amz-sdk-invocation-id;amz-sdk-request;host;range;x-amz-checksum-crc32;x-amz-content-sha256;x-amz-date;x-amz-te
Execute Action	2026-09-26T09:07:15.5846524Z UNSIGNED-PAYLOAD
Execute Action	2026-09-26T09:07:15.5847325Z 26/09/26 09:07:13 DEBUG DefaultV4RequestSigner: AWS4 Canonical Request Hash: df2aa41a9a56b4fc29c17844dd6277384d99cf3dcb8fb81d16e5f44e5bce1b96
Execute Action	2026-09-26T09:07:15.5848276Z 26/09/26 09:07:13 DEBUG DefaultV4RequestSigner: AWS4 String to sign: AWS4-HMAC-SHA256
Execute Action	2026-09-26T09:07:15.5848940Z 20260926T090713Z
Execute Action	2026-09-26T09:07:15.5849453Z 20260926/us-east-1/s3/aws4_request
Execute Action	2026-09-26T09:07:15.5850109Z df2aa41a9a56b4fc29c17844dd6277384d99cf3dcb8fb81d16e5f44e5bce1b96
Execute Action	2026-09-26T09:07:15.5851048Z 26/09/26 09:07:13 DEBUG requestId: Received successful response: 206, Request ID: f1bbd8cd-6917-4152-8713-f22d7b253030, Extended Request ID: not available
Execute Action	2026-09-26T09:07:15.5852159Z 26/09/26 09:07:13 DEBUG request: Received successful response: 206, Request ID: f1bbd8cd-6917-4152-8713-f22d7b253030, Extended Request ID: not available
Execute Action	2026-09-26T09:07:15.5853360Z 26/09/26 09:07:13 DEBUG requestId: Received successful response: 206, Request ID: ce1d33a8-e499-4886-b5bf-b5d0f8afdb00, Extended Request ID: not available
Execute Action	2026-09-26T09:07:15.5854478Z 26/09/26 09:07:13 DEBUG request: Received successful response: 206, Request ID: ce1d33a8-e499-4886-b5bf-b5d0f8afdb00, Extended Request ID: not available
Execute Action	2026-09-26T09:07:15.5860936Z 26/09/26 09:07:13 DEBUG ExecutionInterceptorChain: Creating an interceptor chain that will apply interceptors in the following order: [software.amazon.awssdk.core.internal.interceptor.HttpChecksumValidationInterceptor@1b42f03, software.amazon.awssdk.awscore.interceptor.HelpfulUnknownHostExceptionInterceptor@14295ba6, software.amazon.awssdk.awscore.eventstream.EventStreamInitialRequestInterceptor@25b51297, software.amazon.awssdk.awscore.interceptor.TraceIdExecutionInterceptor@1e16a17b, software.amazon.awssdk.services.s3.auth.scheme.internal.S3AuthSchemeInterceptor@3efa598d, software.amazon.awssdk.services.s3.endpoints.internal.S3ResolveEndpointInterceptor@60d0c19f, software.amazon.awssdk.services.s3.endpoints.internal.S3RequestSetEndpointInterceptor@6dfc56b8, software.amazon.awssdk.services.s3.internal.handlers.StreamingRequestInterceptor@464a2f05, software.amazon.awssdk.services.s3.internal.handlers.CreateBucketInterceptor@2a902070, software.amazon.awssdk.services.s3.internal.handlers.CreateMultipartUploadRequestInterceptor@4c2ad084, software.amazon.awssdk.services.s3.internal.handlers.DecodeUrlEncodedResponseInterceptor@436c162f, software.amazon.awssdk.services.s3.internal.handlers.GetBucketPolicyInterceptor@54493b40, software.amazon.awssdk.services.s3.internal.handlers.AsyncChecksumValidationInterceptor@7ff11219, software.amazon.awssdk.services.s3.internal.handlers.SyncChecksumValidationInterceptor@65c55393, software.amazon.awssdk.services.s3.internal.handlers.EnableTrailingChecksumInterceptor@46bbec6a, software.amazon.awssdk.services.s3.internal.handlers.ExceptionTranslationInterceptor@5bb55cc6, software.amazon.awssdk.services.s3.internal.handlers.GetObjectInterceptor@2ca3ec73, software.amazon.awssdk.services.s3.internal.handlers.ObjectMetadataInterceptor@63b57bbf]
Execute Action	2026-09-26T09:07:15.5867828Z 26/09/26 09:07:13 DEBUG ExecutionInterceptorChain: Interceptor 'software.amazon.awssdk.services.s3.endpoints.internal.S3RequestSetEndpointInterceptor@6dfc56b8' modified the message with its modifyHttpRequest method.
Execute Action	2026-09-26T09:07:15.5869457Z 26/09/26 09:07:13 DEBUG ExecutionInterceptorChain: Interceptor 'software.amazon.awssdk.services.s3.internal.handlers.EnableTrailingChecksumInterceptor@46bbec6a' modified the message with its modifyHttpRequest method.
Execute Action	2026-09-26T09:07:15.5871429Z 26/09/26 09:07:13 DEBUG request: Sending Request: DefaultSdkHttpFullRequest(httpMethod=GET, protocol=http, host=rustfs-svc.rustfs.svc.cluster.local, port=9000, encodedPath=/datalake/tables/305c440c-c4c6-4821-b74a-504dd009c463/metadata/175ec312-5cc5-4eaf-a0d5-864b50ecba7a-m0.avro, headers=[amz-sdk-invocation-id, Range, User-Agent, x-amz-te], queryParameters=[])
Execute Action	2026-09-26T09:07:15.5873049Z 26/09/26 09:07:13 DEBUG SigningStage: Using SelectedAuthScheme: aws.auth#sigv4
Execute Action	2026-09-26T09:07:15.5873812Z 26/09/26 09:07:13 DEBUG DefaultV4RequestSigner: AWS4 Canonical Request: GET
Execute Action	2026-09-26T09:07:15.5874663Z /datalake/tables/305c440c-c4c6-4821-b74a-504dd009c463/metadata/175ec312-5cc5-4eaf-a0d5-864b50ecba7a-m0.avro
Execute Action	2026-09-26T09:07:15.5875337Z 
Execute Action	2026-09-26T09:07:15.5875913Z amz-sdk-invocation-id:463d70de-9a12-2214-2925-fd5d4bcaef29
Execute Action	2026-09-26T09:07:15.5876546Z amz-sdk-request:attempt=1; max=6
Execute Action	2026-09-26T09:07:15.5877162Z host:rustfs-svc.rustfs.svc.cluster.local:9000
Execute Action	2026-09-26T09:07:15.5877831Z range:bytes=0-
Execute Action	2026-09-26T09:07:15.5878344Z x-amz-checksum-crc32:AAAAAA==
Execute Action	2026-09-26T09:07:15.5878913Z x-amz-content-sha256:UNSIGNED-PAYLOAD
Execute Action	2026-09-26T09:07:15.5879476Z x-amz-date:20260926T090713Z
Execute Action	2026-09-26T09:07:15.5880001Z x-amz-te:append-md5
Execute Action	2026-09-26T09:07:15.5880454Z 
Execute Action	2026-09-26T09:07:15.5881137Z amz-sdk-invocation-id;amz-sdk-request;host;range;x-amz-checksum-crc32;x-amz-content-sha256;x-amz-date;x-amz-te
Execute Action	2026-09-26T09:07:15.5881871Z UNSIGNED-PAYLOAD
Execute Action	2026-09-26T09:07:15.5882739Z 26/09/26 09:07:13 DEBUG DefaultV4RequestSigner: AWS4 Canonical Request Hash: e584fbf9374a74db3038e73c7e94d922580965185276eee294bb1e11b5addb2c
Execute Action	2026-09-26T09:07:15.5883693Z 26/09/26 09:07:13 DEBUG DefaultV4RequestSigner: AWS4 String to sign: AWS4-HMAC-SHA256
Execute Action	2026-09-26T09:07:15.5884329Z 20260926T090713Z
Execute Action	2026-09-26T09:07:15.5884844Z 20260926/us-east-1/s3/aws4_request
Execute Action	2026-09-26T09:07:15.5885490Z e584fbf9374a74db3038e73c7e94d922580965185276eee294bb1e11b5addb2c
Execute Action	2026-09-26T09:07:15.7221850Z 26/09/26 09:07:13 DEBUG ExecutionInterceptorChain: Creating an interceptor chain that will apply interceptors in the following order: [software.amazon.awssdk.core.internal.interceptor.HttpChecksumValidationInterceptor@1b42f03, software.amazon.awssdk.awscore.interceptor.HelpfulUnknownHostExceptionInterceptor@14295ba6, software.amazon.awssdk.awscore.eventstream.EventStreamInitialRequestInterceptor@25b51297, software.amazon.awssdk.awscore.interceptor.TraceIdExecutionInterceptor@1e16a17b, software.amazon.awssdk.services.s3.auth.scheme.internal.S3AuthSchemeInterceptor@3efa598d, software.amazon.awssdk.services.s3.endpoints.internal.S3ResolveEndpointInterceptor@60d0c19f, software.amazon.awssdk.services.s3.endpoints.internal.S3RequestSetEndpointInterceptor@6dfc56b8, software.amazon.awssdk.services.s3.internal.handlers.StreamingRequestInterceptor@464a2f05, software.amazon.awssdk.services.s3.internal.handlers.CreateBucketInterceptor@2a902070, software.amazon.awssdk.services.s3.internal.handlers.CreateMultipartUploadRequestInterceptor@4c2ad084, software.amazon.awssdk.services.s3.internal.handlers.DecodeUrlEncodedResponseInterceptor@436c162f, software.amazon.awssdk.services.s3.internal.handlers.GetBucketPolicyInterceptor@54493b40, software.amazon.awssdk.services.s3.internal.handlers.AsyncChecksumValidationInterceptor@7ff11219, software.amazon.awssdk.services.s3.internal.handlers.SyncChecksumValidationInterceptor@65c55393, software.amazon.awssdk.services.s3.internal.handlers.EnableTrailingChecksumInterceptor@46bbec6a, software.amazon.awssdk.services.s3.internal.handlers.ExceptionTranslationInterceptor@5bb55cc6, software.amazon.awssdk.services.s3.internal.handlers.GetObjectInterceptor@2ca3ec73, software.amazon.awssdk.services.s3.internal.handlers.ObjectMetadataInterceptor@63b57bbf]
Execute Action	2026-09-26T09:07:15.7231192Z 26/09/26 09:07:13 DEBUG ExecutionInterceptorChain: Interceptor 'software.amazon.awssdk.services.s3.endpoints.internal.S3RequestSetEndpointInterceptor@6dfc56b8' modified the message with its modifyHttpRequest method.
Execute Action	2026-09-26T09:07:15.7233728Z 26/09/26 09:07:13 DEBUG ExecutionInterceptorChain: Interceptor 'software.amazon.awssdk.services.s3.internal.handlers.EnableTrailingChecksumInterceptor@46bbec6a' modified the message with its modifyHttpRequest method.
Execute Action	2026-09-26T09:07:15.7236546Z 26/09/26 09:07:13 DEBUG request: Sending Request: DefaultSdkHttpFullRequest(httpMethod=GET, protocol=http, host=rustfs-svc.rustfs.svc.cluster.local, port=9000, encodedPath=/datalake/tables/305c440c-c4c6-4821-b74a-504dd009c463/metadata/663f75d0-85e1-41ee-baa6-4d194b10b90d-m0.avro, headers=[amz-sdk-invocation-id, Range, User-Agent, x-amz-te], queryParameters=[])
Execute Action	2026-09-26T09:07:15.7238572Z 26/09/26 09:07:13 DEBUG SigningStage: Using SelectedAuthScheme: aws.auth#sigv4
Execute Action	2026-09-26T09:07:15.7239726Z 26/09/26 09:07:13 DEBUG DefaultV4RequestSigner: AWS4 Canonical Request: GET
Execute Action	2026-09-26T09:07:15.7240800Z /datalake/tables/305c440c-c4c6-4821-b74a-504dd009c463/metadata/663f75d0-85e1-41ee-baa6-4d194b10b90d-m0.avro
Execute Action	2026-09-26T09:07:15.7241876Z 
Execute Action	2026-09-26T09:07:15.7242866Z amz-sdk-invocation-id:03c95950-4a37-9f8e-4518-f7ee3172f6a5
Execute Action	2026-09-26T09:07:15.7243543Z amz-sdk-request:attempt=1; max=6
Execute Action	2026-09-26T09:07:15.7244378Z host:rustfs-svc.rustfs.svc.cluster.local:9000
Execute Action	2026-09-26T09:07:15.7245262Z range:bytes=0-
Execute Action	2026-09-26T09:07:15.7245780Z x-amz-checksum-crc32:AAAAAA==
Execute Action	2026-09-26T09:07:15.7246837Z x-amz-content-sha256:UNSIGNED-PAYLOAD
Execute Action	2026-09-26T09:07:15.7247711Z x-amz-date:20260926T090713Z
Execute Action	2026-09-26T09:07:15.7248249Z x-amz-te:append-md5
Execute Action	2026-09-26T09:07:15.7248841Z 
Execute Action	2026-09-26T09:07:15.7249945Z amz-sdk-invocation-id;amz-sdk-request;host;range;x-amz-checksum-crc32;x-amz-content-sha256;x-amz-date;x-amz-te
Execute Action	2026-09-26T09:07:15.7251144Z UNSIGNED-PAYLOAD
Execute Action	2026-09-26T09:07:15.7252064Z 26/09/26 09:07:13 DEBUG DefaultV4RequestSigner: AWS4 Canonical Request Hash: 89366cb4fc6860880422e1e56790ea29e8e5100bb0ab40a3b67309cb46f41a54
Execute Action	2026-09-26T09:07:15.7253356Z 26/09/26 09:07:13 DEBUG DefaultV4RequestSigner: AWS4 String to sign: AWS4-HMAC-SHA256
Execute Action	2026-09-26T09:07:15.7254212Z 20260926T090713Z
Execute Action	2026-09-26T09:07:15.7254739Z 20260926/us-east-1/s3/aws4_request
Execute Action	2026-09-26T09:07:15.7255424Z 89366cb4fc6860880422e1e56790ea29e8e5100bb0ab40a3b67309cb46f41a54
Execute Action	2026-09-26T09:07:15.7256951Z 26/09/26 09:07:13 DEBUG requestId: Received successful response: 206, Request ID: d628ba19-413e-40c0-8dc6-d8bf016b168d, Extended Request ID: not available
Execute Action	2026-09-26T09:07:15.7258205Z 26/09/26 09:07:13 DEBUG request: Received successful response: 206, Request ID: d628ba19-413e-40c0-8dc6-d8bf016b168d, Extended Request ID: not available
Execute Action	2026-09-26T09:07:15.7259623Z 26/09/26 09:07:13 DEBUG requestId: Received successful response: 206, Request ID: 6111d086-1f85-4f8f-9342-c89603cbda5d, Extended Request ID: not available
Execute Action	2026-09-26T09:07:15.7261373Z 26/09/26 09:07:13 DEBUG request: Received successful response: 206, Request ID: 6111d086-1f85-4f8f-9342-c89603cbda5d, Extended Request ID: not available
Execute Action	2026-09-26T09:07:15.7269929Z 26/09/26 09:07:13 DEBUG ExecutionInterceptorChain: Creating an interceptor chain that will apply interceptors in the following order: [software.amazon.awssdk.core.internal.interceptor.HttpChecksumValidationInterceptor@1b42f03, software.amazon.awssdk.awscore.interceptor.HelpfulUnknownHostExceptionInterceptor@14295ba6, software.amazon.awssdk.awscore.eventstream.EventStreamInitialRequestInterceptor@25b51297, software.amazon.awssdk.awscore.interceptor.TraceIdExecutionInterceptor@1e16a17b, software.amazon.awssdk.services.s3.auth.scheme.internal.S3AuthSchemeInterceptor@3efa598d, software.amazon.awssdk.services.s3.endpoints.internal.S3ResolveEndpointInterceptor@60d0c19f, software.amazon.awssdk.services.s3.endpoints.internal.S3RequestSetEndpointInterceptor@6dfc56b8, software.amazon.awssdk.services.s3.internal.handlers.StreamingRequestInterceptor@464a2f05, software.amazon.awssdk.services.s3.internal.handlers.CreateBucketInterceptor@2a902070, software.amazon.awssdk.services.s3.internal.handlers.CreateMultipartUploadRequestInterceptor@4c2ad084, software.amazon.awssdk.services.s3.internal.handlers.DecodeUrlEncodedResponseInterceptor@436c162f, software.amazon.awssdk.services.s3.internal.handlers.GetBucketPolicyInterceptor@54493b40, software.amazon.awssdk.services.s3.internal.handlers.AsyncChecksumValidationInterceptor@7ff11219, software.amazon.awssdk.services.s3.internal.handlers.SyncChecksumValidationInterceptor@65c55393, software.amazon.awssdk.services.s3.internal.handlers.EnableTrailingChecksumInterceptor@46bbec6a, software.amazon.awssdk.services.s3.internal.handlers.ExceptionTranslationInterceptor@5bb55cc6, software.amazon.awssdk.services.s3.internal.handlers.GetObjectInterceptor@2ca3ec73, software.amazon.awssdk.services.s3.internal.handlers.ObjectMetadataInterceptor@63b57bbf]
Execute Action	2026-09-26T09:07:15.7279037Z 26/09/26 09:07:13 DEBUG requestId: Received successful response: 206, Request ID: e9cd5968-cfbc-46ef-b262-168c81650ae7, Extended Request ID: not available
Execute Action	2026-09-26T09:07:15.7280761Z 26/09/26 09:07:13 DEBUG request: Received successful response: 206, Request ID: e9cd5968-cfbc-46ef-b262-168c81650ae7, Extended Request ID: not available
Execute Action	2026-09-26T09:07:15.7282365Z 26/09/26 09:07:13 DEBUG ExecutionInterceptorChain: Interceptor 'software.amazon.awssdk.services.s3.endpoints.internal.S3RequestSetEndpointInterceptor@6dfc56b8' modified the message with its modifyHttpRequest method.
Execute Action	2026-09-26T09:07:15.7285231Z 26/09/26 09:07:13 DEBUG ExecutionInterceptorChain: Interceptor 'software.amazon.awssdk.services.s3.internal.handlers.EnableTrailingChecksumInterceptor@46bbec6a' modified the message with its modifyHttpRequest method.
Execute Action	2026-09-26T09:07:15.7288444Z 26/09/26 09:07:13 DEBUG request: Sending Request: DefaultSdkHttpFullRequest(httpMethod=GET, protocol=http, host=rustfs-svc.rustfs.svc.cluster.local, port=9000, encodedPath=/datalake/tables/305c440c-c4c6-4821-b74a-504dd009c463/metadata/52d98feb-1041-446b-9cc6-1941c34f5d00-m0.avro, headers=[amz-sdk-invocation-id, Range, User-Agent, x-amz-te], queryParameters=[])
Execute Action	2026-09-26T09:07:15.7290187Z 26/09/26 09:07:13 DEBUG SigningStage: Using SelectedAuthScheme: aws.auth#sigv4
Execute Action	2026-09-26T09:07:15.7291412Z 26/09/26 09:07:13 DEBUG DefaultV4RequestSigner: AWS4 Canonical Request: GET
Execute Action	2026-09-26T09:07:15.7292898Z /datalake/tables/305c440c-c4c6-4821-b74a-504dd009c463/metadata/52d98feb-1041-446b-9cc6-1941c34f5d00-m0.avro
Execute Action	2026-09-26T09:07:15.7294084Z 
Execute Action	2026-09-26T09:07:15.7294845Z amz-sdk-invocation-id:2588a35f-1b4c-7271-7d31-0a6632876460
Execute Action	2026-09-26T09:07:15.7295776Z amz-sdk-request:attempt=1; max=6
Execute Action	2026-09-26T09:07:15.7296795Z host:rustfs-svc.rustfs.svc.cluster.local:9000
Execute Action	2026-09-26T09:07:15.7297624Z range:bytes=0-
Execute Action	2026-09-26T09:07:15.7298158Z x-amz-checksum-crc32:AAAAAA==
Execute Action	2026-09-26T09:07:15.7299142Z x-amz-content-sha256:UNSIGNED-PAYLOAD
Execute Action	2026-09-26T09:07:15.7300102Z x-amz-date:20260926T090713Z
Execute Action	2026-09-26T09:07:15.7300805Z x-amz-te:append-md5
Execute Action	2026-09-26T09:07:15.7301266Z 
Execute Action	2026-09-26T09:07:15.7302219Z amz-sdk-invocation-id;amz-sdk-request;host;range;x-amz-checksum-crc32;x-amz-content-sha256;x-amz-date;x-amz-te
Execute Action	2026-09-26T09:07:15.7303356Z UNSIGNED-PAYLOAD
Execute Action	2026-09-26T09:07:15.7304784Z 26/09/26 09:07:13 DEBUG DefaultV4RequestSigner: AWS4 Canonical Request Hash: 297068ea4d682b126522e5292fb10623368c70cac009ba34b27cc144014f68f9
Execute Action	2026-09-26T09:07:15.7306442Z 26/09/26 09:07:13 DEBUG DefaultV4RequestSigner: AWS4 String to sign: AWS4-HMAC-SHA256
Execute Action	2026-09-26T09:07:15.7307649Z 20260926T090713Z
Execute Action	2026-09-26T09:07:15.7308417Z 20260926/us-east-1/s3/aws4_request
Execute Action	2026-09-26T09:07:15.7309284Z 297068ea4d682b126522e5292fb10623368c70cac009ba34b27cc144014f68f9
Execute Action	2026-09-26T09:07:15.7310363Z 26/09/26 09:07:13 DEBUG requestId: Received successful response: 206, Request ID: 68428afb-80f9-42fb-a8b6-f6e7e9c85201, Extended Request ID: not available
Execute Action	2026-09-26T09:07:15.7311701Z 26/09/26 09:07:13 DEBUG request: Received successful response: 206, Request ID: 68428afb-80f9-42fb-a8b6-f6e7e9c85201, Extended Request ID: not available
Execute Action	2026-09-26T09:07:15.7313161Z 26/09/26 09:07:13 DEBUG requestId: Received successful response: 206, Request ID: 850ba135-b8b7-4b8b-8a7f-65a7c40eb97a, Extended Request ID: not available
Execute Action	2026-09-26T09:07:15.7314284Z 26/09/26 09:07:13 DEBUG request: Received successful response: 206, Request ID: 850ba135-b8b7-4b8b-8a7f-65a7c40eb97a, Extended Request ID: not available
Execute Action	2026-09-26T09:07:15.7323650Z 26/09/26 09:07:13 DEBUG ExecutionInterceptorChain: Creating an interceptor chain that will apply interceptors in the following order: [software.amazon.awssdk.core.internal.interceptor.HttpChecksumValidationInterceptor@1b42f03, software.amazon.awssdk.awscore.interceptor.HelpfulUnknownHostExceptionInterceptor@14295ba6, software.amazon.awssdk.awscore.eventstream.EventStreamInitialRequestInterceptor@25b51297, software.amazon.awssdk.awscore.interceptor.TraceIdExecutionInterceptor@1e16a17b, software.amazon.awssdk.services.s3.auth.scheme.internal.S3AuthSchemeInterceptor@3efa598d, software.amazon.awssdk.services.s3.endpoints.internal.S3ResolveEndpointInterceptor@60d0c19f, software.amazon.awssdk.services.s3.endpoints.internal.S3RequestSetEndpointInterceptor@6dfc56b8, software.amazon.awssdk.services.s3.internal.handlers.StreamingRequestInterceptor@464a2f05, software.amazon.awssdk.services.s3.internal.handlers.CreateBucketInterceptor@2a902070, software.amazon.awssdk.services.s3.internal.handlers.CreateMultipartUploadRequestInterceptor@4c2ad084, software.amazon.awssdk.services.s3.internal.handlers.DecodeUrlEncodedResponseInterceptor@436c162f, software.amazon.awssdk.services.s3.internal.handlers.GetBucketPolicyInterceptor@54493b40, software.amazon.awssdk.services.s3.internal.handlers.AsyncChecksumValidationInterceptor@7ff11219, software.amazon.awssdk.services.s3.internal.handlers.SyncChecksumValidationInterceptor@65c55393, software.amazon.awssdk.services.s3.internal.handlers.EnableTrailingChecksumInterceptor@46bbec6a, software.amazon.awssdk.services.s3.internal.handlers.ExceptionTranslationInterceptor@5bb55cc6, software.amazon.awssdk.services.s3.internal.handlers.GetObjectInterceptor@2ca3ec73, software.amazon.awssdk.services.s3.internal.handlers.ObjectMetadataInterceptor@63b57bbf]
Execute Action	2026-09-26T09:07:15.7340650Z 26/09/26 09:07:13 DEBUG ExecutionInterceptorChain: Creating an interceptor chain that will apply interceptors in the following order: [software.amazon.awssdk.core.internal.interceptor.HttpChecksumValidationInterceptor@1b42f03, software.amazon.awssdk.awscore.interceptor.HelpfulUnknownHostExceptionInterceptor@14295ba6, software.amazon.awssdk.awscore.eventstream.EventStreamInitialRequestInterceptor@25b51297, software.amazon.awssdk.awscore.interceptor.TraceIdExecutionInterceptor@1e16a17b, software.amazon.awssdk.services.s3.auth.scheme.internal.S3AuthSchemeInterceptor@3efa598d, software.amazon.awssdk.services.s3.endpoints.internal.S3ResolveEndpointInterceptor@60d0c19f, software.amazon.awssdk.services.s3.endpoints.internal.S3RequestSetEndpointInterceptor@6dfc56b8, software.amazon.awssdk.services.s3.internal.handlers.StreamingRequestInterceptor@464a2f05, software.amazon.awssdk.services.s3.internal.handlers.CreateBucketInterceptor@2a902070, software.amazon.awssdk.services.s3.internal.handlers.CreateMultipartUploadRequestInterceptor@4c2ad084, software.amazon.awssdk.services.s3.internal.handlers.DecodeUrlEncodedResponseInterceptor@436c162f, software.amazon.awssdk.services.s3.internal.handlers.GetBucketPolicyInterceptor@54493b40, software.amazon.awssdk.services.s3.internal.handlers.AsyncChecksumValidationInterceptor@7ff11219, software.amazon.awssdk.services.s3.internal.handlers.SyncChecksumValidationInterceptor@65c55393, software.amazon.awssdk.services.s3.internal.handlers.EnableTrailingChecksumInterceptor@46bbec6a, software.amazon.awssdk.services.s3.internal.handlers.ExceptionTranslationInterceptor@5bb55cc6, software.amazon.awssdk.services.s3.internal.handlers.GetObjectInterceptor@2ca3ec73, software.amazon.awssdk.services.s3.internal.handlers.ObjectMetadataInterceptor@63b57bbf]
Execute Action	2026-09-26T09:07:15.7352211Z 26/09/26 09:07:13 DEBUG ExecutionInterceptorChain: Interceptor 'software.amazon.awssdk.services.s3.endpoints.internal.S3RequestSetEndpointInterceptor@6dfc56b8' modified the message with its modifyHttpRequest method.
Execute Action	2026-09-26T09:07:15.7354973Z 26/09/26 09:07:13 DEBUG ExecutionInterceptorChain: Interceptor 'software.amazon.awssdk.services.s3.internal.handlers.EnableTrailingChecksumInterceptor@46bbec6a' modified the message with its modifyHttpRequest method.
Execute Action	2026-09-26T09:07:15.7357545Z 26/09/26 09:07:13 DEBUG ExecutionInterceptorChain: Interceptor 'software.amazon.awssdk.services.s3.endpoints.internal.S3RequestSetEndpointInterceptor@6dfc56b8' modified the message with its modifyHttpRequest method.
Execute Action	2026-09-26T09:07:15.7359636Z 26/09/26 09:07:13 DEBUG ExecutionInterceptorChain: Interceptor 'software.amazon.awssdk.services.s3.internal.handlers.EnableTrailingChecksumInterceptor@46bbec6a' modified the message with its modifyHttpRequest method.
Execute Action	2026-09-26T09:07:15.7366498Z 26/09/26 09:07:13 DEBUG ExecutionInterceptorChain: Creating an interceptor chain that will apply interceptors in the following order: [software.amazon.awssdk.core.internal.interceptor.HttpChecksumValidationInterceptor@1b42f03, software.amazon.awssdk.awscore.interceptor.HelpfulUnknownHostExceptionInterceptor@14295ba6, software.amazon.awssdk.awscore.eventstream.EventStreamInitialRequestInterceptor@25b51297, software.amazon.awssdk.awscore.interceptor.TraceIdExecutionInterceptor@1e16a17b, software.amazon.awssdk.services.s3.auth.scheme.internal.S3AuthSchemeInterceptor@3efa598d, software.amazon.awssdk.services.s3.endpoints.internal.S3ResolveEndpointInterceptor@60d0c19f, software.amazon.awssdk.services.s3.endpoints.internal.S3RequestSetEndpointInterceptor@6dfc56b8, software.amazon.awssdk.services.s3.internal.handlers.StreamingRequestInterceptor@464a2f05, software.amazon.awssdk.services.s3.internal.handlers.CreateBucketInterceptor@2a902070, software.amazon.awssdk.services.s3.internal.handlers.CreateMultipartUploadRequestInterceptor@4c2ad084, software.amazon.awssdk.services.s3.internal.handlers.DecodeUrlEncodedResponseInterceptor@436c162f, software.amazon.awssdk.services.s3.internal.handlers.GetBucketPolicyInterceptor@54493b40, software.amazon.awssdk.services.s3.internal.handlers.AsyncChecksumValidationInterceptor@7ff11219, software.amazon.awssdk.services.s3.internal.handlers.SyncChecksumValidationInterceptor@65c55393, software.amazon.awssdk.services.s3.internal.handlers.EnableTrailingChecksumInterceptor@46bbec6a, software.amazon.awssdk.services.s3.internal.handlers.ExceptionTranslationInterceptor@5bb55cc6, software.amazon.awssdk.services.s3.internal.handlers.GetObjectInterceptor@2ca3ec73, software.amazon.awssdk.services.s3.internal.handlers.ObjectMetadataInterceptor@63b57bbf]
Execute Action	2026-09-26T09:07:15.7378287Z 26/09/26 09:07:13 DEBUG ExecutionInterceptorChain: Creating an interceptor chain that will apply interceptors in the following order: [software.amazon.awssdk.core.internal.interceptor.HttpChecksumValidationInterceptor@1b42f03, software.amazon.awssdk.awscore.interceptor.HelpfulUnknownHostExceptionInterceptor@14295ba6, software.amazon.awssdk.awscore.eventstream.EventStreamInitialRequestInterceptor@25b51297, software.amazon.awssdk.awscore.interceptor.TraceIdExecutionInterceptor@1e16a17b, software.amazon.awssdk.services.s3.auth.scheme.internal.S3AuthSchemeInterceptor@3efa598d, software.amazon.awssdk.services.s3.endpoints.internal.S3ResolveEndpointInterceptor@60d0c19f, software.amazon.awssdk.services.s3.endpoints.internal.S3RequestSetEndpointInterceptor@6dfc56b8, software.amazon.awssdk.services.s3.internal.handlers.StreamingRequestInterceptor@464a2f05, software.amazon.awssdk.services.s3.internal.handlers.CreateBucketInterceptor@2a902070, software.amazon.awssdk.services.s3.internal.handlers.CreateMultipartUploadRequestInterceptor@4c2ad084, software.amazon.awssdk.services.s3.internal.handlers.DecodeUrlEncodedResponseInterceptor@436c162f, software.amazon.awssdk.services.s3.internal.handlers.GetBucketPolicyInterceptor@54493b40, software.amazon.awssdk.services.s3.internal.handlers.AsyncChecksumValidationInterceptor@7ff11219, software.amazon.awssdk.services.s3.internal.handlers.SyncChecksumValidationInterceptor@65c55393, software.amazon.awssdk.services.s3.internal.handlers.EnableTrailingChecksumInterceptor@46bbec6a, software.amazon.awssdk.services.s3.internal.handlers.ExceptionTranslationInterceptor@5bb55cc6, software.amazon.awssdk.services.s3.internal.handlers.GetObjectInterceptor@2ca3ec73, software.amazon.awssdk.services.s3.internal.handlers.ObjectMetadataInterceptor@63b57bbf]
Execute Action	2026-09-26T09:07:15.7385400Z 26/09/26 09:07:13 DEBUG request: Sending Request: DefaultSdkHttpFullRequest(httpMethod=GET, protocol=http, host=rustfs-svc.rustfs.svc.cluster.local, port=9000, encodedPath=/datalake/tables/305c440c-c4c6-4821-b74a-504dd009c463/metadata/dc0f9c9a-eeb3-435b-80fa-589e37faaac3-m0.avro, headers=[amz-sdk-invocation-id, Range, User-Agent, x-amz-te], queryParameters=[])
Execute Action	2026-09-26T09:07:15.7387076Z 26/09/26 09:07:13 DEBUG SigningStage: Using SelectedAuthScheme: aws.auth#sigv4
Execute Action	2026-09-26T09:07:15.7388256Z 26/09/26 09:07:13 DEBUG ExecutionInterceptorChain: Interceptor 'software.amazon.awssdk.services.s3.endpoints.internal.S3RequestSetEndpointInterceptor@6dfc56b8' modified the message with its modifyHttpRequest method.
Execute Action	2026-09-26T09:07:15.7389844Z 26/09/26 09:07:13 DEBUG ExecutionInterceptorChain: Interceptor 'software.amazon.awssdk.services.s3.internal.handlers.EnableTrailingChecksumInterceptor@46bbec6a' modified the message with its modifyHttpRequest method.
Execute Action	2026-09-26T09:07:15.7391433Z 26/09/26 09:07:13 DEBUG ExecutionInterceptorChain: Interceptor 'software.amazon.awssdk.services.s3.endpoints.internal.S3RequestSetEndpointInterceptor@6dfc56b8' modified the message with its modifyHttpRequest method.
Execute Action	2026-09-26T09:07:15.7393119Z 26/09/26 09:07:13 DEBUG ExecutionInterceptorChain: Interceptor 'software.amazon.awssdk.services.s3.internal.handlers.EnableTrailingChecksumInterceptor@46bbec6a' modified the message with its modifyHttpRequest method.
Execute Action	2026-09-26T09:07:15.7395055Z 26/09/26 09:07:13 DEBUG request: Sending Request: DefaultSdkHttpFullRequest(httpMethod=GET, protocol=http, host=rustfs-svc.rustfs.svc.cluster.local, port=9000, encodedPath=/datalake/tables/305c440c-c4c6-4821-b74a-504dd009c463/metadata/fcb485cd-0452-4ca5-a293-af61520f9e0f-m0.avro, headers=[amz-sdk-invocation-id, Range, User-Agent, x-amz-te], queryParameters=[])
Execute Action	2026-09-26T09:07:15.7396708Z 26/09/26 09:07:13 DEBUG SigningStage: Using SelectedAuthScheme: aws.auth#sigv4
Execute Action	2026-09-26T09:07:15.7398213Z 26/09/26 09:07:13 DEBUG request: Sending Request: DefaultSdkHttpFullRequest(httpMethod=GET, protocol=http, host=rustfs-svc.rustfs.svc.cluster.local, port=9000, encodedPath=/datalake/tables/305c440c-c4c6-4821-b74a-504dd009c463/metadata/d3285839-10bc-4b63-bcd1-11609491dc59-m0.avro, headers=[amz-sdk-invocation-id, Range, User-Agent, x-amz-te], queryParameters=[])
Execute Action	2026-09-26T09:07:15.7399705Z 26/09/26 09:07:13 DEBUG DefaultV4RequestSigner: AWS4 Canonical Request: GET
Execute Action	2026-09-26T09:07:15.7400569Z /datalake/tables/305c440c-c4c6-4821-b74a-504dd009c463/metadata/dc0f9c9a-eeb3-435b-80fa-589e37faaac3-m0.avro
Execute Action	2026-09-26T09:07:15.7401261Z 
Execute Action	2026-09-26T09:07:15.7401816Z amz-sdk-invocation-id:b7901907-9bfa-491e-7ce1-8a1c476d1933
Execute Action	2026-09-26T09:07:15.7402474Z amz-sdk-request:attempt=1; max=6
Execute Action	2026-09-26T09:07:15.7403189Z host:rustfs-svc.rustfs.svc.cluster.local:9000
Execute Action	2026-09-26T09:07:15.7403757Z range:bytes=0-
Execute Action	2026-09-26T09:07:15.7404269Z x-amz-checksum-crc32:AAAAAA==
Execute Action	2026-09-26T09:07:15.7404840Z x-amz-content-sha256:UNSIGNED-PAYLOAD
Execute Action	2026-09-26T09:07:15.7405405Z x-amz-date:20260926T090713Z
Execute Action	2026-09-26T09:07:15.7405940Z x-amz-te:append-md5
Execute Action	2026-09-26T09:07:15.7406505Z 
Execute Action	2026-09-26T09:07:15.7407206Z amz-sdk-invocation-id;amz-sdk-request;host;range;x-amz-checksum-crc32;x-amz-content-sha256;x-amz-date;x-amz-te
Execute Action	2026-09-26T09:07:15.7407936Z UNSIGNED-PAYLOAD
Execute Action	2026-09-26T09:07:15.7408576Z 26/09/26 09:07:13 DEBUG SigningStage: Using SelectedAuthScheme: aws.auth#sigv4
Execute Action	2026-09-26T09:07:15.7409517Z 26/09/26 09:07:13 DEBUG DefaultV4RequestSigner: AWS4 Canonical Request Hash: 3d7590b59bb76b55886b7856c8ce29e50b1d8c99a5aaa660d1eaddbdc56eadd0
Execute Action	2026-09-26T09:07:15.7410472Z 26/09/26 09:07:13 DEBUG DefaultV4RequestSigner: AWS4 String to sign: AWS4-HMAC-SHA256
Execute Action	2026-09-26T09:07:15.7411111Z 20260926T090713Z
Execute Action	2026-09-26T09:07:15.7411628Z 20260926/us-east-1/s3/aws4_request
Execute Action	2026-09-26T09:07:15.7412273Z 3d7590b59bb76b55886b7856c8ce29e50b1d8c99a5aaa660d1eaddbdc56eadd0
Execute Action	2026-09-26T09:07:15.7413104Z 26/09/26 09:07:13 DEBUG DefaultV4RequestSigner: AWS4 Canonical Request: GET
Execute Action	2026-09-26T09:07:15.7413970Z /datalake/tables/305c440c-c4c6-4821-b74a-504dd009c463/metadata/fcb485cd-0452-4ca5-a293-af61520f9e0f-m0.avro
Execute Action	2026-09-26T09:07:15.7414646Z 
Execute Action	2026-09-26T09:07:15.7415321Z amz-sdk-invocation-id:e744d154-9632-3453-d3be-e84bb646e493
Execute Action	2026-09-26T09:07:15.7415952Z amz-sdk-request:attempt=1; max=6
Execute Action	2026-09-26T09:07:15.7416570Z host:rustfs-svc.rustfs.svc.cluster.local:9000
Execute Action	2026-09-26T09:07:15.7417126Z range:bytes=0-
Execute Action	2026-09-26T09:07:15.7417632Z x-amz-checksum-crc32:AAAAAA==
Execute Action	2026-09-26T09:07:15.7418199Z x-amz-content-sha256:UNSIGNED-PAYLOAD
Execute Action	2026-09-26T09:07:15.7418756Z x-amz-date:20260926T090713Z
Execute Action	2026-09-26T09:07:15.7419281Z x-amz-te:append-md5
Execute Action	2026-09-26T09:07:15.7419728Z 
Execute Action	2026-09-26T09:07:15.7420420Z amz-sdk-invocation-id;amz-sdk-request;host;range;x-amz-checksum-crc32;x-amz-content-sha256;x-amz-date;x-amz-te
Execute Action	2026-09-26T09:07:15.7421145Z UNSIGNED-PAYLOAD
Execute Action	2026-09-26T09:07:15.7421931Z 26/09/26 09:07:13 DEBUG DefaultV4RequestSigner: AWS4 Canonical Request Hash: d051b70cf9f9c93b3797467ff1c292d3133b7abd712710419077eb0743fc80dc
Execute Action	2026-09-26T09:07:15.7422960Z 26/09/26 09:07:13 DEBUG DefaultV4RequestSigner: AWS4 String to sign: AWS4-HMAC-SHA256
Execute Action	2026-09-26T09:07:15.7423593Z 20260926T090713Z
Execute Action	2026-09-26T09:07:15.7424096Z 20260926/us-east-1/s3/aws4_request
Execute Action	2026-09-26T09:07:15.7424825Z d051b70cf9f9c93b3797467ff1c292d3133b7abd712710419077eb0743fc80dc
Execute Action	2026-09-26T09:07:15.7426377Z 26/09/26 09:07:13 DEBUG request: Sending Request: DefaultSdkHttpFullRequest(httpMethod=GET, protocol=http, host=rustfs-svc.rustfs.svc.cluster.local, port=9000, encodedPath=/datalake/tables/305c440c-c4c6-4821-b74a-504dd009c463/metadata/95477a2b-b3ef-4827-ac3e-c2efa9242388-m0.avro, headers=[amz-sdk-invocation-id, Range, User-Agent, x-amz-te], queryParameters=[])
Execute Action	2026-09-26T09:07:15.7428068Z 26/09/26 09:07:13 DEBUG SigningStage: Using SelectedAuthScheme: aws.auth#sigv4
Execute Action	2026-09-26T09:07:15.7429030Z 26/09/26 09:07:13 DEBUG requestId: Received successful response: 206, Request ID: f1ce3fe7-6881-4185-83ad-f97f3b33c6f4, Extended Request ID: not available
Execute Action	2026-09-26T09:07:15.7430137Z 26/09/26 09:07:13 DEBUG request: Received successful response: 206, Request ID: f1ce3fe7-6881-4185-83ad-f97f3b33c6f4, Extended Request ID: not available
Execute Action	2026-09-26T09:07:15.7431066Z 26/09/26 09:07:13 DEBUG DefaultV4RequestSigner: AWS4 Canonical Request: GET
Execute Action	2026-09-26T09:07:15.7431908Z /datalake/tables/305c440c-c4c6-4821-b74a-504dd009c463/metadata/95477a2b-b3ef-4827-ac3e-c2efa9242388-m0.avro
Execute Action	2026-09-26T09:07:15.7432655Z 
Execute Action	2026-09-26T09:07:15.7433219Z amz-sdk-invocation-id:8200cff9-5c5b-0bbd-f53d-8e6881c3981f
Execute Action	2026-09-26T09:07:15.7433848Z amz-sdk-request:attempt=1; max=6
Execute Action	2026-09-26T09:07:15.7434467Z host:rustfs-svc.rustfs.svc.cluster.local:9000
Execute Action	2026-09-26T09:07:15.7435167Z range:bytes=0-
Execute Action	2026-09-26T09:07:15.7435679Z x-amz-checksum-crc32:AAAAAA==
Execute Action	2026-09-26T09:07:15.7436267Z x-amz-content-sha256:UNSIGNED-PAYLOAD
Execute Action	2026-09-26T09:07:15.7436832Z x-amz-date:20260926T090713Z
Execute Action	2026-09-26T09:07:15.7437347Z x-amz-te:append-md5
Execute Action	2026-09-26T09:07:15.7437803Z 
Execute Action	2026-09-26T09:07:15.7438491Z amz-sdk-invocation-id;amz-sdk-request;host;range;x-amz-checksum-crc32;x-amz-content-sha256;x-amz-date;x-amz-te
Execute Action	2026-09-26T09:07:15.7439213Z UNSIGNED-PAYLOAD
Execute Action	2026-09-26T09:07:15.7440009Z 26/09/26 09:07:13 DEBUG DefaultV4RequestSigner: AWS4 Canonical Request Hash: 95afad05e85b3df1ffecd282df265a81590e4f2d337623d39122d3a2e35804b1
Execute Action	2026-09-26T09:07:15.7440978Z 26/09/26 09:07:13 DEBUG DefaultV4RequestSigner: AWS4 String to sign: AWS4-HMAC-SHA256
Execute Action	2026-09-26T09:07:15.7441608Z 20260926T090713Z
Execute Action	2026-09-26T09:07:15.7442112Z 20260926/us-east-1/s3/aws4_request
Execute Action	2026-09-26T09:07:15.7442848Z 95afad05e85b3df1ffecd282df265a81590e4f2d337623d39122d3a2e35804b1
Execute Action	2026-09-26T09:07:15.7443714Z 26/09/26 09:07:13 DEBUG DefaultV4RequestSigner: AWS4 Canonical Request: GET
Execute Action	2026-09-26T09:07:15.7444858Z /datalake/tables/305c440c-c4c6-4821-b74a-504dd009c463/metadata/d3285839-10bc-4b63-bcd1-11609491dc59-m0.avro
Execute Action	2026-09-26T09:07:15.7445738Z 
Execute Action	2026-09-26T09:07:15.7446520Z amz-sdk-invocation-id:58c61316-45a6-74b2-12a4-ff703c0cbba7
Execute Action	2026-09-26T09:07:15.7447426Z amz-sdk-request:attempt=1; max=6
Execute Action	2026-09-26T09:07:15.7461384Z host:rustfs-svc.rustfs.svc.cluster.local:9000
Execute Action	2026-09-26T09:07:15.7462019Z range:bytes=0-
Execute Action	2026-09-26T09:07:15.7462656Z x-amz-checksum-crc32:AAAAAA==
Execute Action	2026-09-26T09:07:15.7463262Z x-amz-content-sha256:UNSIGNED-PAYLOAD
Execute Action	2026-09-26T09:07:15.7463831Z x-amz-date:20260926T090713Z
Execute Action	2026-09-26T09:07:15.7464370Z x-amz-te:append-md5
Execute Action	2026-09-26T09:07:15.7464826Z 
Execute Action	2026-09-26T09:07:15.7465547Z amz-sdk-invocation-id;amz-sdk-request;host;range;x-amz-checksum-crc32;x-amz-content-sha256;x-amz-date;x-amz-te
Execute Action	2026-09-26T09:07:15.7466284Z UNSIGNED-PAYLOAD
Execute Action	2026-09-26T09:07:15.7467087Z 26/09/26 09:07:13 DEBUG DefaultV4RequestSigner: AWS4 Canonical Request Hash: 8cfdc34aee46f36f639a406183aac132974511828abb33e35e8fa54844a1995d
Execute Action	2026-09-26T09:07:15.7468051Z 26/09/26 09:07:13 DEBUG DefaultV4RequestSigner: AWS4 String to sign: AWS4-HMAC-SHA256
Execute Action	2026-09-26T09:07:15.7468701Z 20260926T090713Z
Execute Action	2026-09-26T09:07:15.7469388Z 20260926/us-east-1/s3/aws4_request
Execute Action	2026-09-26T09:07:15.7470044Z 8cfdc34aee46f36f639a406183aac132974511828abb33e35e8fa54844a1995d
Execute Action	2026-09-26T09:07:15.7476287Z 26/09/26 09:07:13 DEBUG ExecutionInterceptorChain: Creating an interceptor chain that will apply interceptors in the following order: [software.amazon.awssdk.core.internal.interceptor.HttpChecksumValidationInterceptor@1b42f03, software.amazon.awssdk.awscore.interceptor.HelpfulUnknownHostExceptionInterceptor@14295ba6, software.amazon.awssdk.awscore.eventstream.EventStreamInitialRequestInterceptor@25b51297, software.amazon.awssdk.awscore.interceptor.TraceIdExecutionInterceptor@1e16a17b, software.amazon.awssdk.services.s3.auth.scheme.internal.S3AuthSchemeInterceptor@3efa598d, software.amazon.awssdk.services.s3.endpoints.internal.S3ResolveEndpointInterceptor@60d0c19f, software.amazon.awssdk.services.s3.endpoints.internal.S3RequestSetEndpointInterceptor@6dfc56b8, software.amazon.awssdk.services.s3.internal.handlers.StreamingRequestInterceptor@464a2f05, software.amazon.awssdk.services.s3.internal.handlers.CreateBucketInterceptor@2a902070, software.amazon.awssdk.services.s3.internal.handlers.CreateMultipartUploadRequestInterceptor@4c2ad084, software.amazon.awssdk.services.s3.internal.handlers.DecodeUrlEncodedResponseInterceptor@436c162f, software.amazon.awssdk.services.s3.internal.handlers.GetBucketPolicyInterceptor@54493b40, software.amazon.awssdk.services.s3.internal.handlers.AsyncChecksumValidationInterceptor@7ff11219, software.amazon.awssdk.services.s3.internal.handlers.SyncChecksumValidationInterceptor@65c55393, software.amazon.awssdk.services.s3.internal.handlers.EnableTrailingChecksumInterceptor@46bbec6a, software.amazon.awssdk.services.s3.internal.handlers.ExceptionTranslationInterceptor@5bb55cc6, software.amazon.awssdk.services.s3.internal.handlers.GetObjectInterceptor@2ca3ec73, software.amazon.awssdk.services.s3.internal.handlers.ObjectMetadataInterceptor@63b57bbf]
Execute Action	2026-09-26T09:07:15.7482908Z 26/09/26 09:07:13 DEBUG requestId: Received successful response: 206, Request ID: 273cc289-3694-40e5-97b2-217dc2112b95, Extended Request ID: not available
Execute Action	2026-09-26T09:07:15.7484393Z 26/09/26 09:07:13 DEBUG ExecutionInterceptorChain: Interceptor 'software.amazon.awssdk.services.s3.endpoints.internal.S3RequestSetEndpointInterceptor@6dfc56b8' modified the message with its modifyHttpRequest method.
Execute Action	2026-09-26T09:07:15.7485797Z 26/09/26 09:07:13 DEBUG request: Received successful response: 206, Request ID: 273cc289-3694-40e5-97b2-217dc2112b95, Extended Request ID: not available
Execute Action	2026-09-26T09:07:15.7487156Z 26/09/26 09:07:13 DEBUG ExecutionInterceptorChain: Interceptor 'software.amazon.awssdk.services.s3.internal.handlers.EnableTrailingChecksumInterceptor@46bbec6a' modified the message with its modifyHttpRequest method.
Execute Action	2026-09-26T09:07:15.7489108Z 26/09/26 09:07:13 DEBUG request: Sending Request: DefaultSdkHttpFullRequest(httpMethod=GET, protocol=http, host=rustfs-svc.rustfs.svc.cluster.local, port=9000, encodedPath=/datalake/tables/305c440c-c4c6-4821-b74a-504dd009c463/metadata/fc60b624-60b2-4b38-9bb4-c9c161f65455-m0.avro, headers=[amz-sdk-invocation-id, Range, User-Agent, x-amz-te], queryParameters=[])
Execute Action	2026-09-26T09:07:15.7490663Z 26/09/26 09:07:13 DEBUG SigningStage: Using SelectedAuthScheme: aws.auth#sigv4
Execute Action	2026-09-26T09:07:15.7491419Z 26/09/26 09:07:13 DEBUG DefaultV4RequestSigner: AWS4 Canonical Request: GET
Execute Action	2026-09-26T09:07:15.7492271Z /datalake/tables/305c440c-c4c6-4821-b74a-504dd009c463/metadata/fc60b624-60b2-4b38-9bb4-c9c161f65455-m0.avro
Execute Action	2026-09-26T09:07:15.7493190Z 
Execute Action	2026-09-26T09:07:15.7493756Z amz-sdk-invocation-id:9a187034-c7f5-bf84-4fce-78870bdec935
Execute Action	2026-09-26T09:07:15.7494394Z amz-sdk-request:attempt=1; max=6
Execute Action	2026-09-26T09:07:15.7495005Z host:rustfs-svc.rustfs.svc.cluster.local:9000
Execute Action	2026-09-26T09:07:15.7495564Z range:bytes=0-
Execute Action	2026-09-26T09:07:15.7496075Z x-amz-checksum-crc32:AAAAAA==
Execute Action	2026-09-26T09:07:15.7496643Z x-amz-content-sha256:UNSIGNED-PAYLOAD
Execute Action	2026-09-26T09:07:15.7497200Z x-amz-date:20260926T090713Z
Execute Action	2026-09-26T09:07:15.7497717Z x-amz-te:append-md5
Execute Action	2026-09-26T09:07:15.7498162Z 
Execute Action	2026-09-26T09:07:15.7498866Z amz-sdk-invocation-id;amz-sdk-request;host;range;x-amz-checksum-crc32;x-amz-content-sha256;x-amz-date;x-amz-te
Execute Action	2026-09-26T09:07:15.7499605Z UNSIGNED-PAYLOAD
Execute Action	2026-09-26T09:07:15.7500388Z 26/09/26 09:07:13 DEBUG DefaultV4RequestSigner: AWS4 Canonical Request Hash: ae256fae2666848717564238f7459c9f527476f0bc467915e993f154949077ce
Execute Action	2026-09-26T09:07:15.7501338Z 26/09/26 09:07:13 DEBUG DefaultV4RequestSigner: AWS4 String to sign: AWS4-HMAC-SHA256
Execute Action	2026-09-26T09:07:15.7501953Z 20260926T090713Z
Execute Action	2026-09-26T09:07:15.7502454Z 20260926/us-east-1/s3/aws4_request
Execute Action	2026-09-26T09:07:15.7503175Z ae256fae2666848717564238f7459c9f527476f0bc467915e993f154949077ce
Execute Action	2026-09-26T09:07:15.7509417Z 26/09/26 09:07:13 DEBUG ExecutionInterceptorChain: Creating an interceptor chain that will apply interceptors in the following order: [software.amazon.awssdk.core.internal.interceptor.HttpChecksumValidationInterceptor@1b42f03, software.amazon.awssdk.awscore.interceptor.HelpfulUnknownHostExceptionInterceptor@14295ba6, software.amazon.awssdk.awscore.eventstream.EventStreamInitialRequestInterceptor@25b51297, software.amazon.awssdk.awscore.interceptor.TraceIdExecutionInterceptor@1e16a17b, software.amazon.awssdk.services.s3.auth.scheme.internal.S3AuthSchemeInterceptor@3efa598d, software.amazon.awssdk.services.s3.endpoints.internal.S3ResolveEndpointInterceptor@60d0c19f, software.amazon.awssdk.services.s3.endpoints.internal.S3RequestSetEndpointInterceptor@6dfc56b8, software.amazon.awssdk.services.s3.internal.handlers.StreamingRequestInterceptor@464a2f05, software.amazon.awssdk.services.s3.internal.handlers.CreateBucketInterceptor@2a902070, software.amazon.awssdk.services.s3.internal.handlers.CreateMultipartUploadRequestInterceptor@4c2ad084, software.amazon.awssdk.services.s3.internal.handlers.DecodeUrlEncodedResponseInterceptor@436c162f, software.amazon.awssdk.services.s3.internal.handlers.GetBucketPolicyInterceptor@54493b40, software.amazon.awssdk.services.s3.internal.handlers.AsyncChecksumValidationInterceptor@7ff11219, software.amazon.awssdk.services.s3.internal.handlers.SyncChecksumValidationInterceptor@65c55393, software.amazon.awssdk.services.s3.internal.handlers.EnableTrailingChecksumInterceptor@46bbec6a, software.amazon.awssdk.services.s3.internal.handlers.ExceptionTranslationInterceptor@5bb55cc6, software.amazon.awssdk.services.s3.internal.handlers.GetObjectInterceptor@2ca3ec73, software.amazon.awssdk.services.s3.internal.handlers.ObjectMetadataInterceptor@63b57bbf]
Execute Action	2026-09-26T09:07:15.7516334Z 26/09/26 09:07:13 DEBUG ExecutionInterceptorChain: Interceptor 'software.amazon.awssdk.services.s3.endpoints.internal.S3RequestSetEndpointInterceptor@6dfc56b8' modified the message with its modifyHttpRequest method.
Execute Action	2026-09-26T09:07:15.7517936Z 26/09/26 09:07:13 DEBUG ExecutionInterceptorChain: Interceptor 'software.amazon.awssdk.services.s3.internal.handlers.EnableTrailingChecksumInterceptor@46bbec6a' modified the message with its modifyHttpRequest method.
Execute Action	2026-09-26T09:07:15.7519920Z 26/09/26 09:07:13 DEBUG request: Sending Request: DefaultSdkHttpFullRequest(httpMethod=GET, protocol=http, host=rustfs-svc.rustfs.svc.cluster.local, port=9000, encodedPath=/datalake/tables/305c440c-c4c6-4821-b74a-504dd009c463/metadata/67945181-1589-4e3a-80c2-faca6312c812-m0.avro, headers=[amz-sdk-invocation-id, Range, User-Agent, x-amz-te], queryParameters=[])
Execute Action	2026-09-26T09:07:15.7521477Z 26/09/26 09:07:13 DEBUG SigningStage: Using SelectedAuthScheme: aws.auth#sigv4
Execute Action	2026-09-26T09:07:15.7522217Z 26/09/26 09:07:13 DEBUG DefaultV4RequestSigner: AWS4 Canonical Request: GET
Execute Action	2026-09-26T09:07:15.7523121Z /datalake/tables/305c440c-c4c6-4821-b74a-504dd009c463/metadata/67945181-1589-4e3a-80c2-faca6312c812-m0.avro
Execute Action	2026-09-26T09:07:15.7523784Z 
Execute Action	2026-09-26T09:07:15.7524321Z amz-sdk-invocation-id:c856b143-5a3e-06e2-7f9d-9f010ac5f768
Execute Action	2026-09-26T09:07:15.7524954Z amz-sdk-request:attempt=1; max=6
Execute Action	2026-09-26T09:07:15.7525574Z host:rustfs-svc.rustfs.svc.cluster.local:9000
Execute Action	2026-09-26T09:07:15.7526274Z range:bytes=0-
Execute Action	2026-09-26T09:07:15.7526780Z x-amz-checksum-crc32:AAAAAA==
Execute Action	2026-09-26T09:07:15.7527347Z x-amz-content-sha256:UNSIGNED-PAYLOAD
Execute Action	2026-09-26T09:07:15.7527906Z x-amz-date:20260926T090713Z
Execute Action	2026-09-26T09:07:15.7528418Z x-amz-te:append-md5
Execute Action	2026-09-26T09:07:15.7528864Z 
Execute Action	2026-09-26T09:07:15.7529552Z amz-sdk-invocation-id;amz-sdk-request;host;range;x-amz-checksum-crc32;x-amz-content-sha256;x-amz-date;x-amz-te
Execute Action	2026-09-26T09:07:15.7530287Z UNSIGNED-PAYLOAD
Execute Action	2026-09-26T09:07:15.7531085Z 26/09/26 09:07:13 DEBUG DefaultV4RequestSigner: AWS4 Canonical Request Hash: a5344b4eabd18c50dd6aed7bcc4fb8b429e0dbe848ad604091c0ea5df760c775
Execute Action	2026-09-26T09:07:15.7532049Z 26/09/26 09:07:13 DEBUG DefaultV4RequestSigner: AWS4 String to sign: AWS4-HMAC-SHA256
Execute Action	2026-09-26T09:07:15.7532804Z 20260926T090713Z
Execute Action	2026-09-26T09:07:15.7533321Z 20260926/us-east-1/s3/aws4_request
Execute Action	2026-09-26T09:07:15.7533982Z a5344b4eabd18c50dd6aed7bcc4fb8b429e0dbe848ad604091c0ea5df760c775
Execute Action	2026-09-26T09:07:15.7534935Z 26/09/26 09:07:13 DEBUG requestId: Received successful response: 206, Request ID: 133cf49b-bff7-4a30-802c-46b6a6ed76dd, Extended Request ID: not available
Execute Action	2026-09-26T09:07:15.7536176Z 26/09/26 09:07:13 DEBUG request: Received successful response: 206, Request ID: 133cf49b-bff7-4a30-802c-46b6a6ed76dd, Extended Request ID: not available
Execute Action	2026-09-26T09:07:15.7542492Z 26/09/26 09:07:13 DEBUG ExecutionInterceptorChain: Creating an interceptor chain that will apply interceptors in the following order: [software.amazon.awssdk.core.internal.interceptor.HttpChecksumValidationInterceptor@1b42f03, software.amazon.awssdk.awscore.interceptor.HelpfulUnknownHostExceptionInterceptor@14295ba6, software.amazon.awssdk.awscore.eventstream.EventStreamInitialRequestInterceptor@25b51297, software.amazon.awssdk.awscore.interceptor.TraceIdExecutionInterceptor@1e16a17b, software.amazon.awssdk.services.s3.auth.scheme.internal.S3AuthSchemeInterceptor@3efa598d, software.amazon.awssdk.services.s3.endpoints.internal.S3ResolveEndpointInterceptor@60d0c19f, software.amazon.awssdk.services.s3.endpoints.internal.S3RequestSetEndpointInterceptor@6dfc56b8, software.amazon.awssdk.services.s3.internal.handlers.StreamingRequestInterceptor@464a2f05, software.amazon.awssdk.services.s3.internal.handlers.CreateBucketInterceptor@2a902070, software.amazon.awssdk.services.s3.internal.handlers.CreateMultipartUploadRequestInterceptor@4c2ad084, software.amazon.awssdk.services.s3.internal.handlers.DecodeUrlEncodedResponseInterceptor@436c162f, software.amazon.awssdk.services.s3.internal.handlers.GetBucketPolicyInterceptor@54493b40, software.amazon.awssdk.services.s3.internal.handlers.AsyncChecksumValidationInterceptor@7ff11219, software.amazon.awssdk.services.s3.internal.handlers.SyncChecksumValidationInterceptor@65c55393, software.amazon.awssdk.services.s3.internal.handlers.EnableTrailingChecksumInterceptor@46bbec6a, software.amazon.awssdk.services.s3.internal.handlers.ExceptionTranslationInterceptor@5bb55cc6, software.amazon.awssdk.services.s3.internal.handlers.GetObjectInterceptor@2ca3ec73, software.amazon.awssdk.services.s3.internal.handlers.ObjectMetadataInterceptor@63b57bbf]
Execute Action	2026-09-26T09:07:15.7549489Z 26/09/26 09:07:13 DEBUG ExecutionInterceptorChain: Interceptor 'software.amazon.awssdk.services.s3.endpoints.internal.S3RequestSetEndpointInterceptor@6dfc56b8' modified the message with its modifyHttpRequest method.
Execute Action	2026-09-26T09:07:15.7551094Z 26/09/26 09:07:13 DEBUG ExecutionInterceptorChain: Interceptor 'software.amazon.awssdk.services.s3.internal.handlers.EnableTrailingChecksumInterceptor@46bbec6a' modified the message with its modifyHttpRequest method.
Execute Action	2026-09-26T09:07:15.7553135Z 26/09/26 09:07:13 DEBUG request: Sending Request: DefaultSdkHttpFullRequest(httpMethod=GET, protocol=http, host=rustfs-svc.rustfs.svc.cluster.local, port=9000, encodedPath=/datalake/tables/305c440c-c4c6-4821-b74a-504dd009c463/metadata/1ec28503-bc00-4314-88b4-57bb87263d52-m0.avro, headers=[amz-sdk-invocation-id, Range, User-Agent, x-amz-te], queryParameters=[])
Execute Action	2026-09-26T09:07:15.7554668Z 26/09/26 09:07:13 DEBUG SigningStage: Using SelectedAuthScheme: aws.auth#sigv4
Execute Action	2026-09-26T09:07:15.7555423Z 26/09/26 09:07:13 DEBUG DefaultV4RequestSigner: AWS4 Canonical Request: GET
Execute Action	2026-09-26T09:07:15.7556294Z /datalake/tables/305c440c-c4c6-4821-b74a-504dd009c463/metadata/1ec28503-bc00-4314-88b4-57bb87263d52-m0.avro
Execute Action	2026-09-26T09:07:15.7556971Z 
Execute Action	2026-09-26T09:07:15.7557522Z amz-sdk-invocation-id:2bf69ea0-70b8-b933-b679-d65892a7f7c1
Execute Action	2026-09-26T09:07:15.7558148Z amz-sdk-request:attempt=1; max=6
Execute Action	2026-09-26T09:07:15.7558873Z host:rustfs-svc.rustfs.svc.cluster.local:9000
Execute Action	2026-09-26T09:07:15.7559453Z range:bytes=0-
Execute Action	2026-09-26T09:07:15.7559974Z x-amz-checksum-crc32:AAAAAA==
Execute Action	2026-09-26T09:07:15.7560545Z x-amz-content-sha256:UNSIGNED-PAYLOAD
Execute Action	2026-09-26T09:07:15.7561103Z x-amz-date:20260926T090713Z
Execute Action	2026-09-26T09:07:15.7561613Z x-amz-te:append-md5
Execute Action	2026-09-26T09:07:15.7562054Z 
Execute Action	2026-09-26T09:07:15.7562823Z amz-sdk-invocation-id;amz-sdk-request;host;range;x-amz-checksum-crc32;x-amz-content-sha256;x-amz-date;x-amz-te
Execute Action	2026-09-26T09:07:15.7563576Z UNSIGNED-PAYLOAD
Execute Action	2026-09-26T09:07:15.7564378Z 26/09/26 09:07:13 DEBUG DefaultV4RequestSigner: AWS4 Canonical Request Hash: b3a13d5180955b20b3089c8079fbc5a4047165dcf5d84e9fa5978b5e246ff508
Execute Action	2026-09-26T09:07:15.7565322Z 26/09/26 09:07:13 DEBUG DefaultV4RequestSigner: AWS4 String to sign: AWS4-HMAC-SHA256
Execute Action	2026-09-26T09:07:15.7565952Z 20260926T090713Z
Execute Action	2026-09-26T09:07:15.7566467Z 20260926/us-east-1/s3/aws4_request
Execute Action	2026-09-26T09:07:15.7567109Z b3a13d5180955b20b3089c8079fbc5a4047165dcf5d84e9fa5978b5e246ff508
Execute Action	2026-09-26T09:07:15.7568048Z 26/09/26 09:07:13 DEBUG requestId: Received successful response: 206, Request ID: f2148bac-9439-40c6-956d-a87afd13b02d, Extended Request ID: not available
Execute Action	2026-09-26T09:07:15.7569311Z 26/09/26 09:07:13 DEBUG request: Received successful response: 206, Request ID: f2148bac-9439-40c6-956d-a87afd13b02d, Extended Request ID: not available
Execute Action	2026-09-26T09:07:15.7575718Z 26/09/26 09:07:13 DEBUG ExecutionInterceptorChain: Creating an interceptor chain that will apply interceptors in the following order: [software.amazon.awssdk.core.internal.interceptor.HttpChecksumValidationInterceptor@1b42f03, software.amazon.awssdk.awscore.interceptor.HelpfulUnknownHostExceptionInterceptor@14295ba6, software.amazon.awssdk.awscore.eventstream.EventStreamInitialRequestInterceptor@25b51297, software.amazon.awssdk.awscore.interceptor.TraceIdExecutionInterceptor@1e16a17b, software.amazon.awssdk.services.s3.auth.scheme.internal.S3AuthSchemeInterceptor@3efa598d, software.amazon.awssdk.services.s3.endpoints.internal.S3ResolveEndpointInterceptor@60d0c19f, software.amazon.awssdk.services.s3.endpoints.internal.S3RequestSetEndpointInterceptor@6dfc56b8, software.amazon.awssdk.services.s3.internal.handlers.StreamingRequestInterceptor@464a2f05, software.amazon.awssdk.services.s3.internal.handlers.CreateBucketInterceptor@2a902070, software.amazon.awssdk.services.s3.internal.handlers.CreateMultipartUploadRequestInterceptor@4c2ad084, software.amazon.awssdk.services.s3.internal.handlers.DecodeUrlEncodedResponseInterceptor@436c162f, software.amazon.awssdk.services.s3.internal.handlers.GetBucketPolicyInterceptor@54493b40, software.amazon.awssdk.services.s3.internal.handlers.AsyncChecksumValidationInterceptor@7ff11219, software.amazon.awssdk.services.s3.internal.handlers.SyncChecksumValidationInterceptor@65c55393, software.amazon.awssdk.services.s3.internal.handlers.EnableTrailingChecksumInterceptor@46bbec6a, software.amazon.awssdk.services.s3.internal.handlers.ExceptionTranslationInterceptor@5bb55cc6, software.amazon.awssdk.services.s3.internal.handlers.GetObjectInterceptor@2ca3ec73, software.amazon.awssdk.services.s3.internal.handlers.ObjectMetadataInterceptor@63b57bbf]
Execute Action	2026-09-26T09:07:15.7582653Z 26/09/26 09:07:13 DEBUG ExecutionInterceptorChain: Interceptor 'software.amazon.awssdk.services.s3.endpoints.internal.S3RequestSetEndpointInterceptor@6dfc56b8' modified the message with its modifyHttpRequest method.
Execute Action	2026-09-26T09:07:15.7584273Z 26/09/26 09:07:13 DEBUG ExecutionInterceptorChain: Interceptor 'software.amazon.awssdk.services.s3.internal.handlers.EnableTrailingChecksumInterceptor@46bbec6a' modified the message with its modifyHttpRequest method.
Execute Action	2026-09-26T09:07:15.7586230Z 26/09/26 09:07:13 DEBUG request: Sending Request: DefaultSdkHttpFullRequest(httpMethod=GET, protocol=http, host=rustfs-svc.rustfs.svc.cluster.local, port=9000, encodedPath=/datalake/tables/305c440c-c4c6-4821-b74a-504dd009c463/metadata/87689b92-8b5e-45b3-ad96-3268d5d4dc69-m0.avro, headers=[amz-sdk-invocation-id, Range, User-Agent, x-amz-te], queryParameters=[])
Execute Action	2026-09-26T09:07:15.7587748Z 26/09/26 09:07:13 DEBUG SigningStage: Using SelectedAuthScheme: aws.auth#sigv4
Execute Action	2026-09-26T09:07:15.7588497Z 26/09/26 09:07:13 DEBUG DefaultV4RequestSigner: AWS4 Canonical Request: GET
Execute Action	2026-09-26T09:07:15.7589338Z /datalake/tables/305c440c-c4c6-4821-b74a-504dd009c463/metadata/87689b92-8b5e-45b3-ad96-3268d5d4dc69-m0.avro
Execute Action	2026-09-26T09:07:15.7590026Z 
Execute Action	2026-09-26T09:07:15.7590580Z amz-sdk-invocation-id:740205d3-44c2-a9eb-3faa-7d18ce03ce68
Execute Action	2026-09-26T09:07:15.7591203Z amz-sdk-request:attempt=1; max=6
Execute Action	2026-09-26T09:07:15.7591811Z host:rustfs-svc.rustfs.svc.cluster.local:9000
Execute Action	2026-09-26T09:07:15.7592484Z range:bytes=0-
Execute Action	2026-09-26T09:07:15.7593067Z x-amz-checksum-crc32:AAAAAA==
Execute Action	2026-09-26T09:07:15.7593637Z x-amz-content-sha256:UNSIGNED-PAYLOAD
Execute Action	2026-09-26T09:07:15.7594192Z x-amz-date:20260926T090713Z
Execute Action	2026-09-26T09:07:15.7594706Z x-amz-te:append-md5
Execute Action	2026-09-26T09:07:15.7595156Z 
Execute Action	2026-09-26T09:07:15.7595844Z amz-sdk-invocation-id;amz-sdk-request;host;range;x-amz-checksum-crc32;x-amz-content-sha256;x-amz-date;x-amz-te
Execute Action	2026-09-26T09:07:15.7596573Z UNSIGNED-PAYLOAD
Execute Action	2026-09-26T09:07:15.7597371Z 26/09/26 09:07:13 DEBUG DefaultV4RequestSigner: AWS4 Canonical Request Hash: 165025b7dae7d3d86db2e05c802550882fa54cfe08f32edae0cb964a018c4dc0
Execute Action	2026-09-26T09:07:15.7598320Z 26/09/26 09:07:13 DEBUG DefaultV4RequestSigner: AWS4 String to sign: AWS4-HMAC-SHA256
Execute Action	2026-09-26T09:07:15.7598945Z 20260926T090713Z
Execute Action	2026-09-26T09:07:15.7599445Z 20260926/us-east-1/s3/aws4_request
Execute Action	2026-09-26T09:07:15.7600091Z 165025b7dae7d3d86db2e05c802550882fa54cfe08f32edae0cb964a018c4dc0
Execute Action	2026-09-26T09:07:15.7601146Z 26/09/26 09:07:13 DEBUG requestId: Received successful response: 206, Request ID: 4ea1bcd8-fce4-406b-89ec-9d471f37dcb9, Extended Request ID: not available
Execute Action	2026-09-26T09:07:15.7602267Z 26/09/26 09:07:13 DEBUG request: Received successful response: 206, Request ID: 4ea1bcd8-fce4-406b-89ec-9d471f37dcb9, Extended Request ID: not available
Execute Action	2026-09-26T09:07:15.7608666Z 26/09/26 09:07:13 DEBUG ExecutionInterceptorChain: Creating an interceptor chain that will apply interceptors in the following order: [software.amazon.awssdk.core.internal.interceptor.HttpChecksumValidationInterceptor@1b42f03, software.amazon.awssdk.awscore.interceptor.HelpfulUnknownHostExceptionInterceptor@14295ba6, software.amazon.awssdk.awscore.eventstream.EventStreamInitialRequestInterceptor@25b51297, software.amazon.awssdk.awscore.interceptor.TraceIdExecutionInterceptor@1e16a17b, software.amazon.awssdk.services.s3.auth.scheme.internal.S3AuthSchemeInterceptor@3efa598d, software.amazon.awssdk.services.s3.endpoints.internal.S3ResolveEndpointInterceptor@60d0c19f, software.amazon.awssdk.services.s3.endpoints.internal.S3RequestSetEndpointInterceptor@6dfc56b8, software.amazon.awssdk.services.s3.internal.handlers.StreamingRequestInterceptor@464a2f05, software.amazon.awssdk.services.s3.internal.handlers.CreateBucketInterceptor@2a902070, software.amazon.awssdk.services.s3.internal.handlers.CreateMultipartUploadRequestInterceptor@4c2ad084, software.amazon.awssdk.services.s3.internal.handlers.DecodeUrlEncodedResponseInterceptor@436c162f, software.amazon.awssdk.services.s3.internal.handlers.GetBucketPolicyInterceptor@54493b40, software.amazon.awssdk.services.s3.internal.handlers.AsyncChecksumValidationInterceptor@7ff11219, software.amazon.awssdk.services.s3.internal.handlers.SyncChecksumValidationInterceptor@65c55393, software.amazon.awssdk.services.s3.internal.handlers.EnableTrailingChecksumInterceptor@46bbec6a, software.amazon.awssdk.services.s3.internal.handlers.ExceptionTranslationInterceptor@5bb55cc6, software.amazon.awssdk.services.s3.internal.handlers.GetObjectInterceptor@2ca3ec73, software.amazon.awssdk.services.s3.internal.handlers.ObjectMetadataInterceptor@63b57bbf]
Execute Action	2026-09-26T09:07:15.7615562Z 26/09/26 09:07:13 DEBUG ExecutionInterceptorChain: Interceptor 'software.amazon.awssdk.services.s3.endpoints.internal.S3RequestSetEndpointInterceptor@6dfc56b8' modified the message with its modifyHttpRequest method.
Execute Action	2026-09-26T09:07:15.7617159Z 26/09/26 09:07:13 DEBUG ExecutionInterceptorChain: Interceptor 'software.amazon.awssdk.services.s3.internal.handlers.EnableTrailingChecksumInterceptor@46bbec6a' modified the message with its modifyHttpRequest method.
Execute Action	2026-09-26T09:07:15.7619122Z 26/09/26 09:07:13 DEBUG request: Sending Request: DefaultSdkHttpFullRequest(httpMethod=GET, protocol=http, host=rustfs-svc.rustfs.svc.cluster.local, port=9000, encodedPath=/datalake/tables/305c440c-c4c6-4821-b74a-504dd009c463/metadata/de4323cd-5513-4fec-a503-a911628343de-m0.avro, headers=[amz-sdk-invocation-id, Range, User-Agent, x-amz-te], queryParameters=[])
Execute Action	2026-09-26T09:07:15.7620645Z 26/09/26 09:07:13 DEBUG SigningStage: Using SelectedAuthScheme: aws.auth#sigv4
Execute Action	2026-09-26T09:07:15.7621397Z 26/09/26 09:07:13 DEBUG DefaultV4RequestSigner: AWS4 Canonical Request: GET
Execute Action	2026-09-26T09:07:15.7622250Z /datalake/tables/305c440c-c4c6-4821-b74a-504dd009c463/metadata/de4323cd-5513-4fec-a503-a911628343de-m0.avro
Execute Action	2026-09-26T09:07:15.7623024Z 
Execute Action	2026-09-26T09:07:15.7623577Z amz-sdk-invocation-id:b95e32dd-397d-6295-8ad3-496a9d5afacf
Execute Action	2026-09-26T09:07:15.7624323Z amz-sdk-request:attempt=1; max=6
Execute Action	2026-09-26T09:07:15.7624937Z host:rustfs-svc.rustfs.svc.cluster.local:9000
Execute Action	2026-09-26T09:07:15.7625518Z range:bytes=0-
Execute Action	2026-09-26T09:07:15.7626041Z x-amz-checksum-crc32:AAAAAA==
Execute Action	2026-09-26T09:07:15.7626622Z x-amz-content-sha256:UNSIGNED-PAYLOAD
Execute Action	2026-09-26T09:07:15.7627177Z x-amz-date:20260926T090713Z
Execute Action	2026-09-26T09:07:15.7627687Z x-amz-te:append-md5
Execute Action	2026-09-26T09:07:15.7628128Z 
Execute Action	2026-09-26T09:07:15.7628817Z amz-sdk-invocation-id;amz-sdk-request;host;range;x-amz-checksum-crc32;x-amz-content-sha256;x-amz-date;x-amz-te
Execute Action	2026-09-26T09:07:15.7629549Z UNSIGNED-PAYLOAD
Execute Action	2026-09-26T09:07:15.7630340Z 26/09/26 09:07:13 DEBUG DefaultV4RequestSigner: AWS4 Canonical Request Hash: 0f4b4f8dd66147e5a11f45db95576693c159ae1d617958f2177a709589be62f1
Execute Action	2026-09-26T09:07:15.7631283Z 26/09/26 09:07:13 DEBUG DefaultV4RequestSigner: AWS4 String to sign: AWS4-HMAC-SHA256
Execute Action	2026-09-26T09:07:15.7631909Z 20260926T090713Z
Execute Action	2026-09-26T09:07:15.7632436Z 20260926/us-east-1/s3/aws4_request
Execute Action	2026-09-26T09:07:15.7633190Z 0f4b4f8dd66147e5a11f45db95576693c159ae1d617958f2177a709589be62f1
Execute Action	2026-09-26T09:07:15.7634140Z 26/09/26 09:07:13 DEBUG requestId: Received successful response: 206, Request ID: f352d8c4-a10f-48ca-a894-1dfa1c0d3e1f, Extended Request ID: not available
Execute Action	2026-09-26T09:07:15.7635415Z 26/09/26 09:07:13 DEBUG request: Received successful response: 206, Request ID: f352d8c4-a10f-48ca-a894-1dfa1c0d3e1f, Extended Request ID: not available
Execute Action	2026-09-26T09:07:15.7641734Z 26/09/26 09:07:13 DEBUG ExecutionInterceptorChain: Creating an interceptor chain that will apply interceptors in the following order: [software.amazon.awssdk.core.internal.interceptor.HttpChecksumValidationInterceptor@1b42f03, software.amazon.awssdk.awscore.interceptor.HelpfulUnknownHostExceptionInterceptor@14295ba6, software.amazon.awssdk.awscore.eventstream.EventStreamInitialRequestInterceptor@25b51297, software.amazon.awssdk.awscore.interceptor.TraceIdExecutionInterceptor@1e16a17b, software.amazon.awssdk.services.s3.auth.scheme.internal.S3AuthSchemeInterceptor@3efa598d, software.amazon.awssdk.services.s3.endpoints.internal.S3ResolveEndpointInterceptor@60d0c19f, software.amazon.awssdk.services.s3.endpoints.internal.S3RequestSetEndpointInterceptor@6dfc56b8, software.amazon.awssdk.services.s3.internal.handlers.StreamingRequestInterceptor@464a2f05, software.amazon.awssdk.services.s3.internal.handlers.CreateBucketInterceptor@2a902070, software.amazon.awssdk.services.s3.internal.handlers.CreateMultipartUploadRequestInterceptor@4c2ad084, software.amazon.awssdk.services.s3.internal.handlers.DecodeUrlEncodedResponseInterceptor@436c162f, software.amazon.awssdk.services.s3.internal.handlers.GetBucketPolicyInterceptor@54493b40, software.amazon.awssdk.services.s3.internal.handlers.AsyncChecksumValidationInterceptor@7ff11219, software.amazon.awssdk.services.s3.internal.handlers.SyncChecksumValidationInterceptor@65c55393, software.amazon.awssdk.services.s3.internal.handlers.EnableTrailingChecksumInterceptor@46bbec6a, software.amazon.awssdk.services.s3.internal.handlers.ExceptionTranslationInterceptor@5bb55cc6, software.amazon.awssdk.services.s3.internal.handlers.GetObjectInterceptor@2ca3ec73, software.amazon.awssdk.services.s3.internal.handlers.ObjectMetadataInterceptor@63b57bbf]
Execute Action	2026-09-26T09:07:15.7648641Z 26/09/26 09:07:13 DEBUG ExecutionInterceptorChain: Interceptor 'software.amazon.awssdk.services.s3.endpoints.internal.S3RequestSetEndpointInterceptor@6dfc56b8' modified the message with its modifyHttpRequest method.
Execute Action	2026-09-26T09:07:15.7650236Z 26/09/26 09:07:13 DEBUG ExecutionInterceptorChain: Interceptor 'software.amazon.awssdk.services.s3.internal.handlers.EnableTrailingChecksumInterceptor@46bbec6a' modified the message with its modifyHttpRequest method.
Execute Action	2026-09-26T09:07:15.7652193Z 26/09/26 09:07:13 DEBUG request: Sending Request: DefaultSdkHttpFullRequest(httpMethod=GET, protocol=http, host=rustfs-svc.rustfs.svc.cluster.local, port=9000, encodedPath=/datalake/tables/305c440c-c4c6-4821-b74a-504dd009c463/metadata/61bacd74-2009-47ce-8795-0d3d67a1e9dc-m0.avro, headers=[amz-sdk-invocation-id, Range, User-Agent, x-amz-te], queryParameters=[])
Execute Action	2026-09-26T09:07:15.7653801Z 26/09/26 09:07:13 DEBUG SigningStage: Using SelectedAuthScheme: aws.auth#sigv4
Execute Action	2026-09-26T09:07:15.7654555Z 26/09/26 09:07:13 DEBUG DefaultV4RequestSigner: AWS4 Canonical Request: GET
Execute Action	2026-09-26T09:07:15.7655406Z /datalake/tables/305c440c-c4c6-4821-b74a-504dd009c463/metadata/61bacd74-2009-47ce-8795-0d3d67a1e9dc-m0.avro
Execute Action	2026-09-26T09:07:15.7656075Z 
Execute Action	2026-09-26T09:07:15.7656626Z amz-sdk-invocation-id:523c18d2-82e1-4ce2-0a55-ab4258b0d3bb
Execute Action	2026-09-26T09:07:15.7657248Z amz-sdk-request:attempt=1; max=6
Execute Action	2026-09-26T09:07:15.7657963Z host:rustfs-svc.rustfs.svc.cluster.local:9000
Execute Action	2026-09-26T09:07:15.7658520Z range:bytes=0-
Execute Action	2026-09-26T09:07:15.7659024Z x-amz-checksum-crc32:AAAAAA==
Execute Action	2026-09-26T09:07:15.7659589Z x-amz-content-sha256:UNSIGNED-PAYLOAD
Execute Action	2026-09-26T09:07:15.7660142Z x-amz-date:20260926T090713Z
Execute Action	2026-09-26T09:07:15.7660662Z x-amz-te:append-md5
Execute Action	2026-09-26T09:07:15.7661114Z 
Execute Action	2026-09-26T09:07:15.7661810Z amz-sdk-invocation-id;amz-sdk-request;host;range;x-amz-checksum-crc32;x-amz-content-sha256;x-amz-date;x-amz-te
Execute Action	2026-09-26T09:07:15.7662629Z UNSIGNED-PAYLOAD
Execute Action	2026-09-26T09:07:15.7663429Z 26/09/26 09:07:13 DEBUG DefaultV4RequestSigner: AWS4 Canonical Request Hash: 7159d99e2ec971739f7c18b07e92febb7f04605d53b42a95f57678d077c73a14
Execute Action	2026-09-26T09:07:15.7664376Z 26/09/26 09:07:13 DEBUG DefaultV4RequestSigner: AWS4 String to sign: AWS4-HMAC-SHA256
Execute Action	2026-09-26T09:07:15.7665020Z 20260926T090713Z
Execute Action	2026-09-26T09:07:15.7665543Z 20260926/us-east-1/s3/aws4_request
Execute Action	2026-09-26T09:07:15.7666194Z 7159d99e2ec971739f7c18b07e92febb7f04605d53b42a95f57678d077c73a14
Execute Action	2026-09-26T09:07:15.7667256Z 26/09/26 09:07:13 DEBUG requestId: Received successful response: 206, Request ID: c64a7458-7b08-4a44-b763-523edd01e268, Extended Request ID: not available
Execute Action	2026-09-26T09:07:15.7668369Z 26/09/26 09:07:13 DEBUG request: Received successful response: 206, Request ID: c64a7458-7b08-4a44-b763-523edd01e268, Extended Request ID: not available
Execute Action	2026-09-26T09:07:15.7674799Z 26/09/26 09:07:13 DEBUG ExecutionInterceptorChain: Creating an interceptor chain that will apply interceptors in the following order: [software.amazon.awssdk.core.internal.interceptor.HttpChecksumValidationInterceptor@1b42f03, software.amazon.awssdk.awscore.interceptor.HelpfulUnknownHostExceptionInterceptor@14295ba6, software.amazon.awssdk.awscore.eventstream.EventStreamInitialRequestInterceptor@25b51297, software.amazon.awssdk.awscore.interceptor.TraceIdExecutionInterceptor@1e16a17b, software.amazon.awssdk.services.s3.auth.scheme.internal.S3AuthSchemeInterceptor@3efa598d, software.amazon.awssdk.services.s3.endpoints.internal.S3ResolveEndpointInterceptor@60d0c19f, software.amazon.awssdk.services.s3.endpoints.internal.S3RequestSetEndpointInterceptor@6dfc56b8, software.amazon.awssdk.services.s3.internal.handlers.StreamingRequestInterceptor@464a2f05, software.amazon.awssdk.services.s3.internal.handlers.CreateBucketInterceptor@2a902070, software.amazon.awssdk.services.s3.internal.handlers.CreateMultipartUploadRequestInterceptor@4c2ad084, software.amazon.awssdk.services.s3.internal.handlers.DecodeUrlEncodedResponseInterceptor@436c162f, software.amazon.awssdk.services.s3.internal.handlers.GetBucketPolicyInterceptor@54493b40, software.amazon.awssdk.services.s3.internal.handlers.AsyncChecksumValidationInterceptor@7ff11219, software.amazon.awssdk.services.s3.internal.handlers.SyncChecksumValidationInterceptor@65c55393, software.amazon.awssdk.services.s3.internal.handlers.EnableTrailingChecksumInterceptor@46bbec6a, software.amazon.awssdk.services.s3.internal.handlers.ExceptionTranslationInterceptor@5bb55cc6, software.amazon.awssdk.services.s3.internal.handlers.GetObjectInterceptor@2ca3ec73, software.amazon.awssdk.services.s3.internal.handlers.ObjectMetadataInterceptor@63b57bbf]
Execute Action	2026-09-26T09:07:15.7681680Z 26/09/26 09:07:13 DEBUG ExecutionInterceptorChain: Interceptor 'software.amazon.awssdk.services.s3.endpoints.internal.S3RequestSetEndpointInterceptor@6dfc56b8' modified the message with its modifyHttpRequest method.
Execute Action	2026-09-26T09:07:15.7683382Z 26/09/26 09:07:13 DEBUG ExecutionInterceptorChain: Interceptor 'software.amazon.awssdk.services.s3.internal.handlers.EnableTrailingChecksumInterceptor@46bbec6a' modified the message with its modifyHttpRequest method.
Execute Action	2026-09-26T09:07:15.7685351Z 26/09/26 09:07:13 DEBUG request: Sending Request: DefaultSdkHttpFullRequest(httpMethod=GET, protocol=http, host=rustfs-svc.rustfs.svc.cluster.local, port=9000, encodedPath=/datalake/tables/305c440c-c4c6-4821-b74a-504dd009c463/metadata/29995e7b-6202-44f0-9d12-f0084c1e16df-m0.avro, headers=[amz-sdk-invocation-id, Range, User-Agent, x-amz-te], queryParameters=[])
Execute Action	2026-09-26T09:07:15.7686881Z 26/09/26 09:07:13 DEBUG SigningStage: Using SelectedAuthScheme: aws.auth#sigv4
Execute Action	2026-09-26T09:07:15.7687634Z 26/09/26 09:07:13 DEBUG DefaultV4RequestSigner: AWS4 Canonical Request: GET
Execute Action	2026-09-26T09:07:15.7688483Z /datalake/tables/305c440c-c4c6-4821-b74a-504dd009c463/metadata/29995e7b-6202-44f0-9d12-f0084c1e16df-m0.avro
Execute Action	2026-09-26T09:07:15.7689160Z 
Execute Action	2026-09-26T09:07:15.7689820Z amz-sdk-invocation-id:b797f646-be07-e8ab-4efd-fac9902ce679
Execute Action	2026-09-26T09:07:15.7690468Z amz-sdk-request:attempt=1; max=6
Execute Action	2026-09-26T09:07:15.7691085Z host:rustfs-svc.rustfs.svc.cluster.local:9000
Execute Action	2026-09-26T09:07:15.7691654Z range:bytes=0-
Execute Action	2026-09-26T09:07:15.7692169Z x-amz-checksum-crc32:AAAAAA==
Execute Action	2026-09-26T09:07:15.7692827Z x-amz-content-sha256:UNSIGNED-PAYLOAD
Execute Action	2026-09-26T09:07:15.7693407Z x-amz-date:20260926T090713Z
Execute Action	2026-09-26T09:07:15.7693920Z x-amz-te:append-md5
Execute Action	2026-09-26T09:07:15.7694372Z 
Execute Action	2026-09-26T09:07:15.7695065Z amz-sdk-invocation-id;amz-sdk-request;host;range;x-amz-checksum-crc32;x-amz-content-sha256;x-amz-date;x-amz-te
Execute Action	2026-09-26T09:07:15.7695796Z UNSIGNED-PAYLOAD
Execute Action	2026-09-26T09:07:15.7696592Z 26/09/26 09:07:13 DEBUG DefaultV4RequestSigner: AWS4 Canonical Request Hash: 8b7c2390f32540d4b39db0d7f2c886b6c27c04c842bcf93e2dae1b6391b5c517
Execute Action	2026-09-26T09:07:15.7697541Z 26/09/26 09:07:13 DEBUG DefaultV4RequestSigner: AWS4 String to sign: AWS4-HMAC-SHA256
Execute Action	2026-09-26T09:07:15.7698190Z 20260926T090713Z
Execute Action	2026-09-26T09:07:15.7698722Z 20260926/us-east-1/s3/aws4_request
Execute Action	2026-09-26T09:07:15.7699386Z 8b7c2390f32540d4b39db0d7f2c886b6c27c04c842bcf93e2dae1b6391b5c517
Execute Action	2026-09-26T09:07:15.7700326Z 26/09/26 09:07:13 DEBUG requestId: Received successful response: 206, Request ID: 3d8d2b3b-185f-413b-80bb-2ec370a403c8, Extended Request ID: not available
Execute Action	2026-09-26T09:07:15.7701611Z 26/09/26 09:07:13 DEBUG request: Received successful response: 206, Request ID: 3d8d2b3b-185f-413b-80bb-2ec370a403c8, Extended Request ID: not available
Execute Action	2026-09-26T09:07:15.7702802Z 26/09/26 09:07:13 DEBUG requestId: Received successful response: 206, Request ID: 52dba9ad-8d3e-4914-8fb0-de1113d534df, Extended Request ID: not available
Execute Action	2026-09-26T09:07:15.7703907Z 26/09/26 09:07:13 DEBUG request: Received successful response: 206, Request ID: 52dba9ad-8d3e-4914-8fb0-de1113d534df, Extended Request ID: not available
Execute Action	2026-09-26T09:07:15.7710219Z 26/09/26 09:07:13 DEBUG ExecutionInterceptorChain: Creating an interceptor chain that will apply interceptors in the following order: [software.amazon.awssdk.core.internal.interceptor.HttpChecksumValidationInterceptor@1b42f03, software.amazon.awssdk.awscore.interceptor.HelpfulUnknownHostExceptionInterceptor@14295ba6, software.amazon.awssdk.awscore.eventstream.EventStreamInitialRequestInterceptor@25b51297, software.amazon.awssdk.awscore.interceptor.TraceIdExecutionInterceptor@1e16a17b, software.amazon.awssdk.services.s3.auth.scheme.internal.S3AuthSchemeInterceptor@3efa598d, software.amazon.awssdk.services.s3.endpoints.internal.S3ResolveEndpointInterceptor@60d0c19f, software.amazon.awssdk.services.s3.endpoints.internal.S3RequestSetEndpointInterceptor@6dfc56b8, software.amazon.awssdk.services.s3.internal.handlers.StreamingRequestInterceptor@464a2f05, software.amazon.awssdk.services.s3.internal.handlers.CreateBucketInterceptor@2a902070, software.amazon.awssdk.services.s3.internal.handlers.CreateMultipartUploadRequestInterceptor@4c2ad084, software.amazon.awssdk.services.s3.internal.handlers.DecodeUrlEncodedResponseInterceptor@436c162f, software.amazon.awssdk.services.s3.internal.handlers.GetBucketPolicyInterceptor@54493b40, software.amazon.awssdk.services.s3.internal.handlers.AsyncChecksumValidationInterceptor@7ff11219, software.amazon.awssdk.services.s3.internal.handlers.SyncChecksumValidationInterceptor@65c55393, software.amazon.awssdk.services.s3.internal.handlers.EnableTrailingChecksumInterceptor@46bbec6a, software.amazon.awssdk.services.s3.internal.handlers.ExceptionTranslationInterceptor@5bb55cc6, software.amazon.awssdk.services.s3.internal.handlers.GetObjectInterceptor@2ca3ec73, software.amazon.awssdk.services.s3.internal.handlers.ObjectMetadataInterceptor@63b57bbf]
Execute Action	2026-09-26T09:07:15.7717183Z 26/09/26 09:07:13 DEBUG ExecutionInterceptorChain: Interceptor 'software.amazon.awssdk.services.s3.endpoints.internal.S3RequestSetEndpointInterceptor@6dfc56b8' modified the message with its modifyHttpRequest method.
Execute Action	2026-09-26T09:07:15.7718793Z 26/09/26 09:07:13 DEBUG ExecutionInterceptorChain: Interceptor 'software.amazon.awssdk.services.s3.internal.handlers.EnableTrailingChecksumInterceptor@46bbec6a' modified the message with its modifyHttpRequest method.
Execute Action	2026-09-26T09:07:15.7725402Z 26/09/26 09:07:13 DEBUG ExecutionInterceptorChain: Creating an interceptor chain that will apply interceptors in the following order: [software.amazon.awssdk.core.internal.interceptor.HttpChecksumValidationInterceptor@1b42f03, software.amazon.awssdk.awscore.interceptor.HelpfulUnknownHostExceptionInterceptor@14295ba6, software.amazon.awssdk.awscore.eventstream.EventStreamInitialRequestInterceptor@25b51297, software.amazon.awssdk.awscore.interceptor.TraceIdExecutionInterceptor@1e16a17b, software.amazon.awssdk.services.s3.auth.scheme.internal.S3AuthSchemeInterceptor@3efa598d, software.amazon.awssdk.services.s3.endpoints.internal.S3ResolveEndpointInterceptor@60d0c19f, software.amazon.awssdk.services.s3.endpoints.internal.S3RequestSetEndpointInterceptor@6dfc56b8, software.amazon.awssdk.services.s3.internal.handlers.StreamingRequestInterceptor@464a2f05, software.amazon.awssdk.services.s3.internal.handlers.CreateBucketInterceptor@2a902070, software.amazon.awssdk.services.s3.internal.handlers.CreateMultipartUploadRequestInterceptor@4c2ad084, software.amazon.awssdk.services.s3.internal.handlers.DecodeUrlEncodedResponseInterceptor@436c162f, software.amazon.awssdk.services.s3.internal.handlers.GetBucketPolicyInterceptor@54493b40, software.amazon.awssdk.services.s3.internal.handlers.AsyncChecksumValidationInterceptor@7ff11219, software.amazon.awssdk.services.s3.internal.handlers.SyncChecksumValidationInterceptor@65c55393, software.amazon.awssdk.services.s3.internal.handlers.EnableTrailingChecksumInterceptor@46bbec6a, software.amazon.awssdk.services.s3.internal.handlers.ExceptionTranslationInterceptor@5bb55cc6, software.amazon.awssdk.services.s3.internal.handlers.GetObjectInterceptor@2ca3ec73, software.amazon.awssdk.services.s3.internal.handlers.ObjectMetadataInterceptor@63b57bbf]
Execute Action	2026-09-26T09:07:15.7732631Z 26/09/26 09:07:13 DEBUG request: Sending Request: DefaultSdkHttpFullRequest(httpMethod=GET, protocol=http, host=rustfs-svc.rustfs.svc.cluster.local, port=9000, encodedPath=/datalake/tables/305c440c-c4c6-4821-b74a-504dd009c463/metadata/051ca704-29e1-488f-9ba9-b27d9d13d43d-m0.avro, headers=[amz-sdk-invocation-id, Range, User-Agent, x-amz-te], queryParameters=[])
Execute Action	2026-09-26T09:07:15.7734209Z 26/09/26 09:07:13 DEBUG SigningStage: Using SelectedAuthScheme: aws.auth#sigv4
Execute Action	2026-09-26T09:07:15.7734968Z 26/09/26 09:07:13 DEBUG DefaultV4RequestSigner: AWS4 Canonical Request: GET
Execute Action	2026-09-26T09:07:15.7735949Z /datalake/tables/305c440c-c4c6-4821-b74a-504dd009c463/metadata/051ca704-29e1-488f-9ba9-b27d9d13d43d-m0.avro
Execute Action	2026-09-26T09:07:15.7736634Z 
Execute Action	2026-09-26T09:07:15.7737398Z amz-sdk-invocation-id:6c5abb66-9e41-2cc1-ab2b-b563cb21efc7
Execute Action	2026-09-26T09:07:15.7738356Z amz-sdk-request:attempt=1; max=6
Execute Action	2026-09-26T09:07:15.7739157Z host:rustfs-svc.rustfs.svc.cluster.local:9000
Execute Action	2026-09-26T09:07:15.7739788Z range:bytes=0-
Execute Action	2026-09-26T09:07:15.7740306Z x-amz-checksum-crc32:AAAAAA==
Execute Action	2026-09-26T09:07:15.7740883Z x-amz-content-sha256:UNSIGNED-PAYLOAD
Execute Action	2026-09-26T09:07:15.7741437Z x-amz-date:20260926T090713Z
Execute Action	2026-09-26T09:07:15.7741947Z x-amz-te:append-md5
Execute Action	2026-09-26T09:07:15.7742384Z 
Execute Action	2026-09-26T09:07:15.7743170Z amz-sdk-invocation-id;amz-sdk-request;host;range;x-amz-checksum-crc32;x-amz-content-sha256;x-amz-date;x-amz-te
Execute Action	2026-09-26T09:07:15.7743897Z UNSIGNED-PAYLOAD
Execute Action	2026-09-26T09:07:15.7744682Z 26/09/26 09:07:13 DEBUG DefaultV4RequestSigner: AWS4 Canonical Request Hash: 81303b829821683100ffd4194b11184c8c5fcd58eed926a6a2a119fbc6e0b151
Execute Action	2026-09-26T09:07:15.7745634Z 26/09/26 09:07:13 DEBUG DefaultV4RequestSigner: AWS4 String to sign: AWS4-HMAC-SHA256
Execute Action	2026-09-26T09:07:15.7746266Z 20260926T090713Z
Execute Action	2026-09-26T09:07:15.7746915Z 20260926/us-east-1/s3/aws4_request
Execute Action	2026-09-26T09:07:15.7747559Z 81303b829821683100ffd4194b11184c8c5fcd58eed926a6a2a119fbc6e0b151
Execute Action	2026-09-26T09:07:15.7748724Z 26/09/26 09:07:13 DEBUG ExecutionInterceptorChain: Interceptor 'software.amazon.awssdk.services.s3.endpoints.internal.S3RequestSetEndpointInterceptor@6dfc56b8' modified the message with its modifyHttpRequest method.
Execute Action	2026-09-26T09:07:15.7750306Z 26/09/26 09:07:13 DEBUG ExecutionInterceptorChain: Interceptor 'software.amazon.awssdk.services.s3.internal.handlers.EnableTrailingChecksumInterceptor@46bbec6a' modified the message with its modifyHttpRequest method.
Execute Action	2026-09-26T09:07:15.7752269Z 26/09/26 09:07:13 DEBUG request: Sending Request: DefaultSdkHttpFullRequest(httpMethod=GET, protocol=http, host=rustfs-svc.rustfs.svc.cluster.local, port=9000, encodedPath=/datalake/tables/305c440c-c4c6-4821-b74a-504dd009c463/metadata/b7184d5e-aeef-4e9a-8e4f-a098bca7c552-m0.avro, headers=[amz-sdk-invocation-id, Range, User-Agent, x-amz-te], queryParameters=[])
Execute Action	2026-09-26T09:07:15.7753911Z 26/09/26 09:07:13 DEBUG SigningStage: Using SelectedAuthScheme: aws.auth#sigv4
Execute Action	2026-09-26T09:07:15.7754666Z 26/09/26 09:07:13 DEBUG DefaultV4RequestSigner: AWS4 Canonical Request: GET
Execute Action	2026-09-26T09:07:15.7755507Z /datalake/tables/305c440c-c4c6-4821-b74a-504dd009c463/metadata/b7184d5e-aeef-4e9a-8e4f-a098bca7c552-m0.avro
Execute Action	2026-09-26T09:07:15.7756296Z 
Execute Action	2026-09-26T09:07:15.7756839Z amz-sdk-invocation-id:c2e58664-2380-dd39-2952-4ec636717f72
Execute Action	2026-09-26T09:07:15.7757461Z amz-sdk-request:attempt=1; max=6
Execute Action	2026-09-26T09:07:15.7758062Z host:rustfs-svc.rustfs.svc.cluster.local:9000
Execute Action	2026-09-26T09:07:15.7758612Z range:bytes=0-
Execute Action	2026-09-26T09:07:15.7759115Z x-amz-checksum-crc32:AAAAAA==
Execute Action	2026-09-26T09:07:15.7759680Z x-amz-content-sha256:UNSIGNED-PAYLOAD
Execute Action	2026-09-26T09:07:15.7760229Z x-amz-date:20260926T090713Z
Execute Action	2026-09-26T09:07:15.7760738Z x-amz-te:append-md5
Execute Action	2026-09-26T09:07:15.7761176Z 
Execute Action	2026-09-26T09:07:15.7761860Z amz-sdk-invocation-id;amz-sdk-request;host;range;x-amz-checksum-crc32;x-amz-content-sha256;x-amz-date;x-amz-te
Execute Action	2026-09-26T09:07:15.7762683Z UNSIGNED-PAYLOAD
Execute Action	2026-09-26T09:07:15.7763485Z 26/09/26 09:07:13 DEBUG DefaultV4RequestSigner: AWS4 Canonical Request Hash: b0a8885da9330c6395695965bcfcdb12b57a1781a6c76241736bcd3bc933918e
Execute Action	2026-09-26T09:07:15.7764426Z 26/09/26 09:07:13 DEBUG DefaultV4RequestSigner: AWS4 String to sign: AWS4-HMAC-SHA256
Execute Action	2026-09-26T09:07:15.7765052Z 20260926T090713Z
Execute Action	2026-09-26T09:07:15.7765561Z 20260926/us-east-1/s3/aws4_request
Execute Action	2026-09-26T09:07:15.7766201Z b0a8885da9330c6395695965bcfcdb12b57a1781a6c76241736bcd3bc933918e
Execute Action	2026-09-26T09:07:15.7767261Z 26/09/26 09:07:13 DEBUG requestId: Received successful response: 206, Request ID: 08385c7c-1ba7-4b1c-abd5-8043ee961260, Extended Request ID: not available
Execute Action	2026-09-26T09:07:15.7768377Z 26/09/26 09:07:13 DEBUG request: Received successful response: 206, Request ID: 08385c7c-1ba7-4b1c-abd5-8043ee961260, Extended Request ID: not available
Execute Action	2026-09-26T09:07:15.7774774Z 26/09/26 09:07:13 DEBUG ExecutionInterceptorChain: Creating an interceptor chain that will apply interceptors in the following order: [software.amazon.awssdk.core.internal.interceptor.HttpChecksumValidationInterceptor@1b42f03, software.amazon.awssdk.awscore.interceptor.HelpfulUnknownHostExceptionInterceptor@14295ba6, software.amazon.awssdk.awscore.eventstream.EventStreamInitialRequestInterceptor@25b51297, software.amazon.awssdk.awscore.interceptor.TraceIdExecutionInterceptor@1e16a17b, software.amazon.awssdk.services.s3.auth.scheme.internal.S3AuthSchemeInterceptor@3efa598d, software.amazon.awssdk.services.s3.endpoints.internal.S3ResolveEndpointInterceptor@60d0c19f, software.amazon.awssdk.services.s3.endpoints.internal.S3RequestSetEndpointInterceptor@6dfc56b8, software.amazon.awssdk.services.s3.internal.handlers.StreamingRequestInterceptor@464a2f05, software.amazon.awssdk.services.s3.internal.handlers.CreateBucketInterceptor@2a902070, software.amazon.awssdk.services.s3.internal.handlers.CreateMultipartUploadRequestInterceptor@4c2ad084, software.amazon.awssdk.services.s3.internal.handlers.DecodeUrlEncodedResponseInterceptor@436c162f, software.amazon.awssdk.services.s3.internal.handlers.GetBucketPolicyInterceptor@54493b40, software.amazon.awssdk.services.s3.internal.handlers.AsyncChecksumValidationInterceptor@7ff11219, software.amazon.awssdk.services.s3.internal.handlers.SyncChecksumValidationInterceptor@65c55393, software.amazon.awssdk.services.s3.internal.handlers.EnableTrailingChecksumInterceptor@46bbec6a, software.amazon.awssdk.services.s3.internal.handlers.ExceptionTranslationInterceptor@5bb55cc6, software.amazon.awssdk.services.s3.internal.handlers.GetObjectInterceptor@2ca3ec73, software.amazon.awssdk.services.s3.internal.handlers.ObjectMetadataInterceptor@63b57bbf]
Execute Action	2026-09-26T09:07:15.7781586Z 26/09/26 09:07:13 DEBUG ExecutionInterceptorChain: Interceptor 'software.amazon.awssdk.services.s3.endpoints.internal.S3RequestSetEndpointInterceptor@6dfc56b8' modified the message with its modifyHttpRequest method.
Execute Action	2026-09-26T09:07:15.7783285Z 26/09/26 09:07:13 DEBUG ExecutionInterceptorChain: Interceptor 'software.amazon.awssdk.services.s3.internal.handlers.EnableTrailingChecksumInterceptor@46bbec6a' modified the message with its modifyHttpRequest method.
Execute Action	2026-09-26T09:07:15.7785253Z 26/09/26 09:07:13 DEBUG request: Sending Request: DefaultSdkHttpFullRequest(httpMethod=GET, protocol=http, host=rustfs-svc.rustfs.svc.cluster.local, port=9000, encodedPath=/datalake/tables/305c440c-c4c6-4821-b74a-504dd009c463/metadata/ac900917-0d70-448c-bdaa-0f7aa135d6d2-m0.avro, headers=[amz-sdk-invocation-id, Range, User-Agent, x-amz-te], queryParameters=[])
Execute Action	2026-09-26T09:07:15.7786777Z 26/09/26 09:07:13 DEBUG SigningStage: Using SelectedAuthScheme: aws.auth#sigv4
Execute Action	2026-09-26T09:07:15.7787521Z 26/09/26 09:07:13 DEBUG DefaultV4RequestSigner: AWS4 Canonical Request: GET
Execute Action	2026-09-26T09:07:15.7788358Z /datalake/tables/305c440c-c4c6-4821-b74a-504dd009c463/metadata/ac900917-0d70-448c-bdaa-0f7aa135d6d2-m0.avro
Execute Action	2026-09-26T09:07:15.7789029Z 
Execute Action	2026-09-26T09:07:15.7789683Z amz-sdk-invocation-id:d589bd5b-f9d3-f0b9-031f-c28dd0b863dd
Execute Action	2026-09-26T09:07:15.7790308Z amz-sdk-request:attempt=1; max=6
Execute Action	2026-09-26T09:07:15.7790909Z host:rustfs-svc.rustfs.svc.cluster.local:9000
Execute Action	2026-09-26T09:07:15.7791466Z range:bytes=0-
Execute Action	2026-09-26T09:07:15.7791971Z x-amz-checksum-crc32:AAAAAA==
Execute Action	2026-09-26T09:07:15.7792539Z x-amz-content-sha256:UNSIGNED-PAYLOAD
Execute Action	2026-09-26T09:07:15.7793180Z x-amz-date:20260926T090713Z
Execute Action	2026-09-26T09:07:15.7793699Z x-amz-te:append-md5
Execute Action	2026-09-26T09:07:15.7794138Z 
Execute Action	2026-09-26T09:07:15.7794824Z amz-sdk-invocation-id;amz-sdk-request;host;range;x-amz-checksum-crc32;x-amz-content-sha256;x-amz-date;x-amz-te
Execute Action	2026-09-26T09:07:15.7795542Z UNSIGNED-PAYLOAD
Execute Action	2026-09-26T09:07:15.7796340Z 26/09/26 09:07:13 DEBUG DefaultV4RequestSigner: AWS4 Canonical Request Hash: 268d1060eb8d850220d01bd21bc0a5ec64524d2976a38a6744504b64e180b28d
Execute Action	2026-09-26T09:07:15.7797278Z 26/09/26 09:07:13 DEBUG DefaultV4RequestSigner: AWS4 String to sign: AWS4-HMAC-SHA256
Execute Action	2026-09-26T09:07:15.7797906Z 20260926T090713Z
Execute Action	2026-09-26T09:07:15.7798531Z 20260926/us-east-1/s3/aws4_request
Execute Action	2026-09-26T09:07:15.7799174Z 268d1060eb8d850220d01bd21bc0a5ec64524d2976a38a6744504b64e180b28d
Execute Action	2026-09-26T09:07:15.7800117Z 26/09/26 09:07:13 DEBUG requestId: Received successful response: 206, Request ID: 8e88d922-35fe-4f34-b754-6c165399386e, Extended Request ID: not available
Execute Action	2026-09-26T09:07:15.7801229Z 26/09/26 09:07:13 DEBUG request: Received successful response: 206, Request ID: 8e88d922-35fe-4f34-b754-6c165399386e, Extended Request ID: not available
Execute Action	2026-09-26T09:07:15.7802334Z 26/09/26 09:07:13 DEBUG requestId: Received successful response: 206, Request ID: 2a08002e-0243-47f8-95ff-18f4bc6a2547, Extended Request ID: not available
Execute Action	2026-09-26T09:07:15.7803520Z 26/09/26 09:07:13 DEBUG request: Received successful response: 206, Request ID: 2a08002e-0243-47f8-95ff-18f4bc6a2547, Extended Request ID: not available
Execute Action	2026-09-26T09:07:15.7809829Z 26/09/26 09:07:13 DEBUG ExecutionInterceptorChain: Creating an interceptor chain that will apply interceptors in the following order: [software.amazon.awssdk.core.internal.interceptor.HttpChecksumValidationInterceptor@1b42f03, software.amazon.awssdk.awscore.interceptor.HelpfulUnknownHostExceptionInterceptor@14295ba6, software.amazon.awssdk.awscore.eventstream.EventStreamInitialRequestInterceptor@25b51297, software.amazon.awssdk.awscore.interceptor.TraceIdExecutionInterceptor@1e16a17b, software.amazon.awssdk.services.s3.auth.scheme.internal.S3AuthSchemeInterceptor@3efa598d, software.amazon.awssdk.services.s3.endpoints.internal.S3ResolveEndpointInterceptor@60d0c19f, software.amazon.awssdk.services.s3.endpoints.internal.S3RequestSetEndpointInterceptor@6dfc56b8, software.amazon.awssdk.services.s3.internal.handlers.StreamingRequestInterceptor@464a2f05, software.amazon.awssdk.services.s3.internal.handlers.CreateBucketInterceptor@2a902070, software.amazon.awssdk.services.s3.internal.handlers.CreateMultipartUploadRequestInterceptor@4c2ad084, software.amazon.awssdk.services.s3.internal.handlers.DecodeUrlEncodedResponseInterceptor@436c162f, software.amazon.awssdk.services.s3.internal.handlers.GetBucketPolicyInterceptor@54493b40, software.amazon.awssdk.services.s3.internal.handlers.AsyncChecksumValidationInterceptor@7ff11219, software.amazon.awssdk.services.s3.internal.handlers.SyncChecksumValidationInterceptor@65c55393, software.amazon.awssdk.services.s3.internal.handlers.EnableTrailingChecksumInterceptor@46bbec6a, software.amazon.awssdk.services.s3.internal.handlers.ExceptionTranslationInterceptor@5bb55cc6, software.amazon.awssdk.services.s3.internal.handlers.GetObjectInterceptor@2ca3ec73, software.amazon.awssdk.services.s3.internal.handlers.ObjectMetadataInterceptor@63b57bbf]
Execute Action	2026-09-26T09:07:15.7816720Z 26/09/26 09:07:13 DEBUG ExecutionInterceptorChain: Interceptor 'software.amazon.awssdk.services.s3.endpoints.internal.S3RequestSetEndpointInterceptor@6dfc56b8' modified the message with its modifyHttpRequest method.
Execute Action	2026-09-26T09:07:15.7818322Z 26/09/26 09:07:13 DEBUG ExecutionInterceptorChain: Interceptor 'software.amazon.awssdk.services.s3.internal.handlers.EnableTrailingChecksumInterceptor@46bbec6a' modified the message with its modifyHttpRequest method.
Execute Action	2026-09-26T09:07:15.7820271Z 26/09/26 09:07:13 DEBUG request: Sending Request: DefaultSdkHttpFullRequest(httpMethod=GET, protocol=http, host=rustfs-svc.rustfs.svc.cluster.local, port=9000, encodedPath=/datalake/tables/305c440c-c4c6-4821-b74a-504dd009c463/metadata/c07b7493-2d82-4725-9c83-3a782e9fcfad-m0.avro, headers=[amz-sdk-invocation-id, Range, User-Agent, x-amz-te], queryParameters=[])
Execute Action	2026-09-26T09:07:15.7821921Z 26/09/26 09:07:13 DEBUG SigningStage: Using SelectedAuthScheme: aws.auth#sigv4
Execute Action	2026-09-26T09:07:15.7822749Z 26/09/26 09:07:13 DEBUG DefaultV4RequestSigner: AWS4 Canonical Request: GET
Execute Action	2026-09-26T09:07:15.7823592Z /datalake/tables/305c440c-c4c6-4821-b74a-504dd009c463/metadata/c07b7493-2d82-4725-9c83-3a782e9fcfad-m0.avro
Execute Action	2026-09-26T09:07:15.7824260Z 
Execute Action	2026-09-26T09:07:15.7824804Z amz-sdk-invocation-id:1238c839-c070-d1cf-2ef3-7f4a4a8b858e
Execute Action	2026-09-26T09:07:15.7825419Z amz-sdk-request:attempt=1; max=6
Execute Action	2026-09-26T09:07:15.7826027Z host:rustfs-svc.rustfs.svc.cluster.local:9000
Execute Action	2026-09-26T09:07:15.7826580Z range:bytes=0-
Execute Action	2026-09-26T09:07:15.7827087Z x-amz-checksum-crc32:AAAAAA==
Execute Action	2026-09-26T09:07:15.7827654Z x-amz-content-sha256:UNSIGNED-PAYLOAD
Execute Action	2026-09-26T09:07:15.7828204Z x-amz-date:20260926T090713Z
Execute Action	2026-09-26T09:07:15.7828722Z x-amz-te:append-md5
Execute Action	2026-09-26T09:07:15.7829164Z 
Execute Action	2026-09-26T09:07:15.7829850Z amz-sdk-invocation-id;amz-sdk-request;host;range;x-amz-checksum-crc32;x-amz-content-sha256;x-amz-date;x-amz-te
Execute Action	2026-09-26T09:07:15.7830572Z UNSIGNED-PAYLOAD
Execute Action	2026-09-26T09:07:15.7831362Z 26/09/26 09:07:13 DEBUG DefaultV4RequestSigner: AWS4 Canonical Request Hash: 8ea0a677ac655f136838105f1420b2680164b18959c0de4af337bfb2279fc914
Execute Action	2026-09-26T09:07:15.7832436Z 26/09/26 09:07:13 DEBUG DefaultV4RequestSigner: AWS4 String to sign: AWS4-HMAC-SHA256
Execute Action	2026-09-26T09:07:15.7833176Z 20260926T090713Z
Execute Action	2026-09-26T09:07:15.7833701Z 20260926/us-east-1/s3/aws4_request
Execute Action	2026-09-26T09:07:15.7834342Z 8ea0a677ac655f136838105f1420b2680164b18959c0de4af337bfb2279fc914
Execute Action	2026-09-26T09:07:15.7840448Z 26/09/26 09:07:13 DEBUG ExecutionInterceptorChain: Creating an interceptor chain that will apply interceptors in the following order: [software.amazon.awssdk.core.internal.interceptor.HttpChecksumValidationInterceptor@1b42f03, software.amazon.awssdk.awscore.interceptor.HelpfulUnknownHostExceptionInterceptor@14295ba6, software.amazon.awssdk.awscore.eventstream.EventStreamInitialRequestInterceptor@25b51297, software.amazon.awssdk.awscore.interceptor.TraceIdExecutionInterceptor@1e16a17b, software.amazon.awssdk.services.s3.auth.scheme.internal.S3AuthSchemeInterceptor@3efa598d, software.amazon.awssdk.services.s3.endpoints.internal.S3ResolveEndpointInterceptor@60d0c19f, software.amazon.awssdk.services.s3.endpoints.internal.S3RequestSetEndpointInterceptor@6dfc56b8, software.amazon.awssdk.services.s3.internal.handlers.StreamingRequestInterceptor@464a2f05, software.amazon.awssdk.services.s3.internal.handlers.CreateBucketInterceptor@2a902070, software.amazon.awssdk.services.s3.internal.handlers.CreateMultipartUploadRequestInterceptor@4c2ad084, software.amazon.awssdk.services.s3.internal.handlers.DecodeUrlEncodedResponseInterceptor@436c162f, software.amazon.awssdk.services.s3.internal.handlers.GetBucketPolicyInterceptor@54493b40, software.amazon.awssdk.services.s3.internal.handlers.AsyncChecksumValidationInterceptor@7ff11219, software.amazon.awssdk.services.s3.internal.handlers.SyncChecksumValidationInterceptor@65c55393, software.amazon.awssdk.services.s3.internal.handlers.EnableTrailingChecksumInterceptor@46bbec6a, software.amazon.awssdk.services.s3.internal.handlers.ExceptionTranslationInterceptor@5bb55cc6, software.amazon.awssdk.services.s3.internal.handlers.GetObjectInterceptor@2ca3ec73, software.amazon.awssdk.services.s3.internal.handlers.ObjectMetadataInterceptor@63b57bbf]
Execute Action	2026-09-26T09:07:15.7847335Z 26/09/26 09:07:13 DEBUG ExecutionInterceptorChain: Interceptor 'software.amazon.awssdk.services.s3.endpoints.internal.S3RequestSetEndpointInterceptor@6dfc56b8' modified the message with its modifyHttpRequest method.
Execute Action	2026-09-26T09:07:15.7848922Z 26/09/26 09:07:13 DEBUG ExecutionInterceptorChain: Interceptor 'software.amazon.awssdk.services.s3.internal.handlers.EnableTrailingChecksumInterceptor@46bbec6a' modified the message with its modifyHttpRequest method.
Execute Action	2026-09-26T09:07:15.7850881Z 26/09/26 09:07:13 DEBUG request: Sending Request: DefaultSdkHttpFullRequest(httpMethod=GET, protocol=http, host=rustfs-svc.rustfs.svc.cluster.local, port=9000, encodedPath=/datalake/tables/305c440c-c4c6-4821-b74a-504dd009c463/metadata/6284d478-9fbb-489a-ae59-0a01150fac0c-m0.avro, headers=[amz-sdk-invocation-id, Range, User-Agent, x-amz-te], queryParameters=[])
Execute Action	2026-09-26T09:07:15.7852399Z 26/09/26 09:07:13 DEBUG SigningStage: Using SelectedAuthScheme: aws.auth#sigv4
Execute Action	2026-09-26T09:07:15.7853241Z 26/09/26 09:07:13 DEBUG DefaultV4RequestSigner: AWS4 Canonical Request: GET
Execute Action	2026-09-26T09:07:15.7854093Z /datalake/tables/305c440c-c4c6-4821-b74a-504dd009c463/metadata/6284d478-9fbb-489a-ae59-0a01150fac0c-m0.avro
Execute Action	2026-09-26T09:07:15.7854877Z 
Execute Action	2026-09-26T09:07:15.7855421Z amz-sdk-invocation-id:910e6974-9f6f-b79b-94b2-73b3cf32a485
Execute Action	2026-09-26T09:07:15.7856045Z amz-sdk-request:attempt=1; max=6
Execute Action	2026-09-26T09:07:15.7856654Z host:rustfs-svc.rustfs.svc.cluster.local:9000
Execute Action	2026-09-26T09:07:15.7857209Z range:bytes=0-
Execute Action	2026-09-26T09:07:15.7857714Z x-amz-checksum-crc32:AAAAAA==
Execute Action	2026-09-26T09:07:15.7858278Z x-amz-content-sha256:UNSIGNED-PAYLOAD
Execute Action	2026-09-26T09:07:15.7858835Z x-amz-date:20260926T090713Z
Execute Action	2026-09-26T09:07:15.7859341Z x-amz-te:append-md5
Execute Action	2026-09-26T09:07:15.7859790Z 
Execute Action	2026-09-26T09:07:15.7860480Z amz-sdk-invocation-id;amz-sdk-request;host;range;x-amz-checksum-crc32;x-amz-content-sha256;x-amz-date;x-amz-te
Execute Action	2026-09-26T09:07:15.7861211Z UNSIGNED-PAYLOAD
Execute Action	2026-09-26T09:07:15.7861999Z 26/09/26 09:07:13 DEBUG DefaultV4RequestSigner: AWS4 Canonical Request Hash: ada2d894ae70040d93bb591729f14f95d6b59f1ca8423ff41a66f72421cd51fc
Execute Action	2026-09-26T09:07:15.7863030Z 26/09/26 09:07:13 DEBUG DefaultV4RequestSigner: AWS4 String to sign: AWS4-HMAC-SHA256
Execute Action	2026-09-26T09:07:15.7863821Z 20260926T090713Z
Execute Action	2026-09-26T09:07:15.7864336Z 20260926/us-east-1/s3/aws4_request
Execute Action	2026-09-26T09:07:15.7864991Z ada2d894ae70040d93bb591729f14f95d6b59f1ca8423ff41a66f72421cd51fc
Execute Action	2026-09-26T09:07:15.7865927Z 26/09/26 09:07:13 DEBUG requestId: Received successful response: 206, Request ID: 42a156c8-bb6e-43b5-b522-aad2c2c04fff, Extended Request ID: not available
Execute Action	2026-09-26T09:07:15.7867060Z 26/09/26 09:07:13 DEBUG request: Received successful response: 206, Request ID: 42a156c8-bb6e-43b5-b522-aad2c2c04fff, Extended Request ID: not available
Execute Action	2026-09-26T09:07:15.7873447Z 26/09/26 09:07:13 DEBUG ExecutionInterceptorChain: Creating an interceptor chain that will apply interceptors in the following order: [software.amazon.awssdk.core.internal.interceptor.HttpChecksumValidationInterceptor@1b42f03, software.amazon.awssdk.awscore.interceptor.HelpfulUnknownHostExceptionInterceptor@14295ba6, software.amazon.awssdk.awscore.eventstream.EventStreamInitialRequestInterceptor@25b51297, software.amazon.awssdk.awscore.interceptor.TraceIdExecutionInterceptor@1e16a17b, software.amazon.awssdk.services.s3.auth.scheme.internal.S3AuthSchemeInterceptor@3efa598d, software.amazon.awssdk.services.s3.endpoints.internal.S3ResolveEndpointInterceptor@60d0c19f, software.amazon.awssdk.services.s3.endpoints.internal.S3RequestSetEndpointInterceptor@6dfc56b8, software.amazon.awssdk.services.s3.internal.handlers.StreamingRequestInterceptor@464a2f05, software.amazon.awssdk.services.s3.internal.handlers.CreateBucketInterceptor@2a902070, software.amazon.awssdk.services.s3.internal.handlers.CreateMultipartUploadRequestInterceptor@4c2ad084, software.amazon.awssdk.services.s3.internal.handlers.DecodeUrlEncodedResponseInterceptor@436c162f, software.amazon.awssdk.services.s3.internal.handlers.GetBucketPolicyInterceptor@54493b40, software.amazon.awssdk.services.s3.internal.handlers.AsyncChecksumValidationInterceptor@7ff11219, software.amazon.awssdk.services.s3.internal.handlers.SyncChecksumValidationInterceptor@65c55393, software.amazon.awssdk.services.s3.internal.handlers.EnableTrailingChecksumInterceptor@46bbec6a, software.amazon.awssdk.services.s3.internal.handlers.ExceptionTranslationInterceptor@5bb55cc6, software.amazon.awssdk.services.s3.internal.handlers.GetObjectInterceptor@2ca3ec73, software.amazon.awssdk.services.s3.internal.handlers.ObjectMetadataInterceptor@63b57bbf]
Execute Action	2026-09-26T09:07:15.7880301Z 26/09/26 09:07:13 DEBUG ExecutionInterceptorChain: Interceptor 'software.amazon.awssdk.services.s3.endpoints.internal.S3RequestSetEndpointInterceptor@6dfc56b8' modified the message with its modifyHttpRequest method.
Execute Action	2026-09-26T09:07:15.7881932Z 26/09/26 09:07:13 DEBUG ExecutionInterceptorChain: Interceptor 'software.amazon.awssdk.services.s3.internal.handlers.EnableTrailingChecksumInterceptor@46bbec6a' modified the message with its modifyHttpRequest method.
Execute Action	2026-09-26T09:07:15.7883982Z 26/09/26 09:07:13 DEBUG request: Sending Request: DefaultSdkHttpFullRequest(httpMethod=GET, protocol=http, host=rustfs-svc.rustfs.svc.cluster.local, port=9000, encodedPath=/datalake/tables/305c440c-c4c6-4821-b74a-504dd009c463/metadata/a26c1429-ec14-4220-a53d-5d176c3c802f-m0.avro, headers=[amz-sdk-invocation-id, Range, User-Agent, x-amz-te], queryParameters=[])
Execute Action	2026-09-26T09:07:15.7885504Z 26/09/26 09:07:13 DEBUG SigningStage: Using SelectedAuthScheme: aws.auth#sigv4
Execute Action	2026-09-26T09:07:15.7886258Z 26/09/26 09:07:13 DEBUG DefaultV4RequestSigner: AWS4 Canonical Request: GET
Execute Action	2026-09-26T09:07:15.7887229Z /datalake/tables/305c440c-c4c6-4821-b74a-504dd009c463/metadata/a26c1429-ec14-4220-a53d-5d176c3c802f-m0.avro
Execute Action	2026-09-26T09:07:15.7887920Z 
Execute Action	2026-09-26T09:07:15.7888468Z amz-sdk-invocation-id:3aed3162-03fd-48cc-90ad-1e99c3471bfb
Execute Action	2026-09-26T09:07:15.7889090Z amz-sdk-request:attempt=1; max=6
Execute Action	2026-09-26T09:07:15.7889694Z host:rustfs-svc.rustfs.svc.cluster.local:9000
Execute Action	2026-09-26T09:07:15.7890250Z range:bytes=0-
Execute Action	2026-09-26T09:07:15.7890753Z x-amz-checksum-crc32:AAAAAA==
Execute Action	2026-09-26T09:07:15.7891331Z x-amz-content-sha256:UNSIGNED-PAYLOAD
Execute Action	2026-09-26T09:07:15.7891897Z x-amz-date:20260926T090713Z
Execute Action	2026-09-26T09:07:15.7892413Z x-amz-te:append-md5
Execute Action	2026-09-26T09:07:15.7892947Z 
Execute Action	2026-09-26T09:07:15.7893641Z amz-sdk-invocation-id;amz-sdk-request;host;range;x-amz-checksum-crc32;x-amz-content-sha256;x-amz-date;x-amz-te
Execute Action	2026-09-26T09:07:15.7894365Z UNSIGNED-PAYLOAD
Execute Action	2026-09-26T09:07:15.7895159Z 26/09/26 09:07:13 DEBUG DefaultV4RequestSigner: AWS4 Canonical Request Hash: d9f2dec33e7035a529d7eaf6d86559ca95b6009e4a8e8091c3bf97996d47f435
Execute Action	2026-09-26T09:07:15.7896107Z 26/09/26 09:07:13 DEBUG DefaultV4RequestSigner: AWS4 String to sign: AWS4-HMAC-SHA256
Execute Action	2026-09-26T09:07:15.7896739Z 20260926T090713Z
Execute Action	2026-09-26T09:07:15.7897376Z 20260926/us-east-1/s3/aws4_request
Execute Action	2026-09-26T09:07:15.7898023Z d9f2dec33e7035a529d7eaf6d86559ca95b6009e4a8e8091c3bf97996d47f435
Execute Action	2026-09-26T09:07:15.7898962Z 26/09/26 09:07:13 DEBUG requestId: Received successful response: 206, Request ID: a7566818-f608-4939-b95a-19dc100df029, Extended Request ID: not available
Execute Action	2026-09-26T09:07:15.7900073Z 26/09/26 09:07:13 DEBUG request: Received successful response: 206, Request ID: a7566818-f608-4939-b95a-19dc100df029, Extended Request ID: not available
Execute Action	2026-09-26T09:07:15.7906445Z 26/09/26 09:07:13 DEBUG ExecutionInterceptorChain: Creating an interceptor chain that will apply interceptors in the following order: [software.amazon.awssdk.core.internal.interceptor.HttpChecksumValidationInterceptor@1b42f03, software.amazon.awssdk.awscore.interceptor.HelpfulUnknownHostExceptionInterceptor@14295ba6, software.amazon.awssdk.awscore.eventstream.EventStreamInitialRequestInterceptor@25b51297, software.amazon.awssdk.awscore.interceptor.TraceIdExecutionInterceptor@1e16a17b, software.amazon.awssdk.services.s3.auth.scheme.internal.S3AuthSchemeInterceptor@3efa598d, software.amazon.awssdk.services.s3.endpoints.internal.S3ResolveEndpointInterceptor@60d0c19f, software.amazon.awssdk.services.s3.endpoints.internal.S3RequestSetEndpointInterceptor@6dfc56b8, software.amazon.awssdk.services.s3.internal.handlers.StreamingRequestInterceptor@464a2f05, software.amazon.awssdk.services.s3.internal.handlers.CreateBucketInterceptor@2a902070, software.amazon.awssdk.services.s3.internal.handlers.CreateMultipartUploadRequestInterceptor@4c2ad084, software.amazon.awssdk.services.s3.internal.handlers.DecodeUrlEncodedResponseInterceptor@436c162f, software.amazon.awssdk.services.s3.internal.handlers.GetBucketPolicyInterceptor@54493b40, software.amazon.awssdk.services.s3.internal.handlers.AsyncChecksumValidationInterceptor@7ff11219, software.amazon.awssdk.services.s3.internal.handlers.SyncChecksumValidationInterceptor@65c55393, software.amazon.awssdk.services.s3.internal.handlers.EnableTrailingChecksumInterceptor@46bbec6a, software.amazon.awssdk.services.s3.internal.handlers.ExceptionTranslationInterceptor@5bb55cc6, software.amazon.awssdk.services.s3.internal.handlers.GetObjectInterceptor@2ca3ec73, software.amazon.awssdk.services.s3.internal.handlers.ObjectMetadataInterceptor@63b57bbf]
Execute Action	2026-09-26T09:07:15.7913337Z 26/09/26 09:07:13 DEBUG ExecutionInterceptorChain: Interceptor 'software.amazon.awssdk.services.s3.endpoints.internal.S3RequestSetEndpointInterceptor@6dfc56b8' modified the message with its modifyHttpRequest method.
Execute Action	2026-09-26T09:07:15.7914938Z 26/09/26 09:07:13 DEBUG ExecutionInterceptorChain: Interceptor 'software.amazon.awssdk.services.s3.internal.handlers.EnableTrailingChecksumInterceptor@46bbec6a' modified the message with its modifyHttpRequest method.
Execute Action	2026-09-26T09:07:15.7916900Z 26/09/26 09:07:13 DEBUG request: Sending Request: DefaultSdkHttpFullRequest(httpMethod=GET, protocol=http, host=rustfs-svc.rustfs.svc.cluster.local, port=9000, encodedPath=/datalake/tables/305c440c-c4c6-4821-b74a-504dd009c463/metadata/5b1505da-0248-4dbf-a308-32f9fd09e2c9-m0.avro, headers=[amz-sdk-invocation-id, Range, User-Agent, x-amz-te], queryParameters=[])
Execute Action	2026-09-26T09:07:15.7918430Z 26/09/26 09:07:13 DEBUG SigningStage: Using SelectedAuthScheme: aws.auth#sigv4
Execute Action	2026-09-26T09:07:15.7919190Z 26/09/26 09:07:13 DEBUG DefaultV4RequestSigner: AWS4 Canonical Request: GET
Execute Action	2026-09-26T09:07:15.7920043Z /datalake/tables/305c440c-c4c6-4821-b74a-504dd009c463/metadata/5b1505da-0248-4dbf-a308-32f9fd09e2c9-m0.avro
Execute Action	2026-09-26T09:07:15.7920840Z 
Execute Action	2026-09-26T09:07:15.7921381Z amz-sdk-invocation-id:7743651f-8a16-1994-3b7f-9c446c6f1d2c
Execute Action	2026-09-26T09:07:15.7922006Z amz-sdk-request:attempt=1; max=6
Execute Action	2026-09-26T09:07:15.7922707Z host:rustfs-svc.rustfs.svc.cluster.local:9000
Execute Action	2026-09-26T09:07:15.7923269Z range:bytes=0-
Execute Action	2026-09-26T09:07:15.7923780Z x-amz-checksum-crc32:AAAAAA==
Execute Action	2026-09-26T09:07:15.7924353Z x-amz-content-sha256:UNSIGNED-PAYLOAD
Execute Action	2026-09-26T09:07:15.7924909Z x-amz-date:20260926T090713Z
Execute Action	2026-09-26T09:07:15.7925420Z x-amz-te:append-md5
Execute Action	2026-09-26T09:07:15.7925856Z 
Execute Action	2026-09-26T09:07:15.7926537Z amz-sdk-invocation-id;amz-sdk-request;host;range;x-amz-checksum-crc32;x-amz-content-sha256;x-amz-date;x-amz-te
Execute Action	2026-09-26T09:07:15.7927264Z UNSIGNED-PAYLOAD
Execute Action	2026-09-26T09:07:15.7928058Z 26/09/26 09:07:13 DEBUG DefaultV4RequestSigner: AWS4 Canonical Request Hash: 34d9b54411a5f42bdaff05a16565f4cfe5a01f6130bbbb80b98067eeca03aa94
Execute Action	2026-09-26T09:07:15.7929018Z 26/09/26 09:07:13 DEBUG DefaultV4RequestSigner: AWS4 String to sign: AWS4-HMAC-SHA256
Execute Action	2026-09-26T09:07:15.7929788Z 20260926T090713Z
Execute Action	2026-09-26T09:07:15.7930304Z 20260926/us-east-1/s3/aws4_request
Execute Action	2026-09-26T09:07:15.7930957Z 34d9b54411a5f42bdaff05a16565f4cfe5a01f6130bbbb80b98067eeca03aa94
Execute Action	2026-09-26T09:07:15.7931910Z 26/09/26 09:07:13 DEBUG requestId: Received successful response: 206, Request ID: 23543e7c-effe-47af-ad7e-003a12ce41fc, Extended Request ID: not available
Execute Action	2026-09-26T09:07:15.7933120Z 26/09/26 09:07:13 DEBUG request: Received successful response: 206, Request ID: 23543e7c-effe-47af-ad7e-003a12ce41fc, Extended Request ID: not available
Execute Action	2026-09-26T09:07:15.7939487Z 26/09/26 09:07:13 DEBUG ExecutionInterceptorChain: Creating an interceptor chain that will apply interceptors in the following order: [software.amazon.awssdk.core.internal.interceptor.HttpChecksumValidationInterceptor@1b42f03, software.amazon.awssdk.awscore.interceptor.HelpfulUnknownHostExceptionInterceptor@14295ba6, software.amazon.awssdk.awscore.eventstream.EventStreamInitialRequestInterceptor@25b51297, software.amazon.awssdk.awscore.interceptor.TraceIdExecutionInterceptor@1e16a17b, software.amazon.awssdk.services.s3.auth.scheme.internal.S3AuthSchemeInterceptor@3efa598d, software.amazon.awssdk.services.s3.endpoints.internal.S3ResolveEndpointInterceptor@60d0c19f, software.amazon.awssdk.services.s3.endpoints.internal.S3RequestSetEndpointInterceptor@6dfc56b8, software.amazon.awssdk.services.s3.internal.handlers.StreamingRequestInterceptor@464a2f05, software.amazon.awssdk.services.s3.internal.handlers.CreateBucketInterceptor@2a902070, software.amazon.awssdk.services.s3.internal.handlers.CreateMultipartUploadRequestInterceptor@4c2ad084, software.amazon.awssdk.services.s3.internal.handlers.DecodeUrlEncodedResponseInterceptor@436c162f, software.amazon.awssdk.services.s3.internal.handlers.GetBucketPolicyInterceptor@54493b40, software.amazon.awssdk.services.s3.internal.handlers.AsyncChecksumValidationInterceptor@7ff11219, software.amazon.awssdk.services.s3.internal.handlers.SyncChecksumValidationInterceptor@65c55393, software.amazon.awssdk.services.s3.internal.handlers.EnableTrailingChecksumInterceptor@46bbec6a, software.amazon.awssdk.services.s3.internal.handlers.ExceptionTranslationInterceptor@5bb55cc6, software.amazon.awssdk.services.s3.internal.handlers.GetObjectInterceptor@2ca3ec73, software.amazon.awssdk.services.s3.internal.handlers.ObjectMetadataInterceptor@63b57bbf]
Execute Action	2026-09-26T09:07:15.7946386Z 26/09/26 09:07:13 DEBUG ExecutionInterceptorChain: Interceptor 'software.amazon.awssdk.services.s3.endpoints.internal.S3RequestSetEndpointInterceptor@6dfc56b8' modified the message with its modifyHttpRequest method.
Execute Action	2026-09-26T09:07:15.7947998Z 26/09/26 09:07:13 DEBUG ExecutionInterceptorChain: Interceptor 'software.amazon.awssdk.services.s3.internal.handlers.EnableTrailingChecksumInterceptor@46bbec6a' modified the message with its modifyHttpRequest method.
Execute Action	2026-09-26T09:07:15.7949955Z 26/09/26 09:07:13 DEBUG request: Sending Request: DefaultSdkHttpFullRequest(httpMethod=GET, protocol=http, host=rustfs-svc.rustfs.svc.cluster.local, port=9000, encodedPath=/datalake/tables/305c440c-c4c6-4821-b74a-504dd009c463/metadata/4de10a73-e080-4008-a337-5d5428264893-m0.avro, headers=[amz-sdk-invocation-id, Range, User-Agent, x-amz-te], queryParameters=[])
Execute Action	2026-09-26T09:07:15.7951472Z 26/09/26 09:07:13 DEBUG SigningStage: Using SelectedAuthScheme: aws.auth#sigv4
Execute Action	2026-09-26T09:07:15.7952352Z 26/09/26 09:07:13 DEBUG DefaultV4RequestSigner: AWS4 Canonical Request: GET
Execute Action	2026-09-26T09:07:15.7953323Z /datalake/tables/305c440c-c4c6-4821-b74a-504dd009c463/metadata/4de10a73-e080-4008-a337-5d5428264893-m0.avro
Execute Action	2026-09-26T09:07:15.7954001Z 
Execute Action	2026-09-26T09:07:15.7954545Z amz-sdk-invocation-id:b70c276a-2406-2945-09f5-5492e361b793
Execute Action	2026-09-26T09:07:15.7955180Z amz-sdk-request:attempt=1; max=6
Execute Action	2026-09-26T09:07:15.7963270Z host:rustfs-svc.rustfs.svc.cluster.local:9000
Execute Action	2026-09-26T09:07:15.7963870Z range:bytes=0-
Execute Action	2026-09-26T09:07:15.7964384Z x-amz-checksum-crc32:AAAAAA==
Execute Action	2026-09-26T09:07:15.7964974Z x-amz-content-sha256:UNSIGNED-PAYLOAD
Execute Action	2026-09-26T09:07:15.7965547Z x-amz-date:20260926T090713Z
Execute Action	2026-09-26T09:07:15.7966081Z x-amz-te:append-md5
Execute Action	2026-09-26T09:07:15.7966536Z 
Execute Action	2026-09-26T09:07:15.7967241Z amz-sdk-invocation-id;amz-sdk-request;host;range;x-amz-checksum-crc32;x-amz-content-sha256;x-amz-date;x-amz-te
Execute Action	2026-09-26T09:07:15.7967971Z UNSIGNED-PAYLOAD
Execute Action	2026-09-26T09:07:15.7968792Z 26/09/26 09:07:13 DEBUG DefaultV4RequestSigner: AWS4 Canonical Request Hash: 9814d0a0ffd06b77aea670676bc8febb645397efdfa724530a97b0e662961137
Execute Action	2026-09-26T09:07:15.7969743Z 26/09/26 09:07:13 DEBUG DefaultV4RequestSigner: AWS4 String to sign: AWS4-HMAC-SHA256
Execute Action	2026-09-26T09:07:15.7970545Z 20260926T090713Z
Execute Action	2026-09-26T09:07:15.7971073Z 20260926/us-east-1/s3/aws4_request
Execute Action	2026-09-26T09:07:15.7971731Z 9814d0a0ffd06b77aea670676bc8febb645397efdfa724530a97b0e662961137
Execute Action	2026-09-26T09:07:15.7972802Z 26/09/26 09:07:13 DEBUG requestId: Received successful response: 206, Request ID: af377736-0164-44ac-b21a-69923b15c056, Extended Request ID: not available
Execute Action	2026-09-26T09:07:15.7973937Z 26/09/26 09:07:13 DEBUG request: Received successful response: 206, Request ID: af377736-0164-44ac-b21a-69923b15c056, Extended Request ID: not available
Execute Action	2026-09-26T09:07:15.7975045Z 26/09/26 09:07:13 DEBUG requestId: Received successful response: 206, Request ID: 11264446-f84d-4cc0-b7ab-42225c4827bd, Extended Request ID: not available
Execute Action	2026-09-26T09:07:15.7976152Z 26/09/26 09:07:13 DEBUG request: Received successful response: 206, Request ID: 11264446-f84d-4cc0-b7ab-42225c4827bd, Extended Request ID: not available
Execute Action	2026-09-26T09:07:15.7982463Z 26/09/26 09:07:13 DEBUG ExecutionInterceptorChain: Creating an interceptor chain that will apply interceptors in the following order: [software.amazon.awssdk.core.internal.interceptor.HttpChecksumValidationInterceptor@1b42f03, software.amazon.awssdk.awscore.interceptor.HelpfulUnknownHostExceptionInterceptor@14295ba6, software.amazon.awssdk.awscore.eventstream.EventStreamInitialRequestInterceptor@25b51297, software.amazon.awssdk.awscore.interceptor.TraceIdExecutionInterceptor@1e16a17b, software.amazon.awssdk.services.s3.auth.scheme.internal.S3AuthSchemeInterceptor@3efa598d, software.amazon.awssdk.services.s3.endpoints.internal.S3ResolveEndpointInterceptor@60d0c19f, software.amazon.awssdk.services.s3.endpoints.internal.S3RequestSetEndpointInterceptor@6dfc56b8, software.amazon.awssdk.services.s3.internal.handlers.StreamingRequestInterceptor@464a2f05, software.amazon.awssdk.services.s3.internal.handlers.CreateBucketInterceptor@2a902070, software.amazon.awssdk.services.s3.internal.handlers.CreateMultipartUploadRequestInterceptor@4c2ad084, software.amazon.awssdk.services.s3.internal.handlers.DecodeUrlEncodedResponseInterceptor@436c162f, software.amazon.awssdk.services.s3.internal.handlers.GetBucketPolicyInterceptor@54493b40, software.amazon.awssdk.services.s3.internal.handlers.AsyncChecksumValidationInterceptor@7ff11219, software.amazon.awssdk.services.s3.internal.handlers.SyncChecksumValidationInterceptor@65c55393, software.amazon.awssdk.services.s3.internal.handlers.EnableTrailingChecksumInterceptor@46bbec6a, software.amazon.awssdk.services.s3.internal.handlers.ExceptionTranslationInterceptor@5bb55cc6, software.amazon.awssdk.services.s3.internal.handlers.GetObjectInterceptor@2ca3ec73, software.amazon.awssdk.services.s3.internal.handlers.ObjectMetadataInterceptor@63b57bbf]
Execute Action	2026-09-26T09:07:15.7989482Z 26/09/26 09:07:13 DEBUG ExecutionInterceptorChain: Interceptor 'software.amazon.awssdk.services.s3.endpoints.internal.S3RequestSetEndpointInterceptor@6dfc56b8' modified the message with its modifyHttpRequest method.
Execute Action	2026-09-26T09:07:15.7991078Z 26/09/26 09:07:13 DEBUG ExecutionInterceptorChain: Interceptor 'software.amazon.awssdk.services.s3.internal.handlers.EnableTrailingChecksumInterceptor@46bbec6a' modified the message with its modifyHttpRequest method.
Execute Action	2026-09-26T09:07:15.7993194Z 26/09/26 09:07:13 DEBUG request: Sending Request: DefaultSdkHttpFullRequest(httpMethod=GET, protocol=http, host=rustfs-svc.rustfs.svc.cluster.local, port=9000, encodedPath=/datalake/tables/305c440c-c4c6-4821-b74a-504dd009c463/metadata/2bd5a253-0977-4c4c-adf5-cc2c48201ddb-m0.avro, headers=[amz-sdk-invocation-id, Range, User-Agent, x-amz-te], queryParameters=[])
Execute Action	2026-09-26T09:07:15.7994831Z 26/09/26 09:07:13 DEBUG SigningStage: Using SelectedAuthScheme: aws.auth#sigv4
Execute Action	2026-09-26T09:07:15.7995594Z 26/09/26 09:07:13 DEBUG DefaultV4RequestSigner: AWS4 Canonical Request: GET
Execute Action	2026-09-26T09:07:15.7996440Z /datalake/tables/305c440c-c4c6-4821-b74a-504dd009c463/metadata/2bd5a253-0977-4c4c-adf5-cc2c48201ddb-m0.avro
Execute Action	2026-09-26T09:07:15.7997112Z 
Execute Action	2026-09-26T09:07:15.7997662Z amz-sdk-invocation-id:03373006-e5e2-a312-a864-908ec6727704
Execute Action	2026-09-26T09:07:15.7998304Z amz-sdk-request:attempt=1; max=6
Execute Action	2026-09-26T09:07:15.7998928Z host:rustfs-svc.rustfs.svc.cluster.local:9000
Execute Action	2026-09-26T09:07:15.7999490Z range:bytes=0-
Execute Action	2026-09-26T09:07:15.8000003Z x-amz-checksum-crc32:AAAAAA==
Execute Action	2026-09-26T09:07:15.8000572Z x-amz-content-sha256:UNSIGNED-PAYLOAD
Execute Action	2026-09-26T09:07:15.8001130Z x-amz-date:20260926T090713Z
Execute Action	2026-09-26T09:07:15.8001642Z x-amz-te:append-md5
Execute Action	2026-09-26T09:07:15.8002088Z 
Execute Action	2026-09-26T09:07:15.8003148Z amz-sdk-invocation-id;amz-sdk-request;host;range;x-amz-checksum-crc32;x-amz-content-sha256;x-amz-date;x-amz-te
Execute Action	2026-09-26T09:07:15.8003904Z UNSIGNED-PAYLOAD
Execute Action	2026-09-26T09:07:15.8004694Z 26/09/26 09:07:13 DEBUG DefaultV4RequestSigner: AWS4 Canonical Request Hash: 977a33fa8da0672ad1a2c40753bf76a91991e15ed44c4cc8c24e97c51b197ee7
Execute Action	2026-09-26T09:07:15.8005647Z 26/09/26 09:07:13 DEBUG DefaultV4RequestSigner: AWS4 String to sign: AWS4-HMAC-SHA256
Execute Action	2026-09-26T09:07:15.8006275Z 20260926T090713Z
Execute Action	2026-09-26T09:07:15.8006784Z 20260926/us-east-1/s3/aws4_request
Execute Action	2026-09-26T09:07:15.8007431Z 977a33fa8da0672ad1a2c40753bf76a91991e15ed44c4cc8c24e97c51b197ee7
Execute Action	2026-09-26T09:07:15.8013644Z 26/09/26 09:07:13 DEBUG ExecutionInterceptorChain: Creating an interceptor chain that will apply interceptors in the following order: [software.amazon.awssdk.core.internal.interceptor.HttpChecksumValidationInterceptor@1b42f03, software.amazon.awssdk.awscore.interceptor.HelpfulUnknownHostExceptionInterceptor@14295ba6, software.amazon.awssdk.awscore.eventstream.EventStreamInitialRequestInterceptor@25b51297, software.amazon.awssdk.awscore.interceptor.TraceIdExecutionInterceptor@1e16a17b, software.amazon.awssdk.services.s3.auth.scheme.internal.S3AuthSchemeInterceptor@3efa598d, software.amazon.awssdk.services.s3.endpoints.internal.S3ResolveEndpointInterceptor@60d0c19f, software.amazon.awssdk.services.s3.endpoints.internal.S3RequestSetEndpointInterceptor@6dfc56b8, software.amazon.awssdk.services.s3.internal.handlers.StreamingRequestInterceptor@464a2f05, software.amazon.awssdk.services.s3.internal.handlers.CreateBucketInterceptor@2a902070, software.amazon.awssdk.services.s3.internal.handlers.CreateMultipartUploadRequestInterceptor@4c2ad084, software.amazon.awssdk.services.s3.internal.handlers.DecodeUrlEncodedResponseInterceptor@436c162f, software.amazon.awssdk.services.s3.internal.handlers.GetBucketPolicyInterceptor@54493b40, software.amazon.awssdk.services.s3.internal.handlers.AsyncChecksumValidationInterceptor@7ff11219, software.amazon.awssdk.services.s3.internal.handlers.SyncChecksumValidationInterceptor@65c55393, software.amazon.awssdk.services.s3.internal.handlers.EnableTrailingChecksumInterceptor@46bbec6a, software.amazon.awssdk.services.s3.internal.handlers.ExceptionTranslationInterceptor@5bb55cc6, software.amazon.awssdk.services.s3.internal.handlers.GetObjectInterceptor@2ca3ec73, software.amazon.awssdk.services.s3.internal.handlers.ObjectMetadataInterceptor@63b57bbf]
Execute Action	2026-09-26T09:07:15.8020507Z 26/09/26 09:07:13 DEBUG ExecutionInterceptorChain: Interceptor 'software.amazon.awssdk.services.s3.endpoints.internal.S3RequestSetEndpointInterceptor@6dfc56b8' modified the message with its modifyHttpRequest method.
Execute Action	2026-09-26T09:07:15.8022112Z 26/09/26 09:07:13 DEBUG ExecutionInterceptorChain: Interceptor 'software.amazon.awssdk.services.s3.internal.handlers.EnableTrailingChecksumInterceptor@46bbec6a' modified the message with its modifyHttpRequest method.
Execute Action	2026-09-26T09:07:15.8024166Z 26/09/26 09:07:13 DEBUG request: Sending Request: DefaultSdkHttpFullRequest(httpMethod=GET, protocol=http, host=rustfs-svc.rustfs.svc.cluster.local, port=9000, encodedPath=/datalake/tables/305c440c-c4c6-4821-b74a-504dd009c463/metadata/0308fbdc-0b00-4258-8128-38462ffe3c66-m0.avro, headers=[amz-sdk-invocation-id, Range, User-Agent, x-amz-te], queryParameters=[])
Execute Action	2026-09-26T09:07:15.8025692Z 26/09/26 09:07:13 DEBUG SigningStage: Using SelectedAuthScheme: aws.auth#sigv4
Execute Action	2026-09-26T09:07:15.8026561Z 26/09/26 09:07:13 DEBUG DefaultV4RequestSigner: AWS4 Canonical Request: GET
Execute Action	2026-09-26T09:07:15.8027417Z /datalake/tables/305c440c-c4c6-4821-b74a-504dd009c463/metadata/0308fbdc-0b00-4258-8128-38462ffe3c66-m0.avro
Execute Action	2026-09-26T09:07:15.8028091Z 
Execute Action	2026-09-26T09:07:15.8028635Z amz-sdk-invocation-id:20fa7c78-d215-cf34-87d6-4d7887377252
Execute Action	2026-09-26T09:07:15.8029260Z amz-sdk-request:attempt=1; max=6
Execute Action	2026-09-26T09:07:15.8029864Z host:rustfs-svc.rustfs.svc.cluster.local:9000
Execute Action	2026-09-26T09:07:15.8030068Z range:bytes=0-
Execute Action	2026-09-26T09:07:15.8030311Z x-amz-checksum-crc32:AAAAAA==
Execute Action	2026-09-26T09:07:15.8030573Z x-amz-content-sha256:UNSIGNED-PAYLOAD
Execute Action	2026-09-26T09:07:15.8030801Z x-amz-date:20260926T090713Z
Execute Action	2026-09-26T09:07:15.8031018Z x-amz-te:append-md5
Execute Action	2026-09-26T09:07:15.8031189Z 
Execute Action	2026-09-26T09:07:15.8031648Z amz-sdk-invocation-id;amz-sdk-request;host;range;x-amz-checksum-crc32;x-amz-content-sha256;x-amz-date;x-amz-te
Execute Action	2026-09-26T09:07:15.8031860Z UNSIGNED-PAYLOAD
Execute Action	2026-09-26T09:07:15.8032379Z 26/09/26 09:07:13 DEBUG DefaultV4RequestSigner: AWS4 Canonical Request Hash: 1a60fe323ee5b1f9aa82e36e212ef8378ee8827f4c661e3fa36a59f265f639e0
Execute Action	2026-09-26T09:07:15.8032836Z 26/09/26 09:07:13 DEBUG DefaultV4RequestSigner: AWS4 String to sign: AWS4-HMAC-SHA256
Execute Action	2026-09-26T09:07:15.8033140Z 20260926T090713Z
Execute Action	2026-09-26T09:07:15.8033394Z 20260926/us-east-1/s3/aws4_request
Execute Action	2026-09-26T09:07:15.8033731Z 1a60fe323ee5b1f9aa82e36e212ef8378ee8827f4c661e3fa36a59f265f639e0
Execute Action	2026-09-26T09:07:15.8034270Z 26/09/26 09:07:13 DEBUG requestId: Received successful response: 206, Request ID: f2d3858e-7058-482c-b529-375fd1ac4933, Extended Request ID: not available
Execute Action	2026-09-26T09:07:15.8034793Z 26/09/26 09:07:13 DEBUG request: Received successful response: 206, Request ID: f2d3858e-7058-482c-b529-375fd1ac4933, Extended Request ID: not available
Execute Action	2026-09-26T09:07:15.8040549Z 26/09/26 09:07:13 DEBUG ExecutionInterceptorChain: Creating an interceptor chain that will apply interceptors in the following order: [software.amazon.awssdk.core.internal.interceptor.HttpChecksumValidationInterceptor@1b42f03, software.amazon.awssdk.awscore.interceptor.HelpfulUnknownHostExceptionInterceptor@14295ba6, software.amazon.awssdk.awscore.eventstream.EventStreamInitialRequestInterceptor@25b51297, software.amazon.awssdk.awscore.interceptor.TraceIdExecutionInterceptor@1e16a17b, software.amazon.awssdk.services.s3.auth.scheme.internal.S3AuthSchemeInterceptor@3efa598d, software.amazon.awssdk.services.s3.endpoints.internal.S3ResolveEndpointInterceptor@60d0c19f, software.amazon.awssdk.services.s3.endpoints.internal.S3RequestSetEndpointInterceptor@6dfc56b8, software.amazon.awssdk.services.s3.internal.handlers.StreamingRequestInterceptor@464a2f05, software.amazon.awssdk.services.s3.internal.handlers.CreateBucketInterceptor@2a902070, software.amazon.awssdk.services.s3.internal.handlers.CreateMultipartUploadRequestInterceptor@4c2ad084, software.amazon.awssdk.services.s3.internal.handlers.DecodeUrlEncodedResponseInterceptor@436c162f, software.amazon.awssdk.services.s3.internal.handlers.GetBucketPolicyInterceptor@54493b40, software.amazon.awssdk.services.s3.internal.handlers.AsyncChecksumValidationInterceptor@7ff11219, software.amazon.awssdk.services.s3.internal.handlers.SyncChecksumValidationInterceptor@65c55393, software.amazon.awssdk.services.s3.internal.handlers.EnableTrailingChecksumInterceptor@46bbec6a, software.amazon.awssdk.services.s3.internal.handlers.ExceptionTranslationInterceptor@5bb55cc6, software.amazon.awssdk.services.s3.internal.handlers.GetObjectInterceptor@2ca3ec73, software.amazon.awssdk.services.s3.internal.handlers.ObjectMetadataInterceptor@63b57bbf]
Execute Action	2026-09-26T09:07:15.8041504Z 26/09/26 09:07:13 DEBUG ExecutionInterceptorChain: Interceptor 'software.amazon.awssdk.services.s3.endpoints.internal.S3RequestSetEndpointInterceptor@6dfc56b8' modified the message with its modifyHttpRequest method.
Execute Action	2026-09-26T09:07:15.8042279Z 26/09/26 09:07:13 DEBUG ExecutionInterceptorChain: Interceptor 'software.amazon.awssdk.services.s3.internal.handlers.EnableTrailingChecksumInterceptor@46bbec6a' modified the message with its modifyHttpRequest method.
Execute Action	2026-09-26T09:07:15.8043495Z 26/09/26 09:07:13 DEBUG request: Sending Request: DefaultSdkHttpFullRequest(httpMethod=GET, protocol=http, host=rustfs-svc.rustfs.svc.cluster.local, port=9000, encodedPath=/datalake/tables/305c440c-c4c6-4821-b74a-504dd009c463/metadata/bda78492-8a38-45f3-b166-d4e148976435-m0.avro, headers=[amz-sdk-invocation-id, Range, User-Agent, x-amz-te], queryParameters=[])
Execute Action	2026-09-26T09:07:15.8043854Z 26/09/26 09:07:13 DEBUG SigningStage: Using SelectedAuthScheme: aws.auth#sigv4
Execute Action	2026-09-26T09:07:15.8044300Z 26/09/26 09:07:13 DEBUG DefaultV4RequestSigner: AWS4 Canonical Request: GET
Execute Action	2026-09-26T09:07:15.8044745Z /datalake/tables/305c440c-c4c6-4821-b74a-504dd009c463/metadata/bda78492-8a38-45f3-b166-d4e148976435-m0.avro
Execute Action	2026-09-26T09:07:15.8044911Z 
Execute Action	2026-09-26T09:07:15.8045234Z amz-sdk-invocation-id:5b0d0c9f-2e27-ef44-d895-ed902f8110a8
Execute Action	2026-09-26T09:07:15.8045486Z amz-sdk-request:attempt=1; max=6
Execute Action	2026-09-26T09:07:15.8045780Z host:rustfs-svc.rustfs.svc.cluster.local:9000
Execute Action	2026-09-26T09:07:15.8045990Z range:bytes=0-
Execute Action	2026-09-26T09:07:15.8046227Z x-amz-checksum-crc32:AAAAAA==
Execute Action	2026-09-26T09:07:15.8046495Z x-amz-content-sha256:UNSIGNED-PAYLOAD
Execute Action	2026-09-26T09:07:15.8046723Z x-amz-date:20260926T090713Z
Execute Action	2026-09-26T09:07:15.8046941Z x-amz-te:append-md5
Execute Action	2026-09-26T09:07:15.8047104Z 
Execute Action	2026-09-26T09:07:15.8047564Z amz-sdk-invocation-id;amz-sdk-request;host;range;x-amz-checksum-crc32;x-amz-content-sha256;x-amz-date;x-amz-te
Execute Action	2026-09-26T09:07:15.8047768Z UNSIGNED-PAYLOAD
Execute Action	2026-09-26T09:07:15.8048288Z 26/09/26 09:07:13 DEBUG DefaultV4RequestSigner: AWS4 Canonical Request Hash: b8365afce4752308f01279e21c6c000c420f2a90e83a8de24391162a456c8892
Execute Action	2026-09-26T09:07:15.8048766Z 26/09/26 09:07:13 DEBUG DefaultV4RequestSigner: AWS4 String to sign: AWS4-HMAC-SHA256
Execute Action	2026-09-26T09:07:15.8048964Z 20260926T090713Z
Execute Action	2026-09-26T09:07:15.8049217Z 20260926/us-east-1/s3/aws4_request
Execute Action	2026-09-26T09:07:15.8049546Z b8365afce4752308f01279e21c6c000c420f2a90e83a8de24391162a456c8892
Execute Action	2026-09-26T09:07:15.8050086Z 26/09/26 09:07:13 DEBUG requestId: Received successful response: 206, Request ID: da138e0f-4e61-42c8-8349-858e4f9abe25, Extended Request ID: not available
Execute Action	2026-09-26T09:07:15.8050603Z 26/09/26 09:07:13 DEBUG request: Received successful response: 206, Request ID: da138e0f-4e61-42c8-8349-858e4f9abe25, Extended Request ID: not available
Execute Action	2026-09-26T09:07:15.8056444Z 26/09/26 09:07:13 DEBUG ExecutionInterceptorChain: Creating an interceptor chain that will apply interceptors in the following order: [software.amazon.awssdk.core.internal.interceptor.HttpChecksumValidationInterceptor@1b42f03, software.amazon.awssdk.awscore.interceptor.HelpfulUnknownHostExceptionInterceptor@14295ba6, software.amazon.awssdk.awscore.eventstream.EventStreamInitialRequestInterceptor@25b51297, software.amazon.awssdk.awscore.interceptor.TraceIdExecutionInterceptor@1e16a17b, software.amazon.awssdk.services.s3.auth.scheme.internal.S3AuthSchemeInterceptor@3efa598d, software.amazon.awssdk.services.s3.endpoints.internal.S3ResolveEndpointInterceptor@60d0c19f, software.amazon.awssdk.services.s3.endpoints.internal.S3RequestSetEndpointInterceptor@6dfc56b8, software.amazon.awssdk.services.s3.internal.handlers.StreamingRequestInterceptor@464a2f05, software.amazon.awssdk.services.s3.internal.handlers.CreateBucketInterceptor@2a902070, software.amazon.awssdk.services.s3.internal.handlers.CreateMultipartUploadRequestInterceptor@4c2ad084, software.amazon.awssdk.services.s3.internal.handlers.DecodeUrlEncodedResponseInterceptor@436c162f, software.amazon.awssdk.services.s3.internal.handlers.GetBucketPolicyInterceptor@54493b40, software.amazon.awssdk.services.s3.internal.handlers.AsyncChecksumValidationInterceptor@7ff11219, software.amazon.awssdk.services.s3.internal.handlers.SyncChecksumValidationInterceptor@65c55393, software.amazon.awssdk.services.s3.internal.handlers.EnableTrailingChecksumInterceptor@46bbec6a, software.amazon.awssdk.services.s3.internal.handlers.ExceptionTranslationInterceptor@5bb55cc6, software.amazon.awssdk.services.s3.internal.handlers.GetObjectInterceptor@2ca3ec73, software.amazon.awssdk.services.s3.internal.handlers.ObjectMetadataInterceptor@63b57bbf]
Execute Action	2026-09-26T09:07:15.8057349Z 26/09/26 09:07:13 DEBUG ExecutionInterceptorChain: Interceptor 'software.amazon.awssdk.services.s3.endpoints.internal.S3RequestSetEndpointInterceptor@6dfc56b8' modified the message with its modifyHttpRequest method.
Execute Action	2026-09-26T09:07:15.8058125Z 26/09/26 09:07:13 DEBUG ExecutionInterceptorChain: Interceptor 'software.amazon.awssdk.services.s3.internal.handlers.EnableTrailingChecksumInterceptor@46bbec6a' modified the message with its modifyHttpRequest method.
Execute Action	2026-09-26T09:07:15.8059264Z 26/09/26 09:07:13 DEBUG request: Sending Request: DefaultSdkHttpFullRequest(httpMethod=GET, protocol=http, host=rustfs-svc.rustfs.svc.cluster.local, port=9000, encodedPath=/datalake/tables/305c440c-c4c6-4821-b74a-504dd009c463/metadata/7815d394-cd48-4b00-9ce3-1b0d1f51989d-m0.avro, headers=[amz-sdk-invocation-id, Range, User-Agent, x-amz-te], queryParameters=[])
Execute Action	2026-09-26T09:07:15.8059710Z 26/09/26 09:07:13 DEBUG SigningStage: Using SelectedAuthScheme: aws.auth#sigv4
Execute Action	2026-09-26T09:07:15.8060058Z 26/09/26 09:07:13 DEBUG DefaultV4RequestSigner: AWS4 Canonical Request: GET
Execute Action	2026-09-26T09:07:15.8060505Z /datalake/tables/305c440c-c4c6-4821-b74a-504dd009c463/metadata/7815d394-cd48-4b00-9ce3-1b0d1f51989d-m0.avro
Execute Action	2026-09-26T09:07:15.8060669Z 
Execute Action	2026-09-26T09:07:15.8060992Z amz-sdk-invocation-id:50e11ebd-2e1e-be09-779e-1b6b71eb53a7
Execute Action	2026-09-26T09:07:15.8061240Z amz-sdk-request:attempt=1; max=6
Execute Action	2026-09-26T09:07:15.8061533Z host:rustfs-svc.rustfs.svc.cluster.local:9000
Execute Action	2026-09-26T09:07:15.8061737Z range:bytes=0-
Execute Action	2026-09-26T09:07:15.8061979Z x-amz-checksum-crc32:AAAAAA==
Execute Action	2026-09-26T09:07:15.8062237Z x-amz-content-sha256:UNSIGNED-PAYLOAD
Execute Action	2026-09-26T09:07:15.8062466Z x-amz-date:20260926T090713Z
Execute Action	2026-09-26T09:07:15.8062765Z x-amz-te:append-md5
Execute Action	2026-09-26T09:07:15.8062930Z 
Execute Action	2026-09-26T09:07:15.8063392Z amz-sdk-invocation-id;amz-sdk-request;host;range;x-amz-checksum-crc32;x-amz-content-sha256;x-amz-date;x-amz-te
Execute Action	2026-09-26T09:07:15.8063595Z UNSIGNED-PAYLOAD
Execute Action	2026-09-26T09:07:15.8064162Z 26/09/26 09:07:13 DEBUG DefaultV4RequestSigner: AWS4 Canonical Request Hash: 2448b15c483c462dba10e5e3a4b8692ffede8dcde8af90c5ebb23c1beff63861
Execute Action	2026-09-26T09:07:15.8064640Z 26/09/26 09:07:13 DEBUG DefaultV4RequestSigner: AWS4 String to sign: AWS4-HMAC-SHA256
Execute Action	2026-09-26T09:07:15.8064844Z 20260926T090713Z
Execute Action	2026-09-26T09:07:15.8065092Z 20260926/us-east-1/s3/aws4_request
Execute Action	2026-09-26T09:07:15.8065434Z 2448b15c483c462dba10e5e3a4b8692ffede8dcde8af90c5ebb23c1beff63861
Execute Action	2026-09-26T09:07:15.8065972Z 26/09/26 09:07:13 DEBUG requestId: Received successful response: 206, Request ID: bc4351f9-4785-40a7-92ef-eba38ca66bab, Extended Request ID: not available
Execute Action	2026-09-26T09:07:15.8066493Z 26/09/26 09:07:13 DEBUG request: Received successful response: 206, Request ID: bc4351f9-4785-40a7-92ef-eba38ca66bab, Extended Request ID: not available
Execute Action	2026-09-26T09:07:15.8067023Z 26/09/26 09:07:13 DEBUG requestId: Received successful response: 206, Request ID: a6b0f80c-5057-4104-a11d-44b9ff9c5754, Extended Request ID: not available
Execute Action	2026-09-26T09:07:15.8067544Z 26/09/26 09:07:13 DEBUG request: Received successful response: 206, Request ID: a6b0f80c-5057-4104-a11d-44b9ff9c5754, Extended Request ID: not available
Execute Action	2026-09-26T09:07:15.8073367Z 26/09/26 09:07:13 DEBUG ExecutionInterceptorChain: Creating an interceptor chain that will apply interceptors in the following order: [software.amazon.awssdk.core.internal.interceptor.HttpChecksumValidationInterceptor@1b42f03, software.amazon.awssdk.awscore.interceptor.HelpfulUnknownHostExceptionInterceptor@14295ba6, software.amazon.awssdk.awscore.eventstream.EventStreamInitialRequestInterceptor@25b51297, software.amazon.awssdk.awscore.interceptor.TraceIdExecutionInterceptor@1e16a17b, software.amazon.awssdk.services.s3.auth.scheme.internal.S3AuthSchemeInterceptor@3efa598d, software.amazon.awssdk.services.s3.endpoints.internal.S3ResolveEndpointInterceptor@60d0c19f, software.amazon.awssdk.services.s3.endpoints.internal.S3RequestSetEndpointInterceptor@6dfc56b8, software.amazon.awssdk.services.s3.internal.handlers.StreamingRequestInterceptor@464a2f05, software.amazon.awssdk.services.s3.internal.handlers.CreateBucketInterceptor@2a902070, software.amazon.awssdk.services.s3.internal.handlers.CreateMultipartUploadRequestInterceptor@4c2ad084, software.amazon.awssdk.services.s3.internal.handlers.DecodeUrlEncodedResponseInterceptor@436c162f, software.amazon.awssdk.services.s3.internal.handlers.GetBucketPolicyInterceptor@54493b40, software.amazon.awssdk.services.s3.internal.handlers.AsyncChecksumValidationInterceptor@7ff11219, software.amazon.awssdk.services.s3.internal.handlers.SyncChecksumValidationInterceptor@65c55393, software.amazon.awssdk.services.s3.internal.handlers.EnableTrailingChecksumInterceptor@46bbec6a, software.amazon.awssdk.services.s3.internal.handlers.ExceptionTranslationInterceptor@5bb55cc6, software.amazon.awssdk.services.s3.internal.handlers.GetObjectInterceptor@2ca3ec73, software.amazon.awssdk.services.s3.internal.handlers.ObjectMetadataInterceptor@63b57bbf]
Execute Action	2026-09-26T09:07:15.8079237Z 26/09/26 09:07:13 DEBUG ExecutionInterceptorChain: Creating an interceptor chain that will apply interceptors in the following order: [software.amazon.awssdk.core.internal.interceptor.HttpChecksumValidationInterceptor@1b42f03, software.amazon.awssdk.awscore.interceptor.HelpfulUnknownHostExceptionInterceptor@14295ba6, software.amazon.awssdk.awscore.eventstream.EventStreamInitialRequestInterceptor@25b51297, software.amazon.awssdk.awscore.interceptor.TraceIdExecutionInterceptor@1e16a17b, software.amazon.awssdk.services.s3.auth.scheme.internal.S3AuthSchemeInterceptor@3efa598d, software.amazon.awssdk.services.s3.endpoints.internal.S3ResolveEndpointInterceptor@60d0c19f, software.amazon.awssdk.services.s3.endpoints.internal.S3RequestSetEndpointInterceptor@6dfc56b8, software.amazon.awssdk.services.s3.internal.handlers.StreamingRequestInterceptor@464a2f05, software.amazon.awssdk.services.s3.internal.handlers.CreateBucketInterceptor@2a902070, software.amazon.awssdk.services.s3.internal.handlers.CreateMultipartUploadRequestInterceptor@4c2ad084, software.amazon.awssdk.services.s3.internal.handlers.DecodeUrlEncodedResponseInterceptor@436c162f, software.amazon.awssdk.services.s3.internal.handlers.GetBucketPolicyInterceptor@54493b40, software.amazon.awssdk.services.s3.internal.handlers.AsyncChecksumValidationInterceptor@7ff11219, software.amazon.awssdk.services.s3.internal.handlers.SyncChecksumValidationInterceptor@65c55393, software.amazon.awssdk.services.s3.internal.handlers.EnableTrailingChecksumInterceptor@46bbec6a, software.amazon.awssdk.services.s3.internal.handlers.ExceptionTranslationInterceptor@5bb55cc6, software.amazon.awssdk.services.s3.internal.handlers.GetObjectInterceptor@2ca3ec73, software.amazon.awssdk.services.s3.internal.handlers.ObjectMetadataInterceptor@63b57bbf]
Execute Action	2026-09-26T09:07:15.8080138Z 26/09/26 09:07:13 DEBUG ExecutionInterceptorChain: Interceptor 'software.amazon.awssdk.services.s3.endpoints.internal.S3RequestSetEndpointInterceptor@6dfc56b8' modified the message with its modifyHttpRequest method.
Execute Action	2026-09-26T09:07:15.8080893Z 26/09/26 09:07:13 DEBUG ExecutionInterceptorChain: Interceptor 'software.amazon.awssdk.services.s3.endpoints.internal.S3RequestSetEndpointInterceptor@6dfc56b8' modified the message with its modifyHttpRequest method.
Execute Action	2026-09-26T09:07:15.8081735Z 26/09/26 09:07:13 DEBUG ExecutionInterceptorChain: Interceptor 'software.amazon.awssdk.services.s3.internal.handlers.EnableTrailingChecksumInterceptor@46bbec6a' modified the message with its modifyHttpRequest method.
Execute Action	2026-09-26T09:07:15.8082498Z 26/09/26 09:07:13 DEBUG ExecutionInterceptorChain: Interceptor 'software.amazon.awssdk.services.s3.internal.handlers.EnableTrailingChecksumInterceptor@46bbec6a' modified the message with its modifyHttpRequest method.
Execute Action	2026-09-26T09:07:15.8083697Z 26/09/26 09:07:13 DEBUG request: Sending Request: DefaultSdkHttpFullRequest(httpMethod=GET, protocol=http, host=rustfs-svc.rustfs.svc.cluster.local, port=9000, encodedPath=/datalake/tables/305c440c-c4c6-4821-b74a-504dd009c463/metadata/81e7c4a9-33ec-4bfa-8f20-c21e9cedc358-m0.avro, headers=[amz-sdk-invocation-id, Range, User-Agent, x-amz-te], queryParameters=[])
Execute Action	2026-09-26T09:07:15.8084056Z 26/09/26 09:07:13 DEBUG SigningStage: Using SelectedAuthScheme: aws.auth#sigv4
Execute Action	2026-09-26T09:07:15.8084401Z 26/09/26 09:07:13 DEBUG DefaultV4RequestSigner: AWS4 Canonical Request: GET
Execute Action	2026-09-26T09:07:15.8084845Z /datalake/tables/305c440c-c4c6-4821-b74a-504dd009c463/metadata/81e7c4a9-33ec-4bfa-8f20-c21e9cedc358-m0.avro
Execute Action	2026-09-26T09:07:15.8085017Z 
Execute Action	2026-09-26T09:07:15.8085333Z amz-sdk-invocation-id:d90284b8-e667-e7bf-872e-5082eb9bdb6f
Execute Action	2026-09-26T09:07:15.8085584Z amz-sdk-request:attempt=1; max=6
Execute Action	2026-09-26T09:07:15.8085874Z host:rustfs-svc.rustfs.svc.cluster.local:9000
Execute Action	2026-09-26T09:07:15.8086082Z range:bytes=0-
Execute Action	2026-09-26T09:07:15.8086326Z x-amz-checksum-crc32:AAAAAA==
Execute Action	2026-09-26T09:07:15.8086690Z x-amz-content-sha256:UNSIGNED-PAYLOAD
Execute Action	2026-09-26T09:07:15.8086925Z x-amz-date:20260926T090713Z
Execute Action	2026-09-26T09:07:15.8087141Z x-amz-te:append-md5
Execute Action	2026-09-26T09:07:15.8087309Z 
Execute Action	2026-09-26T09:07:15.8087768Z amz-sdk-invocation-id;amz-sdk-request;host;range;x-amz-checksum-crc32;x-amz-content-sha256;x-amz-date;x-amz-te
Execute Action	2026-09-26T09:07:15.8087976Z UNSIGNED-PAYLOAD
Execute Action	2026-09-26T09:07:15.8088505Z 26/09/26 09:07:13 DEBUG DefaultV4RequestSigner: AWS4 Canonical Request Hash: 24043400dccdcba7be4a9bdc093c3bdd4ccb5703d002bd02023bdbefeff6a668
Execute Action	2026-09-26T09:07:15.8088884Z 26/09/26 09:07:13 DEBUG DefaultV4RequestSigner: AWS4 String to sign: AWS4-HMAC-SHA256
Execute Action	2026-09-26T09:07:15.8089093Z 20260926T090713Z
Execute Action	2026-09-26T09:07:15.8089341Z 20260926/us-east-1/s3/aws4_request
Execute Action	2026-09-26T09:07:15.8089689Z 24043400dccdcba7be4a9bdc093c3bdd4ccb5703d002bd02023bdbefeff6a668
Execute Action	2026-09-26T09:07:15.8090806Z 26/09/26 09:07:13 DEBUG request: Sending Request: DefaultSdkHttpFullRequest(httpMethod=GET, protocol=http, host=rustfs-svc.rustfs.svc.cluster.local, port=9000, encodedPath=/datalake/tables/305c440c-c4c6-4821-b74a-504dd009c463/metadata/29243114-e10e-4da7-99cc-ac1983f88860-m0.avro, headers=[amz-sdk-invocation-id, Range, User-Agent, x-amz-te], queryParameters=[])
Execute Action	2026-09-26T09:07:15.8091260Z 26/09/26 09:07:13 DEBUG SigningStage: Using SelectedAuthScheme: aws.auth#sigv4
Execute Action	2026-09-26T09:07:15.8091602Z 26/09/26 09:07:13 DEBUG DefaultV4RequestSigner: AWS4 Canonical Request: GET
Execute Action	2026-09-26T09:07:15.8092041Z /datalake/tables/305c440c-c4c6-4821-b74a-504dd009c463/metadata/29243114-e10e-4da7-99cc-ac1983f88860-m0.avro
Execute Action	2026-09-26T09:07:15.8092217Z 
Execute Action	2026-09-26T09:07:15.8092535Z amz-sdk-invocation-id:6a68902e-6d9c-ad08-ed10-db947c354c5a
Execute Action	2026-09-26T09:07:15.8092877Z amz-sdk-request:attempt=1; max=6
Execute Action	2026-09-26T09:07:15.8093176Z host:rustfs-svc.rustfs.svc.cluster.local:9000
Execute Action	2026-09-26T09:07:15.8093386Z range:bytes=0-
Execute Action	2026-09-26T09:07:15.8093627Z x-amz-checksum-crc32:AAAAAA==
Execute Action	2026-09-26T09:07:15.8093886Z x-amz-content-sha256:UNSIGNED-PAYLOAD
Execute Action	2026-09-26T09:07:15.8094119Z x-amz-date:20260926T090713Z
Execute Action	2026-09-26T09:07:15.8094331Z x-amz-te:append-md5
Execute Action	2026-09-26T09:07:15.8094497Z 
Execute Action	2026-09-26T09:07:15.8094955Z amz-sdk-invocation-id;amz-sdk-request;host;range;x-amz-checksum-crc32;x-amz-content-sha256;x-amz-date;x-amz-te
Execute Action	2026-09-26T09:07:15.8095167Z UNSIGNED-PAYLOAD
Execute Action	2026-09-26T09:07:15.8095687Z 26/09/26 09:07:13 DEBUG DefaultV4RequestSigner: AWS4 Canonical Request Hash: b64502b6091e8356fcab9f2b3388efbdfcdd7ff3f637e6f0357e5578139aa5dd
Execute Action	2026-09-26T09:07:15.8096158Z 26/09/26 09:07:13 DEBUG DefaultV4RequestSigner: AWS4 String to sign: AWS4-HMAC-SHA256
Execute Action	2026-09-26T09:07:15.8096359Z 20260926T090713Z
Execute Action	2026-09-26T09:07:15.8096607Z 20260926/us-east-1/s3/aws4_request
Execute Action	2026-09-26T09:07:15.8096949Z b64502b6091e8356fcab9f2b3388efbdfcdd7ff3f637e6f0357e5578139aa5dd
Execute Action	2026-09-26T09:07:15.8097495Z 26/09/26 09:07:13 DEBUG requestId: Received successful response: 206, Request ID: 9ab9a1c1-3e4e-4463-a4af-7cb0fe3f1024, Extended Request ID: not available
Execute Action	2026-09-26T09:07:15.8098025Z 26/09/26 09:07:13 DEBUG request: Received successful response: 206, Request ID: 9ab9a1c1-3e4e-4463-a4af-7cb0fe3f1024, Extended Request ID: not available
Execute Action	2026-09-26T09:07:15.8103844Z 26/09/26 09:07:13 DEBUG ExecutionInterceptorChain: Creating an interceptor chain that will apply interceptors in the following order: [software.amazon.awssdk.core.internal.interceptor.HttpChecksumValidationInterceptor@1b42f03, software.amazon.awssdk.awscore.interceptor.HelpfulUnknownHostExceptionInterceptor@14295ba6, software.amazon.awssdk.awscore.eventstream.EventStreamInitialRequestInterceptor@25b51297, software.amazon.awssdk.awscore.interceptor.TraceIdExecutionInterceptor@1e16a17b, software.amazon.awssdk.services.s3.auth.scheme.internal.S3AuthSchemeInterceptor@3efa598d, software.amazon.awssdk.services.s3.endpoints.internal.S3ResolveEndpointInterceptor@60d0c19f, software.amazon.awssdk.services.s3.endpoints.internal.S3RequestSetEndpointInterceptor@6dfc56b8, software.amazon.awssdk.services.s3.internal.handlers.StreamingRequestInterceptor@464a2f05, software.amazon.awssdk.services.s3.internal.handlers.CreateBucketInterceptor@2a902070, software.amazon.awssdk.services.s3.internal.handlers.CreateMultipartUploadRequestInterceptor@4c2ad084, software.amazon.awssdk.services.s3.internal.handlers.DecodeUrlEncodedResponseInterceptor@436c162f, software.amazon.awssdk.services.s3.internal.handlers.GetBucketPolicyInterceptor@54493b40, software.amazon.awssdk.services.s3.internal.handlers.AsyncChecksumValidationInterceptor@7ff11219, software.amazon.awssdk.services.s3.internal.handlers.SyncChecksumValidationInterceptor@65c55393, software.amazon.awssdk.services.s3.internal.handlers.EnableTrailingChecksumInterceptor@46bbec6a, software.amazon.awssdk.services.s3.internal.handlers.ExceptionTranslationInterceptor@5bb55cc6, software.amazon.awssdk.services.s3.internal.handlers.GetObjectInterceptor@2ca3ec73, software.amazon.awssdk.services.s3.internal.handlers.ObjectMetadataInterceptor@63b57bbf]
Execute Action	2026-09-26T09:07:15.8104758Z 26/09/26 09:07:13 DEBUG ExecutionInterceptorChain: Interceptor 'software.amazon.awssdk.services.s3.endpoints.internal.S3RequestSetEndpointInterceptor@6dfc56b8' modified the message with its modifyHttpRequest method.
Execute Action	2026-09-26T09:07:15.8105528Z 26/09/26 09:07:13 DEBUG ExecutionInterceptorChain: Interceptor 'software.amazon.awssdk.services.s3.internal.handlers.EnableTrailingChecksumInterceptor@46bbec6a' modified the message with its modifyHttpRequest method.
Execute Action	2026-09-26T09:07:15.8106649Z 26/09/26 09:07:13 DEBUG request: Sending Request: DefaultSdkHttpFullRequest(httpMethod=GET, protocol=http, host=rustfs-svc.rustfs.svc.cluster.local, port=9000, encodedPath=/datalake/tables/305c440c-c4c6-4821-b74a-504dd009c463/metadata/175b8cbe-efe6-474e-a31c-e82a8e9ce217-m0.avro, headers=[amz-sdk-invocation-id, Range, User-Agent, x-amz-te], queryParameters=[])
Execute Action	2026-09-26T09:07:15.8107229Z 26/09/26 09:07:13 DEBUG SigningStage: Using SelectedAuthScheme: aws.auth#sigv4
Execute Action	2026-09-26T09:07:15.8107566Z 26/09/26 09:07:13 DEBUG DefaultV4RequestSigner: AWS4 Canonical Request: GET
Execute Action	2026-09-26T09:07:15.8108019Z /datalake/tables/305c440c-c4c6-4821-b74a-504dd009c463/metadata/175b8cbe-efe6-474e-a31c-e82a8e9ce217-m0.avro
Execute Action	2026-09-26T09:07:15.8108182Z 
Execute Action	2026-09-26T09:07:15.8108497Z amz-sdk-invocation-id:098a7b26-ed19-3bc6-102e-869800c765e3
Execute Action	2026-09-26T09:07:15.8108748Z amz-sdk-request:attempt=1; max=6
Execute Action	2026-09-26T09:07:15.8109035Z host:rustfs-svc.rustfs.svc.cluster.local:9000
Execute Action	2026-09-26T09:07:15.8109238Z range:bytes=0-
Execute Action	2026-09-26T09:07:15.8109473Z x-amz-checksum-crc32:AAAAAA==
Execute Action	2026-09-26T09:07:15.8109733Z x-amz-content-sha256:UNSIGNED-PAYLOAD
Execute Action	2026-09-26T09:07:15.8109958Z x-amz-date:20260926T090713Z
Execute Action	2026-09-26T09:07:15.8110174Z x-amz-te:append-md5
Execute Action	2026-09-26T09:07:15.8110331Z 
Execute Action	2026-09-26T09:07:15.8110788Z amz-sdk-invocation-id;amz-sdk-request;host;range;x-amz-checksum-crc32;x-amz-content-sha256;x-amz-date;x-amz-te
Execute Action	2026-09-26T09:07:15.8111072Z UNSIGNED-PAYLOAD
Execute Action	2026-09-26T09:07:15.8111591Z 26/09/26 09:07:13 DEBUG DefaultV4RequestSigner: AWS4 Canonical Request Hash: 78be1a9e1ce8c311589e42091d52508dd0be018b4c501b14573598ade2bbceb2
Execute Action	2026-09-26T09:07:15.8111958Z 26/09/26 09:07:13 DEBUG DefaultV4RequestSigner: AWS4 String to sign: AWS4-HMAC-SHA256
Execute Action	2026-09-26T09:07:15.8112150Z 20260926T090713Z
Execute Action	2026-09-26T09:07:15.8112396Z 20260926/us-east-1/s3/aws4_request
Execute Action	2026-09-26T09:07:15.8112842Z 78be1a9e1ce8c311589e42091d52508dd0be018b4c501b14573598ade2bbceb2
Execute Action	2026-09-26T09:07:15.8113381Z 26/09/26 09:07:13 DEBUG requestId: Received successful response: 206, Request ID: f36d0211-a391-4b54-9f6f-0364fd88c07d, Extended Request ID: not available
Execute Action	2026-09-26T09:07:15.8113915Z 26/09/26 09:07:13 DEBUG request: Received successful response: 206, Request ID: f36d0211-a391-4b54-9f6f-0364fd88c07d, Extended Request ID: not available
Execute Action	2026-09-26T09:07:15.8119640Z 26/09/26 09:07:13 DEBUG ExecutionInterceptorChain: Creating an interceptor chain that will apply interceptors in the following order: [software.amazon.awssdk.core.internal.interceptor.HttpChecksumValidationInterceptor@1b42f03, software.amazon.awssdk.awscore.interceptor.HelpfulUnknownHostExceptionInterceptor@14295ba6, software.amazon.awssdk.awscore.eventstream.EventStreamInitialRequestInterceptor@25b51297, software.amazon.awssdk.awscore.interceptor.TraceIdExecutionInterceptor@1e16a17b, software.amazon.awssdk.services.s3.auth.scheme.internal.S3AuthSchemeInterceptor@3efa598d, software.amazon.awssdk.services.s3.endpoints.internal.S3ResolveEndpointInterceptor@60d0c19f, software.amazon.awssdk.services.s3.endpoints.internal.S3RequestSetEndpointInterceptor@6dfc56b8, software.amazon.awssdk.services.s3.internal.handlers.StreamingRequestInterceptor@464a2f05, software.amazon.awssdk.services.s3.internal.handlers.CreateBucketInterceptor@2a902070, software.amazon.awssdk.services.s3.internal.handlers.CreateMultipartUploadRequestInterceptor@4c2ad084, software.amazon.awssdk.services.s3.internal.handlers.DecodeUrlEncodedResponseInterceptor@436c162f, software.amazon.awssdk.services.s3.internal.handlers.GetBucketPolicyInterceptor@54493b40, software.amazon.awssdk.services.s3.internal.handlers.AsyncChecksumValidationInterceptor@7ff11219, software.amazon.awssdk.services.s3.internal.handlers.SyncChecksumValidationInterceptor@65c55393, software.amazon.awssdk.services.s3.internal.handlers.EnableTrailingChecksumInterceptor@46bbec6a, software.amazon.awssdk.services.s3.internal.handlers.ExceptionTranslationInterceptor@5bb55cc6, software.amazon.awssdk.services.s3.internal.handlers.GetObjectInterceptor@2ca3ec73, software.amazon.awssdk.services.s3.internal.handlers.ObjectMetadataInterceptor@63b57bbf]
Execute Action	2026-09-26T09:07:15.8120571Z 26/09/26 09:07:13 DEBUG ExecutionInterceptorChain: Interceptor 'software.amazon.awssdk.services.s3.endpoints.internal.S3RequestSetEndpointInterceptor@6dfc56b8' modified the message with its modifyHttpRequest method.
Execute Action	2026-09-26T09:07:15.8121333Z 26/09/26 09:07:13 DEBUG ExecutionInterceptorChain: Interceptor 'software.amazon.awssdk.services.s3.internal.handlers.EnableTrailingChecksumInterceptor@46bbec6a' modified the message with its modifyHttpRequest method.
Execute Action	2026-09-26T09:07:15.8122452Z 26/09/26 09:07:13 DEBUG request: Sending Request: DefaultSdkHttpFullRequest(httpMethod=GET, protocol=http, host=rustfs-svc.rustfs.svc.cluster.local, port=9000, encodedPath=/datalake/tables/305c440c-c4c6-4821-b74a-504dd009c463/metadata/45ca5179-64d4-4f27-bb11-434153a8cd45-m0.avro, headers=[amz-sdk-invocation-id, Range, User-Agent, x-amz-te], queryParameters=[])
Execute Action	2026-09-26T09:07:15.8122978Z 26/09/26 09:07:13 DEBUG SigningStage: Using SelectedAuthScheme: aws.auth#sigv4
Execute Action	2026-09-26T09:07:15.8123317Z 26/09/26 09:07:13 DEBUG DefaultV4RequestSigner: AWS4 Canonical Request: GET
Execute Action	2026-09-26T09:07:15.8123756Z /datalake/tables/305c440c-c4c6-4821-b74a-504dd009c463/metadata/45ca5179-64d4-4f27-bb11-434153a8cd45-m0.avro
Execute Action	2026-09-26T09:07:15.8123923Z 
Execute Action	2026-09-26T09:07:15.8124239Z amz-sdk-invocation-id:56951a54-8730-8945-ff1a-2f8e06c25023
Execute Action	2026-09-26T09:07:15.8124487Z amz-sdk-request:attempt=1; max=6
Execute Action	2026-09-26T09:07:15.8124785Z host:rustfs-svc.rustfs.svc.cluster.local:9000
Execute Action	2026-09-26T09:07:15.8124988Z range:bytes=0-
Execute Action	2026-09-26T09:07:15.8125228Z x-amz-checksum-crc32:AAAAAA==
Execute Action	2026-09-26T09:07:15.8125485Z x-amz-content-sha256:UNSIGNED-PAYLOAD
Execute Action	2026-09-26T09:07:15.8125711Z x-amz-date:20260926T090713Z
Execute Action	2026-09-26T09:07:15.8125922Z x-amz-te:append-md5
Execute Action	2026-09-26T09:07:15.8126084Z 
Execute Action	2026-09-26T09:07:15.8126537Z amz-sdk-invocation-id;amz-sdk-request;host;range;x-amz-checksum-crc32;x-amz-content-sha256;x-amz-date;x-amz-te
Execute Action	2026-09-26T09:07:15.8126745Z UNSIGNED-PAYLOAD
Execute Action	2026-09-26T09:07:15.8127367Z 26/09/26 09:07:13 DEBUG DefaultV4RequestSigner: AWS4 Canonical Request Hash: b422226f34ae3ba84cfb953b4d876c3aedad5ed3f31b8601f57520f477acd67d
Execute Action	2026-09-26T09:07:15.8127737Z 26/09/26 09:07:13 DEBUG DefaultV4RequestSigner: AWS4 String to sign: AWS4-HMAC-SHA256
Execute Action	2026-09-26T09:07:15.8127940Z 20260926T090713Z
Execute Action	2026-09-26T09:07:15.8128183Z 20260926/us-east-1/s3/aws4_request
Execute Action	2026-09-26T09:07:15.8128519Z b422226f34ae3ba84cfb953b4d876c3aedad5ed3f31b8601f57520f477acd67d
Execute Action	2026-09-26T09:07:15.8129050Z 26/09/26 09:07:13 DEBUG requestId: Received successful response: 206, Request ID: 0c3579e4-88b2-4c6a-91c1-788005b5e46d, Extended Request ID: not available
Execute Action	2026-09-26T09:07:15.8129578Z 26/09/26 09:07:13 DEBUG request: Received successful response: 206, Request ID: 0c3579e4-88b2-4c6a-91c1-788005b5e46d, Extended Request ID: not available
Execute Action	2026-09-26T09:07:15.8135356Z 26/09/26 09:07:13 DEBUG ExecutionInterceptorChain: Creating an interceptor chain that will apply interceptors in the following order: [software.amazon.awssdk.core.internal.interceptor.HttpChecksumValidationInterceptor@1b42f03, software.amazon.awssdk.awscore.interceptor.HelpfulUnknownHostExceptionInterceptor@14295ba6, software.amazon.awssdk.awscore.eventstream.EventStreamInitialRequestInterceptor@25b51297, software.amazon.awssdk.awscore.interceptor.TraceIdExecutionInterceptor@1e16a17b, software.amazon.awssdk.services.s3.auth.scheme.internal.S3AuthSchemeInterceptor@3efa598d, software.amazon.awssdk.services.s3.endpoints.internal.S3ResolveEndpointInterceptor@60d0c19f, software.amazon.awssdk.services.s3.endpoints.internal.S3RequestSetEndpointInterceptor@6dfc56b8, software.amazon.awssdk.services.s3.internal.handlers.StreamingRequestInterceptor@464a2f05, software.amazon.awssdk.services.s3.internal.handlers.CreateBucketInterceptor@2a902070, software.amazon.awssdk.services.s3.internal.handlers.CreateMultipartUploadRequestInterceptor@4c2ad084, software.amazon.awssdk.services.s3.internal.handlers.DecodeUrlEncodedResponseInterceptor@436c162f, software.amazon.awssdk.services.s3.internal.handlers.GetBucketPolicyInterceptor@54493b40, software.amazon.awssdk.services.s3.internal.handlers.AsyncChecksumValidationInterceptor@7ff11219, software.amazon.awssdk.services.s3.internal.handlers.SyncChecksumValidationInterceptor@65c55393, software.amazon.awssdk.services.s3.internal.handlers.EnableTrailingChecksumInterceptor@46bbec6a, software.amazon.awssdk.services.s3.internal.handlers.ExceptionTranslationInterceptor@5bb55cc6, software.amazon.awssdk.services.s3.internal.handlers.GetObjectInterceptor@2ca3ec73, software.amazon.awssdk.services.s3.internal.handlers.ObjectMetadataInterceptor@63b57bbf]
Execute Action	2026-09-26T09:07:15.8136000Z 26/09/26 09:07:13 DEBUG requestId: Received successful response: 206, Request ID: 391b63f1-4310-4dd4-b2be-2de030973c1e, Extended Request ID: not available
Execute Action	2026-09-26T09:07:15.8136513Z 26/09/26 09:07:13 DEBUG request: Received successful response: 206, Request ID: 391b63f1-4310-4dd4-b2be-2de030973c1e, Extended Request ID: not available
Execute Action	2026-09-26T09:07:15.8137270Z 26/09/26 09:07:13 DEBUG ExecutionInterceptorChain: Interceptor 'software.amazon.awssdk.services.s3.endpoints.internal.S3RequestSetEndpointInterceptor@6dfc56b8' modified the message with its modifyHttpRequest method.
Execute Action	2026-09-26T09:07:15.8138037Z 26/09/26 09:07:13 DEBUG ExecutionInterceptorChain: Interceptor 'software.amazon.awssdk.services.s3.internal.handlers.EnableTrailingChecksumInterceptor@46bbec6a' modified the message with its modifyHttpRequest method.
Execute Action	2026-09-26T09:07:15.8139250Z 26/09/26 09:07:13 DEBUG request: Sending Request: DefaultSdkHttpFullRequest(httpMethod=GET, protocol=http, host=rustfs-svc.rustfs.svc.cluster.local, port=9000, encodedPath=/datalake/tables/305c440c-c4c6-4821-b74a-504dd009c463/metadata/3dd0a5f9-2801-48e4-971a-6edac419b27a-m0.avro, headers=[amz-sdk-invocation-id, Range, User-Agent, x-amz-te], queryParameters=[])
Execute Action	2026-09-26T09:07:15.8139598Z 26/09/26 09:07:13 DEBUG SigningStage: Using SelectedAuthScheme: aws.auth#sigv4
Execute Action	2026-09-26T09:07:15.8139936Z 26/09/26 09:07:13 DEBUG DefaultV4RequestSigner: AWS4 Canonical Request: GET
Execute Action	2026-09-26T09:07:15.8140380Z /datalake/tables/305c440c-c4c6-4821-b74a-504dd009c463/metadata/3dd0a5f9-2801-48e4-971a-6edac419b27a-m0.avro
Execute Action	2026-09-26T09:07:15.8140550Z 
Execute Action	2026-09-26T09:07:15.8140862Z amz-sdk-invocation-id:4ee5316c-a977-4daf-4f1f-957792d5fcc8
Execute Action	2026-09-26T09:07:15.8141108Z amz-sdk-request:attempt=1; max=6
Execute Action	2026-09-26T09:07:15.8141399Z host:rustfs-svc.rustfs.svc.cluster.local:9000
Execute Action	2026-09-26T09:07:15.8141593Z range:bytes=0-
Execute Action	2026-09-26T09:07:15.8141831Z x-amz-checksum-crc32:AAAAAA==
Execute Action	2026-09-26T09:07:15.8142164Z x-amz-content-sha256:UNSIGNED-PAYLOAD
Execute Action	2026-09-26T09:07:15.8142394Z x-amz-date:20260926T090713Z
Execute Action	2026-09-26T09:07:15.8142689Z x-amz-te:append-md5
Execute Action	2026-09-26T09:07:15.8142854Z 
Execute Action	2026-09-26T09:07:15.8143306Z amz-sdk-invocation-id;amz-sdk-request;host;range;x-amz-checksum-crc32;x-amz-content-sha256;x-amz-date;x-amz-te
Execute Action	2026-09-26T09:07:15.8143509Z UNSIGNED-PAYLOAD
Execute Action	2026-09-26T09:07:15.8144025Z 26/09/26 09:07:13 DEBUG DefaultV4RequestSigner: AWS4 Canonical Request Hash: 4981be47c4e31d77b2714cee1868142d023fd6a18c8406f7689219e3a2df2eed
Execute Action	2026-09-26T09:07:15.8144392Z 26/09/26 09:07:13 DEBUG DefaultV4RequestSigner: AWS4 String to sign: AWS4-HMAC-SHA256
Execute Action	2026-09-26T09:07:15.8144593Z 20260926T090713Z
Execute Action	2026-09-26T09:07:15.8144836Z 20260926/us-east-1/s3/aws4_request
Execute Action	2026-09-26T09:07:15.8145167Z 4981be47c4e31d77b2714cee1868142d023fd6a18c8406f7689219e3a2df2eed
Execute Action	2026-09-26T09:07:15.8150852Z 26/09/26 09:07:13 DEBUG ExecutionInterceptorChain: Creating an interceptor chain that will apply interceptors in the following order: [software.amazon.awssdk.core.internal.interceptor.HttpChecksumValidationInterceptor@1b42f03, software.amazon.awssdk.awscore.interceptor.HelpfulUnknownHostExceptionInterceptor@14295ba6, software.amazon.awssdk.awscore.eventstream.EventStreamInitialRequestInterceptor@25b51297, software.amazon.awssdk.awscore.interceptor.TraceIdExecutionInterceptor@1e16a17b, software.amazon.awssdk.services.s3.auth.scheme.internal.S3AuthSchemeInterceptor@3efa598d, software.amazon.awssdk.services.s3.endpoints.internal.S3ResolveEndpointInterceptor@60d0c19f, software.amazon.awssdk.services.s3.endpoints.internal.S3RequestSetEndpointInterceptor@6dfc56b8, software.amazon.awssdk.services.s3.internal.handlers.StreamingRequestInterceptor@464a2f05, software.amazon.awssdk.services.s3.internal.handlers.CreateBucketInterceptor@2a902070, software.amazon.awssdk.services.s3.internal.handlers.CreateMultipartUploadRequestInterceptor@4c2ad084, software.amazon.awssdk.services.s3.internal.handlers.DecodeUrlEncodedResponseInterceptor@436c162f, software.amazon.awssdk.services.s3.internal.handlers.GetBucketPolicyInterceptor@54493b40, software.amazon.awssdk.services.s3.internal.handlers.AsyncChecksumValidationInterceptor@7ff11219, software.amazon.awssdk.services.s3.internal.handlers.SyncChecksumValidationInterceptor@65c55393, software.amazon.awssdk.services.s3.internal.handlers.EnableTrailingChecksumInterceptor@46bbec6a, software.amazon.awssdk.services.s3.internal.handlers.ExceptionTranslationInterceptor@5bb55cc6, software.amazon.awssdk.services.s3.internal.handlers.GetObjectInterceptor@2ca3ec73, software.amazon.awssdk.services.s3.internal.handlers.ObjectMetadataInterceptor@63b57bbf]
Execute Action	2026-09-26T09:07:15.8151761Z 26/09/26 09:07:13 DEBUG ExecutionInterceptorChain: Interceptor 'software.amazon.awssdk.services.s3.endpoints.internal.S3RequestSetEndpointInterceptor@6dfc56b8' modified the message with its modifyHttpRequest method.
Execute Action	2026-09-26T09:07:15.8152532Z 26/09/26 09:07:13 DEBUG ExecutionInterceptorChain: Interceptor 'software.amazon.awssdk.services.s3.internal.handlers.EnableTrailingChecksumInterceptor@46bbec6a' modified the message with its modifyHttpRequest method.
Execute Action	2026-09-26T09:07:15.8153739Z 26/09/26 09:07:13 DEBUG request: Sending Request: DefaultSdkHttpFullRequest(httpMethod=GET, protocol=http, host=rustfs-svc.rustfs.svc.cluster.local, port=9000, encodedPath=/datalake/tables/305c440c-c4c6-4821-b74a-504dd009c463/metadata/36a29bcf-2654-46c6-a823-1b6259f081b9-m0.avro, headers=[amz-sdk-invocation-id, Range, User-Agent, x-amz-te], queryParameters=[])
Execute Action	2026-09-26T09:07:15.8154186Z 26/09/26 09:07:13 DEBUG SigningStage: Using SelectedAuthScheme: aws.auth#sigv4
Execute Action	2026-09-26T09:07:15.8154525Z 26/09/26 09:07:13 DEBUG DefaultV4RequestSigner: AWS4 Canonical Request: GET
Execute Action	2026-09-26T09:07:15.8154966Z /datalake/tables/305c440c-c4c6-4821-b74a-504dd009c463/metadata/36a29bcf-2654-46c6-a823-1b6259f081b9-m0.avro
Execute Action	2026-09-26T09:07:15.8155127Z 
Execute Action	2026-09-26T09:07:15.8155476Z amz-sdk-invocation-id:750b2af3-9234-375e-96a5-43bb5cda19a5
Execute Action	2026-09-26T09:07:15.8155725Z amz-sdk-request:attempt=1; max=6
Execute Action	2026-09-26T09:07:15.8156015Z host:rustfs-svc.rustfs.svc.cluster.local:9000
Execute Action	2026-09-26T09:07:15.8156213Z range:bytes=0-
Execute Action	2026-09-26T09:07:15.8156448Z x-amz-checksum-crc32:AAAAAA==
Execute Action	2026-09-26T09:07:15.8156709Z x-amz-content-sha256:UNSIGNED-PAYLOAD
Execute Action	2026-09-26T09:07:15.8156938Z x-amz-date:20260926T090713Z
Execute Action	2026-09-26T09:07:15.8157156Z x-amz-te:append-md5
Execute Action	2026-09-26T09:07:15.8157318Z 
Execute Action	2026-09-26T09:07:15.8157788Z amz-sdk-invocation-id;amz-sdk-request;host;range;x-amz-checksum-crc32;x-amz-content-sha256;x-amz-date;x-amz-te
Execute Action	2026-09-26T09:07:15.8158093Z UNSIGNED-PAYLOAD
Execute Action	2026-09-26T09:07:15.8158621Z 26/09/26 09:07:13 DEBUG DefaultV4RequestSigner: AWS4 Canonical Request Hash: d30a9d80fdd7fb43fb1d0d71b2d50b0752d68bcb3a0c35fbe01eb86578454923
Execute Action	2026-09-26T09:07:15.8158989Z 26/09/26 09:07:13 DEBUG DefaultV4RequestSigner: AWS4 String to sign: AWS4-HMAC-SHA256
Execute Action	2026-09-26T09:07:15.8159186Z 20260926T090713Z
Execute Action	2026-09-26T09:07:15.8159438Z 20260926/us-east-1/s3/aws4_request
Execute Action	2026-09-26T09:07:15.8159777Z d30a9d80fdd7fb43fb1d0d71b2d50b0752d68bcb3a0c35fbe01eb86578454923
Execute Action	2026-09-26T09:07:15.8160325Z 26/09/26 09:07:13 DEBUG requestId: Received successful response: 206, Request ID: 093b0908-d5e3-47ea-a0db-db66e5e0b41c, Extended Request ID: not available
Execute Action	2026-09-26T09:07:15.8160847Z 26/09/26 09:07:13 DEBUG request: Received successful response: 206, Request ID: 093b0908-d5e3-47ea-a0db-db66e5e0b41c, Extended Request ID: not available
Execute Action	2026-09-26T09:07:15.8167212Z 26/09/26 09:07:13 DEBUG ExecutionInterceptorChain: Creating an interceptor chain that will apply interceptors in the following order: [software.amazon.awssdk.core.internal.interceptor.HttpChecksumValidationInterceptor@1b42f03, software.amazon.awssdk.awscore.interceptor.HelpfulUnknownHostExceptionInterceptor@14295ba6, software.amazon.awssdk.awscore.eventstream.EventStreamInitialRequestInterceptor@25b51297, software.amazon.awssdk.awscore.interceptor.TraceIdExecutionInterceptor@1e16a17b, software.amazon.awssdk.services.s3.auth.scheme.internal.S3AuthSchemeInterceptor@3efa598d, software.amazon.awssdk.services.s3.endpoints.internal.S3ResolveEndpointInterceptor@60d0c19f, software.amazon.awssdk.services.s3.endpoints.internal.S3RequestSetEndpointInterceptor@6dfc56b8, software.amazon.awssdk.services.s3.internal.handlers.StreamingRequestInterceptor@464a2f05, software.amazon.awssdk.services.s3.internal.handlers.CreateBucketInterceptor@2a902070, software.amazon.awssdk.services.s3.internal.handlers.CreateMultipartUploadRequestInterceptor@4c2ad084, software.amazon.awssdk.services.s3.internal.handlers.DecodeUrlEncodedResponseInterceptor@436c162f, software.amazon.awssdk.services.s3.internal.handlers.GetBucketPolicyInterceptor@54493b40, software.amazon.awssdk.services.s3.internal.handlers.AsyncChecksumValidationInterceptor@7ff11219, software.amazon.awssdk.services.s3.internal.handlers.SyncChecksumValidationInterceptor@65c55393, software.amazon.awssdk.services.s3.internal.handlers.EnableTrailingChecksumInterceptor@46bbec6a, software.amazon.awssdk.services.s3.internal.handlers.ExceptionTranslationInterceptor@5bb55cc6, software.amazon.awssdk.services.s3.internal.handlers.GetObjectInterceptor@2ca3ec73, software.amazon.awssdk.services.s3.internal.handlers.ObjectMetadataInterceptor@63b57bbf]
Execute Action	2026-09-26T09:07:15.9140898Z 26/09/26 09:07:13 DEBUG ExecutionInterceptorChain: Interceptor 'software.amazon.awssdk.services.s3.endpoints.internal.S3RequestSetEndpointInterceptor@6dfc56b8' modified the message with its modifyHttpRequest method.
Execute Action	2026-09-26T09:07:15.9141771Z 26/09/26 09:07:13 DEBUG ExecutionInterceptorChain: Interceptor 'software.amazon.awssdk.services.s3.internal.handlers.EnableTrailingChecksumInterceptor@46bbec6a' modified the message with its modifyHttpRequest method.
Execute Action	2026-09-26T09:07:15.9143258Z 26/09/26 09:07:13 DEBUG request: Sending Request: DefaultSdkHttpFullRequest(httpMethod=GET, protocol=http, host=rustfs-svc.rustfs.svc.cluster.local, port=9000, encodedPath=/datalake/tables/305c440c-c4c6-4821-b74a-504dd009c463/metadata/ba856d53-6c7e-4d62-9d58-a247c31d980c-m0.avro, headers=[amz-sdk-invocation-id, Range, User-Agent, x-amz-te], queryParameters=[])
Execute Action	2026-09-26T09:07:15.9144099Z 26/09/26 09:07:13 DEBUG SigningStage: Using SelectedAuthScheme: aws.auth#sigv4
Execute Action	2026-09-26T09:07:15.9144572Z 26/09/26 09:07:13 DEBUG DefaultV4RequestSigner: AWS4 Canonical Request: GET
Execute Action	2026-09-26T09:07:15.9145317Z /datalake/tables/305c440c-c4c6-4821-b74a-504dd009c463/metadata/ba856d53-6c7e-4d62-9d58-a247c31d980c-m0.avro
Execute Action	2026-09-26T09:07:15.9145586Z 
Execute Action	2026-09-26T09:07:15.9146138Z amz-sdk-invocation-id:81cc1393-ddba-7a2b-86ec-9392c1ec0540
Execute Action	2026-09-26T09:07:15.9146582Z amz-sdk-request:attempt=1; max=6
Execute Action	2026-09-26T09:07:15.9147017Z host:rustfs-svc.rustfs.svc.cluster.local:9000
Execute Action	2026-09-26T09:07:15.9147225Z range:bytes=0-
Execute Action	2026-09-26T09:07:15.9147465Z x-amz-checksum-crc32:AAAAAA==
Execute Action	2026-09-26T09:07:15.9147732Z x-amz-content-sha256:UNSIGNED-PAYLOAD
Execute Action	2026-09-26T09:07:15.9147965Z x-amz-date:20260926T090713Z
Execute Action	2026-09-26T09:07:15.9148189Z x-amz-te:append-md5
Execute Action	2026-09-26T09:07:15.9148510Z 
Execute Action	2026-09-26T09:07:15.9148990Z amz-sdk-invocation-id;amz-sdk-request;host;range;x-amz-checksum-crc32;x-amz-content-sha256;x-amz-date;x-amz-te
Execute Action	2026-09-26T09:07:15.9149208Z UNSIGNED-PAYLOAD
Execute Action	2026-09-26T09:07:15.9149740Z 26/09/26 09:07:13 DEBUG DefaultV4RequestSigner: AWS4 Canonical Request Hash: 820c5f3f1aa16cdba3697c9a547cf8b416f9781521a4859dd33ee7da90dbd99e
Execute Action	2026-09-26T09:07:15.9150126Z 26/09/26 09:07:13 DEBUG DefaultV4RequestSigner: AWS4 String to sign: AWS4-HMAC-SHA256
Execute Action	2026-09-26T09:07:15.9150328Z 20260926T090713Z
Execute Action	2026-09-26T09:07:15.9150582Z 20260926/us-east-1/s3/aws4_request
Execute Action	2026-09-26T09:07:15.9150927Z 820c5f3f1aa16cdba3697c9a547cf8b416f9781521a4859dd33ee7da90dbd99e
Execute Action	2026-09-26T09:07:15.9151474Z 26/09/26 09:07:13 DEBUG requestId: Received successful response: 206, Request ID: a259b026-8cf0-4e1c-a8f7-568a5484ffe9, Extended Request ID: not available
Execute Action	2026-09-26T09:07:15.9152004Z 26/09/26 09:07:13 DEBUG request: Received successful response: 206, Request ID: a259b026-8cf0-4e1c-a8f7-568a5484ffe9, Extended Request ID: not available
Execute Action	2026-09-26T09:07:15.9158997Z 26/09/26 09:07:13 DEBUG ExecutionInterceptorChain: Creating an interceptor chain that will apply interceptors in the following order: [software.amazon.awssdk.core.internal.interceptor.HttpChecksumValidationInterceptor@1b42f03, software.amazon.awssdk.awscore.interceptor.HelpfulUnknownHostExceptionInterceptor@14295ba6, software.amazon.awssdk.awscore.eventstream.EventStreamInitialRequestInterceptor@25b51297, software.amazon.awssdk.awscore.interceptor.TraceIdExecutionInterceptor@1e16a17b, software.amazon.awssdk.services.s3.auth.scheme.internal.S3AuthSchemeInterceptor@3efa598d, software.amazon.awssdk.services.s3.endpoints.internal.S3ResolveEndpointInterceptor@60d0c19f, software.amazon.awssdk.services.s3.endpoints.internal.S3RequestSetEndpointInterceptor@6dfc56b8, software.amazon.awssdk.services.s3.internal.handlers.StreamingRequestInterceptor@464a2f05, software.amazon.awssdk.services.s3.internal.handlers.CreateBucketInterceptor@2a902070, software.amazon.awssdk.services.s3.internal.handlers.CreateMultipartUploadRequestInterceptor@4c2ad084, software.amazon.awssdk.services.s3.internal.handlers.DecodeUrlEncodedResponseInterceptor@436c162f, software.amazon.awssdk.services.s3.internal.handlers.GetBucketPolicyInterceptor@54493b40, software.amazon.awssdk.services.s3.internal.handlers.AsyncChecksumValidationInterceptor@7ff11219, software.amazon.awssdk.services.s3.internal.handlers.SyncChecksumValidationInterceptor@65c55393, software.amazon.awssdk.services.s3.internal.handlers.EnableTrailingChecksumInterceptor@46bbec6a, software.amazon.awssdk.services.s3.internal.handlers.ExceptionTranslationInterceptor@5bb55cc6, software.amazon.awssdk.services.s3.internal.handlers.GetObjectInterceptor@2ca3ec73, software.amazon.awssdk.services.s3.internal.handlers.ObjectMetadataInterceptor@63b57bbf]
Execute Action	2026-09-26T09:07:15.9159987Z 26/09/26 09:07:13 DEBUG ExecutionInterceptorChain: Interceptor 'software.amazon.awssdk.services.s3.endpoints.internal.S3RequestSetEndpointInterceptor@6dfc56b8' modified the message with its modifyHttpRequest method.
Execute Action	2026-09-26T09:07:15.9161125Z 26/09/26 09:07:13 DEBUG ExecutionInterceptorChain: Interceptor 'software.amazon.awssdk.services.s3.internal.handlers.EnableTrailingChecksumInterceptor@46bbec6a' modified the message with its modifyHttpRequest method.
Execute Action	2026-09-26T09:07:15.9163160Z 26/09/26 09:07:13 DEBUG request: Sending Request: DefaultSdkHttpFullRequest(httpMethod=GET, protocol=http, host=rustfs-svc.rustfs.svc.cluster.local, port=9000, encodedPath=/datalake/tables/305c440c-c4c6-4821-b74a-504dd009c463/metadata/3102f71d-2442-4fce-8191-cf1e11d51c90-m0.avro, headers=[amz-sdk-invocation-id, Range, User-Agent, x-amz-te], queryParameters=[])
Execute Action	2026-09-26T09:07:15.9163806Z 26/09/26 09:07:13 DEBUG SigningStage: Using SelectedAuthScheme: aws.auth#sigv4
Execute Action	2026-09-26T09:07:15.9164249Z 26/09/26 09:07:13 DEBUG DefaultV4RequestSigner: AWS4 Canonical Request: GET
Execute Action	2026-09-26T09:07:15.9164777Z /datalake/tables/305c440c-c4c6-4821-b74a-504dd009c463/metadata/3102f71d-2442-4fce-8191-cf1e11d51c90-m0.avro
Execute Action	2026-09-26T09:07:15.9164962Z 
Execute Action	2026-09-26T09:07:15.9165286Z amz-sdk-invocation-id:a0fe84e1-0424-2100-07d8-dec9d00ae189
Execute Action	2026-09-26T09:07:15.9165544Z amz-sdk-request:attempt=1; max=6
Execute Action	2026-09-26T09:07:15.9165845Z host:rustfs-svc.rustfs.svc.cluster.local:9000
Execute Action	2026-09-26T09:07:15.9166047Z range:bytes=0-
Execute Action	2026-09-26T09:07:15.9166290Z x-amz-checksum-crc32:AAAAAA==
Execute Action	2026-09-26T09:07:15.9166552Z x-amz-content-sha256:UNSIGNED-PAYLOAD
Execute Action	2026-09-26T09:07:15.9166777Z x-amz-date:20260926T090713Z
Execute Action	2026-09-26T09:07:15.9167043Z x-amz-te:append-md5
Execute Action	2026-09-26T09:07:15.9167278Z 
Execute Action	2026-09-26T09:07:15.9168036Z amz-sdk-invocation-id;amz-sdk-request;host;range;x-amz-checksum-crc32;x-amz-content-sha256;x-amz-date;x-amz-te
Execute Action	2026-09-26T09:07:15.9168568Z UNSIGNED-PAYLOAD
Execute Action	2026-09-26T09:07:15.9169462Z 26/09/26 09:07:13 DEBUG DefaultV4RequestSigner: AWS4 Canonical Request Hash: 5d368dc2abbf473f78e3113537f57d8ddb4eaac198f3aea70b435793f9e6cc00
Execute Action	2026-09-26T09:07:15.9170034Z 26/09/26 09:07:13 DEBUG DefaultV4RequestSigner: AWS4 String to sign: AWS4-HMAC-SHA256
Execute Action	2026-09-26T09:07:15.9170249Z 20260926T090713Z
Execute Action	2026-09-26T09:07:15.9170503Z 20260926/us-east-1/s3/aws4_request
Execute Action	2026-09-26T09:07:15.9170851Z 5d368dc2abbf473f78e3113537f57d8ddb4eaac198f3aea70b435793f9e6cc00
Execute Action	2026-09-26T09:07:15.9171405Z 26/09/26 09:07:13 DEBUG requestId: Received successful response: 206, Request ID: 74d71e81-d164-4e07-80ea-7ae4aa153e57, Extended Request ID: not available
Execute Action	2026-09-26T09:07:15.9172209Z 26/09/26 09:07:13 DEBUG request: Received successful response: 206, Request ID: 74d71e81-d164-4e07-80ea-7ae4aa153e57, Extended Request ID: not available
Execute Action	2026-09-26T09:07:15.9180077Z 26/09/26 09:07:13 DEBUG ExecutionInterceptorChain: Creating an interceptor chain that will apply interceptors in the following order: [software.amazon.awssdk.core.internal.interceptor.HttpChecksumValidationInterceptor@1b42f03, software.amazon.awssdk.awscore.interceptor.HelpfulUnknownHostExceptionInterceptor@14295ba6, software.amazon.awssdk.awscore.eventstream.EventStreamInitialRequestInterceptor@25b51297, software.amazon.awssdk.awscore.interceptor.TraceIdExecutionInterceptor@1e16a17b, software.amazon.awssdk.services.s3.auth.scheme.internal.S3AuthSchemeInterceptor@3efa598d, software.amazon.awssdk.services.s3.endpoints.internal.S3ResolveEndpointInterceptor@60d0c19f, software.amazon.awssdk.services.s3.endpoints.internal.S3RequestSetEndpointInterceptor@6dfc56b8, software.amazon.awssdk.services.s3.internal.handlers.StreamingRequestInterceptor@464a2f05, software.amazon.awssdk.services.s3.internal.handlers.CreateBucketInterceptor@2a902070, software.amazon.awssdk.services.s3.internal.handlers.CreateMultipartUploadRequestInterceptor@4c2ad084, software.amazon.awssdk.services.s3.internal.handlers.DecodeUrlEncodedResponseInterceptor@436c162f, software.amazon.awssdk.services.s3.internal.handlers.GetBucketPolicyInterceptor@54493b40, software.amazon.awssdk.services.s3.internal.handlers.AsyncChecksumValidationInterceptor@7ff11219, software.amazon.awssdk.services.s3.internal.handlers.SyncChecksumValidationInterceptor@65c55393, software.amazon.awssdk.services.s3.internal.handlers.EnableTrailingChecksumInterceptor@46bbec6a, software.amazon.awssdk.services.s3.internal.handlers.ExceptionTranslationInterceptor@5bb55cc6, software.amazon.awssdk.services.s3.internal.handlers.GetObjectInterceptor@2ca3ec73, software.amazon.awssdk.services.s3.internal.handlers.ObjectMetadataInterceptor@63b57bbf]
Execute Action	2026-09-26T09:07:15.9181266Z 26/09/26 09:07:13 DEBUG ExecutionInterceptorChain: Interceptor 'software.amazon.awssdk.services.s3.endpoints.internal.S3RequestSetEndpointInterceptor@6dfc56b8' modified the message with its modifyHttpRequest method.
Execute Action	2026-09-26T09:07:15.9182380Z 26/09/26 09:07:13 DEBUG ExecutionInterceptorChain: Interceptor 'software.amazon.awssdk.services.s3.internal.handlers.EnableTrailingChecksumInterceptor@46bbec6a' modified the message with its modifyHttpRequest method.
Execute Action	2026-09-26T09:07:15.9184154Z 26/09/26 09:07:13 DEBUG request: Sending Request: DefaultSdkHttpFullRequest(httpMethod=GET, protocol=http, host=rustfs-svc.rustfs.svc.cluster.local, port=9000, encodedPath=/datalake/tables/305c440c-c4c6-4821-b74a-504dd009c463/metadata/2a0bfd68-906c-49d4-bd82-c2133ac80a72-m0.avro, headers=[amz-sdk-invocation-id, Range, User-Agent, x-amz-te], queryParameters=[])
Execute Action	2026-09-26T09:07:15.9184762Z 26/09/26 09:07:13 DEBUG SigningStage: Using SelectedAuthScheme: aws.auth#sigv4
Execute Action	2026-09-26T09:07:15.9185109Z 26/09/26 09:07:13 DEBUG DefaultV4RequestSigner: AWS4 Canonical Request: GET
Execute Action	2026-09-26T09:07:15.9185574Z /datalake/tables/305c440c-c4c6-4821-b74a-504dd009c463/metadata/2a0bfd68-906c-49d4-bd82-c2133ac80a72-m0.avro
Execute Action	2026-09-26T09:07:15.9185760Z 
Execute Action	2026-09-26T09:07:15.9186243Z amz-sdk-invocation-id:a7c90be0-a767-d675-d226-bc34261b2e7e
Execute Action	2026-09-26T09:07:15.9186677Z amz-sdk-request:attempt=1; max=6
Execute Action	2026-09-26T09:07:15.9187161Z host:rustfs-svc.rustfs.svc.cluster.local:9000
Execute Action	2026-09-26T09:07:15.9187469Z range:bytes=0-
Execute Action	2026-09-26T09:07:15.9187744Z x-amz-checksum-crc32:AAAAAA==
Execute Action	2026-09-26T09:07:15.9188193Z x-amz-content-sha256:UNSIGNED-PAYLOAD
Execute Action	2026-09-26T09:07:15.9188550Z x-amz-date:20260926T090713Z
Execute Action	2026-09-26T09:07:15.9188952Z x-amz-te:append-md5
Execute Action	2026-09-26T09:07:15.9189127Z 
Execute Action	2026-09-26T09:07:15.9189859Z amz-sdk-invocation-id;amz-sdk-request;host;range;x-amz-checksum-crc32;x-amz-content-sha256;x-amz-date;x-amz-te
Execute Action	2026-09-26T09:07:15.9190211Z UNSIGNED-PAYLOAD
Execute Action	2026-09-26T09:07:15.9190913Z 26/09/26 09:07:13 DEBUG DefaultV4RequestSigner: AWS4 Canonical Request Hash: 98a46bff73c9d710e99b5187cdb4599807bab4a1348de8e39c0287e475033b02
Execute Action	2026-09-26T09:07:15.9191522Z 26/09/26 09:07:13 DEBUG DefaultV4RequestSigner: AWS4 String to sign: AWS4-HMAC-SHA256
Execute Action	2026-09-26T09:07:15.9191836Z 20260926T090713Z
Execute Action	2026-09-26T09:07:15.9192096Z 20260926/us-east-1/s3/aws4_request
Execute Action	2026-09-26T09:07:15.9192430Z 98a46bff73c9d710e99b5187cdb4599807bab4a1348de8e39c0287e475033b02
Execute Action	2026-09-26T09:07:15.9193104Z 26/09/26 09:07:13 DEBUG requestId: Received successful response: 206, Request ID: 76d5a594-5983-4563-b739-1fde1f53bf53, Extended Request ID: not available
Execute Action	2026-09-26T09:07:15.9193902Z 26/09/26 09:07:13 DEBUG request: Received successful response: 206, Request ID: 76d5a594-5983-4563-b739-1fde1f53bf53, Extended Request ID: not available
Execute Action	2026-09-26T09:07:15.9199707Z 26/09/26 09:07:13 DEBUG ExecutionInterceptorChain: Creating an interceptor chain that will apply interceptors in the following order: [software.amazon.awssdk.core.internal.interceptor.HttpChecksumValidationInterceptor@1b42f03, software.amazon.awssdk.awscore.interceptor.HelpfulUnknownHostExceptionInterceptor@14295ba6, software.amazon.awssdk.awscore.eventstream.EventStreamInitialRequestInterceptor@25b51297, software.amazon.awssdk.awscore.interceptor.TraceIdExecutionInterceptor@1e16a17b, software.amazon.awssdk.services.s3.auth.scheme.internal.S3AuthSchemeInterceptor@3efa598d, software.amazon.awssdk.services.s3.endpoints.internal.S3ResolveEndpointInterceptor@60d0c19f, software.amazon.awssdk.services.s3.endpoints.internal.S3RequestSetEndpointInterceptor@6dfc56b8, software.amazon.awssdk.services.s3.internal.handlers.StreamingRequestInterceptor@464a2f05, software.amazon.awssdk.services.s3.internal.handlers.CreateBucketInterceptor@2a902070, software.amazon.awssdk.services.s3.internal.handlers.CreateMultipartUploadRequestInterceptor@4c2ad084, software.amazon.awssdk.services.s3.internal.handlers.DecodeUrlEncodedResponseInterceptor@436c162f, software.amazon.awssdk.services.s3.internal.handlers.GetBucketPolicyInterceptor@54493b40, software.amazon.awssdk.services.s3.internal.handlers.AsyncChecksumValidationInterceptor@7ff11219, software.amazon.awssdk.services.s3.internal.handlers.SyncChecksumValidationInterceptor@65c55393, software.amazon.awssdk.services.s3.internal.handlers.EnableTrailingChecksumInterceptor@46bbec6a, software.amazon.awssdk.services.s3.internal.handlers.ExceptionTranslationInterceptor@5bb55cc6, software.amazon.awssdk.services.s3.internal.handlers.GetObjectInterceptor@2ca3ec73, software.amazon.awssdk.services.s3.internal.handlers.ObjectMetadataInterceptor@63b57bbf]
Execute Action	2026-09-26T09:07:15.9200679Z 26/09/26 09:07:13 DEBUG ExecutionInterceptorChain: Interceptor 'software.amazon.awssdk.services.s3.endpoints.internal.S3RequestSetEndpointInterceptor@6dfc56b8' modified the message with its modifyHttpRequest method.
Execute Action	2026-09-26T09:07:15.9201446Z 26/09/26 09:07:13 DEBUG ExecutionInterceptorChain: Interceptor 'software.amazon.awssdk.services.s3.internal.handlers.EnableTrailingChecksumInterceptor@46bbec6a' modified the message with its modifyHttpRequest method.
Execute Action	2026-09-26T09:07:15.9203115Z 26/09/26 09:07:13 DEBUG request: Sending Request: DefaultSdkHttpFullRequest(httpMethod=GET, protocol=http, host=rustfs-svc.rustfs.svc.cluster.local, port=9000, encodedPath=/datalake/tables/305c440c-c4c6-4821-b74a-504dd009c463/metadata/dc1f10f7-62f0-41a3-a3c6-f795865d560a-m0.avro, headers=[amz-sdk-invocation-id, Range, User-Agent, x-amz-te], queryParameters=[])
Execute Action	2026-09-26T09:07:15.9203578Z 26/09/26 09:07:13 DEBUG SigningStage: Using SelectedAuthScheme: aws.auth#sigv4
Execute Action	2026-09-26T09:07:15.9204032Z 26/09/26 09:07:13 DEBUG DefaultV4RequestSigner: AWS4 Canonical Request: GET
Execute Action	2026-09-26T09:07:15.9204494Z /datalake/tables/305c440c-c4c6-4821-b74a-504dd009c463/metadata/dc1f10f7-62f0-41a3-a3c6-f795865d560a-m0.avro
Execute Action	2026-09-26T09:07:15.9204671Z 
Execute Action	2026-09-26T09:07:15.9205042Z amz-sdk-invocation-id:32f30e44-6e2b-0f1a-5673-f31eb2f83c12
Execute Action	2026-09-26T09:07:15.9205387Z amz-sdk-request:attempt=1; max=6
Execute Action	2026-09-26T09:07:15.9205888Z host:rustfs-svc.rustfs.svc.cluster.local:9000
Execute Action	2026-09-26T09:07:15.9206221Z range:bytes=0-
Execute Action	2026-09-26T09:07:15.9206600Z x-amz-checksum-crc32:AAAAAA==
Execute Action	2026-09-26T09:07:15.9207030Z x-amz-content-sha256:UNSIGNED-PAYLOAD
Execute Action	2026-09-26T09:07:15.9207392Z x-amz-date:20260926T090713Z
Execute Action	2026-09-26T09:07:15.9207729Z x-amz-te:append-md5
Execute Action	2026-09-26T09:07:15.9207892Z 
Execute Action	2026-09-26T09:07:15.9208802Z amz-sdk-invocation-id;amz-sdk-request;host;range;x-amz-checksum-crc32;x-amz-content-sha256;x-amz-date;x-amz-te
Execute Action	2026-09-26T09:07:15.9209018Z UNSIGNED-PAYLOAD
Execute Action	2026-09-26T09:07:15.9209552Z 26/09/26 09:07:13 DEBUG DefaultV4RequestSigner: AWS4 Canonical Request Hash: 5b6d4fb79a044d76deb3e977a2dbd5d5510c44fee0f2f52503790c24a177dc9c
Execute Action	2026-09-26T09:07:15.9209922Z 26/09/26 09:07:13 DEBUG DefaultV4RequestSigner: AWS4 String to sign: AWS4-HMAC-SHA256
Execute Action	2026-09-26T09:07:15.9210117Z 20260926T090713Z
Execute Action	2026-09-26T09:07:15.9210372Z 20260926/us-east-1/s3/aws4_request
Execute Action	2026-09-26T09:07:15.9210710Z 5b6d4fb79a044d76deb3e977a2dbd5d5510c44fee0f2f52503790c24a177dc9c
Execute Action	2026-09-26T09:07:15.9211255Z 26/09/26 09:07:13 DEBUG requestId: Received successful response: 206, Request ID: 38119eb3-5dec-456a-b034-ae2688c336d9, Extended Request ID: not available
Execute Action	2026-09-26T09:07:15.9212124Z 26/09/26 09:07:13 DEBUG request: Received successful response: 206, Request ID: 38119eb3-5dec-456a-b034-ae2688c336d9, Extended Request ID: not available
Execute Action	2026-09-26T09:07:15.9219830Z 26/09/26 09:07:13 DEBUG ExecutionInterceptorChain: Creating an interceptor chain that will apply interceptors in the following order: [software.amazon.awssdk.core.internal.interceptor.HttpChecksumValidationInterceptor@1b42f03, software.amazon.awssdk.awscore.interceptor.HelpfulUnknownHostExceptionInterceptor@14295ba6, software.amazon.awssdk.awscore.eventstream.EventStreamInitialRequestInterceptor@25b51297, software.amazon.awssdk.awscore.interceptor.TraceIdExecutionInterceptor@1e16a17b, software.amazon.awssdk.services.s3.auth.scheme.internal.S3AuthSchemeInterceptor@3efa598d, software.amazon.awssdk.services.s3.endpoints.internal.S3ResolveEndpointInterceptor@60d0c19f, software.amazon.awssdk.services.s3.endpoints.internal.S3RequestSetEndpointInterceptor@6dfc56b8, software.amazon.awssdk.services.s3.internal.handlers.StreamingRequestInterceptor@464a2f05, software.amazon.awssdk.services.s3.internal.handlers.CreateBucketInterceptor@2a902070, software.amazon.awssdk.services.s3.internal.handlers.CreateMultipartUploadRequestInterceptor@4c2ad084, software.amazon.awssdk.services.s3.internal.handlers.DecodeUrlEncodedResponseInterceptor@436c162f, software.amazon.awssdk.services.s3.internal.handlers.GetBucketPolicyInterceptor@54493b40, software.amazon.awssdk.services.s3.internal.handlers.AsyncChecksumValidationInterceptor@7ff11219, software.amazon.awssdk.services.s3.internal.handlers.SyncChecksumValidationInterceptor@65c55393, software.amazon.awssdk.services.s3.internal.handlers.EnableTrailingChecksumInterceptor@46bbec6a, software.amazon.awssdk.services.s3.internal.handlers.ExceptionTranslationInterceptor@5bb55cc6, software.amazon.awssdk.services.s3.internal.handlers.GetObjectInterceptor@2ca3ec73, software.amazon.awssdk.services.s3.internal.handlers.ObjectMetadataInterceptor@63b57bbf]
Execute Action	2026-09-26T09:07:15.9220997Z 26/09/26 09:07:13 DEBUG ExecutionInterceptorChain: Interceptor 'software.amazon.awssdk.services.s3.endpoints.internal.S3RequestSetEndpointInterceptor@6dfc56b8' modified the message with its modifyHttpRequest method.
Execute Action	2026-09-26T09:07:15.9222200Z 26/09/26 09:07:13 DEBUG ExecutionInterceptorChain: Interceptor 'software.amazon.awssdk.services.s3.internal.handlers.EnableTrailingChecksumInterceptor@46bbec6a' modified the message with its modifyHttpRequest method.
Execute Action	2026-09-26T09:07:15.9224522Z 26/09/26 09:07:13 DEBUG request: Sending Request: DefaultSdkHttpFullRequest(httpMethod=GET, protocol=http, host=rustfs-svc.rustfs.svc.cluster.local, port=9000, encodedPath=/datalake/tables/305c440c-c4c6-4821-b74a-504dd009c463/metadata/52da6bd8-2177-4914-b6fd-80bae64380f9-m0.avro, headers=[amz-sdk-invocation-id, Range, User-Agent, x-amz-te], queryParameters=[])
Execute Action	2026-09-26T09:07:15.9225084Z 26/09/26 09:07:13 DEBUG requestId: Received successful response: 206, Request ID: 284b7919-a22f-4f97-b148-73f64b5c1859, Extended Request ID: not available
Execute Action	2026-09-26T09:07:15.9225438Z 26/09/26 09:07:13 DEBUG SigningStage: Using SelectedAuthScheme: aws.auth#sigv4
Execute Action	2026-09-26T09:07:15.9225976Z 26/09/26 09:07:13 DEBUG request: Received successful response: 206, Request ID: 284b7919-a22f-4f97-b148-73f64b5c1859, Extended Request ID: not available
Execute Action	2026-09-26T09:07:15.9226322Z 26/09/26 09:07:13 DEBUG DefaultV4RequestSigner: AWS4 Canonical Request: GET
Execute Action	2026-09-26T09:07:15.9226773Z /datalake/tables/305c440c-c4c6-4821-b74a-504dd009c463/metadata/52da6bd8-2177-4914-b6fd-80bae64380f9-m0.avro
Execute Action	2026-09-26T09:07:15.9226940Z 
Execute Action	2026-09-26T09:07:15.9227265Z amz-sdk-invocation-id:0ec83809-648b-62bd-0dad-e51227f4dbda
Execute Action	2026-09-26T09:07:15.9227515Z amz-sdk-request:attempt=1; max=6
Execute Action	2026-09-26T09:07:15.9227936Z host:rustfs-svc.rustfs.svc.cluster.local:9000
Execute Action	2026-09-26T09:07:15.9228211Z range:bytes=0-
Execute Action	2026-09-26T09:07:15.9228560Z x-amz-checksum-crc32:AAAAAA==
Execute Action	2026-09-26T09:07:15.9228965Z x-amz-content-sha256:UNSIGNED-PAYLOAD
Execute Action	2026-09-26T09:07:15.9229343Z x-amz-date:20260926T090713Z
Execute Action	2026-09-26T09:07:15.9229697Z x-amz-te:append-md5
Execute Action	2026-09-26T09:07:15.9229958Z 
Execute Action	2026-09-26T09:07:15.9230474Z amz-sdk-invocation-id;amz-sdk-request;host;range;x-amz-checksum-crc32;x-amz-content-sha256;x-amz-date;x-amz-te
Execute Action	2026-09-26T09:07:15.9230684Z UNSIGNED-PAYLOAD
Execute Action	2026-09-26T09:07:15.9231213Z 26/09/26 09:07:13 DEBUG DefaultV4RequestSigner: AWS4 Canonical Request Hash: 585b4f47c45e5639319b7f2b380a1adb54323158b4b99d87facf55b58d36b88e
Execute Action	2026-09-26T09:07:15.9231589Z 26/09/26 09:07:13 DEBUG DefaultV4RequestSigner: AWS4 String to sign: AWS4-HMAC-SHA256
Execute Action	2026-09-26T09:07:15.9231783Z 20260926T090713Z
Execute Action	2026-09-26T09:07:15.9232032Z 20260926/us-east-1/s3/aws4_request
Execute Action	2026-09-26T09:07:15.9232363Z 585b4f47c45e5639319b7f2b380a1adb54323158b4b99d87facf55b58d36b88e
Execute Action	2026-09-26T09:07:15.9233084Z 26/09/26 09:07:13 DEBUG requestId: Received successful response: 206, Request ID: f0553d52-87bf-4193-8fa7-22e0bd992c49, Extended Request ID: not available
Execute Action	2026-09-26T09:07:15.9233631Z 26/09/26 09:07:13 DEBUG request: Received successful response: 206, Request ID: f0553d52-87bf-4193-8fa7-22e0bd992c49, Extended Request ID: not available
Execute Action	2026-09-26T09:07:15.9234300Z 26/09/26 09:07:13 DEBUG requestId: Received successful response: 206, Request ID: c1b9e0e7-4745-4086-8257-d896a800ac1d, Extended Request ID: not available
Execute Action	2026-09-26T09:07:15.9234818Z 26/09/26 09:07:13 DEBUG request: Received successful response: 206, Request ID: c1b9e0e7-4745-4086-8257-d896a800ac1d, Extended Request ID: not available
Execute Action	2026-09-26T09:07:15.9235331Z 26/09/26 09:07:13 DEBUG requestId: Received successful response: 206, Request ID: 92027fbe-6932-4b2e-8638-f46724ca7122, Extended Request ID: not available
Execute Action	2026-09-26T09:07:15.9235847Z 26/09/26 09:07:13 DEBUG request: Received successful response: 206, Request ID: 92027fbe-6932-4b2e-8638-f46724ca7122, Extended Request ID: not available
Execute Action	2026-09-26T09:07:15.9236367Z 26/09/26 09:07:13 DEBUG requestId: Received successful response: 206, Request ID: ba2cbc98-9361-419b-82d9-2c8402fde64c, Extended Request ID: not available
Execute Action	2026-09-26T09:07:15.9237038Z 26/09/26 09:07:13 DEBUG request: Received successful response: 206, Request ID: ba2cbc98-9361-419b-82d9-2c8402fde64c, Extended Request ID: not available
Execute Action	2026-09-26T09:07:15.9237578Z 26/09/26 09:07:13 DEBUG requestId: Received successful response: 206, Request ID: f1d3bf3a-14b0-4b4f-ab44-9ed0e4a2132d, Extended Request ID: not available
Execute Action	2026-09-26T09:07:15.9238093Z 26/09/26 09:07:13 DEBUG request: Received successful response: 206, Request ID: f1d3bf3a-14b0-4b4f-ab44-9ed0e4a2132d, Extended Request ID: not available
Execute Action	2026-09-26T09:07:15.9238842Z 26/09/26 09:07:13 DEBUG requestId: Received successful response: 206, Request ID: 96052284-9a75-4d7b-a3bc-9b2bf47b4501, Extended Request ID: not available
Execute Action	2026-09-26T09:07:15.9239517Z 26/09/26 09:07:13 DEBUG request: Received successful response: 206, Request ID: 96052284-9a75-4d7b-a3bc-9b2bf47b4501, Extended Request ID: not available
Execute Action	2026-09-26T09:07:15.9240087Z 26/09/26 09:07:13 DEBUG requestId: Received successful response: 206, Request ID: b386ae5b-5c64-4a76-a17f-2a59b52ce5eb, Extended Request ID: not available
Execute Action	2026-09-26T09:07:15.9240668Z 26/09/26 09:07:13 DEBUG request: Received successful response: 206, Request ID: b386ae5b-5c64-4a76-a17f-2a59b52ce5eb, Extended Request ID: not available
Execute Action	2026-09-26T09:07:15.9241298Z 26/09/26 09:07:13 DEBUG requestId: Received successful response: 206, Request ID: 48fa5f32-110f-4814-a913-1d111cdb3dad, Extended Request ID: not available
Execute Action	2026-09-26T09:07:15.9241930Z 26/09/26 09:07:13 DEBUG request: Received successful response: 206, Request ID: 48fa5f32-110f-4814-a913-1d111cdb3dad, Extended Request ID: not available
Execute Action	2026-09-26T09:07:15.9242523Z 26/09/26 09:07:13 DEBUG requestId: Received successful response: 206, Request ID: 25de3ab9-608b-4fcd-8453-505155d95a7b, Extended Request ID: not available
Execute Action	2026-09-26T09:07:15.9243303Z 26/09/26 09:07:13 DEBUG request: Received successful response: 206, Request ID: 25de3ab9-608b-4fcd-8453-505155d95a7b, Extended Request ID: not available
Execute Action	2026-09-26T09:07:15.9243843Z 26/09/26 09:07:13 DEBUG requestId: Received successful response: 206, Request ID: 71692402-e93b-4569-8940-66505e96df93, Extended Request ID: not available
Execute Action	2026-09-26T09:07:15.9244583Z 26/09/26 09:07:13 DEBUG request: Received successful response: 206, Request ID: 71692402-e93b-4569-8940-66505e96df93, Extended Request ID: not available
Execute Action	2026-09-26T09:07:15.9245203Z 26/09/26 09:07:13 DEBUG requestId: Received successful response: 206, Request ID: 2ed91d7c-6b0b-4cbc-926b-ea053d4e2846, Extended Request ID: not available
Execute Action	2026-09-26T09:07:15.9245812Z 26/09/26 09:07:13 DEBUG request: Received successful response: 206, Request ID: 2ed91d7c-6b0b-4cbc-926b-ea053d4e2846, Extended Request ID: not available
Execute Action	2026-09-26T09:07:15.9246383Z 26/09/26 09:07:13 DEBUG requestId: Received successful response: 206, Request ID: 01226711-9601-4e60-bf86-c0b0dd7ccfbb, Extended Request ID: not available
Execute Action	2026-09-26T09:07:15.9246949Z 26/09/26 09:07:13 DEBUG request: Received successful response: 206, Request ID: 01226711-9601-4e60-bf86-c0b0dd7ccfbb, Extended Request ID: not available
Execute Action	2026-09-26T09:07:15.9247574Z 26/09/26 09:07:13 DEBUG requestId: Received successful response: 206, Request ID: 6ab721f0-92b7-40c4-9b7c-805da2f60fae, Extended Request ID: not available
Execute Action	2026-09-26T09:07:15.9248182Z 26/09/26 09:07:13 DEBUG request: Received successful response: 206, Request ID: 6ab721f0-92b7-40c4-9b7c-805da2f60fae, Extended Request ID: not available
Execute Action	2026-09-26T09:07:15.9248742Z 26/09/26 09:07:13 DEBUG requestId: Received successful response: 206, Request ID: 66538ce5-1e8c-4d76-a61b-16b17fedb11c, Extended Request ID: not available
Execute Action	2026-09-26T09:07:15.9249388Z 26/09/26 09:07:13 DEBUG request: Received successful response: 206, Request ID: 66538ce5-1e8c-4d76-a61b-16b17fedb11c, Extended Request ID: not available
Execute Action	2026-09-26T09:07:15.9250004Z 26/09/26 09:07:13 DEBUG requestId: Received successful response: 206, Request ID: 1923af04-d51c-4583-9db9-2d80952d74a9, Extended Request ID: not available
Execute Action	2026-09-26T09:07:15.9250611Z 26/09/26 09:07:13 DEBUG request: Received successful response: 206, Request ID: 1923af04-d51c-4583-9db9-2d80952d74a9, Extended Request ID: not available
Execute Action	2026-09-26T09:07:15.9251210Z 26/09/26 09:07:13 DEBUG requestId: Received successful response: 206, Request ID: de706a5f-065d-453b-9f2f-32be146fca37, Extended Request ID: not available
Execute Action	2026-09-26T09:07:15.9251734Z 26/09/26 09:07:13 DEBUG request: Received successful response: 206, Request ID: de706a5f-065d-453b-9f2f-32be146fca37, Extended Request ID: not available
Execute Action	2026-09-26T09:07:15.9252420Z 26/09/26 09:07:13 DEBUG requestId: Received successful response: 206, Request ID: aae77d5c-5561-40dd-bbfe-a549d489b1d1, Extended Request ID: not available
Execute Action	2026-09-26T09:07:15.9253159Z 26/09/26 09:07:13 DEBUG request: Received successful response: 206, Request ID: aae77d5c-5561-40dd-bbfe-a549d489b1d1, Extended Request ID: not available
Execute Action	2026-09-26T09:07:15.9257886Z 26/09/26 09:07:13 INFO LoggingMetricsReporter: Received metrics report: ScanReport{tableName=datalake.events.bluesky_posts, snapshotId=900769543955799475, filter=true, schemaId=0, projectedFieldIds=[1, 2, 3, 4, 5, 7, 8], projectedFieldNames=[event_ts, did, post_uri, action, text, raw, langs.element], scanMetrics=ScanMetricsResult{totalPlanningDuration=TimerResult{timeUnit=NANOSECONDS, totalDuration=PT13.725378413S, count=1}, resultDataFiles=CounterResult{unit=COUNT, value=1090}, resultDeleteFiles=CounterResult{unit=COUNT, value=0}, totalDataManifests=CounterResult{unit=COUNT, value=1089}, totalDeleteManifests=CounterResult{unit=COUNT, value=0}, scannedDataManifests=CounterResult{unit=COUNT, value=1089}, skippedDataManifests=CounterResult{unit=COUNT, value=0}, totalFileSizeInBytes=CounterResult{unit=BYTES, value=1065300424}, totalDeleteFileSizeInBytes=CounterResult{unit=BYTES, value=0}, skippedDataFiles=CounterResult{unit=COUNT, value=0}, skippedDeleteFiles=CounterResult{unit=COUNT, value=0}, scannedDeleteManifests=CounterResult{unit=COUNT, value=0}, skippedDeleteManifests=CounterResult{unit=COUNT, value=0}, indexedDeleteFiles=CounterResult{unit=COUNT, value=0}, equalityDeleteFiles=CounterResult{unit=COUNT, value=0}, positionalDeleteFiles=CounterResult{unit=COUNT, value=0}, dvs=CounterResult{unit=COUNT, value=0}}, metadata={engine-version=4.0.4, iceberg-version=Apache Iceberg 1.11.0 (commit 6976e020b894f6a6777704df2b8c4458cb291ae9), app-id=local-1790413603610, engine-name=spark, app-name=iceberg-maintenance}}
Execute Action	2026-09-26T09:07:15.9258609Z 26/09/26 09:07:13 INFO BaseCommitService: Creating commit service for table datalake.events.bluesky_posts with 1 groups per commit
Execute Action	2026-09-26T09:07:15.9259249Z 26/09/26 09:07:13 INFO BaseCommitService: Starting commit service for datalake.events.bluesky_posts
Execute Action	2026-09-26T09:07:15.9259720Z 26/09/26 09:07:14 INFO V2ScanRelationPushDown: 
Execute Action	2026-09-26T09:07:15.9260514Z Output: event_ts#434, did#435, post_uri#436, action#437, text#438, langs#439, raw#440
Execute Action	2026-09-26T09:07:15.9260746Z            
Execute Action	2026-09-26T09:07:15.9261126Z 26/09/26 09:07:14 INFO V2ScanRelationPushDown: 
Execute Action	2026-09-26T09:07:15.9261679Z Output: event_ts#441, did#442, post_uri#443, action#444, text#445, langs#446, raw#447
Execute Action	2026-09-26T09:07:15.9261872Z            
Execute Action	2026-09-26T09:07:15.9262425Z 26/09/26 09:07:14 INFO MemoryStore: Block broadcast_18 stored as values in memory (estimated size 32.0 KiB, free 434.2 MiB)
Execute Action	2026-09-26T09:07:15.9263052Z 26/09/26 09:07:14 INFO MemoryStore: Block broadcast_17 stored as values in memory (estimated size 32.0 KiB, free 434.2 MiB)
Execute Action	2026-09-26T09:07:15.9263598Z 26/09/26 09:07:14 INFO MemoryStore: Block broadcast_18_piece0 stored as bytes in memory (estimated size 2.5 KiB, free 434.2 MiB)
Execute Action	2026-09-26T09:07:15.9264065Z 26/09/26 09:07:14 INFO MemoryStore: Block broadcast_17_piece0 stored as bytes in memory (estimated size 2.5 KiB, free 434.2 MiB)
Execute Action	2026-09-26T09:07:15.9264599Z 26/09/26 09:07:14 INFO SparkContext: Created broadcast 18 from broadcast at SparkBatch.java:90
Execute Action	2026-09-26T09:07:15.9265020Z 26/09/26 09:07:14 INFO SparkContext: Created broadcast 17 from broadcast at SparkBatch.java:90
Execute Action	2026-09-26T09:07:15.9265598Z 26/09/26 09:07:14 INFO MemoryStore: Block broadcast_19 stored as values in memory (estimated size 32.0 KiB, free 434.2 MiB)
Execute Action	2026-09-26T09:07:15.9266171Z 26/09/26 09:07:14 INFO MemoryStore: Block broadcast_20 stored as values in memory (estimated size 32.0 KiB, free 434.1 MiB)
Execute Action	2026-09-26T09:07:15.9266872Z 26/09/26 09:07:14 INFO MemoryStore: Block broadcast_19_piece0 stored as bytes in memory (estimated size 1365.0 B, free 434.1 MiB)
Execute Action	2026-09-26T09:07:15.9267335Z 26/09/26 09:07:14 INFO MemoryStore: Block broadcast_20_piece0 stored as bytes in memory (estimated size 1365.0 B, free 434.1 MiB)
Execute Action	2026-09-26T09:07:15.9267842Z 26/09/26 09:07:14 INFO SparkContext: Created broadcast 19 from broadcast at SparkBatch.java:92
Execute Action	2026-09-26T09:07:15.9268255Z 26/09/26 09:07:14 INFO SparkContext: Created broadcast 20 from broadcast at SparkBatch.java:92
Execute Action	2026-09-26T09:07:15.9268793Z 26/09/26 09:07:14 INFO MemoryStore: Block broadcast_21 stored as values in memory (estimated size 32.0 KiB, free 434.1 MiB)
Execute Action	2026-09-26T09:07:15.9269357Z 26/09/26 09:07:14 INFO MemoryStore: Block broadcast_22 stored as values in memory (estimated size 32.0 KiB, free 434.1 MiB)
Execute Action	2026-09-26T09:07:15.9269842Z 26/09/26 09:07:14 INFO MemoryStore: Block broadcast_21_piece0 stored as bytes in memory (estimated size 2.5 KiB, free 434.1 MiB)
Execute Action	2026-09-26T09:07:15.9270327Z 26/09/26 09:07:14 INFO SparkContext: Created broadcast 21 from broadcast at SparkBatch.java:90
Execute Action	2026-09-26T09:07:15.9270848Z 26/09/26 09:07:14 INFO MemoryStore: Block broadcast_22_piece0 stored as bytes in memory (estimated size 2.5 KiB, free 434.1 MiB)
Execute Action	2026-09-26T09:07:15.9271466Z 26/09/26 09:07:14 INFO SparkContext: Created broadcast 22 from broadcast at SparkBatch.java:90
Execute Action	2026-09-26T09:07:15.9272064Z 26/09/26 09:07:14 INFO MemoryStore: Block broadcast_23 stored as values in memory (estimated size 32.0 KiB, free 434.0 MiB)
Execute Action	2026-09-26T09:07:15.9272732Z 26/09/26 09:07:14 INFO MemoryStore: Block broadcast_24 stored as values in memory (estimated size 32.0 KiB, free 434.0 MiB)
Execute Action	2026-09-26T09:07:15.9273455Z 26/09/26 09:07:14 INFO MemoryStore: Block broadcast_23_piece0 stored as bytes in memory (estimated size 1365.0 B, free 434.0 MiB)
Execute Action	2026-09-26T09:07:15.9274071Z 26/09/26 09:07:14 INFO MemoryStore: Block broadcast_24_piece0 stored as bytes in memory (estimated size 1365.0 B, free 434.0 MiB)
Execute Action	2026-09-26T09:07:15.9274564Z 26/09/26 09:07:14 INFO SparkContext: Created broadcast 24 from broadcast at SparkBatch.java:92
Execute Action	2026-09-26T09:07:15.9274948Z 26/09/26 09:07:14 INFO SparkContext: Created broadcast 23 from broadcast at SparkBatch.java:92
Execute Action	2026-09-26T09:07:15.9275369Z 26/09/26 09:07:14 INFO CodeGenerator: Code generated in 5.951803 ms
Execute Action	2026-09-26T09:07:15.9275873Z 26/09/26 09:07:14 INFO MemoryStore: Block broadcast_26 stored as values in memory (estimated size 32.0 KiB, free 433.9 MiB)
Execute Action	2026-09-26T09:07:15.9276383Z 26/09/26 09:07:14 INFO MemoryStore: Block broadcast_25 stored as values in memory (estimated size 32.0 KiB, free 433.9 MiB)
Execute Action	2026-09-26T09:07:15.9276939Z 26/09/26 09:07:14 INFO MemoryStore: Block broadcast_26_piece0 stored as bytes in memory (estimated size 2.5 KiB, free 433.9 MiB)
Execute Action	2026-09-26T09:07:15.9277629Z 26/09/26 09:07:14 INFO MemoryStore: Block broadcast_25_piece0 stored as bytes in memory (estimated size 2.5 KiB, free 433.9 MiB)
Execute Action	2026-09-26T09:07:15.9278019Z 26/09/26 09:07:14 INFO SparkContext: Created broadcast 26 from broadcast at SparkWrite.java:214
Execute Action	2026-09-26T09:07:15.9278497Z 26/09/26 09:07:14 INFO SparkContext: Created broadcast 25 from broadcast at SparkWrite.java:214
Execute Action	2026-09-26T09:07:15.9279247Z 26/09/26 09:07:14 INFO AppendDataExec: Start processing data source write support: IcebergBatchWrite(table=datalake.events.bluesky_posts, format=PARQUET). The input RDD has 1} partitions.
Execute Action	2026-09-26T09:07:15.9279971Z 26/09/26 09:07:14 INFO AppendDataExec: Start processing data source write support: IcebergBatchWrite(table=datalake.events.bluesky_posts, format=PARQUET). The input RDD has 2} partitions.
Execute Action	2026-09-26T09:07:15.9280385Z 26/09/26 09:07:14 INFO SparkContext: Starting job: save at SparkBinPackFileRewriteRunner.java:62
Execute Action	2026-09-26T09:07:15.9280871Z 26/09/26 09:07:14 INFO SparkContext: Starting job: save at SparkBinPackFileRewriteRunner.java:62
Execute Action	2026-09-26T09:07:15.9281329Z 26/09/26 09:07:14 INFO DAGScheduler: Got job 2 (save at SparkBinPackFileRewriteRunner.java:62) with 2 output partitions
Execute Action	2026-09-26T09:07:15.9281890Z 26/09/26 09:07:14 INFO DAGScheduler: Final stage: ResultStage 5 (save at SparkBinPackFileRewriteRunner.java:62)
Execute Action	2026-09-26T09:07:15.9282482Z 26/09/26 09:07:14 INFO DAGScheduler: Parents of final stage: List()
Execute Action	2026-09-26T09:07:15.9282999Z 26/09/26 09:07:14 INFO DAGScheduler: Missing parents: List()
Execute Action	2026-09-26T09:07:15.9283673Z 26/09/26 09:07:14 INFO DAGScheduler: Submitting ResultStage 5 (MapPartitionsRDD[31] at save at SparkBinPackFileRewriteRunner.java:62), which has no missing parents
Execute Action	2026-09-26T09:07:15.9284259Z 26/09/26 09:07:14 INFO MemoryStore: Block broadcast_27 stored as values in memory (estimated size 21.5 KiB, free 433.9 MiB)
Execute Action	2026-09-26T09:07:15.9285076Z 26/09/26 09:07:14 INFO MemoryStore: Block broadcast_27_piece0 stored as bytes in memory (estimated size 8.6 KiB, free 433.9 MiB)
Execute Action	2026-09-26T09:07:15.9285760Z 26/09/26 09:07:14 INFO SparkContext: Created broadcast 27 from broadcast at DAGScheduler.scala:1676
Execute Action	2026-09-26T09:07:15.9286956Z 26/09/26 09:07:14 INFO DAGScheduler: Submitting 2 missing tasks from ResultStage 5 (MapPartitionsRDD[31] at save at SparkBinPackFileRewriteRunner.java:62) (first 15 tasks are for partitions Vector(0, 1))
Execute Action	2026-09-26T09:07:15.9287620Z 26/09/26 09:07:14 INFO TaskSchedulerImpl: Adding task set 5.0 with 2 tasks resource profile 0
Execute Action	2026-09-26T09:07:15.9288370Z 26/09/26 09:07:14 INFO DAGScheduler: Got job 3 (save at SparkBinPackFileRewriteRunner.java:62) with 1 output partitions
Execute Action	2026-09-26T09:07:15.9289041Z 26/09/26 09:07:14 INFO DAGScheduler: Final stage: ResultStage 6 (save at SparkBinPackFileRewriteRunner.java:62)
Execute Action	2026-09-26T09:07:15.9289370Z 26/09/26 09:07:14 INFO DAGScheduler: Parents of final stage: List()
Execute Action	2026-09-26T09:07:15.9289823Z 26/09/26 09:07:14 INFO DAGScheduler: Missing parents: List()
Execute Action	2026-09-26T09:07:15.9290405Z 26/09/26 09:07:14 INFO DAGScheduler: Submitting ResultStage 6 (MapPartitionsRDD[30] at save at SparkBinPackFileRewriteRunner.java:62), which has no missing parents
Execute Action	2026-09-26T09:07:15.9290857Z 26/09/26 09:07:14 INFO MemoryStore: Block broadcast_28 stored as values in memory (estimated size 21.5 KiB, free 433.9 MiB)
Execute Action	2026-09-26T09:07:15.9291323Z 26/09/26 09:07:14 INFO MemoryStore: Block broadcast_28_piece0 stored as bytes in memory (estimated size 8.6 KiB, free 433.9 MiB)
Execute Action	2026-09-26T09:07:15.9291780Z 26/09/26 09:07:14 INFO SparkContext: Created broadcast 28 from broadcast at DAGScheduler.scala:1676
Execute Action	2026-09-26T09:07:15.9292497Z 26/09/26 09:07:14 INFO DAGScheduler: Submitting 1 missing tasks from ResultStage 6 (MapPartitionsRDD[30] at save at SparkBinPackFileRewriteRunner.java:62) (first 15 tasks are for partitions Vector(0))
Execute Action	2026-09-26T09:07:15.9293110Z 26/09/26 09:07:14 INFO TaskSchedulerImpl: Adding task set 6.0 with 1 tasks resource profile 0
Execute Action	2026-09-26T09:07:15.9293724Z 26/09/26 09:07:14 INFO TaskSetManager: Starting task 0.0 in stage 5.0 (TID 201) (manual-maintenance-20260926-085159-qv4pp,executor driver, partition 0, PROCESS_LOCAL, 376485 bytes) 
Execute Action	2026-09-26T09:07:15.9294342Z 26/09/26 09:07:14 INFO TaskSetManager: Starting task 1.0 in stage 5.0 (TID 202) (manual-maintenance-20260926-085159-qv4pp,executor driver, partition 1, PROCESS_LOCAL, 324550 bytes) 
Execute Action	2026-09-26T09:07:15.9294817Z 26/09/26 09:07:14 INFO Executor: Running task 0.0 in stage 5.0 (TID 201)
Execute Action	2026-09-26T09:07:15.9295146Z 26/09/26 09:07:14 INFO Executor: Running task 1.0 in stage 5.0 (TID 202)
Execute Action	2026-09-26T09:07:15.9295468Z 26/09/26 09:07:14 INFO CodeGenerator: Code generated in 13.960847 ms
Execute Action	2026-09-26T09:07:15.9296123Z 26/09/26 09:07:14 INFO FormatModelRegistry: Unable to call register for (org.apache.iceberg.flink.data.FlinkFormatModels). Check for missing jars on the classpath: Cannot find method: register
Execute Action	2026-09-26T09:07:15.9303592Z 26/09/26 09:07:15 DEBUG ExecutionInterceptorChain: Creating an interceptor chain that will apply interceptors in the following order: [software.amazon.awssdk.core.internal.interceptor.HttpChecksumValidationInterceptor@1b42f03, software.amazon.awssdk.awscore.interceptor.HelpfulUnknownHostExceptionInterceptor@14295ba6, software.amazon.awssdk.awscore.eventstream.EventStreamInitialRequestInterceptor@25b51297, software.amazon.awssdk.awscore.interceptor.TraceIdExecutionInterceptor@1e16a17b, software.amazon.awssdk.services.s3.auth.scheme.internal.S3AuthSchemeInterceptor@3efa598d, software.amazon.awssdk.services.s3.endpoints.internal.S3ResolveEndpointInterceptor@60d0c19f, software.amazon.awssdk.services.s3.endpoints.internal.S3RequestSetEndpointInterceptor@6dfc56b8, software.amazon.awssdk.services.s3.internal.handlers.StreamingRequestInterceptor@464a2f05, software.amazon.awssdk.services.s3.internal.handlers.CreateBucketInterceptor@2a902070, software.amazon.awssdk.services.s3.internal.handlers.CreateMultipartUploadRequestInterceptor@4c2ad084, software.amazon.awssdk.services.s3.internal.handlers.DecodeUrlEncodedResponseInterceptor@436c162f, software.amazon.awssdk.services.s3.internal.handlers.GetBucketPolicyInterceptor@54493b40, software.amazon.awssdk.services.s3.internal.handlers.AsyncChecksumValidationInterceptor@7ff11219, software.amazon.awssdk.services.s3.internal.handlers.SyncChecksumValidationInterceptor@65c55393, software.amazon.awssdk.services.s3.internal.handlers.EnableTrailingChecksumInterceptor@46bbec6a, software.amazon.awssdk.services.s3.internal.handlers.ExceptionTranslationInterceptor@5bb55cc6, software.amazon.awssdk.services.s3.internal.handlers.GetObjectInterceptor@2ca3ec73, software.amazon.awssdk.services.s3.internal.handlers.ObjectMetadataInterceptor@63b57bbf]
Execute Action	2026-09-26T09:07:15.9310236Z 26/09/26 09:07:15 DEBUG ExecutionInterceptorChain: Creating an interceptor chain that will apply interceptors in the following order: [software.amazon.awssdk.core.internal.interceptor.HttpChecksumValidationInterceptor@1b42f03, software.amazon.awssdk.awscore.interceptor.HelpfulUnknownHostExceptionInterceptor@14295ba6, software.amazon.awssdk.awscore.eventstream.EventStreamInitialRequestInterceptor@25b51297, software.amazon.awssdk.awscore.interceptor.TraceIdExecutionInterceptor@1e16a17b, software.amazon.awssdk.services.s3.auth.scheme.internal.S3AuthSchemeInterceptor@3efa598d, software.amazon.awssdk.services.s3.endpoints.internal.S3ResolveEndpointInterceptor@60d0c19f, software.amazon.awssdk.services.s3.endpoints.internal.S3RequestSetEndpointInterceptor@6dfc56b8, software.amazon.awssdk.services.s3.internal.handlers.StreamingRequestInterceptor@464a2f05, software.amazon.awssdk.services.s3.internal.handlers.CreateBucketInterceptor@2a902070, software.amazon.awssdk.services.s3.internal.handlers.CreateMultipartUploadRequestInterceptor@4c2ad084, software.amazon.awssdk.services.s3.internal.handlers.DecodeUrlEncodedResponseInterceptor@436c162f, software.amazon.awssdk.services.s3.internal.handlers.GetBucketPolicyInterceptor@54493b40, software.amazon.awssdk.services.s3.internal.handlers.AsyncChecksumValidationInterceptor@7ff11219, software.amazon.awssdk.services.s3.internal.handlers.SyncChecksumValidationInterceptor@65c55393, software.amazon.awssdk.services.s3.internal.handlers.EnableTrailingChecksumInterceptor@46bbec6a, software.amazon.awssdk.services.s3.internal.handlers.ExceptionTranslationInterceptor@5bb55cc6, software.amazon.awssdk.services.s3.internal.handlers.GetObjectInterceptor@2ca3ec73, software.amazon.awssdk.services.s3.internal.handlers.ObjectMetadataInterceptor@63b57bbf]
Execute Action	2026-09-26T09:07:15.9311190Z 26/09/26 09:07:15 DEBUG ExecutionInterceptorChain: Interceptor 'software.amazon.awssdk.services.s3.endpoints.internal.S3RequestSetEndpointInterceptor@6dfc56b8' modified the message with its modifyHttpRequest method.
Execute Action	2026-09-26T09:07:15.9311991Z 26/09/26 09:07:15 DEBUG ExecutionInterceptorChain: Interceptor 'software.amazon.awssdk.services.s3.internal.handlers.EnableTrailingChecksumInterceptor@46bbec6a' modified the message with its modifyHttpRequest method.
Execute Action	2026-09-26T09:07:15.9313463Z 26/09/26 09:07:15 DEBUG request: Sending Request: DefaultSdkHttpFullRequest(httpMethod=GET, protocol=http, host=rustfs-svc.rustfs.svc.cluster.local, port=9000, encodedPath=/datalake/tables/305c440c-c4c6-4821-b74a-504dd009c463/data/day%3D2026-09-25/00000-0-f71cb06f-259b-4224-9d9a-d2cb3d071147.parquet, headers=[amz-sdk-invocation-id, Range, User-Agent, x-amz-te], queryParameters=[])
Execute Action	2026-09-26T09:07:15.9313837Z 26/09/26 09:07:15 DEBUG SigningStage: Using SelectedAuthScheme: aws.auth#sigv4
Execute Action	2026-09-26T09:07:15.9314607Z 26/09/26 09:07:15 DEBUG ExecutionInterceptorChain: Interceptor 'software.amazon.awssdk.services.s3.endpoints.internal.S3RequestSetEndpointInterceptor@6dfc56b8' modified the message with its modifyHttpRequest method.
Execute Action	2026-09-26T09:07:15.9315504Z 26/09/26 09:07:15 DEBUG ExecutionInterceptorChain: Interceptor 'software.amazon.awssdk.services.s3.internal.handlers.EnableTrailingChecksumInterceptor@46bbec6a' modified the message with its modifyHttpRequest method.
Execute Action	2026-09-26T09:07:15.9315965Z 26/09/26 09:07:15 DEBUG DefaultV4RequestSigner: AWS4 Canonical Request: GET
Execute Action	2026-09-26T09:07:15.9316476Z /datalake/tables/305c440c-c4c6-4821-b74a-504dd009c463/data/day%3D2026-09-25/00000-0-f71cb06f-259b-4224-9d9a-d2cb3d071147.parquet
Execute Action	2026-09-26T09:07:15.9316650Z 
Execute Action	2026-09-26T09:07:15.9316979Z amz-sdk-invocation-id:e8d1b3ea-ec89-ae8f-264b-10ab6f95c92f
Execute Action	2026-09-26T09:07:15.9317251Z amz-sdk-request:attempt=1; max=6
Execute Action	2026-09-26T09:07:15.9317549Z host:rustfs-svc.rustfs.svc.cluster.local:9000
Execute Action	2026-09-26T09:07:15.9317767Z range:bytes=886215-
Execute Action	2026-09-26T09:07:15.9318014Z x-amz-checksum-crc32:AAAAAA==
Execute Action	2026-09-26T09:07:15.9318282Z x-amz-content-sha256:UNSIGNED-PAYLOAD
Execute Action	2026-09-26T09:07:15.9318513Z x-amz-date:20260926T090715Z
Execute Action	2026-09-26T09:07:15.9318728Z x-amz-te:append-md5
Execute Action	2026-09-26T09:07:15.9318894Z 
Execute Action	2026-09-26T09:07:15.9319359Z amz-sdk-invocation-id;amz-sdk-request;host;range;x-amz-checksum-crc32;x-amz-content-sha256;x-amz-date;x-amz-te
Execute Action	2026-09-26T09:07:15.9319670Z UNSIGNED-PAYLOAD
Execute Action	2026-09-26T09:07:15.9320197Z 26/09/26 09:07:15 DEBUG DefaultV4RequestSigner: AWS4 Canonical Request Hash: b2b1fd0ec8865445fdfbd1022ca739941f89a0bfc87950ca6cd96c843cc8f912
Execute Action	2026-09-26T09:07:15.9320570Z 26/09/26 09:07:15 DEBUG DefaultV4RequestSigner: AWS4 String to sign: AWS4-HMAC-SHA256
Execute Action	2026-09-26T09:07:15.9320888Z 20260926T090715Z
Execute Action	2026-09-26T09:07:15.9321254Z 20260926/us-east-1/s3/aws4_request
Execute Action	2026-09-26T09:07:15.9321595Z b2b1fd0ec8865445fdfbd1022ca739941f89a0bfc87950ca6cd96c843cc8f912
Execute Action	2026-09-26T09:07:15.9322965Z 26/09/26 09:07:15 DEBUG request: Sending Request: DefaultSdkHttpFullRequest(httpMethod=GET, protocol=http, host=rustfs-svc.rustfs.svc.cluster.local, port=9000, encodedPath=/datalake/tables/305c440c-c4c6-4821-b74a-504dd009c463/data/day%3D2026-09-25/00000-0-ff39c6ab-cd51-4bad-acd4-2813e8a76bb2.parquet, headers=[amz-sdk-invocation-id, Range, User-Agent, x-amz-te], queryParameters=[])
Execute Action	2026-09-26T09:07:15.9323477Z 26/09/26 09:07:15 DEBUG SigningStage: Using SelectedAuthScheme: aws.auth#sigv4
Execute Action	2026-09-26T09:07:15.9323904Z 26/09/26 09:07:15 DEBUG DefaultV4RequestSigner: AWS4 Canonical Request: GET
Execute Action	2026-09-26T09:07:15.9324791Z /datalake/tables/305c440c-c4c6-4821-b74a-504dd009c463/data/day%3D2026-09-25/00000-0-ff39c6ab-cd51-4bad-acd4-2813e8a76bb2.parquet
Execute Action	2026-09-26T09:07:15.9325007Z 
Execute Action	2026-09-26T09:07:15.9325340Z amz-sdk-invocation-id:7ca661ee-9b92-f9e1-cac5-1e6cc35de62f
Execute Action	2026-09-26T09:07:15.9325863Z amz-sdk-request:attempt=1; max=6
Execute Action	2026-09-26T09:07:15.9326378Z host:rustfs-svc.rustfs.svc.cluster.local:9000
Execute Action	2026-09-26T09:07:15.9326670Z range:bytes=1380839-
Execute Action	2026-09-26T09:07:15.9327015Z x-amz-checksum-crc32:AAAAAA==
Execute Action	2026-09-26T09:07:15.9327319Z x-amz-content-sha256:UNSIGNED-PAYLOAD
Execute Action	2026-09-26T09:07:15.9327599Z x-amz-date:20260926T090715Z
Execute Action	2026-09-26T09:07:15.9327813Z x-amz-te:append-md5
Execute Action	2026-09-26T09:07:15.9327980Z 
Execute Action	2026-09-26T09:07:15.9328441Z amz-sdk-invocation-id;amz-sdk-request;host;range;x-amz-checksum-crc32;x-amz-content-sha256;x-amz-date;x-amz-te
Execute Action	2026-09-26T09:07:15.9328656Z UNSIGNED-PAYLOAD
Execute Action	2026-09-26T09:07:15.9329171Z 26/09/26 09:07:15 DEBUG DefaultV4RequestSigner: AWS4 Canonical Request Hash: f41367529a9000b24c9fe4a711f8269f613aaa054390521c24b2dab59e3e45f6
Execute Action	2026-09-26T09:07:15.9329545Z 26/09/26 09:07:15 DEBUG DefaultV4RequestSigner: AWS4 String to sign: AWS4-HMAC-SHA256
Execute Action	2026-09-26T09:07:15.9329751Z 20260926T090715Z
Execute Action	2026-09-26T09:07:15.9330001Z 20260926/us-east-1/s3/aws4_request
Execute Action	2026-09-26T09:07:15.9330446Z f41367529a9000b24c9fe4a711f8269f613aaa054390521c24b2dab59e3e45f6
Execute Action	2026-09-26T09:07:15.9330990Z 26/09/26 09:07:15 DEBUG requestId: Received successful response: 206, Request ID: 4d8bb6c5-6c70-4151-90fa-d3e268eb6763, Extended Request ID: not available
Execute Action	2026-09-26T09:07:15.9331562Z 26/09/26 09:07:15 DEBUG request: Received successful response: 206, Request ID: 4d8bb6c5-6c70-4151-90fa-d3e268eb6763, Extended Request ID: not available
Execute Action	2026-09-26T09:07:15.9332464Z 26/09/26 09:07:15 DEBUG requestId: Received successful response: 206, Request ID: 7f0be56b-db3c-4378-ad49-aba269fb496f, Extended Request ID: not available
Execute Action	2026-09-26T09:07:15.9333489Z 26/09/26 09:07:15 DEBUG request: Received successful response: 206, Request ID: 7f0be56b-db3c-4378-ad49-aba269fb496f, Extended Request ID: not available
Execute Action	2026-09-26T09:07:15.9334105Z → kubectl logs pod/manual-maintenance-20260926-085159-skgwl --tail=2000
Execute Action	2026-09-26T09:07:17.5379789Z 	at java.base/jdk.internal.reflect.NativeMethodAccessorImpl.invoke(NativeMethodAccessorImpl.java:77)
Execute Action	2026-09-26T09:07:17.5380984Z 	at java.base/jdk.internal.reflect.DelegatingMethodAccessorImpl.invoke(DelegatingMethodAccessorImpl.java:43)
Execute Action	2026-09-26T09:07:17.5382522Z 	at java.base/java.lang.reflect.Method.invoke(Method.java:569)
Execute Action	2026-09-26T09:07:17.5383694Z 	at py4j.reflection.MethodInvoker.invoke(MethodInvoker.java:244)
Execute Action	2026-09-26T09:07:17.5384464Z 	at py4j.reflection.ReflectionEngine.invoke(ReflectionEngine.java:374)
Execute Action	2026-09-26T09:07:17.5385386Z 	at py4j.Gateway.invoke(Gateway.java:282)
Execute Action	2026-09-26T09:07:17.5386869Z 	at py4j.commands.AbstractCommand.invokeMethod(AbstractCommand.java:132)
Execute Action	2026-09-26T09:07:17.5388104Z 	at py4j.commands.CallCommand.execute(CallCommand.java:79)
Execute Action	2026-09-26T09:07:17.5388994Z 	at py4j.ClientServerConnection.waitForCommands(ClientServerConnection.java:184)
Execute Action	2026-09-26T09:07:17.5389978Z 	at py4j.ClientServerConnection.run(ClientServerConnection.java:108)
Execute Action	2026-09-26T09:07:17.5391132Z 	at java.base/java.lang.Thread.run(Thread.java:840)
Execute Action	2026-09-26T09:07:17.5392350Z 	Suppressed: org.apache.spark.util.Utils$OriginalTryStackTraceException: Full stacktrace of original doTryWithCallerStacktrace caller
Execute Action	2026-09-26T09:07:17.5394131Z 		at org.apache.iceberg.util.FileSystemWalker.listDirRecursivelyWithHadoop(FileSystemWalker.java:150)
Execute Action	2026-09-26T09:07:17.5395465Z 		at org.apache.iceberg.spark.actions.DeleteOrphanFilesSparkAction.listedFileDS(DeleteOrphanFilesSparkAction.java:440)
Execute Action	2026-09-26T09:07:17.5397026Z 		at org.apache.iceberg.spark.actions.DeleteOrphanFilesSparkAction.actualFileIdentDS(DeleteOrphanFilesSparkAction.java:409)
Execute Action	2026-09-26T09:07:17.5398169Z 		at org.apache.iceberg.spark.actions.DeleteOrphanFilesSparkAction.doExecute(DeleteOrphanFilesSparkAction.java:257)
Execute Action	2026-09-26T09:07:17.5400018Z 		at org.apache.iceberg.spark.JobGroupUtils.withJobGroupInfo(JobGroupUtils.java:59)
Execute Action	2026-09-26T09:07:17.5401464Z 		at org.apache.iceberg.spark.JobGroupUtils.withJobGroupInfo(JobGroupUtils.java:51)
Execute Action	2026-09-26T09:07:17.5403083Z 		at org.apache.iceberg.spark.actions.BaseSparkAction.withJobGroupInfo(BaseSparkAction.java:130)
Execute Action	2026-09-26T09:07:17.5404577Z 		at org.apache.iceberg.spark.actions.DeleteOrphanFilesSparkAction.execute(DeleteOrphanFilesSparkAction.java:239)
Execute Action	2026-09-26T09:07:17.5405665Z 		at org.apache.iceberg.spark.procedures.RemoveOrphanFilesProcedure.lambda$call$1(RemoveOrphanFilesProcedure.java:205)
Execute Action	2026-09-26T09:07:17.5406981Z 		at org.apache.iceberg.spark.procedures.BaseProcedure.execute(BaseProcedure.java:132)
Execute Action	2026-09-26T09:07:17.5408213Z 		at org.apache.iceberg.spark.procedures.BaseProcedure.withIcebergTable(BaseProcedure.java:121)
Execute Action	2026-09-26T09:07:17.5409218Z 		at org.apache.iceberg.spark.procedures.RemoveOrphanFilesProcedure.call(RemoveOrphanFilesProcedure.java:153)
Execute Action	2026-09-26T09:07:17.5411117Z 		at org.apache.spark.sql.catalyst.analysis.InvokeProcedures.org$apache$spark$sql$catalyst$analysis$InvokeProcedures$$invoke(InvokeProcedures.scala:48)
Execute Action	2026-09-26T09:07:17.5412366Z 		at org.apache.spark.sql.catalyst.analysis.InvokeProcedures$$anonfun$apply$1.applyOrElse(InvokeProcedures.scala:40)
Execute Action	2026-09-26T09:07:17.5413486Z 		at org.apache.spark.sql.catalyst.analysis.InvokeProcedures$$anonfun$apply$1.applyOrElse(InvokeProcedures.scala:36)
Execute Action	2026-09-26T09:07:17.5414572Z 		at org.apache.spark.sql.catalyst.plans.logical.AnalysisHelper.$anonfun$resolveOperatorsDownWithPruning$2(AnalysisHelper.scala:200)
Execute Action	2026-09-26T09:07:17.5415752Z 		at org.apache.spark.sql.catalyst.trees.CurrentOrigin$.withOrigin(origin.scala:86)
Execute Action	2026-09-26T09:07:17.5416740Z 		at org.apache.spark.sql.catalyst.plans.logical.AnalysisHelper.$anonfun$resolveOperatorsDownWithPruning$1(AnalysisHelper.scala:200)
Execute Action	2026-09-26T09:07:17.5417841Z 		at org.apache.spark.sql.catalyst.plans.logical.AnalysisHelper$.allowInvokingTransformsInAnalyzer(AnalysisHelper.scala:416)
Execute Action	2026-09-26T09:07:17.5418970Z 		at org.apache.spark.sql.catalyst.plans.logical.AnalysisHelper.resolveOperatorsDownWithPruning(AnalysisHelper.scala:198)
Execute Action	2026-09-26T09:07:17.5420086Z 		at org.apache.spark.sql.catalyst.plans.logical.AnalysisHelper.resolveOperatorsDownWithPruning$(AnalysisHelper.scala:194)
Execute Action	2026-09-26T09:07:17.5421177Z 		at org.apache.spark.sql.catalyst.plans.logical.LogicalPlan.resolveOperatorsDownWithPruning(LogicalPlan.scala:37)
Execute Action	2026-09-26T09:07:17.5422255Z 		at org.apache.spark.sql.catalyst.plans.logical.AnalysisHelper.resolveOperatorsWithPruning(AnalysisHelper.scala:100)
Execute Action	2026-09-26T09:07:17.5423519Z 		at org.apache.spark.sql.catalyst.plans.logical.AnalysisHelper.resolveOperatorsWithPruning$(AnalysisHelper.scala:97)
Execute Action	2026-09-26T09:07:17.5424576Z 		at org.apache.spark.sql.catalyst.plans.logical.LogicalPlan.resolveOperatorsWithPruning(LogicalPlan.scala:37)
Execute Action	2026-09-26T09:07:17.5425701Z 		at org.apache.spark.sql.catalyst.plans.logical.AnalysisHelper.resolveOperators(AnalysisHelper.scala:77)
Execute Action	2026-09-26T09:07:17.5426693Z 		at org.apache.spark.sql.catalyst.plans.logical.AnalysisHelper.resolveOperators$(AnalysisHelper.scala:76)
Execute Action	2026-09-26T09:07:17.5427675Z 		at org.apache.spark.sql.catalyst.plans.logical.LogicalPlan.resolveOperators(LogicalPlan.scala:37)
Execute Action	2026-09-26T09:07:17.5428641Z 		at org.apache.spark.sql.catalyst.analysis.InvokeProcedures.apply(InvokeProcedures.scala:36)
Execute Action	2026-09-26T09:07:17.5429541Z 		at org.apache.spark.sql.catalyst.analysis.InvokeProcedures.apply(InvokeProcedures.scala:34)
Execute Action	2026-09-26T09:07:17.5430439Z 		at org.apache.spark.sql.catalyst.rules.RuleExecutor.$anonfun$execute$2(RuleExecutor.scala:242)
Execute Action	2026-09-26T09:07:17.5431262Z 		at scala.collection.LinearSeqOps.foldLeft(LinearSeq.scala:183)
Execute Action	2026-09-26T09:07:17.5432005Z 		at scala.collection.LinearSeqOps.foldLeft$(LinearSeq.scala:179)
Execute Action	2026-09-26T09:07:17.5432849Z 		at scala.collection.immutable.List.foldLeft(List.scala:79)
Execute Action	2026-09-26T09:07:17.5433675Z 		at org.apache.spark.sql.catalyst.rules.RuleExecutor.$anonfun$execute$1(RuleExecutor.scala:239)
Execute Action	2026-09-26T09:07:17.5434592Z 		at org.apache.spark.sql.catalyst.rules.RuleExecutor.$anonfun$execute$1$adapted(RuleExecutor.scala:231)
Execute Action	2026-09-26T09:07:17.5441370Z 		at scala.collection.immutable.List.foreach(List.scala:334)
Execute Action	2026-09-26T09:07:17.5442213Z 		at org.apache.spark.sql.catalyst.rules.RuleExecutor.execute(RuleExecutor.scala:231)
Execute Action	2026-09-26T09:07:17.5443614Z 		at org.apache.spark.sql.catalyst.analysis.Analyzer.org$apache$spark$sql$catalyst$analysis$Analyzer$$executeSameContext(Analyzer.scala:340)
Execute Action	2026-09-26T09:07:17.5444659Z 		at org.apache.spark.sql.catalyst.analysis.Analyzer.$anonfun$execute$1(Analyzer.scala:336)
Execute Action	2026-09-26T09:07:17.5445585Z 		at org.apache.spark.sql.catalyst.analysis.AnalysisContext$.withNewAnalysisContext(Analyzer.scala:234)
Execute Action	2026-09-26T09:07:17.5446482Z 		at org.apache.spark.sql.catalyst.analysis.Analyzer.execute(Analyzer.scala:336)
Execute Action	2026-09-26T09:07:17.5447407Z 		at org.apache.spark.sql.catalyst.analysis.Analyzer.execute(Analyzer.scala:299)
Execute Action	2026-09-26T09:07:17.5448309Z 		at org.apache.spark.sql.catalyst.rules.RuleExecutor.$anonfun$executeAndTrack$1(RuleExecutor.scala:201)
Execute Action	2026-09-26T09:07:17.5449252Z 		at org.apache.spark.sql.catalyst.QueryPlanningTracker$.withTracker(QueryPlanningTracker.scala:89)
Execute Action	2026-09-26T09:07:17.5450175Z 		at org.apache.spark.sql.catalyst.rules.RuleExecutor.executeAndTrack(RuleExecutor.scala:201)
Execute Action	2026-09-26T09:07:17.5451180Z 		at org.apache.spark.sql.catalyst.analysis.resolver.HybridAnalyzer.resolveInFixedPoint(HybridAnalyzer.scala:190)
Execute Action	2026-09-26T09:07:17.5452330Z 		at org.apache.spark.sql.catalyst.analysis.resolver.HybridAnalyzer.$anonfun$apply$1(HybridAnalyzer.scala:76)
Execute Action	2026-09-26T09:07:17.5453528Z 		at org.apache.spark.sql.catalyst.analysis.resolver.HybridAnalyzer.withTrackedAnalyzerBridgeState(HybridAnalyzer.scala:111)
Execute Action	2026-09-26T09:07:17.5454606Z 		at org.apache.spark.sql.catalyst.analysis.resolver.HybridAnalyzer.apply(HybridAnalyzer.scala:71)
Execute Action	2026-09-26T09:07:17.5455541Z 		at org.apache.spark.sql.catalyst.analysis.Analyzer.$anonfun$executeAndCheck$1(Analyzer.scala:330)
Execute Action	2026-09-26T09:07:17.5456490Z 		at org.apache.spark.sql.catalyst.plans.logical.AnalysisHelper$.markInAnalyzer(AnalysisHelper.scala:423)
Execute Action	2026-09-26T09:07:17.5457539Z 		at org.apache.spark.sql.catalyst.analysis.Analyzer.executeAndCheck(Analyzer.scala:330)
Execute Action	2026-09-26T09:07:17.5458598Z 		at org.apache.spark.sql.execution.QueryExecution.$anonfun$lazyAnalyzed$2(QueryExecution.scala:110)
Execute Action	2026-09-26T09:07:17.5459673Z 		at org.apache.spark.sql.catalyst.QueryPlanningTracker.measurePhase(QueryPlanningTracker.scala:148)
Execute Action	2026-09-26T09:07:17.5460617Z 		at org.apache.spark.sql.execution.QueryExecution.$anonfun$executePhase$2(QueryExecution.scala:278)
Execute Action	2026-09-26T09:07:17.5461519Z 		at org.apache.spark.sql.execution.QueryExecution$.withInternalError(QueryExecution.scala:654)
Execute Action	2026-09-26T09:07:17.5462424Z 		at org.apache.spark.sql.execution.QueryExecution.$anonfun$executePhase$1(QueryExecution.scala:278)
Execute Action	2026-09-26T09:07:17.5463463Z 		at org.apache.spark.sql.SparkSession.withActive(SparkSession.scala:804)
Execute Action	2026-09-26T09:07:17.5464449Z 		at org.apache.spark.sql.execution.QueryExecution.executePhase(QueryExecution.scala:277)
Execute Action	2026-09-26T09:07:17.5465359Z 		at org.apache.spark.sql.execution.QueryExecution.$anonfun$lazyAnalyzed$1(QueryExecution.scala:110)
Execute Action	2026-09-26T09:07:17.5466120Z 		at scala.util.Try$.apply(Try.scala:217)
Execute Action	2026-09-26T09:07:17.5466822Z 		at org.apache.spark.util.Utils$.doTryWithCallerStacktrace(Utils.scala:1378)
Execute Action	2026-09-26T09:07:17.5467596Z 		at org.apache.spark.util.LazyTry.tryT$lzycompute(LazyTry.scala:46)
Execute Action	2026-09-26T09:07:17.5468316Z 		at org.apache.spark.util.LazyTry.tryT(LazyTry.scala:46)
Execute Action	2026-09-26T09:07:17.5468892Z 		... 22 more
Execute Action	2026-09-26T09:07:17.5469592Z Caused by: org.apache.hadoop.fs.UnsupportedFileSystemException: No FileSystem for scheme "s3"
Execute Action	2026-09-26T09:07:17.5470442Z 	at org.apache.hadoop.fs.FileSystem.getFileSystemClass(FileSystem.java:3581)
Execute Action	2026-09-26T09:07:17.5471234Z 	at org.apache.hadoop.fs.FileSystem.createFileSystem(FileSystem.java:3612)
Execute Action	2026-09-26T09:07:17.5471997Z 	at org.apache.hadoop.fs.FileSystem.access$300(FileSystem.java:172)
Execute Action	2026-09-26T09:07:17.5472849Z 	at org.apache.hadoop.fs.FileSystem$Cache.getInternal(FileSystem.java:3716)
Execute Action	2026-09-26T09:07:17.5473727Z 	at org.apache.hadoop.fs.FileSystem$Cache.get(FileSystem.java:3667)
Execute Action	2026-09-26T09:07:17.5474469Z 	at org.apache.hadoop.fs.FileSystem.get(FileSystem.java:557)
Execute Action	2026-09-26T09:07:17.5475175Z 	at org.apache.hadoop.fs.Path.getFileSystem(Path.java:366)
Execute Action	2026-09-26T09:07:17.5476013Z 	at org.apache.iceberg.util.FileSystemWalker.listDirRecursivelyWithHadoop(FileSystemWalker.java:122)
Execute Action	2026-09-26T09:07:17.5477047Z 	at org.apache.iceberg.spark.actions.DeleteOrphanFilesSparkAction.listedFileDS(DeleteOrphanFilesSparkAction.java:440)
Execute Action	2026-09-26T09:07:17.5478153Z 	at org.apache.iceberg.spark.actions.DeleteOrphanFilesSparkAction.actualFileIdentDS(DeleteOrphanFilesSparkAction.java:409)
Execute Action	2026-09-26T09:07:17.5479274Z 	at org.apache.iceberg.spark.actions.DeleteOrphanFilesSparkAction.doExecute(DeleteOrphanFilesSparkAction.java:257)
Execute Action	2026-09-26T09:07:17.5480234Z 	at org.apache.iceberg.spark.JobGroupUtils.withJobGroupInfo(JobGroupUtils.java:59)
Execute Action	2026-09-26T09:07:17.5481071Z 	at org.apache.iceberg.spark.JobGroupUtils.withJobGroupInfo(JobGroupUtils.java:51)
Execute Action	2026-09-26T09:07:17.5481953Z 	at org.apache.iceberg.spark.actions.BaseSparkAction.withJobGroupInfo(BaseSparkAction.java:130)
Execute Action	2026-09-26T09:07:17.5483125Z 	at org.apache.iceberg.spark.actions.DeleteOrphanFilesSparkAction.execute(DeleteOrphanFilesSparkAction.java:239)
Execute Action	2026-09-26T09:07:17.5484205Z 	at org.apache.iceberg.spark.procedures.RemoveOrphanFilesProcedure.lambda$call$1(RemoveOrphanFilesProcedure.java:205)
Execute Action	2026-09-26T09:07:17.5485334Z 	at org.apache.iceberg.spark.procedures.BaseProcedure.execute(BaseProcedure.java:132)
Execute Action	2026-09-26T09:07:17.5486225Z 	at org.apache.iceberg.spark.procedures.BaseProcedure.withIcebergTable(BaseProcedure.java:121)
Execute Action	2026-09-26T09:07:17.5487192Z 	at org.apache.iceberg.spark.procedures.RemoveOrphanFilesProcedure.call(RemoveOrphanFilesProcedure.java:153)
Execute Action	2026-09-26T09:07:17.5488301Z 	at org.apache.spark.sql.catalyst.analysis.InvokeProcedures.org$apache$spark$sql$catalyst$analysis$InvokeProcedures$$invoke(InvokeProcedures.scala:48)
Execute Action	2026-09-26T09:07:17.5489418Z 	at org.apache.spark.sql.catalyst.analysis.InvokeProcedures$$anonfun$apply$1.applyOrElse(InvokeProcedures.scala:40)
Execute Action	2026-09-26T09:07:17.5490427Z 	at org.apache.spark.sql.catalyst.analysis.InvokeProcedures$$anonfun$apply$1.applyOrElse(InvokeProcedures.scala:36)
Execute Action	2026-09-26T09:07:17.5491491Z 	at org.apache.spark.sql.catalyst.plans.logical.AnalysisHelper.$anonfun$resolveOperatorsDownWithPruning$2(AnalysisHelper.scala:200)
Execute Action	2026-09-26T09:07:17.5492467Z 	at org.apache.spark.sql.catalyst.trees.CurrentOrigin$.withOrigin(origin.scala:86)
Execute Action	2026-09-26T09:07:17.5493532Z 	at org.apache.spark.sql.catalyst.plans.logical.AnalysisHelper.$anonfun$resolveOperatorsDownWithPruning$1(AnalysisHelper.scala:200)
Execute Action	2026-09-26T09:07:17.5494642Z 	at org.apache.spark.sql.catalyst.plans.logical.AnalysisHelper$.allowInvokingTransformsInAnalyzer(AnalysisHelper.scala:416)
Execute Action	2026-09-26T09:07:17.5495862Z 	at org.apache.spark.sql.catalyst.plans.logical.AnalysisHelper.resolveOperatorsDownWithPruning(AnalysisHelper.scala:198)
Execute Action	2026-09-26T09:07:17.5496978Z 	at org.apache.spark.sql.catalyst.plans.logical.AnalysisHelper.resolveOperatorsDownWithPruning$(AnalysisHelper.scala:194)
Execute Action	2026-09-26T09:07:17.5498063Z 	at org.apache.spark.sql.catalyst.plans.logical.LogicalPlan.resolveOperatorsDownWithPruning(LogicalPlan.scala:37)
Execute Action	2026-09-26T09:07:17.5499138Z 	at org.apache.spark.sql.catalyst.plans.logical.AnalysisHelper.resolveOperatorsWithPruning(AnalysisHelper.scala:100)
Execute Action	2026-09-26T09:07:17.5500217Z 	at org.apache.spark.sql.catalyst.plans.logical.AnalysisHelper.resolveOperatorsWithPruning$(AnalysisHelper.scala:97)
Execute Action	2026-09-26T09:07:17.5501272Z 	at org.apache.spark.sql.catalyst.plans.logical.LogicalPlan.resolveOperatorsWithPruning(LogicalPlan.scala:37)
Execute Action	2026-09-26T09:07:17.5502283Z 	at org.apache.spark.sql.catalyst.plans.logical.AnalysisHelper.resolveOperators(AnalysisHelper.scala:77)
Execute Action	2026-09-26T09:07:17.5503365Z 	at org.apache.spark.sql.catalyst.plans.logical.AnalysisHelper.resolveOperators$(AnalysisHelper.scala:76)
Execute Action	2026-09-26T09:07:17.5504337Z 	at org.apache.spark.sql.catalyst.plans.logical.LogicalPlan.resolveOperators(LogicalPlan.scala:37)
Execute Action	2026-09-26T09:07:17.5505263Z 	at org.apache.spark.sql.catalyst.analysis.InvokeProcedures.apply(InvokeProcedures.scala:36)
Execute Action	2026-09-26T09:07:17.5506179Z 	at org.apache.spark.sql.catalyst.analysis.InvokeProcedures.apply(InvokeProcedures.scala:34)
Execute Action	2026-09-26T09:07:17.5507195Z 	at org.apache.spark.sql.catalyst.rules.RuleExecutor.$anonfun$execute$2(RuleExecutor.scala:242)
Execute Action	2026-09-26T09:07:17.5508011Z 	at scala.collection.LinearSeqOps.foldLeft(LinearSeq.scala:183)
Execute Action	2026-09-26T09:07:17.5508735Z 	at scala.collection.LinearSeqOps.foldLeft$(LinearSeq.scala:179)
Execute Action	2026-09-26T09:07:17.5509455Z 	at scala.collection.immutable.List.foldLeft(List.scala:79)
Execute Action	2026-09-26T09:07:17.5510246Z 	at org.apache.spark.sql.catalyst.rules.RuleExecutor.$anonfun$execute$1(RuleExecutor.scala:239)
Execute Action	2026-09-26T09:07:17.5511172Z 	at org.apache.spark.sql.catalyst.rules.RuleExecutor.$anonfun$execute$1$adapted(RuleExecutor.scala:231)
Execute Action	2026-09-26T09:07:17.5512001Z 	at scala.collection.immutable.List.foreach(List.scala:334)
Execute Action	2026-09-26T09:07:17.5512856Z 	at org.apache.spark.sql.catalyst.rules.RuleExecutor.execute(RuleExecutor.scala:231)
Execute Action	2026-09-26T09:07:17.5513845Z 	at org.apache.spark.sql.catalyst.analysis.Analyzer.org$apache$spark$sql$catalyst$analysis$Analyzer$$executeSameContext(Analyzer.scala:340)
Execute Action	2026-09-26T09:07:17.5514846Z 	at org.apache.spark.sql.catalyst.analysis.Analyzer.$anonfun$execute$1(Analyzer.scala:336)
Execute Action	2026-09-26T09:07:17.5515915Z 	at org.apache.spark.sql.catalyst.analysis.AnalysisContext$.withNewAnalysisContext(Analyzer.scala:234)
Execute Action	2026-09-26T09:07:17.5516797Z 	at org.apache.spark.sql.catalyst.analysis.Analyzer.execute(Analyzer.scala:336)
Execute Action	2026-09-26T09:07:17.5517613Z 	at org.apache.spark.sql.catalyst.analysis.Analyzer.execute(Analyzer.scala:299)
Execute Action	2026-09-26T09:07:17.5518485Z 	at org.apache.spark.sql.catalyst.rules.RuleExecutor.$anonfun$executeAndTrack$1(RuleExecutor.scala:201)
Execute Action	2026-09-26T09:07:17.5519418Z 	at org.apache.spark.sql.catalyst.QueryPlanningTracker$.withTracker(QueryPlanningTracker.scala:89)
Execute Action	2026-09-26T09:07:17.5520334Z 	at org.apache.spark.sql.catalyst.rules.RuleExecutor.executeAndTrack(RuleExecutor.scala:201)
Execute Action	2026-09-26T09:07:17.5521311Z 	at org.apache.spark.sql.catalyst.analysis.resolver.HybridAnalyzer.resolveInFixedPoint(HybridAnalyzer.scala:190)
Execute Action	2026-09-26T09:07:17.5522336Z 	at org.apache.spark.sql.catalyst.analysis.resolver.HybridAnalyzer.$anonfun$apply$1(HybridAnalyzer.scala:76)
Execute Action	2026-09-26T09:07:17.5523485Z 	at org.apache.spark.sql.catalyst.analysis.resolver.HybridAnalyzer.withTrackedAnalyzerBridgeState(HybridAnalyzer.scala:111)
Execute Action	2026-09-26T09:07:17.5524527Z 	at org.apache.spark.sql.catalyst.analysis.resolver.HybridAnalyzer.apply(HybridAnalyzer.scala:71)
Execute Action	2026-09-26T09:07:17.5525453Z 	at org.apache.spark.sql.catalyst.analysis.Analyzer.$anonfun$executeAndCheck$1(Analyzer.scala:330)
Execute Action	2026-09-26T09:07:17.5526396Z 	at org.apache.spark.sql.catalyst.plans.logical.AnalysisHelper$.markInAnalyzer(AnalysisHelper.scala:423)
Execute Action	2026-09-26T09:07:17.5527446Z 	at org.apache.spark.sql.catalyst.analysis.Analyzer.executeAndCheck(Analyzer.scala:330)
Execute Action	2026-09-26T09:07:17.5528351Z 	at org.apache.spark.sql.execution.QueryExecution.$anonfun$lazyAnalyzed$2(QueryExecution.scala:110)
Execute Action	2026-09-26T09:07:17.5529295Z 	at org.apache.spark.sql.catalyst.QueryPlanningTracker.measurePhase(QueryPlanningTracker.scala:148)
Execute Action	2026-09-26T09:07:17.5530225Z 	at org.apache.spark.sql.execution.QueryExecution.$anonfun$executePhase$2(QueryExecution.scala:278)
Execute Action	2026-09-26T09:07:17.5531123Z 	at org.apache.spark.sql.execution.QueryExecution$.withInternalError(QueryExecution.scala:654)
Execute Action	2026-09-26T09:07:17.5532017Z 	at org.apache.spark.sql.execution.QueryExecution.$anonfun$executePhase$1(QueryExecution.scala:278)
Execute Action	2026-09-26T09:07:17.5532944Z 	at org.apache.spark.sql.SparkSession.withActive(SparkSession.scala:804)
Execute Action	2026-09-26T09:07:17.5533779Z 	at org.apache.spark.sql.execution.QueryExecution.executePhase(QueryExecution.scala:277)
Execute Action	2026-09-26T09:07:17.5534668Z 	at org.apache.spark.sql.execution.QueryExecution.$anonfun$lazyAnalyzed$1(QueryExecution.scala:110)
Execute Action	2026-09-26T09:07:17.5535424Z 	at scala.util.Try$.apply(Try.scala:217)
Execute Action	2026-09-26T09:07:17.5536122Z 	at org.apache.spark.util.Utils$.doTryWithCallerStacktrace(Utils.scala:1378)
Execute Action	2026-09-26T09:07:17.5537017Z 	at org.apache.spark.util.LazyTry.tryT$lzycompute(LazyTry.scala:46)
Execute Action	2026-09-26T09:07:17.5537747Z 	at org.apache.spark.util.LazyTry.tryT(LazyTry.scala:46)
Execute Action	2026-09-26T09:07:17.5538330Z 	... 22 more
Execute Action	2026-09-26T09:07:17.5538754Z 
Execute Action	2026-09-26T09:07:17.5539376Z    - events.wikipedia_edits/compact: An error occurred while calling o68.sql.
Execute Action	2026-09-26T09:07:17.5540302Z : org.apache.iceberg.exceptions.ServiceFailureException: Server error: RESTException: persisted table metadata is invalid
Execute Action	2026-09-26T09:07:17.5541299Z 	at org.apache.iceberg.rest.ErrorHandlers$DefaultErrorHandler.accept(ErrorHandlers.java:350)
Execute Action	2026-09-26T09:07:17.5542180Z 	at org.apache.iceberg.rest.ErrorHandlers$TableErrorHandler.accept(ErrorHandlers.java:160)
Execute Action	2026-09-26T09:07:17.5543138Z 	at org.apache.iceberg.rest.ErrorHandlers$TableErrorHandler.accept(ErrorHandlers.java:142)
Execute Action	2026-09-26T09:07:17.5543964Z 	at org.apache.iceberg.rest.HTTPClient.throwFailure(HTTPClient.java:242)
Execute Action	2026-09-26T09:07:17.5544726Z 	at org.apache.iceberg.rest.HTTPClient.execute(HTTPClient.java:347)
Execute Action	2026-09-26T09:07:17.5545464Z 	at org.apache.iceberg.rest.HTTPClient.execute(HTTPClient.java:299)
Execute Action	2026-09-26T09:07:17.5546213Z 	at org.apache.iceberg.rest.BaseHTTPClient.get(BaseHTTPClient.java:101)
Execute Action	2026-09-26T09:07:17.5547038Z 	at org.apache.iceberg.rest.RESTSessionCatalog.loadInternal(RESTSessionCatalog.java:438)
Execute Action	2026-09-26T09:07:17.5548060Z 	at org.apache.iceberg.rest.RESTSessionCatalog.loadTable(RESTSessionCatalog.java:468)
Execute Action	2026-09-26T09:07:17.5548956Z 	at org.apache.iceberg.catalog.BaseSessionCatalog$AsCatalog.loadTable(BaseSessionCatalog.java:105)
Execute Action	2026-09-26T09:07:17.5549806Z 	at org.apache.iceberg.rest.RESTCatalog.loadTable(RESTCatalog.java:124)
Execute Action	2026-09-26T09:07:17.5550829Z 	at org.apache.iceberg.shaded.com.github.benmanes.caffeine.cache.BoundedLocalCache.lambda$doComputeIfAbsent$14(BoundedLocalCache.java:2406)
Execute Action	2026-09-26T09:07:17.5551882Z 	at java.base/java.util.concurrent.ConcurrentHashMap.compute(ConcurrentHashMap.java:1916)
Execute Action	2026-09-26T09:07:17.5552995Z 	at org.apache.iceberg.shaded.com.github.benmanes.caffeine.cache.BoundedLocalCache.doComputeIfAbsent(BoundedLocalCache.java:2404)
Execute Action	2026-09-26T09:07:17.5554180Z 	at org.apache.iceberg.shaded.com.github.benmanes.caffeine.cache.BoundedLocalCache.computeIfAbsent(BoundedLocalCache.java:2387)
Execute Action	2026-09-26T09:07:17.5555281Z 	at org.apache.iceberg.shaded.com.github.benmanes.caffeine.cache.LocalCache.computeIfAbsent(LocalCache.java:108)
Execute Action	2026-09-26T09:07:17.5556323Z 	at org.apache.iceberg.shaded.com.github.benmanes.caffeine.cache.LocalManualCache.get(LocalManualCache.java:62)
Execute Action	2026-09-26T09:07:17.5557233Z 	at org.apache.iceberg.CachingCatalog.loadTable(CachingCatalog.java:147)
Execute Action	2026-09-26T09:07:17.5558156Z 	at org.apache.iceberg.spark.SparkCatalog.load(SparkCatalog.java:867)
Execute Action	2026-09-26T09:07:17.5558936Z 	at org.apache.iceberg.spark.SparkCatalog.loadTable(SparkCatalog.java:171)
Execute Action	2026-09-26T09:07:17.5559791Z 	at org.apache.iceberg.spark.procedures.BaseProcedure.loadSparkTable(BaseProcedure.java:168)
Execute Action	2026-09-26T09:07:17.5560749Z 	at org.apache.iceberg.spark.procedures.RewriteDataFilesProcedure.call(RewriteDataFilesProcedure.java:124)
Execute Action	2026-09-26T09:07:17.5561855Z 	at org.apache.spark.sql.catalyst.analysis.InvokeProcedures.org$apache$spark$sql$catalyst$analysis$InvokeProcedures$$invoke(InvokeProcedures.scala:48)
Execute Action	2026-09-26T09:07:17.5563076Z 	at org.apache.spark.sql.catalyst.analysis.InvokeProcedures$$anonfun$apply$1.applyOrElse(InvokeProcedures.scala:40)
Execute Action	2026-09-26T09:07:17.5564107Z 	at org.apache.spark.sql.catalyst.analysis.InvokeProcedures$$anonfun$apply$1.applyOrElse(InvokeProcedures.scala:36)
Execute Action	2026-09-26T09:07:17.5565175Z 	at org.apache.spark.sql.catalyst.plans.logical.AnalysisHelper.$anonfun$resolveOperatorsDownWithPruning$2(AnalysisHelper.scala:200)
Execute Action	2026-09-26T09:07:17.5566159Z 	at org.apache.spark.sql.catalyst.trees.CurrentOrigin$.withOrigin(origin.scala:86)
Execute Action	2026-09-26T09:07:17.5567131Z 	at org.apache.spark.sql.catalyst.plans.logical.AnalysisHelper.$anonfun$resolveOperatorsDownWithPruning$1(AnalysisHelper.scala:200)
Execute Action	2026-09-26T09:07:17.5568234Z 	at org.apache.spark.sql.catalyst.plans.logical.AnalysisHelper$.allowInvokingTransformsInAnalyzer(AnalysisHelper.scala:416)
Execute Action	2026-09-26T09:07:17.5569493Z 	at org.apache.spark.sql.catalyst.plans.logical.AnalysisHelper.resolveOperatorsDownWithPruning(AnalysisHelper.scala:198)
Execute Action	2026-09-26T09:07:17.5570612Z 	at org.apache.spark.sql.catalyst.plans.logical.AnalysisHelper.resolveOperatorsDownWithPruning$(AnalysisHelper.scala:194)
Execute Action	2026-09-26T09:07:17.5571727Z 	at org.apache.spark.sql.catalyst.plans.logical.LogicalPlan.resolveOperatorsDownWithPruning(LogicalPlan.scala:37)
Execute Action	2026-09-26T09:07:17.5572886Z 	at org.apache.spark.sql.catalyst.plans.logical.AnalysisHelper.resolveOperatorsWithPruning(AnalysisHelper.scala:100)
Execute Action	2026-09-26T09:07:17.5573971Z 	at org.apache.spark.sql.catalyst.plans.logical.AnalysisHelper.resolveOperatorsWithPruning$(AnalysisHelper.scala:97)
Execute Action	2026-09-26T09:07:17.5575029Z 	at org.apache.spark.sql.catalyst.plans.logical.LogicalPlan.resolveOperatorsWithPruning(LogicalPlan.scala:37)
Execute Action	2026-09-26T09:07:17.5576059Z 	at org.apache.spark.sql.catalyst.plans.logical.AnalysisHelper.resolveOperators(AnalysisHelper.scala:77)
Execute Action	2026-09-26T09:07:17.5577060Z 	at org.apache.spark.sql.catalyst.plans.logical.AnalysisHelper.resolveOperators$(AnalysisHelper.scala:76)
Execute Action	2026-09-26T09:07:17.5578037Z 	at org.apache.spark.sql.catalyst.plans.logical.LogicalPlan.resolveOperators(LogicalPlan.scala:37)
Execute Action	2026-09-26T09:07:17.5579092Z 	at org.apache.spark.sql.catalyst.analysis.InvokeProcedures.apply(InvokeProcedures.scala:36)
Execute Action	2026-09-26T09:07:17.5579994Z 	at org.apache.spark.sql.catalyst.analysis.InvokeProcedures.apply(InvokeProcedures.scala:34)
Execute Action	2026-09-26T09:07:17.5580890Z 	at org.apache.spark.sql.catalyst.rules.RuleExecutor.$anonfun$execute$2(RuleExecutor.scala:242)
Execute Action	2026-09-26T09:07:17.5581716Z 	at scala.collection.LinearSeqOps.foldLeft(LinearSeq.scala:183)
Execute Action	2026-09-26T09:07:17.5582443Z 	at scala.collection.LinearSeqOps.foldLeft$(LinearSeq.scala:179)
Execute Action	2026-09-26T09:07:17.5583251Z 	at scala.collection.immutable.List.foldLeft(List.scala:79)
Execute Action	2026-09-26T09:07:17.5584047Z 	at org.apache.spark.sql.catalyst.rules.RuleExecutor.$anonfun$execute$1(RuleExecutor.scala:239)
Execute Action	2026-09-26T09:07:17.5584968Z 	at org.apache.spark.sql.catalyst.rules.RuleExecutor.$anonfun$execute$1$adapted(RuleExecutor.scala:231)
Execute Action	2026-09-26T09:07:17.5585791Z 	at scala.collection.immutable.List.foreach(List.scala:334)
Execute Action	2026-09-26T09:07:17.5586573Z 	at org.apache.spark.sql.catalyst.rules.RuleExecutor.execute(RuleExecutor.scala:231)
Execute Action	2026-09-26T09:07:17.5587566Z 	at org.apache.spark.sql.catalyst.analysis.Analyzer.org$apache$spark$sql$catalyst$analysis$Analyzer$$executeSameContext(Analyzer.scala:340)
Execute Action	2026-09-26T09:07:17.5588555Z 	at org.apache.spark.sql.catalyst.analysis.Analyzer.$anonfun$execute$1(Analyzer.scala:336)
Execute Action	2026-09-26T09:07:17.5589468Z 	at org.apache.spark.sql.catalyst.analysis.AnalysisContext$.withNewAnalysisContext(Analyzer.scala:234)
Execute Action	2026-09-26T09:07:17.5590463Z 	at org.apache.spark.sql.catalyst.analysis.Analyzer.execute(Analyzer.scala:336)
Execute Action	2026-09-26T09:07:17.5591273Z 	at org.apache.spark.sql.catalyst.analysis.Analyzer.execute(Analyzer.scala:299)
Execute Action	2026-09-26T09:07:17.5592142Z 	at org.apache.spark.sql.catalyst.rules.RuleExecutor.$anonfun$executeAndTrack$1(RuleExecutor.scala:201)
Execute Action	2026-09-26T09:07:17.5593237Z 	at org.apache.spark.sql.catalyst.QueryPlanningTracker$.withTracker(QueryPlanningTracker.scala:89)
Execute Action	2026-09-26T09:07:17.5594182Z 	at org.apache.spark.sql.catalyst.rules.RuleExecutor.executeAndTrack(RuleExecutor.scala:201)
Execute Action	2026-09-26T09:07:17.5595182Z 	at org.apache.spark.sql.catalyst.analysis.resolver.HybridAnalyzer.resolveInFixedPoint(HybridAnalyzer.scala:190)
Execute Action	2026-09-26T09:07:17.5596218Z 	at org.apache.spark.sql.catalyst.analysis.resolver.HybridAnalyzer.$anonfun$apply$1(HybridAnalyzer.scala:76)
Execute Action	2026-09-26T09:07:17.7291477Z 	at org.apache.spark.sql.catalyst.analysis.resolver.HybridAnalyzer.withTrackedAnalyzerBridgeState(HybridAnalyzer.scala:111)
Execute Action	2026-09-26T09:07:17.7293219Z 	at org.apache.spark.sql.catalyst.analysis.resolver.HybridAnalyzer.apply(HybridAnalyzer.scala:71)
Execute Action	2026-09-26T09:07:17.7294670Z 	at org.apache.spark.sql.catalyst.analysis.Analyzer.$anonfun$executeAndCheck$1(Analyzer.scala:330)
Execute Action	2026-09-26T09:07:17.7296996Z 	at org.apache.spark.sql.catalyst.plans.logical.AnalysisHelper$.markInAnalyzer(AnalysisHelper.scala:423)
Execute Action	2026-09-26T09:07:17.7298552Z 	at org.apache.spark.sql.catalyst.analysis.Analyzer.executeAndCheck(Analyzer.scala:330)
Execute Action	2026-09-26T09:07:17.7300042Z 	at org.apache.spark.sql.execution.QueryExecution.$anonfun$lazyAnalyzed$2(QueryExecution.scala:110)
Execute Action	2026-09-26T09:07:17.7301076Z 	at org.apache.spark.sql.catalyst.QueryPlanningTracker.measurePhase(QueryPlanningTracker.scala:148)
Execute Action	2026-09-26T09:07:17.7302020Z 	at org.apache.spark.sql.execution.QueryExecution.$anonfun$executePhase$2(QueryExecution.scala:278)
Execute Action	2026-09-26T09:07:17.7303278Z 	at org.apache.spark.sql.execution.QueryExecution$.withInternalError(QueryExecution.scala:654)
Execute Action	2026-09-26T09:07:17.7304497Z 	at org.apache.spark.sql.execution.QueryExecution.$anonfun$executePhase$1(QueryExecution.scala:278)
Execute Action	2026-09-26T09:07:17.7305791Z 	at org.apache.spark.sql.SparkSession.withActive(SparkSession.scala:804)
Execute Action	2026-09-26T09:07:17.7306739Z 	at org.apache.spark.sql.execution.QueryExecution.executePhase(QueryExecution.scala:277)
Execute Action	2026-09-26T09:07:17.7307648Z 	at org.apache.spark.sql.execution.QueryExecution.$anonfun$lazyAnalyzed$1(QueryExecution.scala:110)
Execute Action	2026-09-26T09:07:17.7308410Z 	at scala.util.Try$.apply(Try.scala:217)
Execute Action	2026-09-26T09:07:17.7309118Z 	at org.apache.spark.util.Utils$.doTryWithCallerStacktrace(Utils.scala:1378)
Execute Action	2026-09-26T09:07:17.7310091Z 	at org.apache.spark.util.Utils$.getTryWithCallerStacktrace(Utils.scala:1439)
Execute Action	2026-09-26T09:07:17.7311880Z 	at org.apache.spark.util.LazyTry.get(LazyTry.scala:58)
Execute Action	2026-09-26T09:07:17.7313299Z 	at org.apache.spark.sql.execution.QueryExecution.analyzed(QueryExecution.scala:121)
Execute Action	2026-09-26T09:07:17.7314969Z 	at org.apache.spark.sql.execution.QueryExecution.assertAnalyzed(QueryExecution.scala:80)
Execute Action	2026-09-26T09:07:17.7316215Z 	at org.apache.spark.sql.classic.Dataset$.$anonfun$ofRows$5(Dataset.scala:139)
Execute Action	2026-09-26T09:07:17.7317365Z 	at org.apache.spark.sql.SparkSession.withActive(SparkSession.scala:804)
Execute Action	2026-09-26T09:07:17.7318366Z 	at org.apache.spark.sql.classic.Dataset$.ofRows(Dataset.scala:136)
Execute Action	2026-09-26T09:07:17.7319400Z 	at org.apache.spark.sql.classic.SparkSession.$anonfun$sql$1(SparkSession.scala:462)
Execute Action	2026-09-26T09:07:17.7320477Z 	at org.apache.spark.sql.SparkSession.withActive(SparkSession.scala:804)
Execute Action	2026-09-26T09:07:17.7321263Z 	at org.apache.spark.sql.classic.SparkSession.sql(SparkSession.scala:449)
Execute Action	2026-09-26T09:07:17.7322464Z 	at org.apache.spark.sql.classic.SparkSession.sql(SparkSession.scala:467)
Execute Action	2026-09-26T09:07:17.7324569Z 	at java.base/jdk.internal.reflect.NativeMethodAccessorImpl.invoke0(Native Method)
Execute Action	2026-09-26T09:07:17.7326099Z 	at java.base/jdk.internal.reflect.NativeMethodAccessorImpl.invoke(NativeMethodAccessorImpl.java:77)
Execute Action	2026-09-26T09:07:17.7327216Z 	at java.base/jdk.internal.reflect.DelegatingMethodAccessorImpl.invoke(DelegatingMethodAccessorImpl.java:43)
Execute Action	2026-09-26T09:07:17.7328358Z 	at java.base/java.lang.reflect.Method.invoke(Method.java:569)
Execute Action	2026-09-26T09:07:17.7329244Z 	at py4j.reflection.MethodInvoker.invoke(MethodInvoker.java:244)
Execute Action	2026-09-26T09:07:17.7330244Z 	at py4j.reflection.ReflectionEngine.invoke(ReflectionEngine.java:374)
Execute Action	2026-09-26T09:07:17.7331244Z 	at py4j.Gateway.invoke(Gateway.java:282)
Execute Action	2026-09-26T09:07:17.7332158Z 	at py4j.commands.AbstractCommand.invokeMethod(AbstractCommand.java:132)
Execute Action	2026-09-26T09:07:17.7333021Z 	at py4j.commands.CallCommand.execute(CallCommand.java:79)
Execute Action	2026-09-26T09:07:17.7333978Z 	at py4j.ClientServerConnection.waitForCommands(ClientServerConnection.java:184)
Execute Action	2026-09-26T09:07:17.7335021Z 	at py4j.ClientServerConnection.run(ClientServerConnection.java:108)
Execute Action	2026-09-26T09:07:17.7335841Z 	at java.base/java.lang.Thread.run(Thread.java:840)
Execute Action	2026-09-26T09:07:17.7336763Z 	Suppressed: org.apache.spark.util.Utils$OriginalTryStackTraceException: Full stacktrace of original doTryWithCallerStacktrace caller
Execute Action	2026-09-26T09:07:17.7338226Z 		at org.apache.iceberg.rest.ErrorHandlers$DefaultErrorHandler.accept(ErrorHandlers.java:350)
Execute Action	2026-09-26T09:07:17.7339922Z 		at org.apache.iceberg.rest.ErrorHandlers$TableErrorHandler.accept(ErrorHandlers.java:160)
Execute Action	2026-09-26T09:07:17.7341770Z 		at org.apache.iceberg.rest.ErrorHandlers$TableErrorHandler.accept(ErrorHandlers.java:142)
Execute Action	2026-09-26T09:07:17.7343417Z 		at org.apache.iceberg.rest.HTTPClient.throwFailure(HTTPClient.java:242)
Execute Action	2026-09-26T09:07:17.7344875Z 		at org.apache.iceberg.rest.HTTPClient.execute(HTTPClient.java:347)
Execute Action	2026-09-26T09:07:17.7346164Z 		at org.apache.iceberg.rest.HTTPClient.execute(HTTPClient.java:299)
Execute Action	2026-09-26T09:07:17.7347603Z 		at org.apache.iceberg.rest.BaseHTTPClient.get(BaseHTTPClient.java:101)
Execute Action	2026-09-26T09:07:17.7349153Z 		at org.apache.iceberg.rest.RESTSessionCatalog.loadInternal(RESTSessionCatalog.java:438)
Execute Action	2026-09-26T09:07:17.7350778Z 		at org.apache.iceberg.rest.RESTSessionCatalog.loadTable(RESTSessionCatalog.java:468)
Execute Action	2026-09-26T09:07:17.7352307Z 		at org.apache.iceberg.catalog.BaseSessionCatalog$AsCatalog.loadTable(BaseSessionCatalog.java:105)
Execute Action	2026-09-26T09:07:17.7354117Z 		at org.apache.iceberg.rest.RESTCatalog.loadTable(RESTCatalog.java:124)
Execute Action	2026-09-26T09:07:17.7355933Z 		at org.apache.iceberg.shaded.com.github.benmanes.caffeine.cache.BoundedLocalCache.lambda$doComputeIfAbsent$14(BoundedLocalCache.java:2406)
Execute Action	2026-09-26T09:07:17.7358202Z 		at java.base/java.util.concurrent.ConcurrentHashMap.compute(ConcurrentHashMap.java:1916)
Execute Action	2026-09-26T09:07:17.7360083Z 		at org.apache.iceberg.shaded.com.github.benmanes.caffeine.cache.BoundedLocalCache.doComputeIfAbsent(BoundedLocalCache.java:2404)
Execute Action	2026-09-26T09:07:17.7362177Z 		at org.apache.iceberg.shaded.com.github.benmanes.caffeine.cache.BoundedLocalCache.computeIfAbsent(BoundedLocalCache.java:2387)
Execute Action	2026-09-26T09:07:17.7364147Z 		at org.apache.iceberg.shaded.com.github.benmanes.caffeine.cache.LocalCache.computeIfAbsent(LocalCache.java:108)
Execute Action	2026-09-26T09:07:17.7365828Z 		at org.apache.iceberg.shaded.com.github.benmanes.caffeine.cache.LocalManualCache.get(LocalManualCache.java:62)
Execute Action	2026-09-26T09:07:17.7366767Z 		at org.apache.iceberg.CachingCatalog.loadTable(CachingCatalog.java:147)
Execute Action	2026-09-26T09:07:17.7368279Z 		at org.apache.iceberg.spark.SparkCatalog.load(SparkCatalog.java:867)
Execute Action	2026-09-26T09:07:17.7369587Z 		at org.apache.iceberg.spark.SparkCatalog.loadTable(SparkCatalog.java:171)
Execute Action	2026-09-26T09:07:17.7371004Z 		at org.apache.iceberg.spark.procedures.BaseProcedure.loadSparkTable(BaseProcedure.java:168)
Execute Action	2026-09-26T09:07:17.7372420Z 		at org.apache.iceberg.spark.procedures.RewriteDataFilesProcedure.call(RewriteDataFilesProcedure.java:124)
Execute Action	2026-09-26T09:07:17.7373679Z 		at org.apache.spark.sql.catalyst.analysis.InvokeProcedures.org$apache$spark$sql$catalyst$analysis$InvokeProcedures$$invoke(InvokeProcedures.scala:48)
Execute Action	2026-09-26T09:07:17.7374840Z 		at org.apache.spark.sql.catalyst.analysis.InvokeProcedures$$anonfun$apply$1.applyOrElse(InvokeProcedures.scala:40)
Execute Action	2026-09-26T09:07:17.7376047Z 		at org.apache.spark.sql.catalyst.analysis.InvokeProcedures$$anonfun$apply$1.applyOrElse(InvokeProcedures.scala:36)
Execute Action	2026-09-26T09:07:17.7377129Z 		at org.apache.spark.sql.catalyst.plans.logical.AnalysisHelper.$anonfun$resolveOperatorsDownWithPruning$2(AnalysisHelper.scala:200)
Execute Action	2026-09-26T09:07:17.7378115Z 		at org.apache.spark.sql.catalyst.trees.CurrentOrigin$.withOrigin(origin.scala:86)
Execute Action	2026-09-26T09:07:17.7379119Z 		at org.apache.spark.sql.catalyst.plans.logical.AnalysisHelper.$anonfun$resolveOperatorsDownWithPruning$1(AnalysisHelper.scala:200)
Execute Action	2026-09-26T09:07:17.7380229Z 		at org.apache.spark.sql.catalyst.plans.logical.AnalysisHelper$.allowInvokingTransformsInAnalyzer(AnalysisHelper.scala:416)
Execute Action	2026-09-26T09:07:17.7381345Z 		at org.apache.spark.sql.catalyst.plans.logical.AnalysisHelper.resolveOperatorsDownWithPruning(AnalysisHelper.scala:198)
Execute Action	2026-09-26T09:07:17.7382500Z 		at org.apache.spark.sql.catalyst.plans.logical.AnalysisHelper.resolveOperatorsDownWithPruning$(AnalysisHelper.scala:194)
Execute Action	2026-09-26T09:07:17.7383713Z 		at org.apache.spark.sql.catalyst.plans.logical.LogicalPlan.resolveOperatorsDownWithPruning(LogicalPlan.scala:37)
Execute Action	2026-09-26T09:07:17.7384806Z 		at org.apache.spark.sql.catalyst.plans.logical.AnalysisHelper.resolveOperatorsWithPruning(AnalysisHelper.scala:100)
Execute Action	2026-09-26T09:07:17.7385993Z 		at org.apache.spark.sql.catalyst.plans.logical.AnalysisHelper.resolveOperatorsWithPruning$(AnalysisHelper.scala:97)
Execute Action	2026-09-26T09:07:17.7387052Z 		at org.apache.spark.sql.catalyst.plans.logical.LogicalPlan.resolveOperatorsWithPruning(LogicalPlan.scala:37)
Execute Action	2026-09-26T09:07:17.7388064Z 		at org.apache.spark.sql.catalyst.plans.logical.AnalysisHelper.resolveOperators(AnalysisHelper.scala:77)
Execute Action	2026-09-26T09:07:17.7389050Z 		at org.apache.spark.sql.catalyst.plans.logical.AnalysisHelper.resolveOperators$(AnalysisHelper.scala:76)
Execute Action	2026-09-26T09:07:17.7390042Z 		at org.apache.spark.sql.catalyst.plans.logical.LogicalPlan.resolveOperators(LogicalPlan.scala:37)
Execute Action	2026-09-26T09:07:17.7390986Z 		at org.apache.spark.sql.catalyst.analysis.InvokeProcedures.apply(InvokeProcedures.scala:36)
Execute Action	2026-09-26T09:07:17.7391890Z 		at org.apache.spark.sql.catalyst.analysis.InvokeProcedures.apply(InvokeProcedures.scala:34)
Execute Action	2026-09-26T09:07:17.7392916Z 		at org.apache.spark.sql.catalyst.rules.RuleExecutor.$anonfun$execute$2(RuleExecutor.scala:242)
Execute Action	2026-09-26T09:07:17.7393750Z 		at scala.collection.LinearSeqOps.foldLeft(LinearSeq.scala:183)
Execute Action	2026-09-26T09:07:17.7394485Z 		at scala.collection.LinearSeqOps.foldLeft$(LinearSeq.scala:179)
Execute Action	2026-09-26T09:07:17.7395217Z 		at scala.collection.immutable.List.foldLeft(List.scala:79)
Execute Action	2026-09-26T09:07:17.7396025Z 		at org.apache.spark.sql.catalyst.rules.RuleExecutor.$anonfun$execute$1(RuleExecutor.scala:239)
Execute Action	2026-09-26T09:07:17.7397108Z 		at org.apache.spark.sql.catalyst.rules.RuleExecutor.$anonfun$execute$1$adapted(RuleExecutor.scala:231)
Execute Action	2026-09-26T09:07:17.7397928Z 		at scala.collection.immutable.List.foreach(List.scala:334)
Execute Action	2026-09-26T09:07:17.7398700Z 		at org.apache.spark.sql.catalyst.rules.RuleExecutor.execute(RuleExecutor.scala:231)
Execute Action	2026-09-26T09:07:17.7399685Z 		at org.apache.spark.sql.catalyst.analysis.Analyzer.org$apache$spark$sql$catalyst$analysis$Analyzer$$executeSameContext(Analyzer.scala:340)
Execute Action	2026-09-26T09:07:17.7400683Z 		at org.apache.spark.sql.catalyst.analysis.Analyzer.$anonfun$execute$1(Analyzer.scala:336)
Execute Action	2026-09-26T09:07:17.7401605Z 		at org.apache.spark.sql.catalyst.analysis.AnalysisContext$.withNewAnalysisContext(Analyzer.scala:234)
Execute Action	2026-09-26T09:07:17.7402486Z 		at org.apache.spark.sql.catalyst.analysis.Analyzer.execute(Analyzer.scala:336)
Execute Action	2026-09-26T09:07:17.7403404Z 		at org.apache.spark.sql.catalyst.analysis.Analyzer.execute(Analyzer.scala:299)
Execute Action	2026-09-26T09:07:17.7404285Z 		at org.apache.spark.sql.catalyst.rules.RuleExecutor.$anonfun$executeAndTrack$1(RuleExecutor.scala:201)
Execute Action	2026-09-26T09:07:17.7405225Z 		at org.apache.spark.sql.catalyst.QueryPlanningTracker$.withTracker(QueryPlanningTracker.scala:89)
Execute Action	2026-09-26T09:07:17.7406287Z 		at org.apache.spark.sql.catalyst.rules.RuleExecutor.executeAndTrack(RuleExecutor.scala:201)
Execute Action	2026-09-26T09:07:17.7407282Z 		at org.apache.spark.sql.catalyst.analysis.resolver.HybridAnalyzer.resolveInFixedPoint(HybridAnalyzer.scala:190)
Execute Action	2026-09-26T09:07:17.7408305Z 		at org.apache.spark.sql.catalyst.analysis.resolver.HybridAnalyzer.$anonfun$apply$1(HybridAnalyzer.scala:76)
Execute Action	2026-09-26T09:07:17.7409365Z 		at org.apache.spark.sql.catalyst.analysis.resolver.HybridAnalyzer.withTrackedAnalyzerBridgeState(HybridAnalyzer.scala:111)
Execute Action	2026-09-26T09:07:17.7410408Z 		at org.apache.spark.sql.catalyst.analysis.resolver.HybridAnalyzer.apply(HybridAnalyzer.scala:71)
Execute Action	2026-09-26T09:07:17.7411335Z 		at org.apache.spark.sql.catalyst.analysis.Analyzer.$anonfun$executeAndCheck$1(Analyzer.scala:330)
Execute Action	2026-09-26T09:07:17.7412272Z 		at org.apache.spark.sql.catalyst.plans.logical.AnalysisHelper$.markInAnalyzer(AnalysisHelper.scala:423)
Execute Action	2026-09-26T09:07:17.7413275Z 		at org.apache.spark.sql.catalyst.analysis.Analyzer.executeAndCheck(Analyzer.scala:330)
Execute Action	2026-09-26T09:07:17.7414187Z 		at org.apache.spark.sql.execution.QueryExecution.$anonfun$lazyAnalyzed$2(QueryExecution.scala:110)
Execute Action	2026-09-26T09:07:17.7415125Z 		at org.apache.spark.sql.catalyst.QueryPlanningTracker.measurePhase(QueryPlanningTracker.scala:148)
Execute Action	2026-09-26T09:07:17.7416056Z 		at org.apache.spark.sql.execution.QueryExecution.$anonfun$executePhase$2(QueryExecution.scala:278)
Execute Action	2026-09-26T09:07:17.7416966Z 		at org.apache.spark.sql.execution.QueryExecution$.withInternalError(QueryExecution.scala:654)
Execute Action	2026-09-26T09:07:17.7418007Z 		at org.apache.spark.sql.execution.QueryExecution.$anonfun$executePhase$1(QueryExecution.scala:278)
Execute Action	2026-09-26T09:07:17.7418886Z 		at org.apache.spark.sql.SparkSession.withActive(SparkSession.scala:804)
Execute Action	2026-09-26T09:07:17.7419732Z 		at org.apache.spark.sql.execution.QueryExecution.executePhase(QueryExecution.scala:277)
Execute Action	2026-09-26T09:07:17.7420631Z 		at org.apache.spark.sql.execution.QueryExecution.$anonfun$lazyAnalyzed$1(QueryExecution.scala:110)
Execute Action	2026-09-26T09:07:17.7421399Z 		at scala.util.Try$.apply(Try.scala:217)
Execute Action	2026-09-26T09:07:17.7422095Z 		at org.apache.spark.util.Utils$.doTryWithCallerStacktrace(Utils.scala:1378)
Execute Action	2026-09-26T09:07:17.7422974Z 		at org.apache.spark.util.LazyTry.tryT$lzycompute(LazyTry.scala:46)
Execute Action	2026-09-26T09:07:17.7423698Z 		at org.apache.spark.util.LazyTry.tryT(LazyTry.scala:46)
Execute Action	2026-09-26T09:07:17.7424275Z 		... 22 more
Execute Action	2026-09-26T09:07:17.7424706Z 
Execute Action	2026-09-26T09:07:17.7425311Z    - events.wikipedia_edits/manifests: An error occurred while calling o68.sql.
Execute Action	2026-09-26T09:07:17.7426243Z : org.apache.iceberg.exceptions.ServiceFailureException: Server error: RESTException: persisted table metadata is invalid
Execute Action	2026-09-26T09:07:17.7427355Z 	at org.apache.iceberg.rest.ErrorHandlers$DefaultErrorHandler.accept(ErrorHandlers.java:350)
Execute Action	2026-09-26T09:07:17.7428243Z 	at org.apache.iceberg.rest.ErrorHandlers$TableErrorHandler.accept(ErrorHandlers.java:160)
Execute Action	2026-09-26T09:07:17.7429107Z 	at org.apache.iceberg.rest.ErrorHandlers$TableErrorHandler.accept(ErrorHandlers.java:142)
Execute Action	2026-09-26T09:07:17.7429926Z 	at org.apache.iceberg.rest.HTTPClient.throwFailure(HTTPClient.java:242)
Execute Action	2026-09-26T09:07:17.7430696Z 	at org.apache.iceberg.rest.HTTPClient.execute(HTTPClient.java:347)
Execute Action	2026-09-26T09:07:17.7431438Z 	at org.apache.iceberg.rest.HTTPClient.execute(HTTPClient.java:299)
Execute Action	2026-09-26T09:07:17.7432192Z 	at org.apache.iceberg.rest.BaseHTTPClient.get(BaseHTTPClient.java:101)
Execute Action	2026-09-26T09:07:17.7433109Z 	at org.apache.iceberg.rest.RESTSessionCatalog.loadInternal(RESTSessionCatalog.java:438)
Execute Action	2026-09-26T09:07:17.7433980Z 	at org.apache.iceberg.rest.RESTSessionCatalog.loadTable(RESTSessionCatalog.java:468)
Execute Action	2026-09-26T09:07:17.7434884Z 	at org.apache.iceberg.catalog.BaseSessionCatalog$AsCatalog.loadTable(BaseSessionCatalog.java:105)
Execute Action	2026-09-26T09:07:17.7435733Z 	at org.apache.iceberg.rest.RESTCatalog.loadTable(RESTCatalog.java:124)
Execute Action	2026-09-26T09:07:17.7436724Z 	at org.apache.iceberg.shaded.com.github.benmanes.caffeine.cache.BoundedLocalCache.lambda$doComputeIfAbsent$14(BoundedLocalCache.java:2406)
Execute Action	2026-09-26T09:07:17.7437926Z 	at java.base/java.util.concurrent.ConcurrentHashMap.compute(ConcurrentHashMap.java:1916)
Execute Action	2026-09-26T09:07:17.7438954Z 	at org.apache.iceberg.shaded.com.github.benmanes.caffeine.cache.BoundedLocalCache.doComputeIfAbsent(BoundedLocalCache.java:2404)
Execute Action	2026-09-26T09:07:17.7440125Z 	at org.apache.iceberg.shaded.com.github.benmanes.caffeine.cache.BoundedLocalCache.computeIfAbsent(BoundedLocalCache.java:2387)
Execute Action	2026-09-26T09:07:17.7441230Z 	at org.apache.iceberg.shaded.com.github.benmanes.caffeine.cache.LocalCache.computeIfAbsent(LocalCache.java:108)
Execute Action	2026-09-26T09:07:17.7442278Z 	at org.apache.iceberg.shaded.com.github.benmanes.caffeine.cache.LocalManualCache.get(LocalManualCache.java:62)
Execute Action	2026-09-26T09:07:17.7443281Z 	at org.apache.iceberg.CachingCatalog.loadTable(CachingCatalog.java:147)
Execute Action	2026-09-26T09:07:17.7444056Z 	at org.apache.iceberg.spark.SparkCatalog.load(SparkCatalog.java:867)
Execute Action	2026-09-26T09:07:17.7444832Z 	at org.apache.iceberg.spark.SparkCatalog.loadTable(SparkCatalog.java:171)
Execute Action	2026-09-26T09:07:17.7445688Z 	at org.apache.iceberg.spark.procedures.BaseProcedure.loadSparkTable(BaseProcedure.java:168)
Execute Action	2026-09-26T09:07:17.7446575Z 	at org.apache.iceberg.spark.procedures.BaseProcedure.execute(BaseProcedure.java:129)
Execute Action	2026-09-26T09:07:17.7447595Z 	at org.apache.iceberg.spark.procedures.BaseProcedure.modifyIcebergTable(BaseProcedure.java:113)
Execute Action	2026-09-26T09:07:17.7448575Z 	at org.apache.iceberg.spark.procedures.RewriteManifestsProcedure.call(RewriteManifestsProcedure.java:100)
Execute Action	2026-09-26T09:07:17.7449680Z 	at org.apache.spark.sql.catalyst.analysis.InvokeProcedures.org$apache$spark$sql$catalyst$analysis$InvokeProcedures$$invoke(InvokeProcedures.scala:48)
Execute Action	2026-09-26T09:07:17.7450793Z 	at org.apache.spark.sql.catalyst.analysis.InvokeProcedures$$anonfun$apply$1.applyOrElse(InvokeProcedures.scala:40)
Execute Action	2026-09-26T09:07:17.7451803Z 	at org.apache.spark.sql.catalyst.analysis.InvokeProcedures$$anonfun$apply$1.applyOrElse(InvokeProcedures.scala:36)
Execute Action	2026-09-26T09:07:17.7452970Z 	at org.apache.spark.sql.catalyst.plans.logical.AnalysisHelper.$anonfun$resolveOperatorsDownWithPruning$2(AnalysisHelper.scala:200)
Execute Action	2026-09-26T09:07:17.7453958Z 	at org.apache.spark.sql.catalyst.trees.CurrentOrigin$.withOrigin(origin.scala:86)
Execute Action	2026-09-26T09:07:17.7454930Z 	at org.apache.spark.sql.catalyst.plans.logical.AnalysisHelper.$anonfun$resolveOperatorsDownWithPruning$1(AnalysisHelper.scala:200)
Execute Action	2026-09-26T09:07:17.7456021Z 	at org.apache.spark.sql.catalyst.plans.logical.AnalysisHelper$.allowInvokingTransformsInAnalyzer(AnalysisHelper.scala:416)
Execute Action	2026-09-26T09:07:17.7457126Z 	at org.apache.spark.sql.catalyst.plans.logical.AnalysisHelper.resolveOperatorsDownWithPruning(AnalysisHelper.scala:198)
Execute Action	2026-09-26T09:07:17.7458240Z 	at org.apache.spark.sql.catalyst.plans.logical.AnalysisHelper.resolveOperatorsDownWithPruning$(AnalysisHelper.scala:194)
Execute Action	2026-09-26T09:07:17.7459454Z 	at org.apache.spark.sql.catalyst.plans.logical.LogicalPlan.resolveOperatorsDownWithPruning(LogicalPlan.scala:37)
Execute Action	2026-09-26T09:07:17.7460530Z 	at org.apache.spark.sql.catalyst.plans.logical.AnalysisHelper.resolveOperatorsWithPruning(AnalysisHelper.scala:100)
Execute Action	2026-09-26T09:07:17.7461594Z 	at org.apache.spark.sql.catalyst.plans.logical.AnalysisHelper.resolveOperatorsWithPruning$(AnalysisHelper.scala:97)
Execute Action	2026-09-26T09:07:17.7462830Z 	at org.apache.spark.sql.catalyst.plans.logical.LogicalPlan.resolveOperatorsWithPruning(LogicalPlan.scala:37)
Execute Action	2026-09-26T09:07:17.7463851Z 	at org.apache.spark.sql.catalyst.plans.logical.AnalysisHelper.resolveOperators(AnalysisHelper.scala:77)
Execute Action	2026-09-26T09:07:17.7464842Z 	at org.apache.spark.sql.catalyst.plans.logical.AnalysisHelper.resolveOperators$(AnalysisHelper.scala:76)
Execute Action	2026-09-26T09:07:17.7465808Z 	at org.apache.spark.sql.catalyst.plans.logical.LogicalPlan.resolveOperators(LogicalPlan.scala:37)
Execute Action	2026-09-26T09:07:17.7466731Z 	at org.apache.spark.sql.catalyst.analysis.InvokeProcedures.apply(InvokeProcedures.scala:36)
Execute Action	2026-09-26T09:07:17.7467623Z 	at org.apache.spark.sql.catalyst.analysis.InvokeProcedures.apply(InvokeProcedures.scala:34)
Execute Action	2026-09-26T09:07:17.7468512Z 	at org.apache.spark.sql.catalyst.rules.RuleExecutor.$anonfun$execute$2(RuleExecutor.scala:242)
Execute Action	2026-09-26T09:07:17.7469447Z 	at scala.collection.LinearSeqOps.foldLeft(LinearSeq.scala:183)
Execute Action	2026-09-26T09:07:17.7470178Z 	at scala.collection.LinearSeqOps.foldLeft$(LinearSeq.scala:179)
Execute Action	2026-09-26T09:07:17.7470895Z 	at scala.collection.immutable.List.foldLeft(List.scala:79)
Execute Action	2026-09-26T09:07:17.7471688Z 	at org.apache.spark.sql.catalyst.rules.RuleExecutor.$anonfun$execute$1(RuleExecutor.scala:239)
Execute Action	2026-09-26T09:07:17.7472681Z 	at org.apache.spark.sql.catalyst.rules.RuleExecutor.$anonfun$execute$1$adapted(RuleExecutor.scala:231)
Execute Action	2026-09-26T09:07:17.7473515Z 	at scala.collection.immutable.List.foreach(List.scala:334)
Execute Action	2026-09-26T09:07:17.7474302Z 	at org.apache.spark.sql.catalyst.rules.RuleExecutor.execute(RuleExecutor.scala:231)
Execute Action	2026-09-26T09:07:17.7475296Z 	at org.apache.spark.sql.catalyst.analysis.Analyzer.org$apache$spark$sql$catalyst$analysis$Analyzer$$executeSameContext(Analyzer.scala:340)
Execute Action	2026-09-26T09:07:17.7476290Z 	at org.apache.spark.sql.catalyst.analysis.Analyzer.$anonfun$execute$1(Analyzer.scala:336)
Execute Action	2026-09-26T09:07:17.7477200Z 	at org.apache.spark.sql.catalyst.analysis.AnalysisContext$.withNewAnalysisContext(Analyzer.scala:234)
Execute Action	2026-09-26T09:07:17.7478089Z 	at org.apache.spark.sql.catalyst.analysis.Analyzer.execute(Analyzer.scala:336)
Execute Action	2026-09-26T09:07:17.7478908Z 	at org.apache.spark.sql.catalyst.analysis.Analyzer.execute(Analyzer.scala:299)
Execute Action	2026-09-26T09:07:17.7479789Z 	at org.apache.spark.sql.catalyst.rules.RuleExecutor.$anonfun$executeAndTrack$1(RuleExecutor.scala:201)
Execute Action	2026-09-26T09:07:17.7480939Z 	at org.apache.spark.sql.catalyst.QueryPlanningTracker$.withTracker(QueryPlanningTracker.scala:89)
Execute Action	2026-09-26T09:07:17.7481893Z 	at org.apache.spark.sql.catalyst.rules.RuleExecutor.executeAndTrack(RuleExecutor.scala:201)
Execute Action	2026-09-26T09:07:17.7482984Z 	at org.apache.spark.sql.catalyst.analysis.resolver.HybridAnalyzer.resolveInFixedPoint(HybridAnalyzer.scala:190)
Execute Action	2026-09-26T09:07:17.7484018Z 	at org.apache.spark.sql.catalyst.analysis.resolver.HybridAnalyzer.$anonfun$apply$1(HybridAnalyzer.scala:76)
Execute Action	2026-09-26T09:07:17.7485098Z 	at org.apache.spark.sql.catalyst.analysis.resolver.HybridAnalyzer.withTrackedAnalyzerBridgeState(HybridAnalyzer.scala:111)
Execute Action	2026-09-26T09:07:17.7486144Z 	at org.apache.spark.sql.catalyst.analysis.resolver.HybridAnalyzer.apply(HybridAnalyzer.scala:71)
Execute Action	2026-09-26T09:07:17.7487066Z 	at org.apache.spark.sql.catalyst.analysis.Analyzer.$anonfun$executeAndCheck$1(Analyzer.scala:330)
Execute Action	2026-09-26T09:07:17.7487999Z 	at org.apache.spark.sql.catalyst.plans.logical.AnalysisHelper$.markInAnalyzer(AnalysisHelper.scala:423)
Execute Action	2026-09-26T09:07:17.7488911Z 	at org.apache.spark.sql.catalyst.analysis.Analyzer.executeAndCheck(Analyzer.scala:330)
Execute Action	2026-09-26T09:07:17.7490041Z 	at org.apache.spark.sql.execution.QueryExecution.$anonfun$lazyAnalyzed$2(QueryExecution.scala:110)
Execute Action	2026-09-26T09:07:17.7490985Z 	at org.apache.spark.sql.catalyst.QueryPlanningTracker.measurePhase(QueryPlanningTracker.scala:148)
Execute Action	2026-09-26T09:07:17.7491909Z 	at org.apache.spark.sql.execution.QueryExecution.$anonfun$executePhase$2(QueryExecution.scala:278)
Execute Action	2026-09-26T09:07:17.7492892Z 	at org.apache.spark.sql.execution.QueryExecution$.withInternalError(QueryExecution.scala:654)
Execute Action	2026-09-26T09:07:17.7493801Z 	at org.apache.spark.sql.execution.QueryExecution.$anonfun$executePhase$1(QueryExecution.scala:278)
Execute Action	2026-09-26T09:07:17.7494653Z 	at org.apache.spark.sql.SparkSession.withActive(SparkSession.scala:804)
Execute Action	2026-09-26T09:07:17.7495489Z 	at org.apache.spark.sql.execution.QueryExecution.executePhase(QueryExecution.scala:277)
Execute Action	2026-09-26T09:07:17.7496394Z 	at org.apache.spark.sql.execution.QueryExecution.$anonfun$lazyAnalyzed$1(QueryExecution.scala:110)
Execute Action	2026-09-26T09:07:17.7497159Z 	at scala.util.Try$.apply(Try.scala:217)
Execute Action	2026-09-26T09:07:17.7497854Z 	at org.apache.spark.util.Utils$.doTryWithCallerStacktrace(Utils.scala:1378)
Execute Action	2026-09-26T09:07:17.7498661Z 	at org.apache.spark.util.Utils$.getTryWithCallerStacktrace(Utils.scala:1439)
Execute Action	2026-09-26T09:07:17.7499415Z 	at org.apache.spark.util.LazyTry.get(LazyTry.scala:58)
Execute Action	2026-09-26T09:07:17.7500182Z 	at org.apache.spark.sql.execution.QueryExecution.analyzed(QueryExecution.scala:121)
Execute Action	2026-09-26T09:07:17.7501172Z 	at org.apache.spark.sql.execution.QueryExecution.assertAnalyzed(QueryExecution.scala:80)
Execute Action	2026-09-26T09:07:17.7502013Z 	at org.apache.spark.sql.classic.Dataset$.$anonfun$ofRows$5(Dataset.scala:139)
Execute Action	2026-09-26T09:07:17.7502881Z 	at org.apache.spark.sql.SparkSession.withActive(SparkSession.scala:804)
Execute Action	2026-09-26T09:07:17.7503644Z 	at org.apache.spark.sql.classic.Dataset$.ofRows(Dataset.scala:136)
Execute Action	2026-09-26T09:07:17.7504426Z 	at org.apache.spark.sql.classic.SparkSession.$anonfun$sql$1(SparkSession.scala:462)
Execute Action	2026-09-26T09:07:17.7505230Z 	at org.apache.spark.sql.SparkSession.withActive(SparkSession.scala:804)
Execute Action	2026-09-26T09:07:17.7506006Z 	at org.apache.spark.sql.classic.SparkSession.sql(SparkSession.scala:449)
Execute Action	2026-09-26T09:07:17.7506787Z 	at org.apache.spark.sql.classic.SparkSession.sql(SparkSession.scala:467)
Execute Action	2026-09-26T09:07:17.7507608Z 	at java.base/jdk.internal.reflect.NativeMethodAccessorImpl.invoke0(Native Method)
Execute Action	2026-09-26T09:07:17.7508508Z 	at java.base/jdk.internal.reflect.NativeMethodAccessorImpl.invoke(NativeMethodAccessorImpl.java:77)
Execute Action	2026-09-26T09:07:17.7509480Z 	at java.base/jdk.internal.reflect.DelegatingMethodAccessorImpl.invoke(DelegatingMethodAccessorImpl.java:43)
Execute Action	2026-09-26T09:07:17.7510457Z 	at java.base/java.lang.reflect.Method.invoke(Method.java:569)
Execute Action	2026-09-26T09:07:17.7511191Z 	at py4j.reflection.MethodInvoker.invoke(MethodInvoker.java:244)
Execute Action	2026-09-26T09:07:17.7511945Z 	at py4j.reflection.ReflectionEngine.invoke(ReflectionEngine.java:374)
Execute Action	2026-09-26T09:07:17.7512727Z 	at py4j.Gateway.invoke(Gateway.java:282)
Execute Action	2026-09-26T09:07:17.7513425Z 	at py4j.commands.AbstractCommand.invokeMethod(AbstractCommand.java:132)
Execute Action	2026-09-26T09:07:17.7514165Z 	at py4j.commands.CallCommand.execute(CallCommand.java:79)
Execute Action	2026-09-26T09:07:17.7514934Z 	at py4j.ClientServerConnection.waitForCommands(ClientServerConnection.java:184)
Execute Action	2026-09-26T09:07:17.7515737Z 	at py4j.ClientServerConnection.run(ClientServerConnection.java:108)
Execute Action	2026-09-26T09:07:17.7516446Z 	at java.base/java.lang.Thread.run(Thread.java:840)
Execute Action	2026-09-26T09:07:17.7517339Z 	Suppressed: org.apache.spark.util.Utils$OriginalTryStackTraceException: Full stacktrace of original doTryWithCallerStacktrace caller
Execute Action	2026-09-26T09:07:17.7518350Z 		at org.apache.iceberg.rest.ErrorHandlers$DefaultErrorHandler.accept(ErrorHandlers.java:350)
Execute Action	2026-09-26T09:07:17.7519230Z 		at org.apache.iceberg.rest.ErrorHandlers$TableErrorHandler.accept(ErrorHandlers.java:160)
Execute Action	2026-09-26T09:07:17.7520095Z 		at org.apache.iceberg.rest.ErrorHandlers$TableErrorHandler.accept(ErrorHandlers.java:142)
Execute Action	2026-09-26T09:07:17.7520918Z 		at org.apache.iceberg.rest.HTTPClient.throwFailure(HTTPClient.java:242)
Execute Action	2026-09-26T09:07:17.7521812Z 		at org.apache.iceberg.rest.HTTPClient.execute(HTTPClient.java:347)
Execute Action	2026-09-26T09:07:17.7522640Z 		at org.apache.iceberg.rest.HTTPClient.execute(HTTPClient.java:299)
Execute Action	2026-09-26T09:07:17.7523398Z 		at org.apache.iceberg.rest.BaseHTTPClient.get(BaseHTTPClient.java:101)
Execute Action	2026-09-26T09:07:17.7524217Z 		at org.apache.iceberg.rest.RESTSessionCatalog.loadInternal(RESTSessionCatalog.java:438)
Execute Action	2026-09-26T09:07:17.7525127Z 		at org.apache.iceberg.rest.RESTSessionCatalog.loadTable(RESTSessionCatalog.java:468)
Execute Action	2026-09-26T09:07:17.7526029Z 		at org.apache.iceberg.catalog.BaseSessionCatalog$AsCatalog.loadTable(BaseSessionCatalog.java:105)
Execute Action	2026-09-26T09:07:17.7526891Z 		at org.apache.iceberg.rest.RESTCatalog.loadTable(RESTCatalog.java:124)
Execute Action	2026-09-26T09:07:17.7527880Z 		at org.apache.iceberg.shaded.com.github.benmanes.caffeine.cache.BoundedLocalCache.lambda$doComputeIfAbsent$14(BoundedLocalCache.java:2406)
Execute Action	2026-09-26T09:07:17.7575802Z 		at java.base/java.util.concurrent.ConcurrentHashMap.compute(ConcurrentHashMap.java:1916)
Execute Action	2026-09-26T09:07:17.7576990Z 		at org.apache.iceberg.shaded.com.github.benmanes.caffeine.cache.BoundedLocalCache.doComputeIfAbsent(BoundedLocalCache.java:2404)
Execute Action	2026-09-26T09:07:17.7578344Z 		at org.apache.iceberg.shaded.com.github.benmanes.caffeine.cache.BoundedLocalCache.computeIfAbsent(BoundedLocalCache.java:2387)
Execute Action	2026-09-26T09:07:17.7579500Z 		at org.apache.iceberg.shaded.com.github.benmanes.caffeine.cache.LocalCache.computeIfAbsent(LocalCache.java:108)
Execute Action	2026-09-26T09:07:17.7580575Z 		at org.apache.iceberg.shaded.com.github.benmanes.caffeine.cache.LocalManualCache.get(LocalManualCache.java:62)
Execute Action	2026-09-26T09:07:17.7581489Z 		at org.apache.iceberg.CachingCatalog.loadTable(CachingCatalog.java:147)
Execute Action	2026-09-26T09:07:17.7582261Z 		at org.apache.iceberg.spark.SparkCatalog.load(SparkCatalog.java:867)
Execute Action	2026-09-26T09:07:17.7583144Z 		at org.apache.iceberg.spark.SparkCatalog.loadTable(SparkCatalog.java:171)
Execute Action	2026-09-26T09:07:17.7584016Z 		at org.apache.iceberg.spark.procedures.BaseProcedure.loadSparkTable(BaseProcedure.java:168)
Execute Action	2026-09-26T09:07:17.7584910Z 		at org.apache.iceberg.spark.procedures.BaseProcedure.execute(BaseProcedure.java:129)
Execute Action	2026-09-26T09:07:17.7585804Z 		at org.apache.iceberg.spark.procedures.BaseProcedure.modifyIcebergTable(BaseProcedure.java:113)
Execute Action	2026-09-26T09:07:17.7586777Z 		at org.apache.iceberg.spark.procedures.RewriteManifestsProcedure.call(RewriteManifestsProcedure.java:100)
Execute Action	2026-09-26T09:07:17.7587885Z 		at org.apache.spark.sql.catalyst.analysis.InvokeProcedures.org$apache$spark$sql$catalyst$analysis$InvokeProcedures$$invoke(InvokeProcedures.scala:48)
Execute Action	2026-09-26T09:07:17.7589003Z 		at org.apache.spark.sql.catalyst.analysis.InvokeProcedures$$anonfun$apply$1.applyOrElse(InvokeProcedures.scala:40)
Execute Action	2026-09-26T09:07:17.7590148Z 		at org.apache.spark.sql.catalyst.analysis.InvokeProcedures$$anonfun$apply$1.applyOrElse(InvokeProcedures.scala:36)
Execute Action	2026-09-26T09:07:17.7591226Z 		at org.apache.spark.sql.catalyst.plans.logical.AnalysisHelper.$anonfun$resolveOperatorsDownWithPruning$2(AnalysisHelper.scala:200)
Execute Action	2026-09-26T09:07:17.7592219Z 		at org.apache.spark.sql.catalyst.trees.CurrentOrigin$.withOrigin(origin.scala:86)
Execute Action	2026-09-26T09:07:17.7593329Z 		at org.apache.spark.sql.catalyst.plans.logical.AnalysisHelper.$anonfun$resolveOperatorsDownWithPruning$1(AnalysisHelper.scala:200)
Execute Action	2026-09-26T09:07:17.7594443Z 		at org.apache.spark.sql.catalyst.plans.logical.AnalysisHelper$.allowInvokingTransformsInAnalyzer(AnalysisHelper.scala:416)
Execute Action	2026-09-26T09:07:17.7595585Z 		at org.apache.spark.sql.catalyst.plans.logical.AnalysisHelper.resolveOperatorsDownWithPruning(AnalysisHelper.scala:198)
Execute Action	2026-09-26T09:07:17.7596693Z 		at org.apache.spark.sql.catalyst.plans.logical.AnalysisHelper.resolveOperatorsDownWithPruning$(AnalysisHelper.scala:194)
Execute Action	2026-09-26T09:07:17.7597775Z 		at org.apache.spark.sql.catalyst.plans.logical.LogicalPlan.resolveOperatorsDownWithPruning(LogicalPlan.scala:37)
Execute Action	2026-09-26T09:07:17.7598840Z 		at org.apache.spark.sql.catalyst.plans.logical.AnalysisHelper.resolveOperatorsWithPruning(AnalysisHelper.scala:100)
Execute Action	2026-09-26T09:07:17.7600034Z 		at org.apache.spark.sql.catalyst.plans.logical.AnalysisHelper.resolveOperatorsWithPruning$(AnalysisHelper.scala:97)
Execute Action	2026-09-26T09:07:17.7601081Z 		at org.apache.spark.sql.catalyst.plans.logical.LogicalPlan.resolveOperatorsWithPruning(LogicalPlan.scala:37)
Execute Action	2026-09-26T09:07:17.7602087Z 		at org.apache.spark.sql.catalyst.plans.logical.AnalysisHelper.resolveOperators(AnalysisHelper.scala:77)
Execute Action	2026-09-26T09:07:17.7603194Z 		at org.apache.spark.sql.catalyst.plans.logical.AnalysisHelper.resolveOperators$(AnalysisHelper.scala:76)
Execute Action	2026-09-26T09:07:17.7604167Z 		at org.apache.spark.sql.catalyst.plans.logical.LogicalPlan.resolveOperators(LogicalPlan.scala:37)
Execute Action	2026-09-26T09:07:17.7605103Z 		at org.apache.spark.sql.catalyst.analysis.InvokeProcedures.apply(InvokeProcedures.scala:36)
Execute Action	2026-09-26T09:07:17.7606002Z 		at org.apache.spark.sql.catalyst.analysis.InvokeProcedures.apply(InvokeProcedures.scala:34)
Execute Action	2026-09-26T09:07:17.7606898Z 		at org.apache.spark.sql.catalyst.rules.RuleExecutor.$anonfun$execute$2(RuleExecutor.scala:242)
Execute Action	2026-09-26T09:07:17.7607715Z 		at scala.collection.LinearSeqOps.foldLeft(LinearSeq.scala:183)
Execute Action	2026-09-26T09:07:17.7608440Z 		at scala.collection.LinearSeqOps.foldLeft$(LinearSeq.scala:179)
Execute Action	2026-09-26T09:07:17.7609159Z 		at scala.collection.immutable.List.foldLeft(List.scala:79)
Execute Action	2026-09-26T09:07:17.7609957Z 		at org.apache.spark.sql.catalyst.rules.RuleExecutor.$anonfun$execute$1(RuleExecutor.scala:239)
Execute Action	2026-09-26T09:07:17.7610988Z 		at org.apache.spark.sql.catalyst.rules.RuleExecutor.$anonfun$execute$1$adapted(RuleExecutor.scala:231)
Execute Action	2026-09-26T09:07:17.7611804Z 		at scala.collection.immutable.List.foreach(List.scala:334)
Execute Action	2026-09-26T09:07:17.7612654Z 		at org.apache.spark.sql.catalyst.rules.RuleExecutor.execute(RuleExecutor.scala:231)
Execute Action	2026-09-26T09:07:17.7613650Z 		at org.apache.spark.sql.catalyst.analysis.Analyzer.org$apache$spark$sql$catalyst$analysis$Analyzer$$executeSameContext(Analyzer.scala:340)
Execute Action	2026-09-26T09:07:17.7614640Z 		at org.apache.spark.sql.catalyst.analysis.Analyzer.$anonfun$execute$1(Analyzer.scala:336)
Execute Action	2026-09-26T09:07:17.7615553Z 		at org.apache.spark.sql.catalyst.analysis.AnalysisContext$.withNewAnalysisContext(Analyzer.scala:234)
Execute Action	2026-09-26T09:07:17.7616438Z 		at org.apache.spark.sql.catalyst.analysis.Analyzer.execute(Analyzer.scala:336)
Execute Action	2026-09-26T09:07:17.7617243Z 		at org.apache.spark.sql.catalyst.analysis.Analyzer.execute(Analyzer.scala:299)
Execute Action	2026-09-26T09:07:17.7618105Z 		at org.apache.spark.sql.catalyst.rules.RuleExecutor.$anonfun$executeAndTrack$1(RuleExecutor.scala:201)
Execute Action	2026-09-26T09:07:17.7619032Z 		at org.apache.spark.sql.catalyst.QueryPlanningTracker$.withTracker(QueryPlanningTracker.scala:89)
Execute Action	2026-09-26T09:07:17.7620057Z 		at org.apache.spark.sql.catalyst.rules.RuleExecutor.executeAndTrack(RuleExecutor.scala:201)
Execute Action	2026-09-26T09:07:17.7621065Z 		at org.apache.spark.sql.catalyst.analysis.resolver.HybridAnalyzer.resolveInFixedPoint(HybridAnalyzer.scala:190)
Execute Action	2026-09-26T09:07:17.7622111Z 		at org.apache.spark.sql.catalyst.analysis.resolver.HybridAnalyzer.$anonfun$apply$1(HybridAnalyzer.scala:76)
Execute Action	2026-09-26T09:07:17.7623253Z 		at org.apache.spark.sql.catalyst.analysis.resolver.HybridAnalyzer.withTrackedAnalyzerBridgeState(HybridAnalyzer.scala:111)
Execute Action	2026-09-26T09:07:17.7624289Z 		at org.apache.spark.sql.catalyst.analysis.resolver.HybridAnalyzer.apply(HybridAnalyzer.scala:71)
Execute Action	2026-09-26T09:07:17.7625199Z 		at org.apache.spark.sql.catalyst.analysis.Analyzer.$anonfun$executeAndCheck$1(Analyzer.scala:330)
Execute Action	2026-09-26T09:07:17.7626133Z 		at org.apache.spark.sql.catalyst.plans.logical.AnalysisHelper$.markInAnalyzer(AnalysisHelper.scala:423)
Execute Action	2026-09-26T09:07:17.7627042Z 		at org.apache.spark.sql.catalyst.analysis.Analyzer.executeAndCheck(Analyzer.scala:330)
Execute Action	2026-09-26T09:07:17.7627941Z 		at org.apache.spark.sql.execution.QueryExecution.$anonfun$lazyAnalyzed$2(QueryExecution.scala:110)
Execute Action	2026-09-26T09:07:17.7628873Z 		at org.apache.spark.sql.catalyst.QueryPlanningTracker.measurePhase(QueryPlanningTracker.scala:148)
Execute Action	2026-09-26T09:07:17.7629797Z 		at org.apache.spark.sql.execution.QueryExecution.$anonfun$executePhase$2(QueryExecution.scala:278)
Execute Action	2026-09-26T09:07:17.7630693Z 		at org.apache.spark.sql.execution.QueryExecution$.withInternalError(QueryExecution.scala:654)
Execute Action	2026-09-26T09:07:17.7631696Z 		at org.apache.spark.sql.execution.QueryExecution.$anonfun$executePhase$1(QueryExecution.scala:278)
Execute Action	2026-09-26T09:07:17.7632539Z 		at org.apache.spark.sql.SparkSession.withActive(SparkSession.scala:804)
Execute Action	2026-09-26T09:07:17.7633454Z 		at org.apache.spark.sql.execution.QueryExecution.executePhase(QueryExecution.scala:277)
Execute Action	2026-09-26T09:07:17.7634358Z 		at org.apache.spark.sql.execution.QueryExecution.$anonfun$lazyAnalyzed$1(QueryExecution.scala:110)
Execute Action	2026-09-26T09:07:17.7635110Z 		at scala.util.Try$.apply(Try.scala:217)
Execute Action	2026-09-26T09:07:17.7635805Z 		at org.apache.spark.util.Utils$.doTryWithCallerStacktrace(Utils.scala:1378)
Execute Action	2026-09-26T09:07:17.7636567Z 		at org.apache.spark.util.LazyTry.tryT$lzycompute(LazyTry.scala:46)
Execute Action	2026-09-26T09:07:17.7637271Z 		at org.apache.spark.util.LazyTry.tryT(LazyTry.scala:46)
Execute Action	2026-09-26T09:07:17.7637848Z 		... 22 more
Execute Action	2026-09-26T09:07:17.7638276Z 
Execute Action	2026-09-26T09:07:17.7638879Z    - events.wikipedia_edits/expire: An error occurred while calling o68.sql.
Execute Action	2026-09-26T09:07:17.7639802Z : org.apache.iceberg.exceptions.ServiceFailureException: Server error: RESTException: persisted table metadata is invalid
Execute Action	2026-09-26T09:07:17.7640919Z 	at org.apache.iceberg.rest.ErrorHandlers$DefaultErrorHandler.accept(ErrorHandlers.java:350)
Execute Action	2026-09-26T09:07:17.7641791Z 	at org.apache.iceberg.rest.ErrorHandlers$TableErrorHandler.accept(ErrorHandlers.java:160)
Execute Action	2026-09-26T09:07:17.7642726Z 	at org.apache.iceberg.rest.ErrorHandlers$TableErrorHandler.accept(ErrorHandlers.java:142)
Execute Action	2026-09-26T09:07:17.7643549Z 	at org.apache.iceberg.rest.HTTPClient.throwFailure(HTTPClient.java:242)
Execute Action	2026-09-26T09:07:17.7644302Z 	at org.apache.iceberg.rest.HTTPClient.execute(HTTPClient.java:347)
Execute Action	2026-09-26T09:07:17.7645031Z 	at org.apache.iceberg.rest.HTTPClient.execute(HTTPClient.java:299)
Execute Action	2026-09-26T09:07:17.7645779Z 	at org.apache.iceberg.rest.BaseHTTPClient.get(BaseHTTPClient.java:101)
Execute Action	2026-09-26T09:07:17.7646598Z 	at org.apache.iceberg.rest.RESTSessionCatalog.loadInternal(RESTSessionCatalog.java:438)
Execute Action	2026-09-26T09:07:17.7647452Z 	at org.apache.iceberg.rest.RESTSessionCatalog.loadTable(RESTSessionCatalog.java:468)
Execute Action	2026-09-26T09:07:17.7648330Z 	at org.apache.iceberg.catalog.BaseSessionCatalog$AsCatalog.loadTable(BaseSessionCatalog.java:105)
Execute Action	2026-09-26T09:07:17.7649166Z 	at org.apache.iceberg.rest.RESTCatalog.loadTable(RESTCatalog.java:124)
Execute Action	2026-09-26T09:07:17.7650147Z 	at org.apache.iceberg.shaded.com.github.benmanes.caffeine.cache.BoundedLocalCache.lambda$doComputeIfAbsent$14(BoundedLocalCache.java:2406)
Execute Action	2026-09-26T09:07:17.7651214Z 	at java.base/java.util.concurrent.ConcurrentHashMap.compute(ConcurrentHashMap.java:1916)
Execute Action	2026-09-26T09:07:17.7652341Z 	at org.apache.iceberg.shaded.com.github.benmanes.caffeine.cache.BoundedLocalCache.doComputeIfAbsent(BoundedLocalCache.java:2404)
Execute Action	2026-09-26T09:07:17.7653577Z 	at org.apache.iceberg.shaded.com.github.benmanes.caffeine.cache.BoundedLocalCache.computeIfAbsent(BoundedLocalCache.java:2387)
Execute Action	2026-09-26T09:07:17.7654678Z 	at org.apache.iceberg.shaded.com.github.benmanes.caffeine.cache.LocalCache.computeIfAbsent(LocalCache.java:108)
Execute Action	2026-09-26T09:07:17.7655711Z 	at org.apache.iceberg.shaded.com.github.benmanes.caffeine.cache.LocalManualCache.get(LocalManualCache.java:62)
Execute Action	2026-09-26T09:07:17.7656620Z 	at org.apache.iceberg.CachingCatalog.loadTable(CachingCatalog.java:147)
Execute Action	2026-09-26T09:07:17.7657394Z 	at org.apache.iceberg.spark.SparkCatalog.load(SparkCatalog.java:867)
Execute Action	2026-09-26T09:07:17.7658168Z 	at org.apache.iceberg.spark.SparkCatalog.loadTable(SparkCatalog.java:171)
Execute Action	2026-09-26T09:07:17.7659020Z 	at org.apache.iceberg.spark.procedures.BaseProcedure.loadSparkTable(BaseProcedure.java:168)
Execute Action	2026-09-26T09:07:17.7659908Z 	at org.apache.iceberg.spark.procedures.BaseProcedure.execute(BaseProcedure.java:129)
Execute Action	2026-09-26T09:07:17.7660809Z 	at org.apache.iceberg.spark.procedures.BaseProcedure.modifyIcebergTable(BaseProcedure.java:113)
Execute Action	2026-09-26T09:07:17.7661889Z 	at org.apache.iceberg.spark.procedures.ExpireSnapshotsProcedure.call(ExpireSnapshotsProcedure.java:135)
Execute Action	2026-09-26T09:07:17.7663104Z 	at org.apache.spark.sql.catalyst.analysis.InvokeProcedures.org$apache$spark$sql$catalyst$analysis$InvokeProcedures$$invoke(InvokeProcedures.scala:48)
Execute Action	2026-09-26T09:07:17.7664230Z 	at org.apache.spark.sql.catalyst.analysis.InvokeProcedures$$anonfun$apply$1.applyOrElse(InvokeProcedures.scala:40)
Execute Action	2026-09-26T09:07:17.7665241Z 	at org.apache.spark.sql.catalyst.analysis.InvokeProcedures$$anonfun$apply$1.applyOrElse(InvokeProcedures.scala:36)
Execute Action	2026-09-26T09:07:17.7666296Z 	at org.apache.spark.sql.catalyst.plans.logical.AnalysisHelper.$anonfun$resolveOperatorsDownWithPruning$2(AnalysisHelper.scala:200)
Execute Action	2026-09-26T09:07:17.7667270Z 	at org.apache.spark.sql.catalyst.trees.CurrentOrigin$.withOrigin(origin.scala:86)
Execute Action	2026-09-26T09:07:17.7668232Z 	at org.apache.spark.sql.catalyst.plans.logical.AnalysisHelper.$anonfun$resolveOperatorsDownWithPruning$1(AnalysisHelper.scala:200)
Execute Action	2026-09-26T09:07:17.7669326Z 	at org.apache.spark.sql.catalyst.plans.logical.AnalysisHelper$.allowInvokingTransformsInAnalyzer(AnalysisHelper.scala:416)
Execute Action	2026-09-26T09:07:17.7670413Z 	at org.apache.spark.sql.catalyst.plans.logical.AnalysisHelper.resolveOperatorsDownWithPruning(AnalysisHelper.scala:198)
Execute Action	2026-09-26T09:07:17.7671515Z 	at org.apache.spark.sql.catalyst.plans.logical.AnalysisHelper.resolveOperatorsDownWithPruning$(AnalysisHelper.scala:194)
Execute Action	2026-09-26T09:07:17.7672783Z 	at org.apache.spark.sql.catalyst.plans.logical.LogicalPlan.resolveOperatorsDownWithPruning(LogicalPlan.scala:37)
Execute Action	2026-09-26T09:07:17.7674293Z 	at org.apache.spark.sql.catalyst.plans.logical.AnalysisHelper.resolveOperatorsWithPruning(AnalysisHelper.scala:100)
Execute Action	2026-09-26T09:07:17.7675366Z 	at org.apache.spark.sql.catalyst.plans.logical.AnalysisHelper.resolveOperatorsWithPruning$(AnalysisHelper.scala:97)
Execute Action	2026-09-26T09:07:17.7676407Z 	at org.apache.spark.sql.catalyst.plans.logical.LogicalPlan.resolveOperatorsWithPruning(LogicalPlan.scala:37)
Execute Action	2026-09-26T09:07:17.7677442Z 	at org.apache.spark.sql.catalyst.plans.logical.AnalysisHelper.resolveOperators(AnalysisHelper.scala:77)
Execute Action	2026-09-26T09:07:17.7678432Z 	at org.apache.spark.sql.catalyst.plans.logical.AnalysisHelper.resolveOperators$(AnalysisHelper.scala:76)
Execute Action	2026-09-26T09:07:17.7679414Z 	at org.apache.spark.sql.catalyst.plans.logical.LogicalPlan.resolveOperators(LogicalPlan.scala:37)
Execute Action	2026-09-26T09:07:17.7680346Z 	at org.apache.spark.sql.catalyst.analysis.InvokeProcedures.apply(InvokeProcedures.scala:36)
Execute Action	2026-09-26T09:07:17.7681260Z 	at org.apache.spark.sql.catalyst.analysis.InvokeProcedures.apply(InvokeProcedures.scala:34)
Execute Action	2026-09-26T09:07:17.7682201Z 	at org.apache.spark.sql.catalyst.rules.RuleExecutor.$anonfun$execute$2(RuleExecutor.scala:242)
Execute Action	2026-09-26T09:07:17.7683264Z 	at scala.collection.LinearSeqOps.foldLeft(LinearSeq.scala:183)
Execute Action	2026-09-26T09:07:17.7684014Z 	at scala.collection.LinearSeqOps.foldLeft$(LinearSeq.scala:179)
Execute Action	2026-09-26T09:07:17.7684735Z 	at scala.collection.immutable.List.foldLeft(List.scala:79)
Execute Action	2026-09-26T09:07:17.7685533Z 	at org.apache.spark.sql.catalyst.rules.RuleExecutor.$anonfun$execute$1(RuleExecutor.scala:239)
Execute Action	2026-09-26T09:07:17.7686446Z 	at org.apache.spark.sql.catalyst.rules.RuleExecutor.$anonfun$execute$1$adapted(RuleExecutor.scala:231)
Execute Action	2026-09-26T09:07:17.7687263Z 	at scala.collection.immutable.List.foreach(List.scala:334)
Execute Action	2026-09-26T09:07:17.7688038Z 	at org.apache.spark.sql.catalyst.rules.RuleExecutor.execute(RuleExecutor.scala:231)
Execute Action	2026-09-26T09:07:17.7689029Z 	at org.apache.spark.sql.catalyst.analysis.Analyzer.org$apache$spark$sql$catalyst$analysis$Analyzer$$executeSameContext(Analyzer.scala:340)
Execute Action	2026-09-26T09:07:17.7690025Z 	at org.apache.spark.sql.catalyst.analysis.Analyzer.$anonfun$execute$1(Analyzer.scala:336)
Execute Action	2026-09-26T09:07:17.7690924Z 	at org.apache.spark.sql.catalyst.analysis.AnalysisContext$.withNewAnalysisContext(Analyzer.scala:234)
Execute Action	2026-09-26T09:07:17.7691808Z 	at org.apache.spark.sql.catalyst.analysis.Analyzer.execute(Analyzer.scala:336)
Execute Action	2026-09-26T09:07:17.7692695Z 	at org.apache.spark.sql.catalyst.analysis.Analyzer.execute(Analyzer.scala:299)
Execute Action	2026-09-26T09:07:17.7693576Z 	at org.apache.spark.sql.catalyst.rules.RuleExecutor.$anonfun$executeAndTrack$1(RuleExecutor.scala:201)
Execute Action	2026-09-26T09:07:17.7694650Z 	at org.apache.spark.sql.catalyst.QueryPlanningTracker$.withTracker(QueryPlanningTracker.scala:89)
Execute Action	2026-09-26T09:07:17.7695562Z 	at org.apache.spark.sql.catalyst.rules.RuleExecutor.executeAndTrack(RuleExecutor.scala:201)
Execute Action	2026-09-26T09:07:17.7696530Z 	at org.apache.spark.sql.catalyst.analysis.resolver.HybridAnalyzer.resolveInFixedPoint(HybridAnalyzer.scala:190)
Execute Action	2026-09-26T09:07:17.7697550Z 	at org.apache.spark.sql.catalyst.analysis.resolver.HybridAnalyzer.$anonfun$apply$1(HybridAnalyzer.scala:76)
Execute Action	2026-09-26T09:07:17.7698609Z 	at org.apache.spark.sql.catalyst.analysis.resolver.HybridAnalyzer.withTrackedAnalyzerBridgeState(HybridAnalyzer.scala:111)
Execute Action	2026-09-26T09:07:17.7699640Z 	at org.apache.spark.sql.catalyst.analysis.resolver.HybridAnalyzer.apply(HybridAnalyzer.scala:71)
Execute Action	2026-09-26T09:07:17.7700548Z 	at org.apache.spark.sql.catalyst.analysis.Analyzer.$anonfun$executeAndCheck$1(Analyzer.scala:330)
Execute Action	2026-09-26T09:07:17.7701991Z 	at org.apache.spark.sql.catalyst.plans.logical.AnalysisHelper$.markInAnalyzer(AnalysisHelper.scala:423)
Execute Action	2026-09-26T09:07:17.7703139Z 	at org.apache.spark.sql.catalyst.analysis.Analyzer.executeAndCheck(Analyzer.scala:330)
Execute Action	2026-09-26T09:07:17.7704044Z 	at org.apache.spark.sql.execution.QueryExecution.$anonfun$lazyAnalyzed$2(QueryExecution.scala:110)
Execute Action	2026-09-26T09:07:17.7705105Z 	at org.apache.spark.sql.catalyst.QueryPlanningTracker.measurePhase(QueryPlanningTracker.scala:148)
Execute Action	2026-09-26T09:07:17.7706045Z 	at org.apache.spark.sql.execution.QueryExecution.$anonfun$executePhase$2(QueryExecution.scala:278)
Execute Action	2026-09-26T09:07:17.7706959Z 	at org.apache.spark.sql.execution.QueryExecution$.withInternalError(QueryExecution.scala:654)
Execute Action	2026-09-26T09:07:17.7707853Z 	at org.apache.spark.sql.execution.QueryExecution.$anonfun$executePhase$1(QueryExecution.scala:278)
Execute Action	2026-09-26T09:07:17.7708694Z 	at org.apache.spark.sql.SparkSession.withActive(SparkSession.scala:804)
Execute Action	2026-09-26T09:07:17.7709522Z 	at org.apache.spark.sql.execution.QueryExecution.executePhase(QueryExecution.scala:277)
Execute Action	2026-09-26T09:07:17.7710410Z 	at org.apache.spark.sql.execution.QueryExecution.$anonfun$lazyAnalyzed$1(QueryExecution.scala:110)
Execute Action	2026-09-26T09:07:17.7711163Z 	at scala.util.Try$.apply(Try.scala:217)
Execute Action	2026-09-26T09:07:17.7711858Z 	at org.apache.spark.util.Utils$.doTryWithCallerStacktrace(Utils.scala:1378)
Execute Action	2026-09-26T09:07:17.7712720Z 	at org.apache.spark.util.Utils$.getTryWithCallerStacktrace(Utils.scala:1439)
Execute Action	2026-09-26T09:07:17.7713468Z 	at org.apache.spark.util.LazyTry.get(LazyTry.scala:58)
Execute Action	2026-09-26T09:07:17.7714226Z 	at org.apache.spark.sql.execution.QueryExecution.analyzed(QueryExecution.scala:121)
Execute Action	2026-09-26T09:07:17.7715098Z 	at org.apache.spark.sql.execution.QueryExecution.assertAnalyzed(QueryExecution.scala:80)
Execute Action	2026-09-26T09:07:17.7716044Z 	at org.apache.spark.sql.classic.Dataset$.$anonfun$ofRows$5(Dataset.scala:139)
Execute Action	2026-09-26T09:07:17.7716818Z 	at org.apache.spark.sql.SparkSession.withActive(SparkSession.scala:804)
Execute Action	2026-09-26T09:07:17.7717574Z 	at org.apache.spark.sql.classic.Dataset$.ofRows(Dataset.scala:136)
Execute Action	2026-09-26T09:07:17.7718352Z 	at org.apache.spark.sql.classic.SparkSession.$anonfun$sql$1(SparkSession.scala:462)
Execute Action	2026-09-26T09:07:17.7719160Z 	at org.apache.spark.sql.SparkSession.withActive(SparkSession.scala:804)
Execute Action	2026-09-26T09:07:17.7719935Z 	at org.apache.spark.sql.classic.SparkSession.sql(SparkSession.scala:449)
Execute Action	2026-09-26T09:07:17.7720705Z 	at org.apache.spark.sql.classic.SparkSession.sql(SparkSession.scala:467)
Execute Action	2026-09-26T09:07:17.7721506Z 	at java.base/jdk.internal.reflect.NativeMethodAccessorImpl.invoke0(Native Method)
Execute Action	2026-09-26T09:07:17.7722396Z 	at java.base/jdk.internal.reflect.NativeMethodAccessorImpl.invoke(NativeMethodAccessorImpl.java:77)
Execute Action	2026-09-26T09:07:17.7723466Z 	at java.base/jdk.internal.reflect.DelegatingMethodAccessorImpl.invoke(DelegatingMethodAccessorImpl.java:43)
Execute Action	2026-09-26T09:07:17.7724331Z 	at java.base/java.lang.reflect.Method.invoke(Method.java:569)
Execute Action	2026-09-26T09:07:17.7725175Z 	at py4j.reflection.MethodInvoker.invoke(MethodInvoker.java:244)
Execute Action	2026-09-26T09:07:17.7725929Z 	at py4j.reflection.ReflectionEngine.invoke(ReflectionEngine.java:374)
Execute Action	2026-09-26T09:07:17.7726613Z 	at py4j.Gateway.invoke(Gateway.java:282)
Execute Action	2026-09-26T09:07:17.7727309Z 	at py4j.commands.AbstractCommand.invokeMethod(AbstractCommand.java:132)
Execute Action	2026-09-26T09:07:17.7728054Z 	at py4j.commands.CallCommand.execute(CallCommand.java:79)
Execute Action	2026-09-26T09:07:17.7728819Z 	at py4j.ClientServerConnection.waitForCommands(ClientServerConnection.java:184)
Execute Action	2026-09-26T09:07:17.7729622Z 	at py4j.ClientServerConnection.run(ClientServerConnection.java:108)
Execute Action	2026-09-26T09:07:17.7730329Z 	at java.base/java.lang.Thread.run(Thread.java:840)
Execute Action	2026-09-26T09:07:17.7731213Z 	Suppressed: org.apache.spark.util.Utils$OriginalTryStackTraceException: Full stacktrace of original doTryWithCallerStacktrace caller
Execute Action	2026-09-26T09:07:17.7732207Z 		at org.apache.iceberg.rest.ErrorHandlers$DefaultErrorHandler.accept(ErrorHandlers.java:350)
Execute Action	2026-09-26T09:07:17.7733162Z 		at org.apache.iceberg.rest.ErrorHandlers$TableErrorHandler.accept(ErrorHandlers.java:160)
Execute Action	2026-09-26T09:07:17.7734027Z 		at org.apache.iceberg.rest.ErrorHandlers$TableErrorHandler.accept(ErrorHandlers.java:142)
Execute Action	2026-09-26T09:07:17.7734851Z 		at org.apache.iceberg.rest.HTTPClient.throwFailure(HTTPClient.java:242)
Execute Action	2026-09-26T09:07:17.7735727Z 		at org.apache.iceberg.rest.HTTPClient.execute(HTTPClient.java:347)
Execute Action	2026-09-26T09:07:17.7736463Z 		at org.apache.iceberg.rest.HTTPClient.execute(HTTPClient.java:299)
Execute Action	2026-09-26T09:07:17.7737204Z 		at org.apache.iceberg.rest.BaseHTTPClient.get(BaseHTTPClient.java:101)
Execute Action	2026-09-26T09:07:17.7738022Z 		at org.apache.iceberg.rest.RESTSessionCatalog.loadInternal(RESTSessionCatalog.java:438)
Execute Action	2026-09-26T09:07:17.7738879Z 		at org.apache.iceberg.rest.RESTSessionCatalog.loadTable(RESTSessionCatalog.java:468)
Execute Action	2026-09-26T09:07:17.7739773Z 		at org.apache.iceberg.catalog.BaseSessionCatalog$AsCatalog.loadTable(BaseSessionCatalog.java:105)
Execute Action	2026-09-26T09:07:17.7740624Z 		at org.apache.iceberg.rest.RESTCatalog.loadTable(RESTCatalog.java:124)
Execute Action	2026-09-26T09:07:17.7741602Z 		at org.apache.iceberg.shaded.com.github.benmanes.caffeine.cache.BoundedLocalCache.lambda$doComputeIfAbsent$14(BoundedLocalCache.java:2406)
Execute Action	2026-09-26T09:07:17.7742710Z 		at java.base/java.util.concurrent.ConcurrentHashMap.compute(ConcurrentHashMap.java:1916)
Execute Action	2026-09-26T09:07:17.7743733Z 		at org.apache.iceberg.shaded.com.github.benmanes.caffeine.cache.BoundedLocalCache.doComputeIfAbsent(BoundedLocalCache.java:2404)
Execute Action	2026-09-26T09:07:17.7744886Z 		at org.apache.iceberg.shaded.com.github.benmanes.caffeine.cache.BoundedLocalCache.computeIfAbsent(BoundedLocalCache.java:2387)
Execute Action	2026-09-26T09:07:17.7746115Z 		at org.apache.iceberg.shaded.com.github.benmanes.caffeine.cache.LocalCache.computeIfAbsent(LocalCache.java:108)
Execute Action	2026-09-26T09:07:17.7747156Z 		at org.apache.iceberg.shaded.com.github.benmanes.caffeine.cache.LocalManualCache.get(LocalManualCache.java:62)
Execute Action	2026-09-26T09:07:17.7748061Z 		at org.apache.iceberg.CachingCatalog.loadTable(CachingCatalog.java:147)
Execute Action	2026-09-26T09:07:17.7748822Z 		at org.apache.iceberg.spark.SparkCatalog.load(SparkCatalog.java:867)
Execute Action	2026-09-26T09:07:17.7749590Z 		at org.apache.iceberg.spark.SparkCatalog.loadTable(SparkCatalog.java:171)
Execute Action	2026-09-26T09:07:17.7750443Z 		at org.apache.iceberg.spark.procedures.BaseProcedure.loadSparkTable(BaseProcedure.java:168)
Execute Action	2026-09-26T09:07:17.7751334Z 		at org.apache.iceberg.spark.procedures.BaseProcedure.execute(BaseProcedure.java:129)
Execute Action	2026-09-26T09:07:17.7752228Z 		at org.apache.iceberg.spark.procedures.BaseProcedure.modifyIcebergTable(BaseProcedure.java:113)
Execute Action	2026-09-26T09:07:17.7753275Z 		at org.apache.iceberg.spark.procedures.ExpireSnapshotsProcedure.call(ExpireSnapshotsProcedure.java:135)
Execute Action	2026-09-26T09:07:17.7754375Z 		at org.apache.spark.sql.catalyst.analysis.InvokeProcedures.org$apache$spark$sql$catalyst$analysis$InvokeProcedures$$invoke(InvokeProcedures.scala:48)
Execute Action	2026-09-26T09:07:17.7755482Z 		at org.apache.spark.sql.catalyst.analysis.InvokeProcedures$$anonfun$apply$1.applyOrElse(InvokeProcedures.scala:40)
Execute Action	2026-09-26T09:07:17.7756610Z 		at org.apache.spark.sql.catalyst.analysis.InvokeProcedures$$anonfun$apply$1.applyOrElse(InvokeProcedures.scala:36)
Execute Action	2026-09-26T09:07:17.7757688Z 		at org.apache.spark.sql.catalyst.plans.logical.AnalysisHelper.$anonfun$resolveOperatorsDownWithPruning$2(AnalysisHelper.scala:200)
Execute Action	2026-09-26T09:07:17.7758658Z 		at org.apache.spark.sql.catalyst.trees.CurrentOrigin$.withOrigin(origin.scala:86)
Execute Action	2026-09-26T09:07:17.7759621Z 		at org.apache.spark.sql.catalyst.plans.logical.AnalysisHelper.$anonfun$resolveOperatorsDownWithPruning$1(AnalysisHelper.scala:200)
Execute Action	2026-09-26T09:07:17.7760717Z 		at org.apache.spark.sql.catalyst.plans.logical.AnalysisHelper$.allowInvokingTransformsInAnalyzer(AnalysisHelper.scala:416)
Execute Action	2026-09-26T09:07:17.7761819Z 		at org.apache.spark.sql.catalyst.plans.logical.AnalysisHelper.resolveOperatorsDownWithPruning(AnalysisHelper.scala:198)
Execute Action	2026-09-26T09:07:17.7763033Z 		at org.apache.spark.sql.catalyst.plans.logical.AnalysisHelper.resolveOperatorsDownWithPruning$(AnalysisHelper.scala:194)
Execute Action	2026-09-26T09:07:17.7764124Z 		at org.apache.spark.sql.catalyst.plans.logical.LogicalPlan.resolveOperatorsDownWithPruning(LogicalPlan.scala:37)
Execute Action	2026-09-26T09:07:17.7765193Z 		at org.apache.spark.sql.catalyst.plans.logical.AnalysisHelper.resolveOperatorsWithPruning(AnalysisHelper.scala:100)
Execute Action	2026-09-26T09:07:17.7766363Z 		at org.apache.spark.sql.catalyst.plans.logical.AnalysisHelper.resolveOperatorsWithPruning$(AnalysisHelper.scala:97)
Execute Action	2026-09-26T09:07:17.7767419Z 		at org.apache.spark.sql.catalyst.plans.logical.LogicalPlan.resolveOperatorsWithPruning(LogicalPlan.scala:37)
Execute Action	2026-09-26T09:07:17.7768440Z 		at org.apache.spark.sql.catalyst.plans.logical.AnalysisHelper.resolveOperators(AnalysisHelper.scala:77)
Execute Action	2026-09-26T09:07:17.7769434Z 		at org.apache.spark.sql.catalyst.plans.logical.AnalysisHelper.resolveOperators$(AnalysisHelper.scala:76)
Execute Action	2026-09-26T09:07:17.7770397Z 		at org.apache.spark.sql.catalyst.plans.logical.LogicalPlan.resolveOperators(LogicalPlan.scala:37)
Execute Action	2026-09-26T09:07:17.7771317Z 		at org.apache.spark.sql.catalyst.analysis.InvokeProcedures.apply(InvokeProcedures.scala:36)
Execute Action	2026-09-26T09:07:17.7772215Z 		at org.apache.spark.sql.catalyst.analysis.InvokeProcedures.apply(InvokeProcedures.scala:34)
Execute Action	2026-09-26T09:07:17.7773197Z 		at org.apache.spark.sql.catalyst.rules.RuleExecutor.$anonfun$execute$2(RuleExecutor.scala:242)
Execute Action	2026-09-26T09:07:17.7774040Z 		at scala.collection.LinearSeqOps.foldLeft(LinearSeq.scala:183)
Execute Action	2026-09-26T09:07:17.7774766Z 		at scala.collection.LinearSeqOps.foldLeft$(LinearSeq.scala:179)
Execute Action	2026-09-26T09:07:17.7775480Z 		at scala.collection.immutable.List.foldLeft(List.scala:79)
Execute Action	2026-09-26T09:07:17.7776273Z 		at org.apache.spark.sql.catalyst.rules.RuleExecutor.$anonfun$execute$1(RuleExecutor.scala:239)
Execute Action	2026-09-26T09:07:17.7777187Z 		at org.apache.spark.sql.catalyst.rules.RuleExecutor.$anonfun$execute$1$adapted(RuleExecutor.scala:231)
Execute Action	2026-09-26T09:07:17.7778126Z 		at scala.collection.immutable.List.foreach(List.scala:334)
Execute Action	2026-09-26T09:07:17.7778910Z 		at org.apache.spark.sql.catalyst.rules.RuleExecutor.execute(RuleExecutor.scala:231)
Execute Action	2026-09-26T09:07:17.7779894Z 		at org.apache.spark.sql.catalyst.analysis.Analyzer.org$apache$spark$sql$catalyst$analysis$Analyzer$$executeSameContext(Analyzer.scala:340)
Execute Action	2026-09-26T09:07:17.7780884Z 		at org.apache.spark.sql.catalyst.analysis.Analyzer.$anonfun$execute$1(Analyzer.scala:336)
Execute Action	2026-09-26T09:07:17.7781791Z 		at org.apache.spark.sql.catalyst.analysis.AnalysisContext$.withNewAnalysisContext(Analyzer.scala:234)
Execute Action	2026-09-26T09:07:17.7782757Z 		at org.apache.spark.sql.catalyst.analysis.Analyzer.execute(Analyzer.scala:336)
Execute Action	2026-09-26T09:07:17.7783567Z 		at org.apache.spark.sql.catalyst.analysis.Analyzer.execute(Analyzer.scala:299)
Execute Action	2026-09-26T09:07:17.7784435Z 		at org.apache.spark.sql.catalyst.rules.RuleExecutor.$anonfun$executeAndTrack$1(RuleExecutor.scala:201)
Execute Action	2026-09-26T09:07:17.7785369Z 		at org.apache.spark.sql.catalyst.QueryPlanningTracker$.withTracker(QueryPlanningTracker.scala:89)
Execute Action	2026-09-26T09:07:17.7786279Z 		at org.apache.spark.sql.catalyst.rules.RuleExecutor.executeAndTrack(RuleExecutor.scala:201)
Execute Action	2026-09-26T09:07:17.7787364Z 		at org.apache.spark.sql.catalyst.analysis.resolver.HybridAnalyzer.resolveInFixedPoint(HybridAnalyzer.scala:190)
Execute Action	2026-09-26T09:07:17.7788394Z 		at org.apache.spark.sql.catalyst.analysis.resolver.HybridAnalyzer.$anonfun$apply$1(HybridAnalyzer.scala:76)
Execute Action	2026-09-26T09:07:17.7789454Z 		at org.apache.spark.sql.catalyst.analysis.resolver.HybridAnalyzer.withTrackedAnalyzerBridgeState(HybridAnalyzer.scala:111)
Execute Action	2026-09-26T09:07:17.7790484Z 		at org.apache.spark.sql.catalyst.analysis.resolver.HybridAnalyzer.apply(HybridAnalyzer.scala:71)
Execute Action	2026-09-26T09:07:17.7791401Z 		at org.apache.spark.sql.catalyst.analysis.Analyzer.$anonfun$executeAndCheck$1(Analyzer.scala:330)
Execute Action	2026-09-26T09:07:17.7792336Z 		at org.apache.spark.sql.catalyst.plans.logical.AnalysisHelper$.markInAnalyzer(AnalysisHelper.scala:423)
Execute Action	2026-09-26T09:07:17.7793335Z 		at org.apache.spark.sql.catalyst.analysis.Analyzer.executeAndCheck(Analyzer.scala:330)
Execute Action	2026-09-26T09:07:17.7794237Z 		at org.apache.spark.sql.execution.QueryExecution.$anonfun$lazyAnalyzed$2(QueryExecution.scala:110)
Execute Action	2026-09-26T09:07:17.7795189Z 		at org.apache.spark.sql.catalyst.QueryPlanningTracker.measurePhase(QueryPlanningTracker.scala:148)
Execute Action	2026-09-26T09:07:17.7796120Z 		at org.apache.spark.sql.execution.QueryExecution.$anonfun$executePhase$2(QueryExecution.scala:278)
Execute Action	2026-09-26T09:07:17.7797021Z 		at org.apache.spark.sql.execution.QueryExecution$.withInternalError(QueryExecution.scala:654)
Execute Action	2026-09-26T09:07:17.7797925Z 		at org.apache.spark.sql.execution.QueryExecution.$anonfun$executePhase$1(QueryExecution.scala:278)
Execute Action	2026-09-26T09:07:17.7798917Z 		at org.apache.spark.sql.SparkSession.withActive(SparkSession.scala:804)
Execute Action	2026-09-26T09:07:17.7799747Z 		at org.apache.spark.sql.execution.QueryExecution.executePhase(QueryExecution.scala:277)
Execute Action	2026-09-26T09:07:17.7800644Z 		at org.apache.spark.sql.execution.QueryExecution.$anonfun$lazyAnalyzed$1(QueryExecution.scala:110)
Execute Action	2026-09-26T09:07:17.7801399Z 		at scala.util.Try$.apply(Try.scala:217)
Execute Action	2026-09-26T09:07:17.7802084Z 		at org.apache.spark.util.Utils$.doTryWithCallerStacktrace(Utils.scala:1378)
Execute Action	2026-09-26T09:07:17.7802957Z 		at org.apache.spark.util.LazyTry.tryT$lzycompute(LazyTry.scala:46)
Execute Action	2026-09-26T09:07:17.7803710Z 		at org.apache.spark.util.LazyTry.tryT(LazyTry.scala:46)
Execute Action	2026-09-26T09:07:17.7804286Z 		... 22 more
Execute Action	2026-09-26T09:07:17.7804708Z 
Execute Action	2026-09-26T09:07:17.7805296Z    - events.wikipedia_edits/orphans: An error occurred while calling o68.sql.
Execute Action	2026-09-26T09:07:17.7806228Z : org.apache.iceberg.exceptions.ServiceFailureException: Server error: RESTException: persisted table metadata is invalid
Execute Action	2026-09-26T09:07:17.7807331Z 	at org.apache.iceberg.rest.ErrorHandlers$DefaultErrorHandler.accept(ErrorHandlers.java:350)
Execute Action	2026-09-26T09:07:17.7808211Z 	at org.apache.iceberg.rest.ErrorHandlers$TableErrorHandler.accept(ErrorHandlers.java:160)
Execute Action	2026-09-26T09:07:17.7809077Z 	at org.apache.iceberg.rest.ErrorHandlers$TableErrorHandler.accept(ErrorHandlers.java:142)
Execute Action	2026-09-26T09:07:17.7809901Z 	at org.apache.iceberg.rest.HTTPClient.throwFailure(HTTPClient.java:242)
Execute Action	2026-09-26T09:07:17.7810668Z 	at org.apache.iceberg.rest.HTTPClient.execute(HTTPClient.java:347)
Execute Action	2026-09-26T09:07:17.7811405Z 	at org.apache.iceberg.rest.HTTPClient.execute(HTTPClient.java:299)
Execute Action	2026-09-26T09:07:17.7812154Z 	at org.apache.iceberg.rest.BaseHTTPClient.get(BaseHTTPClient.java:101)
Execute Action	2026-09-26T09:07:17.7813078Z 	at org.apache.iceberg.rest.RESTSessionCatalog.loadInternal(RESTSessionCatalog.java:438)
Execute Action	2026-09-26T09:07:17.7813960Z 	at org.apache.iceberg.rest.RESTSessionCatalog.loadTable(RESTSessionCatalog.java:468)
Execute Action	2026-09-26T09:07:17.7814849Z 	at org.apache.iceberg.catalog.BaseSessionCatalog$AsCatalog.loadTable(BaseSessionCatalog.java:105)
Execute Action	2026-09-26T09:07:17.7815694Z 	at org.apache.iceberg.rest.RESTCatalog.loadTable(RESTCatalog.java:124)
Execute Action	2026-09-26T09:07:17.7816684Z 	at org.apache.iceberg.shaded.com.github.benmanes.caffeine.cache.BoundedLocalCache.lambda$doComputeIfAbsent$14(BoundedLocalCache.java:2406)
Execute Action	2026-09-26T09:07:17.7817731Z 	at java.base/java.util.concurrent.ConcurrentHashMap.compute(ConcurrentHashMap.java:1916)
Execute Action	2026-09-26T09:07:17.7818872Z 	at org.apache.iceberg.shaded.com.github.benmanes.caffeine.cache.BoundedLocalCache.doComputeIfAbsent(BoundedLocalCache.java:2404)
Execute Action	2026-09-26T09:07:17.7820030Z 	at org.apache.iceberg.shaded.com.github.benmanes.caffeine.cache.BoundedLocalCache.computeIfAbsent(BoundedLocalCache.java:2387)
Execute Action	2026-09-26T09:07:17.7821126Z 	at org.apache.iceberg.shaded.com.github.benmanes.caffeine.cache.LocalCache.computeIfAbsent(LocalCache.java:108)
Execute Action	2026-09-26T09:07:17.7822167Z 	at org.apache.iceberg.shaded.com.github.benmanes.caffeine.cache.LocalManualCache.get(LocalManualCache.java:62)
Execute Action	2026-09-26T09:07:17.7823160Z 	at org.apache.iceberg.CachingCatalog.loadTable(CachingCatalog.java:147)
Execute Action	2026-09-26T09:07:17.7823934Z 	at org.apache.iceberg.spark.SparkCatalog.load(SparkCatalog.java:867)
Execute Action	2026-09-26T09:07:17.7824703Z 	at org.apache.iceberg.spark.SparkCatalog.loadTable(SparkCatalog.java:171)
Execute Action	2026-09-26T09:07:17.7825551Z 	at org.apache.iceberg.spark.procedures.BaseProcedure.loadSparkTable(BaseProcedure.java:168)
Execute Action	2026-09-26T09:07:17.7826435Z 	at org.apache.iceberg.spark.procedures.BaseProcedure.execute(BaseProcedure.java:129)
Execute Action	2026-09-26T09:07:17.7827327Z 	at org.apache.iceberg.spark.procedures.BaseProcedure.withIcebergTable(BaseProcedure.java:121)
Execute Action	2026-09-26T09:07:17.7828414Z 	at org.apache.iceberg.spark.procedures.RemoveOrphanFilesProcedure.call(RemoveOrphanFilesProcedure.java:153)
Execute Action	2026-09-26T09:07:17.7829528Z 	at org.apache.spark.sql.catalyst.analysis.InvokeProcedures.org$apache$spark$sql$catalyst$analysis$InvokeProcedures$$invoke(InvokeProcedures.scala:48)
Execute Action	2026-09-26T09:07:17.7830634Z 	at org.apache.spark.sql.catalyst.analysis.InvokeProcedures$$anonfun$apply$1.applyOrElse(InvokeProcedures.scala:40)
Execute Action	2026-09-26T09:07:17.7831647Z 	at org.apache.spark.sql.catalyst.analysis.InvokeProcedures$$anonfun$apply$1.applyOrElse(InvokeProcedures.scala:36)
Execute Action	2026-09-26T09:07:17.7832923Z 	at org.apache.spark.sql.catalyst.plans.logical.AnalysisHelper.$anonfun$resolveOperatorsDownWithPruning$2(AnalysisHelper.scala:200)
Execute Action	2026-09-26T09:07:17.7833935Z 	at org.apache.spark.sql.catalyst.trees.CurrentOrigin$.withOrigin(origin.scala:86)
Execute Action	2026-09-26T09:07:17.7834905Z 	at org.apache.spark.sql.catalyst.plans.logical.AnalysisHelper.$anonfun$resolveOperatorsDownWithPruning$1(AnalysisHelper.scala:200)
Execute Action	2026-09-26T09:07:17.7835995Z 	at org.apache.spark.sql.catalyst.plans.logical.AnalysisHelper$.allowInvokingTransformsInAnalyzer(AnalysisHelper.scala:416)
Execute Action	2026-09-26T09:07:17.7837094Z 	at org.apache.spark.sql.catalyst.plans.logical.AnalysisHelper.resolveOperatorsDownWithPruning(AnalysisHelper.scala:198)
Execute Action	2026-09-26T09:07:17.7838203Z 	at org.apache.spark.sql.catalyst.plans.logical.AnalysisHelper.resolveOperatorsDownWithPruning$(AnalysisHelper.scala:194)
Execute Action	2026-09-26T09:07:17.7839285Z 	at org.apache.spark.sql.catalyst.plans.logical.LogicalPlan.resolveOperatorsDownWithPruning(LogicalPlan.scala:37)
Execute Action	2026-09-26T09:07:17.7840488Z 	at org.apache.spark.sql.catalyst.plans.logical.AnalysisHelper.resolveOperatorsWithPruning(AnalysisHelper.scala:100)
Execute Action	2026-09-26T09:07:17.7841563Z 	at org.apache.spark.sql.catalyst.plans.logical.AnalysisHelper.resolveOperatorsWithPruning$(AnalysisHelper.scala:97)
Execute Action	2026-09-26T09:07:17.7842688Z 	at org.apache.spark.sql.catalyst.plans.logical.LogicalPlan.resolveOperatorsWithPruning(LogicalPlan.scala:37)
Execute Action	2026-09-26T09:07:17.7843711Z 	at org.apache.spark.sql.catalyst.plans.logical.AnalysisHelper.resolveOperators(AnalysisHelper.scala:77)
Execute Action	2026-09-26T09:07:17.7844700Z 	at org.apache.spark.sql.catalyst.plans.logical.AnalysisHelper.resolveOperators$(AnalysisHelper.scala:76)
Execute Action	2026-09-26T09:07:17.7845666Z 	at org.apache.spark.sql.catalyst.plans.logical.LogicalPlan.resolveOperators(LogicalPlan.scala:37)
Execute Action	2026-09-26T09:07:17.7846583Z 	at org.apache.spark.sql.catalyst.analysis.InvokeProcedures.apply(InvokeProcedures.scala:36)
Execute Action	2026-09-26T09:07:17.7847481Z 	at org.apache.spark.sql.catalyst.analysis.InvokeProcedures.apply(InvokeProcedures.scala:34)
Execute Action	2026-09-26T09:07:17.7848367Z 	at org.apache.spark.sql.catalyst.rules.RuleExecutor.$anonfun$execute$2(RuleExecutor.scala:242)
Execute Action	2026-09-26T09:07:17.7849183Z 	at scala.collection.LinearSeqOps.foldLeft(LinearSeq.scala:183)
Execute Action	2026-09-26T09:07:17.7850024Z 	at scala.collection.LinearSeqOps.foldLeft$(LinearSeq.scala:179)
Execute Action	2026-09-26T09:07:17.7850751Z 	at scala.collection.immutable.List.foldLeft(List.scala:79)
Execute Action	2026-09-26T09:07:17.7851539Z 	at org.apache.spark.sql.catalyst.rules.RuleExecutor.$anonfun$execute$1(RuleExecutor.scala:239)
Execute Action	2026-09-26T09:07:17.7852455Z 	at org.apache.spark.sql.catalyst.rules.RuleExecutor.$anonfun$execute$1$adapted(RuleExecutor.scala:231)
Execute Action	2026-09-26T09:07:17.9224320Z 	at scala.collection.immutable.List.foreach(List.scala:334)
Execute Action	2026-09-26T09:07:17.9225335Z 	at org.apache.spark.sql.catalyst.rules.RuleExecutor.execute(RuleExecutor.scala:231)
Execute Action	2026-09-26T09:07:17.9226856Z 	at org.apache.spark.sql.catalyst.analysis.Analyzer.org$apache$spark$sql$catalyst$analysis$Analyzer$$executeSameContext(Analyzer.scala:340)
Execute Action	2026-09-26T09:07:17.9228303Z 	at org.apache.spark.sql.catalyst.analysis.Analyzer.$anonfun$execute$1(Analyzer.scala:336)
Execute Action	2026-09-26T09:07:17.9229365Z 	at org.apache.spark.sql.catalyst.analysis.AnalysisContext$.withNewAnalysisContext(Analyzer.scala:234)
Execute Action	2026-09-26T09:07:17.9230767Z 	at org.apache.spark.sql.catalyst.analysis.Analyzer.execute(Analyzer.scala:336)
Execute Action	2026-09-26T09:07:17.9231789Z 	at org.apache.spark.sql.catalyst.analysis.Analyzer.execute(Analyzer.scala:299)
Execute Action	2026-09-26T09:07:17.9233110Z 	at org.apache.spark.sql.catalyst.rules.RuleExecutor.$anonfun$executeAndTrack$1(RuleExecutor.scala:201)
Execute Action	2026-09-26T09:07:17.9234072Z 	at org.apache.spark.sql.catalyst.QueryPlanningTracker$.withTracker(QueryPlanningTracker.scala:89)
Execute Action	2026-09-26T09:07:17.9235777Z 	at org.apache.spark.sql.catalyst.rules.RuleExecutor.executeAndTrack(RuleExecutor.scala:201)
Execute Action	2026-09-26T09:07:17.9236857Z 	at org.apache.spark.sql.catalyst.analysis.resolver.HybridAnalyzer.resolveInFixedPoint(HybridAnalyzer.scala:190)
Execute Action	2026-09-26T09:07:17.9237887Z 	at org.apache.spark.sql.catalyst.analysis.resolver.HybridAnalyzer.$anonfun$apply$1(HybridAnalyzer.scala:76)
Execute Action	2026-09-26T09:07:17.9239106Z 	at org.apache.spark.sql.catalyst.analysis.resolver.HybridAnalyzer.withTrackedAnalyzerBridgeState(HybridAnalyzer.scala:111)
Execute Action	2026-09-26T09:07:17.9240829Z 	at org.apache.spark.sql.catalyst.analysis.resolver.HybridAnalyzer.apply(HybridAnalyzer.scala:71)
Execute Action	2026-09-26T09:07:17.9242236Z 	at org.apache.spark.sql.catalyst.analysis.Analyzer.$anonfun$executeAndCheck$1(Analyzer.scala:330)
Execute Action	2026-09-26T09:07:17.9243334Z 	at org.apache.spark.sql.catalyst.plans.logical.AnalysisHelper$.markInAnalyzer(AnalysisHelper.scala:423)
Execute Action	2026-09-26T09:07:17.9244593Z 	at org.apache.spark.sql.catalyst.analysis.Analyzer.executeAndCheck(Analyzer.scala:330)
Execute Action	2026-09-26T09:07:17.9245828Z 	at org.apache.spark.sql.execution.QueryExecution.$anonfun$lazyAnalyzed$2(QueryExecution.scala:110)
Execute Action	2026-09-26T09:07:17.9247498Z 	at org.apache.spark.sql.catalyst.QueryPlanningTracker.measurePhase(QueryPlanningTracker.scala:148)
Execute Action	2026-09-26T09:07:17.9248578Z 	at org.apache.spark.sql.execution.QueryExecution.$anonfun$executePhase$2(QueryExecution.scala:278)
Execute Action	2026-09-26T09:07:17.9250057Z 	at org.apache.spark.sql.execution.QueryExecution$.withInternalError(QueryExecution.scala:654)
Execute Action	2026-09-26T09:07:17.9251191Z 	at org.apache.spark.sql.execution.QueryExecution.$anonfun$executePhase$1(QueryExecution.scala:278)
Execute Action	2026-09-26T09:07:17.9252077Z 	at org.apache.spark.sql.SparkSession.withActive(SparkSession.scala:804)
Execute Action	2026-09-26T09:07:17.9253250Z 	at org.apache.spark.sql.execution.QueryExecution.executePhase(QueryExecution.scala:277)
Execute Action	2026-09-26T09:07:17.9254701Z 	at org.apache.spark.sql.execution.QueryExecution.$anonfun$lazyAnalyzed$1(QueryExecution.scala:110)
Execute Action	2026-09-26T09:07:17.9255897Z 	at scala.util.Try$.apply(Try.scala:217)
Execute Action	2026-09-26T09:07:17.9256659Z 	at org.apache.spark.util.Utils$.doTryWithCallerStacktrace(Utils.scala:1378)
Execute Action	2026-09-26T09:07:17.9257796Z 	at org.apache.spark.util.Utils$.getTryWithCallerStacktrace(Utils.scala:1439)
Execute Action	2026-09-26T09:07:17.9258650Z 	at org.apache.spark.util.LazyTry.get(LazyTry.scala:58)
Execute Action	2026-09-26T09:07:17.9259430Z 	at org.apache.spark.sql.execution.QueryExecution.analyzed(QueryExecution.scala:121)
Execute Action	2026-09-26T09:07:17.9260753Z 	at org.apache.spark.sql.execution.QueryExecution.assertAnalyzed(QueryExecution.scala:80)
Execute Action	2026-09-26T09:07:17.9262401Z 	at org.apache.spark.sql.classic.Dataset$.$anonfun$ofRows$5(Dataset.scala:139)
Execute Action	2026-09-26T09:07:17.9263444Z 	at org.apache.spark.sql.SparkSession.withActive(SparkSession.scala:804)
Execute Action	2026-09-26T09:07:17.9264532Z 	at org.apache.spark.sql.classic.Dataset$.ofRows(Dataset.scala:136)
Execute Action	2026-09-26T09:07:17.9265335Z 	at org.apache.spark.sql.classic.SparkSession.$anonfun$sql$1(SparkSession.scala:462)
Execute Action	2026-09-26T09:07:17.9266233Z 	at org.apache.spark.sql.SparkSession.withActive(SparkSession.scala:804)
Execute Action	2026-09-26T09:07:17.9267352Z 	at org.apache.spark.sql.classic.SparkSession.sql(SparkSession.scala:449)
Execute Action	2026-09-26T09:07:17.9268201Z 	at org.apache.spark.sql.classic.SparkSession.sql(SparkSession.scala:467)
Execute Action	2026-09-26T09:07:17.9269522Z 	at java.base/jdk.internal.reflect.NativeMethodAccessorImpl.invoke0(Native Method)
Execute Action	2026-09-26T09:07:17.9270520Z 	at java.base/jdk.internal.reflect.NativeMethodAccessorImpl.invoke(NativeMethodAccessorImpl.java:77)
Execute Action	2026-09-26T09:07:17.9272105Z 	at java.base/jdk.internal.reflect.DelegatingMethodAccessorImpl.invoke(DelegatingMethodAccessorImpl.java:43)
Execute Action	2026-09-26T09:07:17.9273252Z 	at java.base/java.lang.reflect.Method.invoke(Method.java:569)
Execute Action	2026-09-26T09:07:17.9274140Z 	at py4j.reflection.MethodInvoker.invoke(MethodInvoker.java:244)
Execute Action	2026-09-26T09:07:17.9274899Z 	at py4j.reflection.ReflectionEngine.invoke(ReflectionEngine.java:374)
Execute Action	2026-09-26T09:07:17.9275789Z 	at py4j.Gateway.invoke(Gateway.java:282)
Execute Action	2026-09-26T09:07:17.9276934Z 	at py4j.commands.AbstractCommand.invokeMethod(AbstractCommand.java:132)
Execute Action	2026-09-26T09:07:17.9278045Z 	at py4j.commands.CallCommand.execute(CallCommand.java:79)
Execute Action	2026-09-26T09:07:17.9279097Z 	at py4j.ClientServerConnection.waitForCommands(ClientServerConnection.java:184)
Execute Action	2026-09-26T09:07:17.9280269Z 	at py4j.ClientServerConnection.run(ClientServerConnection.java:108)
Execute Action	2026-09-26T09:07:17.9281015Z 	at java.base/java.lang.Thread.run(Thread.java:840)
Execute Action	2026-09-26T09:07:17.9281925Z 	Suppressed: org.apache.spark.util.Utils$OriginalTryStackTraceException: Full stacktrace of original doTryWithCallerStacktrace caller
Execute Action	2026-09-26T09:07:17.9283268Z 		at org.apache.iceberg.rest.ErrorHandlers$DefaultErrorHandler.accept(ErrorHandlers.java:350)
Execute Action	2026-09-26T09:07:17.9284738Z 		at org.apache.iceberg.rest.ErrorHandlers$TableErrorHandler.accept(ErrorHandlers.java:160)
Execute Action	2026-09-26T09:07:17.9285861Z 		at org.apache.iceberg.rest.ErrorHandlers$TableErrorHandler.accept(ErrorHandlers.java:142)
Execute Action	2026-09-26T09:07:17.9287002Z 		at org.apache.iceberg.rest.HTTPClient.throwFailure(HTTPClient.java:242)
Execute Action	2026-09-26T09:07:17.9287818Z 		at org.apache.iceberg.rest.HTTPClient.execute(HTTPClient.java:347)
Execute Action	2026-09-26T09:07:17.9289034Z 		at org.apache.iceberg.rest.HTTPClient.execute(HTTPClient.java:299)
Execute Action	2026-09-26T09:07:17.9290119Z 		at org.apache.iceberg.rest.BaseHTTPClient.get(BaseHTTPClient.java:101)
Execute Action	2026-09-26T09:07:17.9291333Z 		at org.apache.iceberg.rest.RESTSessionCatalog.loadInternal(RESTSessionCatalog.java:438)
Execute Action	2026-09-26T09:07:17.9292970Z 		at org.apache.iceberg.rest.RESTSessionCatalog.loadTable(RESTSessionCatalog.java:468)
Execute Action	2026-09-26T09:07:17.9294021Z 		at org.apache.iceberg.catalog.BaseSessionCatalog$AsCatalog.loadTable(BaseSessionCatalog.java:105)
Execute Action	2026-09-26T09:07:17.9294891Z 		at org.apache.iceberg.rest.RESTCatalog.loadTable(RESTCatalog.java:124)
Execute Action	2026-09-26T09:07:17.9295940Z 		at org.apache.iceberg.shaded.com.github.benmanes.caffeine.cache.BoundedLocalCache.lambda$doComputeIfAbsent$14(BoundedLocalCache.java:2406)
Execute Action	2026-09-26T09:07:17.9297572Z 		at java.base/java.util.concurrent.ConcurrentHashMap.compute(ConcurrentHashMap.java:1916)
Execute Action	2026-09-26T09:07:17.9299323Z 		at org.apache.iceberg.shaded.com.github.benmanes.caffeine.cache.BoundedLocalCache.doComputeIfAbsent(BoundedLocalCache.java:2404)
Execute Action	2026-09-26T09:07:17.9301139Z 		at org.apache.iceberg.shaded.com.github.benmanes.caffeine.cache.BoundedLocalCache.computeIfAbsent(BoundedLocalCache.java:2387)
Execute Action	2026-09-26T09:07:17.9303428Z 		at org.apache.iceberg.shaded.com.github.benmanes.caffeine.cache.LocalCache.computeIfAbsent(LocalCache.java:108)
Execute Action	2026-09-26T09:07:17.9305183Z 		at org.apache.iceberg.shaded.com.github.benmanes.caffeine.cache.LocalManualCache.get(LocalManualCache.java:62)
Execute Action	2026-09-26T09:07:17.9306663Z 		at org.apache.iceberg.CachingCatalog.loadTable(CachingCatalog.java:147)
Execute Action	2026-09-26T09:07:17.9307582Z 		at org.apache.iceberg.spark.SparkCatalog.load(SparkCatalog.java:867)
Execute Action	2026-09-26T09:07:17.9308789Z 		at org.apache.iceberg.spark.SparkCatalog.loadTable(SparkCatalog.java:171)
Execute Action	2026-09-26T09:07:17.9310272Z 		at org.apache.iceberg.spark.procedures.BaseProcedure.loadSparkTable(BaseProcedure.java:168)
Execute Action	2026-09-26T09:07:17.9311599Z 		at org.apache.iceberg.spark.procedures.BaseProcedure.execute(BaseProcedure.java:129)
Execute Action	2026-09-26T09:07:17.9312520Z 		at org.apache.iceberg.spark.procedures.BaseProcedure.withIcebergTable(BaseProcedure.java:121)
Execute Action	2026-09-26T09:07:17.9313628Z 		at org.apache.iceberg.spark.procedures.RemoveOrphanFilesProcedure.call(RemoveOrphanFilesProcedure.java:153)
Execute Action	2026-09-26T09:07:17.9314748Z 		at org.apache.spark.sql.catalyst.analysis.InvokeProcedures.org$apache$spark$sql$catalyst$analysis$InvokeProcedures$$invoke(InvokeProcedures.scala:48)
Execute Action	2026-09-26T09:07:17.9315858Z 		at org.apache.spark.sql.catalyst.analysis.InvokeProcedures$$anonfun$apply$1.applyOrElse(InvokeProcedures.scala:40)
Execute Action	2026-09-26T09:07:17.9316884Z 		at org.apache.spark.sql.catalyst.analysis.InvokeProcedures$$anonfun$apply$1.applyOrElse(InvokeProcedures.scala:36)
Execute Action	2026-09-26T09:07:17.9318121Z 		at org.apache.spark.sql.catalyst.plans.logical.AnalysisHelper.$anonfun$resolveOperatorsDownWithPruning$2(AnalysisHelper.scala:200)
Execute Action	2026-09-26T09:07:17.9319102Z 		at org.apache.spark.sql.catalyst.trees.CurrentOrigin$.withOrigin(origin.scala:86)
Execute Action	2026-09-26T09:07:17.9320092Z 		at org.apache.spark.sql.catalyst.plans.logical.AnalysisHelper.$anonfun$resolveOperatorsDownWithPruning$1(AnalysisHelper.scala:200)
Execute Action	2026-09-26T09:07:17.9321196Z 		at org.apache.spark.sql.catalyst.plans.logical.AnalysisHelper$.allowInvokingTransformsInAnalyzer(AnalysisHelper.scala:416)
Execute Action	2026-09-26T09:07:17.9322734Z 		at org.apache.spark.sql.catalyst.plans.logical.AnalysisHelper.resolveOperatorsDownWithPruning(AnalysisHelper.scala:198)
Execute Action	2026-09-26T09:07:17.9324312Z 		at org.apache.spark.sql.catalyst.plans.logical.AnalysisHelper.resolveOperatorsDownWithPruning$(AnalysisHelper.scala:194)
Execute Action	2026-09-26T09:07:17.9325895Z 		at org.apache.spark.sql.catalyst.plans.logical.LogicalPlan.resolveOperatorsDownWithPruning(LogicalPlan.scala:37)
Execute Action	2026-09-26T09:07:17.9326986Z 		at org.apache.spark.sql.catalyst.plans.logical.AnalysisHelper.resolveOperatorsWithPruning(AnalysisHelper.scala:100)
Execute Action	2026-09-26T09:07:17.9328067Z 		at org.apache.spark.sql.catalyst.plans.logical.AnalysisHelper.resolveOperatorsWithPruning$(AnalysisHelper.scala:97)
Execute Action	2026-09-26T09:07:17.9329287Z 		at org.apache.spark.sql.catalyst.plans.logical.LogicalPlan.resolveOperatorsWithPruning(LogicalPlan.scala:37)
Execute Action	2026-09-26T09:07:17.9330403Z 		at org.apache.spark.sql.catalyst.plans.logical.AnalysisHelper.resolveOperators(AnalysisHelper.scala:77)
Execute Action	2026-09-26T09:07:17.9331389Z 		at org.apache.spark.sql.catalyst.plans.logical.AnalysisHelper.resolveOperators$(AnalysisHelper.scala:76)
Execute Action	2026-09-26T09:07:17.9332362Z 		at org.apache.spark.sql.catalyst.plans.logical.LogicalPlan.resolveOperators(LogicalPlan.scala:37)
Execute Action	2026-09-26T09:07:17.9333416Z 		at org.apache.spark.sql.catalyst.analysis.InvokeProcedures.apply(InvokeProcedures.scala:36)
Execute Action	2026-09-26T09:07:17.9334332Z 		at org.apache.spark.sql.catalyst.analysis.InvokeProcedures.apply(InvokeProcedures.scala:34)
Execute Action	2026-09-26T09:07:17.9335230Z 		at org.apache.spark.sql.catalyst.rules.RuleExecutor.$anonfun$execute$2(RuleExecutor.scala:242)
Execute Action	2026-09-26T09:07:17.9336048Z 		at scala.collection.LinearSeqOps.foldLeft(LinearSeq.scala:183)
Execute Action	2026-09-26T09:07:17.9336794Z 		at scala.collection.LinearSeqOps.foldLeft$(LinearSeq.scala:179)
Execute Action	2026-09-26T09:07:17.9346465Z 		at scala.collection.immutable.List.foldLeft(List.scala:79)
Execute Action	2026-09-26T09:07:17.9347326Z 		at org.apache.spark.sql.catalyst.rules.RuleExecutor.$anonfun$execute$1(RuleExecutor.scala:239)
Execute Action	2026-09-26T09:07:17.9348259Z 		at org.apache.spark.sql.catalyst.rules.RuleExecutor.$anonfun$execute$1$adapted(RuleExecutor.scala:231)
Execute Action	2026-09-26T09:07:17.9349299Z 		at scala.collection.immutable.List.foreach(List.scala:334)
Execute Action	2026-09-26T09:07:17.9350094Z 		at org.apache.spark.sql.catalyst.rules.RuleExecutor.execute(RuleExecutor.scala:231)
Execute Action	2026-09-26T09:07:17.9351083Z 		at org.apache.spark.sql.catalyst.analysis.Analyzer.org$apache$spark$sql$catalyst$analysis$Analyzer$$executeSameContext(Analyzer.scala:340)
Execute Action	2026-09-26T09:07:17.9352078Z 		at org.apache.spark.sql.catalyst.analysis.Analyzer.$anonfun$execute$1(Analyzer.scala:336)
Execute Action	2026-09-26T09:07:17.9353104Z 		at org.apache.spark.sql.catalyst.analysis.AnalysisContext$.withNewAnalysisContext(Analyzer.scala:234)
Execute Action	2026-09-26T09:07:17.9354041Z 		at org.apache.spark.sql.catalyst.analysis.Analyzer.execute(Analyzer.scala:336)
Execute Action	2026-09-26T09:07:17.9354869Z 		at org.apache.spark.sql.catalyst.analysis.Analyzer.execute(Analyzer.scala:299)
Execute Action	2026-09-26T09:07:17.9355780Z 		at org.apache.spark.sql.catalyst.rules.RuleExecutor.$anonfun$executeAndTrack$1(RuleExecutor.scala:201)
Execute Action	2026-09-26T09:07:17.9356730Z 		at org.apache.spark.sql.catalyst.QueryPlanningTracker$.withTracker(QueryPlanningTracker.scala:89)
Execute Action	2026-09-26T09:07:17.9357658Z 		at org.apache.spark.sql.catalyst.rules.RuleExecutor.executeAndTrack(RuleExecutor.scala:201)
Execute Action	2026-09-26T09:07:17.9358759Z 		at org.apache.spark.sql.catalyst.analysis.resolver.HybridAnalyzer.resolveInFixedPoint(HybridAnalyzer.scala:190)
Execute Action	2026-09-26T09:07:17.9359797Z 		at org.apache.spark.sql.catalyst.analysis.resolver.HybridAnalyzer.$anonfun$apply$1(HybridAnalyzer.scala:76)
Execute Action	2026-09-26T09:07:17.9360867Z 		at org.apache.spark.sql.catalyst.analysis.resolver.HybridAnalyzer.withTrackedAnalyzerBridgeState(HybridAnalyzer.scala:111)
Execute Action	2026-09-26T09:07:17.9361935Z 		at org.apache.spark.sql.catalyst.analysis.resolver.HybridAnalyzer.apply(HybridAnalyzer.scala:71)
Execute Action	2026-09-26T09:07:17.9362971Z 		at org.apache.spark.sql.catalyst.analysis.Analyzer.$anonfun$executeAndCheck$1(Analyzer.scala:330)
Execute Action	2026-09-26T09:07:17.9363954Z 		at org.apache.spark.sql.catalyst.plans.logical.AnalysisHelper$.markInAnalyzer(AnalysisHelper.scala:423)
Execute Action	2026-09-26T09:07:17.9364897Z 		at org.apache.spark.sql.catalyst.analysis.Analyzer.executeAndCheck(Analyzer.scala:330)
Execute Action	2026-09-26T09:07:17.9365809Z 		at org.apache.spark.sql.execution.QueryExecution.$anonfun$lazyAnalyzed$2(QueryExecution.scala:110)
Execute Action	2026-09-26T09:07:17.9366753Z 		at org.apache.spark.sql.catalyst.QueryPlanningTracker.measurePhase(QueryPlanningTracker.scala:148)
Execute Action	2026-09-26T09:07:17.9367694Z 		at org.apache.spark.sql.execution.QueryExecution.$anonfun$executePhase$2(QueryExecution.scala:278)
Execute Action	2026-09-26T09:07:17.9368597Z 		at org.apache.spark.sql.execution.QueryExecution$.withInternalError(QueryExecution.scala:654)
Execute Action	2026-09-26T09:07:17.9369501Z 		at org.apache.spark.sql.execution.QueryExecution.$anonfun$executePhase$1(QueryExecution.scala:278)
Execute Action	2026-09-26T09:07:17.9370473Z 		at org.apache.spark.sql.SparkSession.withActive(SparkSession.scala:804)
Execute Action	2026-09-26T09:07:17.9371304Z 		at org.apache.spark.sql.execution.QueryExecution.executePhase(QueryExecution.scala:277)
Execute Action	2026-09-26T09:07:17.9372197Z 		at org.apache.spark.sql.execution.QueryExecution.$anonfun$lazyAnalyzed$1(QueryExecution.scala:110)
Execute Action	2026-09-26T09:07:17.9373046Z 		at scala.util.Try$.apply(Try.scala:217)
Execute Action	2026-09-26T09:07:17.9373753Z 		at org.apache.spark.util.Utils$.doTryWithCallerStacktrace(Utils.scala:1378)
Execute Action	2026-09-26T09:07:17.9374533Z 		at org.apache.spark.util.LazyTry.tryT$lzycompute(LazyTry.scala:46)
Execute Action	2026-09-26T09:07:17.9375253Z 		at org.apache.spark.util.LazyTry.tryT(LazyTry.scala:46)
Execute Action	2026-09-26T09:07:17.9375828Z 		... 22 more
Execute Action	2026-09-26T09:07:17.9376262Z 
Execute Action	2026-09-26T09:07:17.9376847Z    - web.github_events/compact: An error occurred while calling o68.sql.
Execute Action	2026-09-26T09:07:17.9377760Z : org.apache.iceberg.exceptions.ServiceFailureException: Server error: RESTException: persisted table metadata is invalid
Execute Action	2026-09-26T09:07:17.9378743Z 	at org.apache.iceberg.rest.ErrorHandlers$DefaultErrorHandler.accept(ErrorHandlers.java:350)
Execute Action	2026-09-26T09:07:17.9379729Z 	at org.apache.iceberg.rest.ErrorHandlers$TableErrorHandler.accept(ErrorHandlers.java:160)
Execute Action	2026-09-26T09:07:17.9380596Z 	at org.apache.iceberg.rest.ErrorHandlers$TableErrorHandler.accept(ErrorHandlers.java:142)
Execute Action	2026-09-26T09:07:17.9381414Z 	at org.apache.iceberg.rest.HTTPClient.throwFailure(HTTPClient.java:242)
Execute Action	2026-09-26T09:07:17.9382176Z 	at org.apache.iceberg.rest.HTTPClient.execute(HTTPClient.java:347)
Execute Action	2026-09-26T09:07:17.9382997Z 	at org.apache.iceberg.rest.HTTPClient.execute(HTTPClient.java:299)
Execute Action	2026-09-26T09:07:17.9383761Z 	at org.apache.iceberg.rest.BaseHTTPClient.get(BaseHTTPClient.java:101)
Execute Action	2026-09-26T09:07:17.9384594Z 	at org.apache.iceberg.rest.RESTSessionCatalog.loadInternal(RESTSessionCatalog.java:438)
Execute Action	2026-09-26T09:07:17.9385463Z 	at org.apache.iceberg.rest.RESTSessionCatalog.loadTable(RESTSessionCatalog.java:468)
Execute Action	2026-09-26T09:07:17.9386360Z 	at org.apache.iceberg.catalog.BaseSessionCatalog$AsCatalog.loadTable(BaseSessionCatalog.java:105)
Execute Action	2026-09-26T09:07:17.9387215Z 	at org.apache.iceberg.rest.RESTCatalog.loadTable(RESTCatalog.java:124)
Execute Action	2026-09-26T09:07:17.9388200Z 	at org.apache.iceberg.shaded.com.github.benmanes.caffeine.cache.BoundedLocalCache.lambda$doComputeIfAbsent$14(BoundedLocalCache.java:2406)
Execute Action	2026-09-26T09:07:17.9389235Z 	at java.base/java.util.concurrent.ConcurrentHashMap.compute(ConcurrentHashMap.java:1916)
Execute Action	2026-09-26T09:07:17.9390257Z 	at org.apache.iceberg.shaded.com.github.benmanes.caffeine.cache.BoundedLocalCache.doComputeIfAbsent(BoundedLocalCache.java:2404)
Execute Action	2026-09-26T09:07:17.9391534Z 	at org.apache.iceberg.shaded.com.github.benmanes.caffeine.cache.BoundedLocalCache.computeIfAbsent(BoundedLocalCache.java:2387)
Execute Action	2026-09-26T09:07:17.9392714Z 	at org.apache.iceberg.shaded.com.github.benmanes.caffeine.cache.LocalCache.computeIfAbsent(LocalCache.java:108)
Execute Action	2026-09-26T09:07:17.9393768Z 	at org.apache.iceberg.shaded.com.github.benmanes.caffeine.cache.LocalManualCache.get(LocalManualCache.java:62)
Execute Action	2026-09-26T09:07:17.9394681Z 	at org.apache.iceberg.CachingCatalog.loadTable(CachingCatalog.java:147)
Execute Action	2026-09-26T09:07:17.9395457Z 	at org.apache.iceberg.spark.SparkCatalog.load(SparkCatalog.java:867)
Execute Action	2026-09-26T09:07:17.9396241Z 	at org.apache.iceberg.spark.SparkCatalog.loadTable(SparkCatalog.java:171)
Execute Action	2026-09-26T09:07:17.9397095Z 	at org.apache.iceberg.spark.procedures.BaseProcedure.loadSparkTable(BaseProcedure.java:168)
Execute Action	2026-09-26T09:07:17.9398054Z 	at org.apache.iceberg.spark.procedures.RewriteDataFilesProcedure.call(RewriteDataFilesProcedure.java:124)
Execute Action	2026-09-26T09:07:17.9399172Z 	at org.apache.spark.sql.catalyst.analysis.InvokeProcedures.org$apache$spark$sql$catalyst$analysis$InvokeProcedures$$invoke(InvokeProcedures.scala:48)
Execute Action	2026-09-26T09:07:17.9400387Z 	at org.apache.spark.sql.catalyst.analysis.InvokeProcedures$$anonfun$apply$1.applyOrElse(InvokeProcedures.scala:40)
Execute Action	2026-09-26T09:07:17.9401405Z 	at org.apache.spark.sql.catalyst.analysis.InvokeProcedures$$anonfun$apply$1.applyOrElse(InvokeProcedures.scala:36)
Execute Action	2026-09-26T09:07:17.9402472Z 	at org.apache.spark.sql.catalyst.plans.logical.AnalysisHelper.$anonfun$resolveOperatorsDownWithPruning$2(AnalysisHelper.scala:200)
Execute Action	2026-09-26T09:07:17.9403557Z 	at org.apache.spark.sql.catalyst.trees.CurrentOrigin$.withOrigin(origin.scala:86)
Execute Action	2026-09-26T09:07:17.9404556Z 	at org.apache.spark.sql.catalyst.plans.logical.AnalysisHelper.$anonfun$resolveOperatorsDownWithPruning$1(AnalysisHelper.scala:200)
Execute Action	2026-09-26T09:07:17.9405667Z 	at org.apache.spark.sql.catalyst.plans.logical.AnalysisHelper$.allowInvokingTransformsInAnalyzer(AnalysisHelper.scala:416)
Execute Action	2026-09-26T09:07:17.9406781Z 	at org.apache.spark.sql.catalyst.plans.logical.AnalysisHelper.resolveOperatorsDownWithPruning(AnalysisHelper.scala:198)
Execute Action	2026-09-26T09:07:17.9407892Z 	at org.apache.spark.sql.catalyst.plans.logical.AnalysisHelper.resolveOperatorsDownWithPruning$(AnalysisHelper.scala:194)
Execute Action	2026-09-26T09:07:17.9408970Z 	at org.apache.spark.sql.catalyst.plans.logical.LogicalPlan.resolveOperatorsDownWithPruning(LogicalPlan.scala:37)
Execute Action	2026-09-26T09:07:17.9410036Z 	at org.apache.spark.sql.catalyst.plans.logical.AnalysisHelper.resolveOperatorsWithPruning(AnalysisHelper.scala:100)
Execute Action	2026-09-26T09:07:17.9411117Z 	at org.apache.spark.sql.catalyst.plans.logical.AnalysisHelper.resolveOperatorsWithPruning$(AnalysisHelper.scala:97)
Execute Action	2026-09-26T09:07:17.9412342Z 	at org.apache.spark.sql.catalyst.plans.logical.LogicalPlan.resolveOperatorsWithPruning(LogicalPlan.scala:37)
Execute Action	2026-09-26T09:07:17.9413433Z 	at org.apache.spark.sql.catalyst.plans.logical.AnalysisHelper.resolveOperators(AnalysisHelper.scala:77)
Execute Action	2026-09-26T09:07:17.9414422Z 	at org.apache.spark.sql.catalyst.plans.logical.AnalysisHelper.resolveOperators$(AnalysisHelper.scala:76)
Execute Action	2026-09-26T09:07:17.9415385Z 	at org.apache.spark.sql.catalyst.plans.logical.LogicalPlan.resolveOperators(LogicalPlan.scala:37)
Execute Action	2026-09-26T09:07:17.9416323Z 	at org.apache.spark.sql.catalyst.analysis.InvokeProcedures.apply(InvokeProcedures.scala:36)
Execute Action	2026-09-26T09:07:17.9417229Z 	at org.apache.spark.sql.catalyst.analysis.InvokeProcedures.apply(InvokeProcedures.scala:34)
Execute Action	2026-09-26T09:07:17.9418129Z 	at org.apache.spark.sql.catalyst.rules.RuleExecutor.$anonfun$execute$2(RuleExecutor.scala:242)
Execute Action	2026-09-26T09:07:17.9418944Z 	at scala.collection.LinearSeqOps.foldLeft(LinearSeq.scala:183)
Execute Action	2026-09-26T09:07:17.9419667Z 	at scala.collection.LinearSeqOps.foldLeft$(LinearSeq.scala:179)
Execute Action	2026-09-26T09:07:17.9420386Z 	at scala.collection.immutable.List.foldLeft(List.scala:79)
Execute Action	2026-09-26T09:07:17.9421190Z 	at org.apache.spark.sql.catalyst.rules.RuleExecutor.$anonfun$execute$1(RuleExecutor.scala:239)
Execute Action	2026-09-26T09:07:17.9422206Z 	at org.apache.spark.sql.catalyst.rules.RuleExecutor.$anonfun$execute$1$adapted(RuleExecutor.scala:231)
Execute Action	2026-09-26T09:07:17.9423105Z 	at scala.collection.immutable.List.foreach(List.scala:334)
Execute Action	2026-09-26T09:07:17.9423885Z 	at org.apache.spark.sql.catalyst.rules.RuleExecutor.execute(RuleExecutor.scala:231)
Execute Action	2026-09-26T09:07:17.9424871Z 	at org.apache.spark.sql.catalyst.analysis.Analyzer.org$apache$spark$sql$catalyst$analysis$Analyzer$$executeSameContext(Analyzer.scala:340)
Execute Action	2026-09-26T09:07:17.9425871Z 	at org.apache.spark.sql.catalyst.analysis.Analyzer.$anonfun$execute$1(Analyzer.scala:336)
Execute Action	2026-09-26T09:07:17.9426788Z 	at org.apache.spark.sql.catalyst.analysis.AnalysisContext$.withNewAnalysisContext(Analyzer.scala:234)
Execute Action	2026-09-26T09:07:17.9427676Z 	at org.apache.spark.sql.catalyst.analysis.Analyzer.execute(Analyzer.scala:336)
Execute Action	2026-09-26T09:07:17.9428491Z 	at org.apache.spark.sql.catalyst.analysis.Analyzer.execute(Analyzer.scala:299)
Execute Action	2026-09-26T09:07:17.9429367Z 	at org.apache.spark.sql.catalyst.rules.RuleExecutor.$anonfun$executeAndTrack$1(RuleExecutor.scala:201)
Execute Action	2026-09-26T09:07:17.9430337Z 	at org.apache.spark.sql.catalyst.QueryPlanningTracker$.withTracker(QueryPlanningTracker.scala:89)
Execute Action	2026-09-26T09:07:17.9431255Z 	at org.apache.spark.sql.catalyst.rules.RuleExecutor.executeAndTrack(RuleExecutor.scala:201)
Execute Action	2026-09-26T09:07:17.9432241Z 	at org.apache.spark.sql.catalyst.analysis.resolver.HybridAnalyzer.resolveInFixedPoint(HybridAnalyzer.scala:190)
Execute Action	2026-09-26T09:07:17.9433466Z 	at org.apache.spark.sql.catalyst.analysis.resolver.HybridAnalyzer.$anonfun$apply$1(HybridAnalyzer.scala:76)
Execute Action	2026-09-26T09:07:17.9434541Z 	at org.apache.spark.sql.catalyst.analysis.resolver.HybridAnalyzer.withTrackedAnalyzerBridgeState(HybridAnalyzer.scala:111)
Execute Action	2026-09-26T09:07:17.9435591Z 	at org.apache.spark.sql.catalyst.analysis.resolver.HybridAnalyzer.apply(HybridAnalyzer.scala:71)
Execute Action	2026-09-26T09:07:17.9436523Z 	at org.apache.spark.sql.catalyst.analysis.Analyzer.$anonfun$executeAndCheck$1(Analyzer.scala:330)
Execute Action	2026-09-26T09:07:17.9437473Z 	at org.apache.spark.sql.catalyst.plans.logical.AnalysisHelper$.markInAnalyzer(AnalysisHelper.scala:423)
Execute Action	2026-09-26T09:07:17.9438421Z 	at org.apache.spark.sql.catalyst.analysis.Analyzer.executeAndCheck(Analyzer.scala:330)
Execute Action	2026-09-26T09:07:17.9439330Z 	at org.apache.spark.sql.execution.QueryExecution.$anonfun$lazyAnalyzed$2(QueryExecution.scala:110)
Execute Action	2026-09-26T09:07:17.9440271Z 	at org.apache.spark.sql.catalyst.QueryPlanningTracker.measurePhase(QueryPlanningTracker.scala:148)
Execute Action	2026-09-26T09:07:17.9441203Z 	at org.apache.spark.sql.execution.QueryExecution.$anonfun$executePhase$2(QueryExecution.scala:278)
Execute Action	2026-09-26T09:07:17.9442109Z 	at org.apache.spark.sql.execution.QueryExecution$.withInternalError(QueryExecution.scala:654)
Execute Action	2026-09-26T09:07:17.9443200Z 	at org.apache.spark.sql.execution.QueryExecution.$anonfun$executePhase$1(QueryExecution.scala:278)
Execute Action	2026-09-26T09:07:17.9444051Z 	at org.apache.spark.sql.SparkSession.withActive(SparkSession.scala:804)
Execute Action	2026-09-26T09:07:17.9444877Z 	at org.apache.spark.sql.execution.QueryExecution.executePhase(QueryExecution.scala:277)
Execute Action	2026-09-26T09:07:17.9445765Z 	at org.apache.spark.sql.execution.QueryExecution.$anonfun$lazyAnalyzed$1(QueryExecution.scala:110)
Execute Action	2026-09-26T09:07:17.9446519Z 	at scala.util.Try$.apply(Try.scala:217)
Execute Action	2026-09-26T09:07:17.9447212Z 	at org.apache.spark.util.Utils$.doTryWithCallerStacktrace(Utils.scala:1378)
Execute Action	2026-09-26T09:07:17.9448003Z 	at org.apache.spark.util.Utils$.getTryWithCallerStacktrace(Utils.scala:1439)
Execute Action	2026-09-26T09:07:17.9448743Z 	at org.apache.spark.util.LazyTry.get(LazyTry.scala:58)
Execute Action	2026-09-26T09:07:17.9449519Z 	at org.apache.spark.sql.execution.QueryExecution.analyzed(QueryExecution.scala:121)
Execute Action	2026-09-26T09:07:17.9450383Z 	at org.apache.spark.sql.execution.QueryExecution.assertAnalyzed(QueryExecution.scala:80)
Execute Action	2026-09-26T09:07:17.9451219Z 	at org.apache.spark.sql.classic.Dataset$.$anonfun$ofRows$5(Dataset.scala:139)
Execute Action	2026-09-26T09:07:17.9452004Z 	at org.apache.spark.sql.SparkSession.withActive(SparkSession.scala:804)
Execute Action	2026-09-26T09:07:17.9452842Z 	at org.apache.spark.sql.classic.Dataset$.ofRows(Dataset.scala:136)
Execute Action	2026-09-26T09:07:17.9453749Z 	at org.apache.spark.sql.classic.SparkSession.$anonfun$sql$1(SparkSession.scala:462)
Execute Action	2026-09-26T09:07:17.9454555Z 	at org.apache.spark.sql.SparkSession.withActive(SparkSession.scala:804)
Execute Action	2026-09-26T09:07:17.9455340Z 	at org.apache.spark.sql.classic.SparkSession.sql(SparkSession.scala:449)
Execute Action	2026-09-26T09:07:17.9456112Z 	at org.apache.spark.sql.classic.SparkSession.sql(SparkSession.scala:467)
Execute Action	2026-09-26T09:07:17.9456889Z 	at jdk.internal.reflect.GeneratedMethodAccessor82.invoke(Unknown Source)
Execute Action	2026-09-26T09:07:17.9457788Z 	at java.base/jdk.internal.reflect.DelegatingMethodAccessorImpl.invoke(DelegatingMethodAccessorImpl.java:43)
Execute Action	2026-09-26T09:07:17.9458655Z 	at java.base/java.lang.reflect.Method.invoke(Method.java:569)
Execute Action	2026-09-26T09:07:17.9459381Z 	at py4j.reflection.MethodInvoker.invoke(MethodInvoker.java:244)
Execute Action	2026-09-26T09:07:17.9460128Z 	at py4j.reflection.ReflectionEngine.invoke(ReflectionEngine.java:374)
Execute Action	2026-09-26T09:07:17.9460813Z 	at py4j.Gateway.invoke(Gateway.java:282)
Execute Action	2026-09-26T09:07:17.9461500Z 	at py4j.commands.AbstractCommand.invokeMethod(AbstractCommand.java:132)
Execute Action	2026-09-26T09:07:17.9462236Z 	at py4j.commands.CallCommand.execute(CallCommand.java:79)
Execute Action	2026-09-26T09:07:17.9463200Z 	at py4j.ClientServerConnection.waitForCommands(ClientServerConnection.java:184)
Execute Action	2026-09-26T09:07:17.9464004Z 	at py4j.ClientServerConnection.run(ClientServerConnection.java:108)
Execute Action	2026-09-26T09:07:17.9464710Z 	at java.base/java.lang.Thread.run(Thread.java:840)
Execute Action	2026-09-26T09:07:17.9465597Z 	Suppressed: org.apache.spark.util.Utils$OriginalTryStackTraceException: Full stacktrace of original doTryWithCallerStacktrace caller
Execute Action	2026-09-26T09:07:17.9466599Z 		at org.apache.iceberg.rest.ErrorHandlers$DefaultErrorHandler.accept(ErrorHandlers.java:350)
Execute Action	2026-09-26T09:07:17.9467478Z 		at org.apache.iceberg.rest.ErrorHandlers$TableErrorHandler.accept(ErrorHandlers.java:160)
Execute Action	2026-09-26T09:07:17.9468351Z 		at org.apache.iceberg.rest.ErrorHandlers$TableErrorHandler.accept(ErrorHandlers.java:142)
Execute Action	2026-09-26T09:07:17.9469175Z 		at org.apache.iceberg.rest.HTTPClient.throwFailure(HTTPClient.java:242)
Execute Action	2026-09-26T09:07:17.9469938Z 		at org.apache.iceberg.rest.HTTPClient.execute(HTTPClient.java:347)
Execute Action	2026-09-26T09:07:17.9470675Z 		at org.apache.iceberg.rest.HTTPClient.execute(HTTPClient.java:299)
Execute Action	2026-09-26T09:07:17.9471419Z 		at org.apache.iceberg.rest.BaseHTTPClient.get(BaseHTTPClient.java:101)
Execute Action	2026-09-26T09:07:17.9472243Z 		at org.apache.iceberg.rest.RESTSessionCatalog.loadInternal(RESTSessionCatalog.java:438)
Execute Action	2026-09-26T09:07:17.9473189Z 		at org.apache.iceberg.rest.RESTSessionCatalog.loadTable(RESTSessionCatalog.java:468)
Execute Action	2026-09-26T09:07:17.9474206Z 		at org.apache.iceberg.catalog.BaseSessionCatalog$AsCatalog.loadTable(BaseSessionCatalog.java:105)
Execute Action	2026-09-26T09:07:17.9475065Z 		at org.apache.iceberg.rest.RESTCatalog.loadTable(RESTCatalog.java:124)
Execute Action	2026-09-26T09:07:17.9476072Z 		at org.apache.iceberg.shaded.com.github.benmanes.caffeine.cache.BoundedLocalCache.lambda$doComputeIfAbsent$14(BoundedLocalCache.java:2406)
Execute Action	2026-09-26T09:07:17.9477117Z 		at java.base/java.util.concurrent.ConcurrentHashMap.compute(ConcurrentHashMap.java:1916)
Execute Action	2026-09-26T09:07:17.9478157Z 		at org.apache.iceberg.shaded.com.github.benmanes.caffeine.cache.BoundedLocalCache.doComputeIfAbsent(BoundedLocalCache.java:2404)
Execute Action	2026-09-26T09:07:17.9479322Z 		at org.apache.iceberg.shaded.com.github.benmanes.caffeine.cache.BoundedLocalCache.computeIfAbsent(BoundedLocalCache.java:2387)
Execute Action	2026-09-26T09:07:17.9480425Z 		at org.apache.iceberg.shaded.com.github.benmanes.caffeine.cache.LocalCache.computeIfAbsent(LocalCache.java:108)
Execute Action	2026-09-26T09:07:17.9481468Z 		at org.apache.iceberg.shaded.com.github.benmanes.caffeine.cache.LocalManualCache.get(LocalManualCache.java:62)
Execute Action	2026-09-26T09:07:17.9482378Z 		at org.apache.iceberg.CachingCatalog.loadTable(CachingCatalog.java:147)
Execute Action	2026-09-26T09:07:17.9483345Z 		at org.apache.iceberg.spark.SparkCatalog.load(SparkCatalog.java:867)
Execute Action	2026-09-26T09:07:17.9484130Z 		at org.apache.iceberg.spark.SparkCatalog.loadTable(SparkCatalog.java:171)
Execute Action	2026-09-26T09:07:17.9484991Z 		at org.apache.iceberg.spark.procedures.BaseProcedure.loadSparkTable(BaseProcedure.java:168)
Execute Action	2026-09-26T09:07:17.9485952Z 		at org.apache.iceberg.spark.procedures.RewriteDataFilesProcedure.call(RewriteDataFilesProcedure.java:124)
Execute Action	2026-09-26T09:07:17.9487055Z 		at org.apache.spark.sql.catalyst.analysis.InvokeProcedures.org$apache$spark$sql$catalyst$analysis$InvokeProcedures$$invoke(InvokeProcedures.scala:48)
Execute Action	2026-09-26T09:07:17.9488170Z 		at org.apache.spark.sql.catalyst.analysis.InvokeProcedures$$anonfun$apply$1.applyOrElse(InvokeProcedures.scala:40)
Execute Action	2026-09-26T09:07:17.9489188Z 		at org.apache.spark.sql.catalyst.analysis.InvokeProcedures$$anonfun$apply$1.applyOrElse(InvokeProcedures.scala:36)
Execute Action	2026-09-26T09:07:17.9490257Z 		at org.apache.spark.sql.catalyst.plans.logical.AnalysisHelper.$anonfun$resolveOperatorsDownWithPruning$2(AnalysisHelper.scala:200)
Execute Action	2026-09-26T09:07:17.9491230Z 		at org.apache.spark.sql.catalyst.trees.CurrentOrigin$.withOrigin(origin.scala:86)
Execute Action	2026-09-26T09:07:17.9492198Z 		at org.apache.spark.sql.catalyst.plans.logical.AnalysisHelper.$anonfun$resolveOperatorsDownWithPruning$1(AnalysisHelper.scala:200)
Execute Action	2026-09-26T09:07:17.9493363Z 		at org.apache.spark.sql.catalyst.plans.logical.AnalysisHelper$.allowInvokingTransformsInAnalyzer(AnalysisHelper.scala:416)
Execute Action	2026-09-26T09:07:17.9494470Z 		at org.apache.spark.sql.catalyst.plans.logical.AnalysisHelper.resolveOperatorsDownWithPruning(AnalysisHelper.scala:198)
Execute Action	2026-09-26T09:07:17.9495729Z 		at org.apache.spark.sql.catalyst.plans.logical.AnalysisHelper.resolveOperatorsDownWithPruning$(AnalysisHelper.scala:194)
Execute Action	2026-09-26T09:07:17.9496820Z 		at org.apache.spark.sql.catalyst.plans.logical.LogicalPlan.resolveOperatorsDownWithPruning(LogicalPlan.scala:37)
Execute Action	2026-09-26T09:07:17.9497894Z 		at org.apache.spark.sql.catalyst.plans.logical.AnalysisHelper.resolveOperatorsWithPruning(AnalysisHelper.scala:100)
Execute Action	2026-09-26T09:07:17.9498968Z 		at org.apache.spark.sql.catalyst.plans.logical.AnalysisHelper.resolveOperatorsWithPruning$(AnalysisHelper.scala:97)
Execute Action	2026-09-26T09:07:17.9500025Z 		at org.apache.spark.sql.catalyst.plans.logical.LogicalPlan.resolveOperatorsWithPruning(LogicalPlan.scala:37)
Execute Action	2026-09-26T09:07:17.9501037Z 		at org.apache.spark.sql.catalyst.plans.logical.AnalysisHelper.resolveOperators(AnalysisHelper.scala:77)
Execute Action	2026-09-26T09:07:17.9502017Z 		at org.apache.spark.sql.catalyst.plans.logical.AnalysisHelper.resolveOperators$(AnalysisHelper.scala:76)
Execute Action	2026-09-26T09:07:17.9503062Z 		at org.apache.spark.sql.catalyst.plans.logical.LogicalPlan.resolveOperators(LogicalPlan.scala:37)
Execute Action	2026-09-26T09:07:17.9504000Z 		at org.apache.spark.sql.catalyst.analysis.InvokeProcedures.apply(InvokeProcedures.scala:36)
Execute Action	2026-09-26T09:07:17.9505050Z 		at org.apache.spark.sql.catalyst.analysis.InvokeProcedures.apply(InvokeProcedures.scala:34)
Execute Action	2026-09-26T09:07:17.9505968Z 		at org.apache.spark.sql.catalyst.rules.RuleExecutor.$anonfun$execute$2(RuleExecutor.scala:242)
Execute Action	2026-09-26T09:07:17.9506797Z 		at scala.collection.LinearSeqOps.foldLeft(LinearSeq.scala:183)
Execute Action	2026-09-26T09:07:17.9507532Z 		at scala.collection.LinearSeqOps.foldLeft$(LinearSeq.scala:179)
Execute Action	2026-09-26T09:07:17.9508272Z 		at scala.collection.immutable.List.foldLeft(List.scala:79)
Execute Action	2026-09-26T09:07:17.9509086Z 		at org.apache.spark.sql.catalyst.rules.RuleExecutor.$anonfun$execute$1(RuleExecutor.scala:239)
Execute Action	2026-09-26T09:07:17.9510013Z 		at org.apache.spark.sql.catalyst.rules.RuleExecutor.$anonfun$execute$1$adapted(RuleExecutor.scala:231)
Execute Action	2026-09-26T09:07:17.9510842Z 		at scala.collection.immutable.List.foreach(List.scala:334)
Execute Action	2026-09-26T09:07:17.9511621Z 		at org.apache.spark.sql.catalyst.rules.RuleExecutor.execute(RuleExecutor.scala:231)
Execute Action	2026-09-26T09:07:17.9512693Z 		at org.apache.spark.sql.catalyst.analysis.Analyzer.org$apache$spark$sql$catalyst$analysis$Analyzer$$executeSameContext(Analyzer.scala:340)
Execute Action	2026-09-26T09:07:17.9513702Z 		at org.apache.spark.sql.catalyst.analysis.Analyzer.$anonfun$execute$1(Analyzer.scala:336)
Execute Action	2026-09-26T09:07:17.9514612Z 		at org.apache.spark.sql.catalyst.analysis.AnalysisContext$.withNewAnalysisContext(Analyzer.scala:234)
Execute Action	2026-09-26T09:07:17.9515502Z 		at org.apache.spark.sql.catalyst.analysis.Analyzer.execute(Analyzer.scala:336)
Execute Action	2026-09-26T09:07:17.9516432Z 		at org.apache.spark.sql.catalyst.analysis.Analyzer.execute(Analyzer.scala:299)
Execute Action	2026-09-26T09:07:17.9517305Z 		at org.apache.spark.sql.catalyst.rules.RuleExecutor.$anonfun$executeAndTrack$1(RuleExecutor.scala:201)
Execute Action	2026-09-26T09:07:17.9518241Z 		at org.apache.spark.sql.catalyst.QueryPlanningTracker$.withTracker(QueryPlanningTracker.scala:89)
Execute Action	2026-09-26T09:07:17.9519155Z 		at org.apache.spark.sql.catalyst.rules.RuleExecutor.executeAndTrack(RuleExecutor.scala:201)
Execute Action	2026-09-26T09:07:17.9520133Z 		at org.apache.spark.sql.catalyst.analysis.resolver.HybridAnalyzer.resolveInFixedPoint(HybridAnalyzer.scala:190)
Execute Action	2026-09-26T09:07:17.9521148Z 		at org.apache.spark.sql.catalyst.analysis.resolver.HybridAnalyzer.$anonfun$apply$1(HybridAnalyzer.scala:76)
Execute Action	2026-09-26T09:07:17.9521687Z 		at org.apache.spark.sql.catalyst.analysis.resolver.HybridAnalyzer.withTrackedAnalyzerBridgeState(HybridAnalyzer.scala:111)
Execute Action	2026-09-26T09:07:17.9522116Z 		at org.apache.spark.sql.catalyst.analysis.resolver.HybridAnalyzer.apply(HybridAnalyzer.scala:71)
Execute Action	2026-09-26T09:07:17.9522531Z 		at org.apache.spark.sql.catalyst.analysis.Analyzer.$anonfun$executeAndCheck$1(Analyzer.scala:330)
Execute Action	2026-09-26T09:07:17.9523161Z 		at org.apache.spark.sql.catalyst.plans.logical.AnalysisHelper$.markInAnalyzer(AnalysisHelper.scala:423)
Execute Action	2026-09-26T09:07:17.9523570Z 		at org.apache.spark.sql.catalyst.analysis.Analyzer.executeAndCheck(Analyzer.scala:330)
Execute Action	2026-09-26T09:07:17.9524003Z 		at org.apache.spark.sql.execution.QueryExecution.$anonfun$lazyAnalyzed$2(QueryExecution.scala:110)
Execute Action	2026-09-26T09:07:17.9524444Z 		at org.apache.spark.sql.catalyst.QueryPlanningTracker.measurePhase(QueryPlanningTracker.scala:148)
Execute Action	2026-09-26T09:07:17.9524861Z 		at org.apache.spark.sql.execution.QueryExecution.$anonfun$executePhase$2(QueryExecution.scala:278)
Execute Action	2026-09-26T09:07:17.9525272Z 		at org.apache.spark.sql.execution.QueryExecution$.withInternalError(QueryExecution.scala:654)
Execute Action	2026-09-26T09:07:17.9525696Z 		at org.apache.spark.sql.execution.QueryExecution.$anonfun$executePhase$1(QueryExecution.scala:278)
Execute Action	2026-09-26T09:07:17.9526056Z 		at org.apache.spark.sql.SparkSession.withActive(SparkSession.scala:804)
Execute Action	2026-09-26T09:07:17.9526460Z 		at org.apache.spark.sql.execution.QueryExecution.executePhase(QueryExecution.scala:277)
Execute Action	2026-09-26T09:07:17.9526883Z 		at org.apache.spark.sql.execution.QueryExecution.$anonfun$lazyAnalyzed$1(QueryExecution.scala:110)
Execute Action	2026-09-26T09:07:17.9527152Z 		at scala.util.Try$.apply(Try.scala:217)
Execute Action	2026-09-26T09:07:17.9527508Z 		at org.apache.spark.util.Utils$.doTryWithCallerStacktrace(Utils.scala:1378)
Execute Action	2026-09-26T09:07:17.9527853Z 		at org.apache.spark.util.LazyTry.tryT$lzycompute(LazyTry.scala:46)
Execute Action	2026-09-26T09:07:17.9528273Z 		at org.apache.spark.util.LazyTry.tryT(LazyTry.scala:46)
Execute Action	2026-09-26T09:07:17.9528472Z 		... 21 more
Execute Action	2026-09-26T09:07:17.9528634Z 
Execute Action	2026-09-26T09:07:17.9528992Z    - web.github_events/manifests: An error occurred while calling o68.sql.
Execute Action	2026-09-26T09:07:17.9529504Z : org.apache.iceberg.exceptions.ServiceFailureException: Server error: RESTException: persisted table metadata is invalid
Execute Action	2026-09-26T09:07:17.9529914Z 	at org.apache.iceberg.rest.ErrorHandlers$DefaultErrorHandler.accept(ErrorHandlers.java:350)
Execute Action	2026-09-26T09:07:17.9530348Z 	at org.apache.iceberg.rest.ErrorHandlers$TableErrorHandler.accept(ErrorHandlers.java:160)
Execute Action	2026-09-26T09:07:17.9530745Z 	at org.apache.iceberg.rest.ErrorHandlers$TableErrorHandler.accept(ErrorHandlers.java:142)
Execute Action	2026-09-26T09:07:17.9531099Z 	at org.apache.iceberg.rest.HTTPClient.throwFailure(HTTPClient.java:242)
Execute Action	2026-09-26T09:07:17.9531436Z 	at org.apache.iceberg.rest.HTTPClient.execute(HTTPClient.java:347)
Execute Action	2026-09-26T09:07:17.9531770Z 	at org.apache.iceberg.rest.HTTPClient.execute(HTTPClient.java:299)
Execute Action	2026-09-26T09:07:17.9532115Z 	at org.apache.iceberg.rest.BaseHTTPClient.get(BaseHTTPClient.java:101)
Execute Action	2026-09-26T09:07:17.9532699Z 	at org.apache.iceberg.rest.RESTSessionCatalog.loadInternal(RESTSessionCatalog.java:438)
Execute Action	2026-09-26T09:07:17.9533108Z 	at org.apache.iceberg.rest.RESTSessionCatalog.loadTable(RESTSessionCatalog.java:468)
Execute Action	2026-09-26T09:07:17.9533548Z 	at org.apache.iceberg.catalog.BaseSessionCatalog$AsCatalog.loadTable(BaseSessionCatalog.java:105)
Execute Action	2026-09-26T09:07:17.9533900Z 	at org.apache.iceberg.rest.RESTCatalog.loadTable(RESTCatalog.java:124)
Execute Action	2026-09-26T09:07:17.9534476Z 	at org.apache.iceberg.shaded.com.github.benmanes.caffeine.cache.BoundedLocalCache.lambda$doComputeIfAbsent$14(BoundedLocalCache.java:2406)
Execute Action	2026-09-26T09:07:17.9534907Z 	at java.base/java.util.concurrent.ConcurrentHashMap.compute(ConcurrentHashMap.java:1916)
Execute Action	2026-09-26T09:07:17.9535470Z 	at org.apache.iceberg.shaded.com.github.benmanes.caffeine.cache.BoundedLocalCache.doComputeIfAbsent(BoundedLocalCache.java:2404)
Execute Action	2026-09-26T09:07:17.9536018Z 	at org.apache.iceberg.shaded.com.github.benmanes.caffeine.cache.BoundedLocalCache.computeIfAbsent(BoundedLocalCache.java:2387)
Execute Action	2026-09-26T09:07:17.9536511Z 	at org.apache.iceberg.shaded.com.github.benmanes.caffeine.cache.LocalCache.computeIfAbsent(LocalCache.java:108)
Execute Action	2026-09-26T09:07:17.9536990Z 	at org.apache.iceberg.shaded.com.github.benmanes.caffeine.cache.LocalManualCache.get(LocalManualCache.java:62)
Execute Action	2026-09-26T09:07:17.9537344Z 	at org.apache.iceberg.CachingCatalog.loadTable(CachingCatalog.java:147)
Execute Action	2026-09-26T09:07:17.9537691Z 	at org.apache.iceberg.spark.SparkCatalog.load(SparkCatalog.java:867)
Execute Action	2026-09-26T09:07:17.9538144Z 	at org.apache.iceberg.spark.SparkCatalog.loadTable(SparkCatalog.java:171)
Execute Action	2026-09-26T09:07:17.9538569Z 	at org.apache.iceberg.spark.procedures.BaseProcedure.loadSparkTable(BaseProcedure.java:168)
Execute Action	2026-09-26T09:07:17.9538964Z 	at org.apache.iceberg.spark.procedures.BaseProcedure.execute(BaseProcedure.java:129)
Execute Action	2026-09-26T09:07:17.9539399Z 	at org.apache.iceberg.spark.procedures.BaseProcedure.modifyIcebergTable(BaseProcedure.java:113)
Execute Action	2026-09-26T09:07:17.9539868Z 	at org.apache.iceberg.spark.procedures.RewriteManifestsProcedure.call(RewriteManifestsProcedure.java:100)
Execute Action	2026-09-26T09:07:17.9540441Z 	at org.apache.spark.sql.catalyst.analysis.InvokeProcedures.org$apache$spark$sql$catalyst$analysis$InvokeProcedures$$invoke(InvokeProcedures.scala:48)
Execute Action	2026-09-26T09:07:17.9540942Z 	at org.apache.spark.sql.catalyst.analysis.InvokeProcedures$$anonfun$apply$1.applyOrElse(InvokeProcedures.scala:40)
Execute Action	2026-09-26T09:07:17.9541412Z 	at org.apache.spark.sql.catalyst.analysis.InvokeProcedures$$anonfun$apply$1.applyOrElse(InvokeProcedures.scala:36)
Execute Action	2026-09-26T09:07:17.9541936Z 	at org.apache.spark.sql.catalyst.plans.logical.AnalysisHelper.$anonfun$resolveOperatorsDownWithPruning$2(AnalysisHelper.scala:200)
Execute Action	2026-09-26T09:07:17.9542412Z 	at org.apache.spark.sql.catalyst.trees.CurrentOrigin$.withOrigin(origin.scala:86)
Execute Action	2026-09-26T09:07:17.9543027Z 	at org.apache.spark.sql.catalyst.plans.logical.AnalysisHelper.$anonfun$resolveOperatorsDownWithPruning$1(AnalysisHelper.scala:200)
Execute Action	2026-09-26T09:07:17.9543538Z 	at org.apache.spark.sql.catalyst.plans.logical.AnalysisHelper$.allowInvokingTransformsInAnalyzer(AnalysisHelper.scala:416)
Execute Action	2026-09-26T09:07:17.9544058Z 	at org.apache.spark.sql.catalyst.plans.logical.AnalysisHelper.resolveOperatorsDownWithPruning(AnalysisHelper.scala:198)
Execute Action	2026-09-26T09:07:17.9544583Z 	at org.apache.spark.sql.catalyst.plans.logical.AnalysisHelper.resolveOperatorsDownWithPruning$(AnalysisHelper.scala:194)
Execute Action	2026-09-26T09:07:17.9545087Z 	at org.apache.spark.sql.catalyst.plans.logical.LogicalPlan.resolveOperatorsDownWithPruning(LogicalPlan.scala:37)
Execute Action	2026-09-26T09:07:17.9545606Z 	at org.apache.spark.sql.catalyst.plans.logical.AnalysisHelper.resolveOperatorsWithPruning(AnalysisHelper.scala:100)
Execute Action	2026-09-26T09:07:17.9546103Z 	at org.apache.spark.sql.catalyst.plans.logical.AnalysisHelper.resolveOperatorsWithPruning$(AnalysisHelper.scala:97)
Execute Action	2026-09-26T09:07:17.9546578Z 	at org.apache.spark.sql.catalyst.plans.logical.LogicalPlan.resolveOperatorsWithPruning(LogicalPlan.scala:37)
Execute Action	2026-09-26T09:07:17.9547037Z 	at org.apache.spark.sql.catalyst.plans.logical.AnalysisHelper.resolveOperators(AnalysisHelper.scala:77)
Execute Action	2026-09-26T09:07:17.9547493Z 	at org.apache.spark.sql.catalyst.plans.logical.AnalysisHelper.resolveOperators$(AnalysisHelper.scala:76)
Execute Action	2026-09-26T09:07:17.9548038Z 	at org.apache.spark.sql.catalyst.plans.logical.LogicalPlan.resolveOperators(LogicalPlan.scala:37)
Execute Action	2026-09-26T09:07:17.9548458Z 	at org.apache.spark.sql.catalyst.analysis.InvokeProcedures.apply(InvokeProcedures.scala:36)
Execute Action	2026-09-26T09:07:17.9548873Z 	at org.apache.spark.sql.catalyst.analysis.InvokeProcedures.apply(InvokeProcedures.scala:34)
Execute Action	2026-09-26T09:07:17.9549290Z 	at org.apache.spark.sql.catalyst.rules.RuleExecutor.$anonfun$execute$2(RuleExecutor.scala:242)
Execute Action	2026-09-26T09:07:17.9549617Z 	at scala.collection.LinearSeqOps.foldLeft(LinearSeq.scala:183)
Execute Action	2026-09-26T09:07:17.9549951Z 	at scala.collection.LinearSeqOps.foldLeft$(LinearSeq.scala:179)
Execute Action	2026-09-26T09:07:17.9550266Z 	at scala.collection.immutable.List.foldLeft(List.scala:79)
Execute Action	2026-09-26T09:07:17.9550673Z 	at org.apache.spark.sql.catalyst.rules.RuleExecutor.$anonfun$execute$1(RuleExecutor.scala:239)
Execute Action	2026-09-26T09:07:17.9551104Z 	at org.apache.spark.sql.catalyst.rules.RuleExecutor.$anonfun$execute$1$adapted(RuleExecutor.scala:231)
Execute Action	2026-09-26T09:07:17.9551411Z 	at scala.collection.immutable.List.foreach(List.scala:334)
Execute Action	2026-09-26T09:07:17.9551800Z 	at org.apache.spark.sql.catalyst.rules.RuleExecutor.execute(RuleExecutor.scala:231)
Execute Action	2026-09-26T09:07:17.9552422Z 	at org.apache.spark.sql.catalyst.analysis.Analyzer.org$apache$spark$sql$catalyst$analysis$Analyzer$$executeSameContext(Analyzer.scala:340)
Execute Action	2026-09-26T09:07:17.9552952Z 	at org.apache.spark.sql.catalyst.analysis.Analyzer.$anonfun$execute$1(Analyzer.scala:336)
Execute Action	2026-09-26T09:07:17.9553390Z 	at org.apache.spark.sql.catalyst.analysis.AnalysisContext$.withNewAnalysisContext(Analyzer.scala:234)
Execute Action	2026-09-26T09:07:17.9553764Z 	at org.apache.spark.sql.catalyst.analysis.Analyzer.execute(Analyzer.scala:336)
Execute Action	2026-09-26T09:07:17.9554129Z 	at org.apache.spark.sql.catalyst.analysis.Analyzer.execute(Analyzer.scala:299)
Execute Action	2026-09-26T09:07:17.9554561Z 	at org.apache.spark.sql.catalyst.rules.RuleExecutor.$anonfun$executeAndTrack$1(RuleExecutor.scala:201)
Execute Action	2026-09-26T09:07:17.9555008Z 	at org.apache.spark.sql.catalyst.QueryPlanningTracker$.withTracker(QueryPlanningTracker.scala:89)
Execute Action	2026-09-26T09:07:17.9555432Z 	at org.apache.spark.sql.catalyst.rules.RuleExecutor.executeAndTrack(RuleExecutor.scala:201)
Execute Action	2026-09-26T09:07:17.9555927Z 	at org.apache.spark.sql.catalyst.analysis.resolver.HybridAnalyzer.resolveInFixedPoint(HybridAnalyzer.scala:190)
Execute Action	2026-09-26T09:07:17.9556383Z 	at org.apache.spark.sql.catalyst.analysis.resolver.HybridAnalyzer.$anonfun$apply$1(HybridAnalyzer.scala:76)
Execute Action	2026-09-26T09:07:17.9556919Z 	at org.apache.spark.sql.catalyst.analysis.resolver.HybridAnalyzer.withTrackedAnalyzerBridgeState(HybridAnalyzer.scala:111)
Execute Action	2026-09-26T09:07:17.9557353Z 	at org.apache.spark.sql.catalyst.analysis.resolver.HybridAnalyzer.apply(HybridAnalyzer.scala:71)
Execute Action	2026-09-26T09:07:17.9557891Z 	at org.apache.spark.sql.catalyst.analysis.Analyzer.$anonfun$executeAndCheck$1(Analyzer.scala:330)
Execute Action	2026-09-26T09:07:17.9558341Z 	at org.apache.spark.sql.catalyst.plans.logical.AnalysisHelper$.markInAnalyzer(AnalysisHelper.scala:423)
Execute Action	2026-09-26T09:07:17.9558739Z 	at org.apache.spark.sql.catalyst.analysis.Analyzer.executeAndCheck(Analyzer.scala:330)
Execute Action	2026-09-26T09:07:17.9559166Z 	at org.apache.spark.sql.execution.QueryExecution.$anonfun$lazyAnalyzed$2(QueryExecution.scala:110)
Execute Action	2026-09-26T09:07:17.9559606Z 	at org.apache.spark.sql.catalyst.QueryPlanningTracker.measurePhase(QueryPlanningTracker.scala:148)
Execute Action	2026-09-26T09:07:17.9560027Z 	at org.apache.spark.sql.execution.QueryExecution.$anonfun$executePhase$2(QueryExecution.scala:278)
Execute Action	2026-09-26T09:07:17.9560436Z 	at org.apache.spark.sql.execution.QueryExecution$.withInternalError(QueryExecution.scala:654)
Execute Action	2026-09-26T09:07:17.9560847Z 	at org.apache.spark.sql.execution.QueryExecution.$anonfun$executePhase$1(QueryExecution.scala:278)
Execute Action	2026-09-26T09:07:17.9561199Z 	at org.apache.spark.sql.SparkSession.withActive(SparkSession.scala:804)
Execute Action	2026-09-26T09:07:17.9561602Z 	at org.apache.spark.sql.execution.QueryExecution.executePhase(QueryExecution.scala:277)
Execute Action	2026-09-26T09:07:17.9562153Z 	at org.apache.spark.sql.execution.QueryExecution.$anonfun$lazyAnalyzed$1(QueryExecution.scala:110)
Execute Action	2026-09-26T09:07:17.9562425Z 	at scala.util.Try$.apply(Try.scala:217)
Execute Action	2026-09-26T09:07:17.9562870Z 	at org.apache.spark.util.Utils$.doTryWithCallerStacktrace(Utils.scala:1378)
Execute Action	2026-09-26T09:07:17.9563235Z 	at org.apache.spark.util.Utils$.getTryWithCallerStacktrace(Utils.scala:1439)
Execute Action	2026-09-26T09:07:17.9563542Z 	at org.apache.spark.util.LazyTry.get(LazyTry.scala:58)
Execute Action	2026-09-26T09:07:17.9563936Z 	at org.apache.spark.sql.execution.QueryExecution.analyzed(QueryExecution.scala:121)
Execute Action	2026-09-26T09:07:17.9564345Z 	at org.apache.spark.sql.execution.QueryExecution.assertAnalyzed(QueryExecution.scala:80)
Execute Action	2026-09-26T09:07:17.9564710Z 	at org.apache.spark.sql.classic.Dataset$.$anonfun$ofRows$5(Dataset.scala:139)
Execute Action	2026-09-26T09:07:17.9565064Z 	at org.apache.spark.sql.SparkSession.withActive(SparkSession.scala:804)
Execute Action	2026-09-26T09:07:17.9565395Z 	at org.apache.spark.sql.classic.Dataset$.ofRows(Dataset.scala:136)
Execute Action	2026-09-26T09:07:17.9565775Z 	at org.apache.spark.sql.classic.SparkSession.$anonfun$sql$1(SparkSession.scala:462)
Execute Action	2026-09-26T09:07:17.9566117Z 	at org.apache.spark.sql.SparkSession.withActive(SparkSession.scala:804)
Execute Action	2026-09-26T09:07:17.9566468Z 	at org.apache.spark.sql.classic.SparkSession.sql(SparkSession.scala:449)
Execute Action	2026-09-26T09:07:17.9566815Z 	at org.apache.spark.sql.classic.SparkSession.sql(SparkSession.scala:467)
Execute Action	2026-09-26T09:07:17.9567283Z 	at jdk.internal.reflect.GeneratedMethodAccessor82.invoke(Unknown Source)
Execute Action	2026-09-26T09:07:17.9567754Z 	at java.base/jdk.internal.reflect.DelegatingMethodAccessorImpl.invoke(DelegatingMethodAccessorImpl.java:43)
Execute Action	2026-09-26T09:07:17.9568079Z 	at java.base/java.lang.reflect.Method.invoke(Method.java:569)
Execute Action	2026-09-26T09:07:17.9568413Z 	at py4j.reflection.MethodInvoker.invoke(MethodInvoker.java:244)
Execute Action	2026-09-26T09:07:17.9568771Z 	at py4j.reflection.ReflectionEngine.invoke(ReflectionEngine.java:374)
Execute Action	2026-09-26T09:07:17.9569054Z 	at py4j.Gateway.invoke(Gateway.java:282)
Execute Action	2026-09-26T09:07:17.9569417Z 	at py4j.commands.AbstractCommand.invokeMethod(AbstractCommand.java:132)
Execute Action	2026-09-26T09:07:17.9569732Z 	at py4j.commands.CallCommand.execute(CallCommand.java:79)
Execute Action	2026-09-26T09:07:17.9570117Z 	at py4j.ClientServerConnection.waitForCommands(ClientServerConnection.java:184)
Execute Action	2026-09-26T09:07:17.9570457Z 	at py4j.ClientServerConnection.run(ClientServerConnection.java:108)
Execute Action	2026-09-26T09:07:17.9570750Z 	at java.base/java.lang.Thread.run(Thread.java:840)
Execute Action	2026-09-26T09:07:17.9571275Z 	Suppressed: org.apache.spark.util.Utils$OriginalTryStackTraceException: Full stacktrace of original doTryWithCallerStacktrace caller
Execute Action	2026-09-26T09:07:17.9571783Z 		at org.apache.iceberg.rest.ErrorHandlers$DefaultErrorHandler.accept(ErrorHandlers.java:350)
Execute Action	2026-09-26T09:07:17.9572191Z 		at org.apache.iceberg.rest.ErrorHandlers$TableErrorHandler.accept(ErrorHandlers.java:160)
Execute Action	2026-09-26T09:07:17.9572666Z 		at org.apache.iceberg.rest.ErrorHandlers$TableErrorHandler.accept(ErrorHandlers.java:142)
Execute Action	2026-09-26T09:07:17.9573024Z 		at org.apache.iceberg.rest.HTTPClient.throwFailure(HTTPClient.java:242)
Execute Action	2026-09-26T09:07:17.9573355Z 		at org.apache.iceberg.rest.HTTPClient.execute(HTTPClient.java:347)
Execute Action	2026-09-26T09:07:17.9573691Z 		at org.apache.iceberg.rest.HTTPClient.execute(HTTPClient.java:299)
Execute Action	2026-09-26T09:07:17.9574037Z 		at org.apache.iceberg.rest.BaseHTTPClient.get(BaseHTTPClient.java:101)
Execute Action	2026-09-26T09:07:17.9574444Z 		at org.apache.iceberg.rest.RESTSessionCatalog.loadInternal(RESTSessionCatalog.java:438)
Execute Action	2026-09-26T09:07:17.9574840Z 		at org.apache.iceberg.rest.RESTSessionCatalog.loadTable(RESTSessionCatalog.java:468)
Execute Action	2026-09-26T09:07:17.9575274Z 		at org.apache.iceberg.catalog.BaseSessionCatalog$AsCatalog.loadTable(BaseSessionCatalog.java:105)
Execute Action	2026-09-26T09:07:17.9575625Z 		at org.apache.iceberg.rest.RESTCatalog.loadTable(RESTCatalog.java:124)
Execute Action	2026-09-26T09:07:17.9576194Z 		at org.apache.iceberg.shaded.com.github.benmanes.caffeine.cache.BoundedLocalCache.lambda$doComputeIfAbsent$14(BoundedLocalCache.java:2406)
Execute Action	2026-09-26T09:07:17.9576705Z 		at java.base/java.util.concurrent.ConcurrentHashMap.compute(ConcurrentHashMap.java:1916)
Execute Action	2026-09-26T09:07:17.9577261Z 		at org.apache.iceberg.shaded.com.github.benmanes.caffeine.cache.BoundedLocalCache.doComputeIfAbsent(BoundedLocalCache.java:2404)
Execute Action	2026-09-26T09:07:17.9577807Z 		at org.apache.iceberg.shaded.com.github.benmanes.caffeine.cache.BoundedLocalCache.computeIfAbsent(BoundedLocalCache.java:2387)
Execute Action	2026-09-26T09:07:17.9578306Z 		at org.apache.iceberg.shaded.com.github.benmanes.caffeine.cache.LocalCache.computeIfAbsent(LocalCache.java:108)
Execute Action	2026-09-26T09:07:17.9578792Z 		at org.apache.iceberg.shaded.com.github.benmanes.caffeine.cache.LocalManualCache.get(LocalManualCache.java:62)
Execute Action	2026-09-26T09:07:17.9579146Z 		at org.apache.iceberg.CachingCatalog.loadTable(CachingCatalog.java:147)
Execute Action	2026-09-26T09:07:17.9579487Z 		at org.apache.iceberg.spark.SparkCatalog.load(SparkCatalog.java:867)
Execute Action	2026-09-26T09:07:17.9579843Z 		at org.apache.iceberg.spark.SparkCatalog.loadTable(SparkCatalog.java:171)
Execute Action	2026-09-26T09:07:17.9580263Z 		at org.apache.iceberg.spark.procedures.BaseProcedure.loadSparkTable(BaseProcedure.java:168)
Execute Action	2026-09-26T09:07:17.9580660Z 		at org.apache.iceberg.spark.procedures.BaseProcedure.execute(BaseProcedure.java:129)
Execute Action	2026-09-26T09:07:17.9581193Z 		at org.apache.iceberg.spark.procedures.BaseProcedure.modifyIcebergTable(BaseProcedure.java:113)
Execute Action	2026-09-26T09:07:17.9581664Z 		at org.apache.iceberg.spark.procedures.RewriteManifestsProcedure.call(RewriteManifestsProcedure.java:100)
Execute Action	2026-09-26T09:07:17.9582234Z 		at org.apache.spark.sql.catalyst.analysis.InvokeProcedures.org$apache$spark$sql$catalyst$analysis$InvokeProcedures$$invoke(InvokeProcedures.scala:48)
Execute Action	2026-09-26T09:07:17.9582801Z 		at org.apache.spark.sql.catalyst.analysis.InvokeProcedures$$anonfun$apply$1.applyOrElse(InvokeProcedures.scala:40)
Execute Action	2026-09-26T09:07:17.9583277Z 		at org.apache.spark.sql.catalyst.analysis.InvokeProcedures$$anonfun$apply$1.applyOrElse(InvokeProcedures.scala:36)
Execute Action	2026-09-26T09:07:17.9583824Z 		at org.apache.spark.sql.catalyst.plans.logical.AnalysisHelper.$anonfun$resolveOperatorsDownWithPruning$2(AnalysisHelper.scala:200)
Execute Action	2026-09-26T09:07:17.9584204Z 		at org.apache.spark.sql.catalyst.trees.CurrentOrigin$.withOrigin(origin.scala:86)
Execute Action	2026-09-26T09:07:17.9584728Z 		at org.apache.spark.sql.catalyst.plans.logical.AnalysisHelper.$anonfun$resolveOperatorsDownWithPruning$1(AnalysisHelper.scala:200)
Execute Action	2026-09-26T09:07:17.9585234Z 		at org.apache.spark.sql.catalyst.plans.logical.AnalysisHelper$.allowInvokingTransformsInAnalyzer(AnalysisHelper.scala:416)
Execute Action	2026-09-26T09:07:17.9585763Z 		at org.apache.spark.sql.catalyst.plans.logical.AnalysisHelper.resolveOperatorsDownWithPruning(AnalysisHelper.scala:198)
Execute Action	2026-09-26T09:07:17.9586285Z 		at org.apache.spark.sql.catalyst.plans.logical.AnalysisHelper.resolveOperatorsDownWithPruning$(AnalysisHelper.scala:194)
Execute Action	2026-09-26T09:07:17.9586883Z 		at org.apache.spark.sql.catalyst.plans.logical.LogicalPlan.resolveOperatorsDownWithPruning(LogicalPlan.scala:37)
Execute Action	2026-09-26T09:07:17.9587387Z 		at org.apache.spark.sql.catalyst.plans.logical.AnalysisHelper.resolveOperatorsWithPruning(AnalysisHelper.scala:100)
Execute Action	2026-09-26T09:07:17.9587883Z 		at org.apache.spark.sql.catalyst.plans.logical.AnalysisHelper.resolveOperatorsWithPruning$(AnalysisHelper.scala:97)
Execute Action	2026-09-26T09:07:17.9588371Z 		at org.apache.spark.sql.catalyst.plans.logical.LogicalPlan.resolveOperatorsWithPruning(LogicalPlan.scala:37)
Execute Action	2026-09-26T09:07:17.9588831Z 		at org.apache.spark.sql.catalyst.plans.logical.AnalysisHelper.resolveOperators(AnalysisHelper.scala:77)
Execute Action	2026-09-26T09:07:17.9589294Z 		at org.apache.spark.sql.catalyst.plans.logical.AnalysisHelper.resolveOperators$(AnalysisHelper.scala:76)
Execute Action	2026-09-26T09:07:17.9589731Z 		at org.apache.spark.sql.catalyst.plans.logical.LogicalPlan.resolveOperators(LogicalPlan.scala:37)
Execute Action	2026-09-26T09:07:17.9590144Z 		at org.apache.spark.sql.catalyst.analysis.InvokeProcedures.apply(InvokeProcedures.scala:36)
Execute Action	2026-09-26T09:07:17.9590558Z 		at org.apache.spark.sql.catalyst.analysis.InvokeProcedures.apply(InvokeProcedures.scala:34)
Execute Action	2026-09-26T09:07:17.9591098Z 		at org.apache.spark.sql.catalyst.rules.RuleExecutor.$anonfun$execute$2(RuleExecutor.scala:242)
Execute Action	2026-09-26T09:07:17.9591431Z 		at scala.collection.LinearSeqOps.foldLeft(LinearSeq.scala:183)
Execute Action	2026-09-26T09:07:17.9591763Z 		at scala.collection.LinearSeqOps.foldLeft$(LinearSeq.scala:179)
Execute Action	2026-09-26T09:07:17.9592082Z 		at scala.collection.immutable.List.foldLeft(List.scala:79)
Execute Action	2026-09-26T09:07:17.9592490Z 		at org.apache.spark.sql.catalyst.rules.RuleExecutor.$anonfun$execute$1(RuleExecutor.scala:239)
Execute Action	2026-09-26T09:07:17.9593011Z 		at org.apache.spark.sql.catalyst.rules.RuleExecutor.$anonfun$execute$1$adapted(RuleExecutor.scala:231)
Execute Action	2026-09-26T09:07:17.9593335Z 		at scala.collection.immutable.List.foreach(List.scala:334)
Execute Action	2026-09-26T09:07:17.9593726Z 		at org.apache.spark.sql.catalyst.rules.RuleExecutor.execute(RuleExecutor.scala:231)
Execute Action	2026-09-26T09:07:17.9594258Z 		at org.apache.spark.sql.catalyst.analysis.Analyzer.org$apache$spark$sql$catalyst$analysis$Analyzer$$executeSameContext(Analyzer.scala:340)
Execute Action	2026-09-26T09:07:17.9594660Z 		at org.apache.spark.sql.catalyst.analysis.Analyzer.$anonfun$execute$1(Analyzer.scala:336)
Execute Action	2026-09-26T09:07:17.9595100Z 		at org.apache.spark.sql.catalyst.analysis.AnalysisContext$.withNewAnalysisContext(Analyzer.scala:234)
Execute Action	2026-09-26T09:07:17.9595484Z 		at org.apache.spark.sql.catalyst.analysis.Analyzer.execute(Analyzer.scala:336)
Execute Action	2026-09-26T09:07:17.9595863Z 		at org.apache.spark.sql.catalyst.analysis.Analyzer.execute(Analyzer.scala:299)
Execute Action	2026-09-26T09:07:17.9596405Z 		at org.apache.spark.sql.catalyst.rules.RuleExecutor.$anonfun$executeAndTrack$1(RuleExecutor.scala:201)
Execute Action	2026-09-26T09:07:17.9596833Z 		at org.apache.spark.sql.catalyst.QueryPlanningTracker$.withTracker(QueryPlanningTracker.scala:89)
Execute Action	2026-09-26T09:07:17.9597248Z 		at org.apache.spark.sql.catalyst.rules.RuleExecutor.executeAndTrack(RuleExecutor.scala:201)
Execute Action	2026-09-26T09:07:17.9597740Z 		at org.apache.spark.sql.catalyst.analysis.resolver.HybridAnalyzer.resolveInFixedPoint(HybridAnalyzer.scala:190)
Execute Action	2026-09-26T09:07:17.9598195Z 		at org.apache.spark.sql.catalyst.analysis.resolver.HybridAnalyzer.$anonfun$apply$1(HybridAnalyzer.scala:76)
Execute Action	2026-09-26T09:07:17.9598738Z 		at org.apache.spark.sql.catalyst.analysis.resolver.HybridAnalyzer.withTrackedAnalyzerBridgeState(HybridAnalyzer.scala:111)
Execute Action	2026-09-26T09:07:17.9599171Z 		at org.apache.spark.sql.catalyst.analysis.resolver.HybridAnalyzer.apply(HybridAnalyzer.scala:71)
Execute Action	2026-09-26T09:07:17.9599584Z 		at org.apache.spark.sql.catalyst.analysis.Analyzer.$anonfun$executeAndCheck$1(Analyzer.scala:330)
Execute Action	2026-09-26T09:07:17.9600029Z 		at org.apache.spark.sql.catalyst.plans.logical.AnalysisHelper$.markInAnalyzer(AnalysisHelper.scala:423)
Execute Action	2026-09-26T09:07:17.9600427Z 		at org.apache.spark.sql.catalyst.analysis.Analyzer.executeAndCheck(Analyzer.scala:330)
Execute Action	2026-09-26T09:07:17.9600952Z 		at org.apache.spark.sql.execution.QueryExecution.$anonfun$lazyAnalyzed$2(QueryExecution.scala:110)
Execute Action	2026-09-26T09:07:17.9601396Z 		at org.apache.spark.sql.catalyst.QueryPlanningTracker.measurePhase(QueryPlanningTracker.scala:148)
Execute Action	2026-09-26T09:07:17.9601816Z 		at org.apache.spark.sql.execution.QueryExecution.$anonfun$executePhase$2(QueryExecution.scala:278)
Execute Action	2026-09-26T09:07:17.9602220Z 		at org.apache.spark.sql.execution.QueryExecution$.withInternalError(QueryExecution.scala:654)
Execute Action	2026-09-26T09:07:17.9602714Z 		at org.apache.spark.sql.execution.QueryExecution.$anonfun$executePhase$1(QueryExecution.scala:278)
Execute Action	2026-09-26T09:07:17.9603070Z 		at org.apache.spark.sql.SparkSession.withActive(SparkSession.scala:804)
Execute Action	2026-09-26T09:07:17.9603475Z 		at org.apache.spark.sql.execution.QueryExecution.executePhase(QueryExecution.scala:277)
Execute Action	2026-09-26T09:07:17.9603903Z 		at org.apache.spark.sql.execution.QueryExecution.$anonfun$lazyAnalyzed$1(QueryExecution.scala:110)
Execute Action	2026-09-26T09:07:17.9604168Z 		at scala.util.Try$.apply(Try.scala:217)
Execute Action	2026-09-26T09:07:17.9604529Z 		at org.apache.spark.util.Utils$.doTryWithCallerStacktrace(Utils.scala:1378)
Execute Action	2026-09-26T09:07:17.9604867Z 		at org.apache.spark.util.LazyTry.tryT$lzycompute(LazyTry.scala:46)
Execute Action	2026-09-26T09:07:17.9605180Z 		at org.apache.spark.util.LazyTry.tryT(LazyTry.scala:46)
Execute Action	2026-09-26T09:07:17.9605379Z 		... 21 more
Execute Action	2026-09-26T09:07:17.9605645Z 
Execute Action	2026-09-26T09:07:17.9605989Z    - web.github_events/expire: An error occurred while calling o68.sql.
Execute Action	2026-09-26T09:07:17.9606488Z : org.apache.iceberg.exceptions.ServiceFailureException: Server error: RESTException: persisted table metadata is invalid
Execute Action	2026-09-26T09:07:17.9606905Z 	at org.apache.iceberg.rest.ErrorHandlers$DefaultErrorHandler.accept(ErrorHandlers.java:350)
Execute Action	2026-09-26T09:07:17.9607304Z 	at org.apache.iceberg.rest.ErrorHandlers$TableErrorHandler.accept(ErrorHandlers.java:160)
Execute Action	2026-09-26T09:07:17.9607705Z 	at org.apache.iceberg.rest.ErrorHandlers$TableErrorHandler.accept(ErrorHandlers.java:142)
Execute Action	2026-09-26T09:07:17.9608064Z 	at org.apache.iceberg.rest.HTTPClient.throwFailure(HTTPClient.java:242)
Execute Action	2026-09-26T09:07:17.9608401Z 	at org.apache.iceberg.rest.HTTPClient.execute(HTTPClient.java:347)
Execute Action	2026-09-26T09:07:17.9608732Z 	at org.apache.iceberg.rest.HTTPClient.execute(HTTPClient.java:299)
Execute Action	2026-09-26T09:07:17.9609080Z 	at org.apache.iceberg.rest.BaseHTTPClient.get(BaseHTTPClient.java:101)
Execute Action	2026-09-26T09:07:17.9609488Z 	at org.apache.iceberg.rest.RESTSessionCatalog.loadInternal(RESTSessionCatalog.java:438)
Execute Action	2026-09-26T09:07:17.9609879Z 	at org.apache.iceberg.rest.RESTSessionCatalog.loadTable(RESTSessionCatalog.java:468)
Execute Action	2026-09-26T09:07:17.9610406Z 	at org.apache.iceberg.catalog.BaseSessionCatalog$AsCatalog.loadTable(BaseSessionCatalog.java:105)
Execute Action	2026-09-26T09:07:17.9610761Z 	at org.apache.iceberg.rest.RESTCatalog.loadTable(RESTCatalog.java:124)
Execute Action	2026-09-26T09:07:17.9611333Z 	at org.apache.iceberg.shaded.com.github.benmanes.caffeine.cache.BoundedLocalCache.lambda$doComputeIfAbsent$14(BoundedLocalCache.java:2406)
Execute Action	2026-09-26T09:07:17.9611735Z 	at java.base/java.util.concurrent.ConcurrentHashMap.compute(ConcurrentHashMap.java:1916)
Execute Action	2026-09-26T09:07:17.9612284Z 	at org.apache.iceberg.shaded.com.github.benmanes.caffeine.cache.BoundedLocalCache.doComputeIfAbsent(BoundedLocalCache.java:2404)
Execute Action	2026-09-26T09:07:17.9612911Z 	at org.apache.iceberg.shaded.com.github.benmanes.caffeine.cache.BoundedLocalCache.computeIfAbsent(BoundedLocalCache.java:2387)
Execute Action	2026-09-26T09:07:17.9613408Z 	at org.apache.iceberg.shaded.com.github.benmanes.caffeine.cache.LocalCache.computeIfAbsent(LocalCache.java:108)
Execute Action	2026-09-26T09:07:17.9613891Z 	at org.apache.iceberg.shaded.com.github.benmanes.caffeine.cache.LocalManualCache.get(LocalManualCache.java:62)
Execute Action	2026-09-26T09:07:17.9614251Z 	at org.apache.iceberg.CachingCatalog.loadTable(CachingCatalog.java:147)
Execute Action	2026-09-26T09:07:17.9614590Z 	at org.apache.iceberg.spark.SparkCatalog.load(SparkCatalog.java:867)
Execute Action	2026-09-26T09:07:17.9614953Z 	at org.apache.iceberg.spark.SparkCatalog.loadTable(SparkCatalog.java:171)
Execute Action	2026-09-26T09:07:17.9615374Z 	at org.apache.iceberg.spark.procedures.BaseProcedure.loadSparkTable(BaseProcedure.java:168)
Execute Action	2026-09-26T09:07:17.9615883Z 	at org.apache.iceberg.spark.procedures.BaseProcedure.execute(BaseProcedure.java:129)
Execute Action	2026-09-26T09:07:17.9616321Z 	at org.apache.iceberg.spark.procedures.BaseProcedure.modifyIcebergTable(BaseProcedure.java:113)
Execute Action	2026-09-26T09:07:17.9616784Z 	at org.apache.iceberg.spark.procedures.ExpireSnapshotsProcedure.call(ExpireSnapshotsProcedure.java:135)
Execute Action	2026-09-26T09:07:17.9617356Z 	at org.apache.spark.sql.catalyst.analysis.InvokeProcedures.org$apache$spark$sql$catalyst$analysis$InvokeProcedures$$invoke(InvokeProcedures.scala:48)
Execute Action	2026-09-26T09:07:17.9617836Z 	at org.apache.spark.sql.catalyst.analysis.InvokeProcedures$$anonfun$apply$1.applyOrElse(InvokeProcedures.scala:40)
Execute Action	2026-09-26T09:07:17.9618309Z 	at org.apache.spark.sql.catalyst.analysis.InvokeProcedures$$anonfun$apply$1.applyOrElse(InvokeProcedures.scala:36)
Execute Action	2026-09-26T09:07:17.9618840Z 	at org.apache.spark.sql.catalyst.plans.logical.AnalysisHelper.$anonfun$resolveOperatorsDownWithPruning$2(AnalysisHelper.scala:200)
Execute Action	2026-09-26T09:07:17.9619222Z 	at org.apache.spark.sql.catalyst.trees.CurrentOrigin$.withOrigin(origin.scala:86)
Execute Action	2026-09-26T09:07:17.9619745Z 	at org.apache.spark.sql.catalyst.plans.logical.AnalysisHelper.$anonfun$resolveOperatorsDownWithPruning$1(AnalysisHelper.scala:200)
Execute Action	2026-09-26T09:07:17.9620353Z 	at org.apache.spark.sql.catalyst.plans.logical.AnalysisHelper$.allowInvokingTransformsInAnalyzer(AnalysisHelper.scala:416)
Execute Action	2026-09-26T09:07:17.9620882Z 	at org.apache.spark.sql.catalyst.plans.logical.AnalysisHelper.resolveOperatorsDownWithPruning(AnalysisHelper.scala:198)
Execute Action	2026-09-26T09:07:17.9621399Z 	at org.apache.spark.sql.catalyst.plans.logical.AnalysisHelper.resolveOperatorsDownWithPruning$(AnalysisHelper.scala:194)
Execute Action	2026-09-26T09:07:17.9621899Z 	at org.apache.spark.sql.catalyst.plans.logical.LogicalPlan.resolveOperatorsDownWithPruning(LogicalPlan.scala:37)
Execute Action	2026-09-26T09:07:17.9622405Z 	at org.apache.spark.sql.catalyst.plans.logical.AnalysisHelper.resolveOperatorsWithPruning(AnalysisHelper.scala:100)
Execute Action	2026-09-26T09:07:17.9622990Z 	at org.apache.spark.sql.catalyst.plans.logical.AnalysisHelper.resolveOperatorsWithPruning$(AnalysisHelper.scala:97)
Execute Action	2026-09-26T09:07:17.9623480Z 	at org.apache.spark.sql.catalyst.plans.logical.LogicalPlan.resolveOperatorsWithPruning(LogicalPlan.scala:37)
Execute Action	2026-09-26T09:07:17.9623936Z 	at org.apache.spark.sql.catalyst.plans.logical.AnalysisHelper.resolveOperators(AnalysisHelper.scala:77)
Execute Action	2026-09-26T09:07:17.9624397Z 	at org.apache.spark.sql.catalyst.plans.logical.AnalysisHelper.resolveOperators$(AnalysisHelper.scala:76)
Execute Action	2026-09-26T09:07:17.9624837Z 	at org.apache.spark.sql.catalyst.plans.logical.LogicalPlan.resolveOperators(LogicalPlan.scala:37)
Execute Action	2026-09-26T09:07:17.9625258Z 	at org.apache.spark.sql.catalyst.analysis.InvokeProcedures.apply(InvokeProcedures.scala:36)
Execute Action	2026-09-26T09:07:17.9625775Z 	at org.apache.spark.sql.catalyst.analysis.InvokeProcedures.apply(InvokeProcedures.scala:34)
Execute Action	2026-09-26T09:07:17.9626191Z 	at org.apache.spark.sql.catalyst.rules.RuleExecutor.$anonfun$execute$2(RuleExecutor.scala:242)
Execute Action	2026-09-26T09:07:17.9626528Z 	at scala.collection.LinearSeqOps.foldLeft(LinearSeq.scala:183)
Execute Action	2026-09-26T09:07:17.9626860Z 	at scala.collection.LinearSeqOps.foldLeft$(LinearSeq.scala:179)
Execute Action	2026-09-26T09:07:17.9627181Z 	at scala.collection.immutable.List.foldLeft(List.scala:79)
Execute Action	2026-09-26T09:07:17.9627599Z 	at org.apache.spark.sql.catalyst.rules.RuleExecutor.$anonfun$execute$1(RuleExecutor.scala:239)
Execute Action	2026-09-26T09:07:17.9628046Z 	at org.apache.spark.sql.catalyst.rules.RuleExecutor.$anonfun$execute$1$adapted(RuleExecutor.scala:231)
Execute Action	2026-09-26T09:07:17.9628368Z 	at scala.collection.immutable.List.foreach(List.scala:334)
Execute Action	2026-09-26T09:07:17.9628765Z 	at org.apache.spark.sql.catalyst.rules.RuleExecutor.execute(RuleExecutor.scala:231)
Execute Action	2026-09-26T09:07:17.9629297Z 	at org.apache.spark.sql.catalyst.analysis.Analyzer.org$apache$spark$sql$catalyst$analysis$Analyzer$$executeSameContext(Analyzer.scala:340)
Execute Action	2026-09-26T09:07:17.9629692Z 	at org.apache.spark.sql.catalyst.analysis.Analyzer.$anonfun$execute$1(Analyzer.scala:336)
Execute Action	2026-09-26T09:07:17.9630257Z 	at org.apache.spark.sql.catalyst.analysis.AnalysisContext$.withNewAnalysisContext(Analyzer.scala:234)
Execute Action	2026-09-26T09:07:17.9630637Z 	at org.apache.spark.sql.catalyst.analysis.Analyzer.execute(Analyzer.scala:336)
Execute Action	2026-09-26T09:07:17.9631003Z 	at org.apache.spark.sql.catalyst.analysis.Analyzer.execute(Analyzer.scala:299)
Execute Action	2026-09-26T09:07:17.9631436Z 	at org.apache.spark.sql.catalyst.rules.RuleExecutor.$anonfun$executeAndTrack$1(RuleExecutor.scala:201)
Execute Action	2026-09-26T09:07:17.9631862Z 	at org.apache.spark.sql.catalyst.QueryPlanningTracker$.withTracker(QueryPlanningTracker.scala:89)
Execute Action	2026-09-26T09:07:17.9632286Z 	at org.apache.spark.sql.catalyst.rules.RuleExecutor.executeAndTrack(RuleExecutor.scala:201)
Execute Action	2026-09-26T09:07:17.9632871Z 	at org.apache.spark.sql.catalyst.analysis.resolver.HybridAnalyzer.resolveInFixedPoint(HybridAnalyzer.scala:190)
Execute Action	2026-09-26T09:07:17.9633348Z 	at org.apache.spark.sql.catalyst.analysis.resolver.HybridAnalyzer.$anonfun$apply$1(HybridAnalyzer.scala:76)
Execute Action	2026-09-26T09:07:17.9633889Z 	at org.apache.spark.sql.catalyst.analysis.resolver.HybridAnalyzer.withTrackedAnalyzerBridgeState(HybridAnalyzer.scala:111)
Execute Action	2026-09-26T09:07:17.9634324Z 	at org.apache.spark.sql.catalyst.analysis.resolver.HybridAnalyzer.apply(HybridAnalyzer.scala:71)
Execute Action	2026-09-26T09:07:17.9634744Z 	at org.apache.spark.sql.catalyst.analysis.Analyzer.$anonfun$executeAndCheck$1(Analyzer.scala:330)
Execute Action	2026-09-26T09:07:17.9635197Z 	at org.apache.spark.sql.catalyst.plans.logical.AnalysisHelper$.markInAnalyzer(AnalysisHelper.scala:423)
Execute Action	2026-09-26T09:07:17.9635709Z 	at org.apache.spark.sql.catalyst.analysis.Analyzer.executeAndCheck(Analyzer.scala:330)
Execute Action	2026-09-26T09:07:17.9636144Z 	at org.apache.spark.sql.execution.QueryExecution.$anonfun$lazyAnalyzed$2(QueryExecution.scala:110)
Execute Action	2026-09-26T09:07:17.9636585Z 	at org.apache.spark.sql.catalyst.QueryPlanningTracker.measurePhase(QueryPlanningTracker.scala:148)
Execute Action	2026-09-26T09:07:17.9637011Z 	at org.apache.spark.sql.execution.QueryExecution.$anonfun$executePhase$2(QueryExecution.scala:278)
Execute Action	2026-09-26T09:07:17.9637425Z 	at org.apache.spark.sql.execution.QueryExecution$.withInternalError(QueryExecution.scala:654)
Execute Action	2026-09-26T09:07:17.9637851Z 	at org.apache.spark.sql.execution.QueryExecution.$anonfun$executePhase$1(QueryExecution.scala:278)
Execute Action	2026-09-26T09:07:17.9638211Z 	at org.apache.spark.sql.SparkSession.withActive(SparkSession.scala:804)
Execute Action	2026-09-26T09:07:17.9638616Z 	at org.apache.spark.sql.execution.QueryExecution.executePhase(QueryExecution.scala:277)
Execute Action	2026-09-26T09:07:17.9639037Z 	at org.apache.spark.sql.execution.QueryExecution.$anonfun$lazyAnalyzed$1(QueryExecution.scala:110)
Execute Action	2026-09-26T09:07:17.9639305Z 	at scala.util.Try$.apply(Try.scala:217)
Execute Action	2026-09-26T09:07:17.9639769Z 	at org.apache.spark.util.Utils$.doTryWithCallerStacktrace(Utils.scala:1378)
Execute Action	2026-09-26T09:07:17.9640129Z 	at org.apache.spark.util.Utils$.getTryWithCallerStacktrace(Utils.scala:1439)
Execute Action	2026-09-26T09:07:17.9640438Z 	at org.apache.spark.util.LazyTry.get(LazyTry.scala:58)
Execute Action	2026-09-26T09:07:17.9640827Z 	at org.apache.spark.sql.execution.QueryExecution.analyzed(QueryExecution.scala:121)
Execute Action	2026-09-26T09:07:17.9641237Z 	at org.apache.spark.sql.execution.QueryExecution.assertAnalyzed(QueryExecution.scala:80)
Execute Action	2026-09-26T09:07:17.9641600Z 	at org.apache.spark.sql.classic.Dataset$.$anonfun$ofRows$5(Dataset.scala:139)
Execute Action	2026-09-26T09:07:17.9641951Z 	at org.apache.spark.sql.SparkSession.withActive(SparkSession.scala:804)
Execute Action	2026-09-26T09:07:17.9642293Z 	at org.apache.spark.sql.classic.Dataset$.ofRows(Dataset.scala:136)
Execute Action	2026-09-26T09:07:17.9642764Z 	at org.apache.spark.sql.classic.SparkSession.$anonfun$sql$1(SparkSession.scala:462)
Execute Action	2026-09-26T09:07:17.9643115Z 	at org.apache.spark.sql.SparkSession.withActive(SparkSession.scala:804)
Execute Action	2026-09-26T09:07:17.9643470Z 	at org.apache.spark.sql.classic.SparkSession.sql(SparkSession.scala:449)
Execute Action	2026-09-26T09:07:17.9643815Z 	at org.apache.spark.sql.classic.SparkSession.sql(SparkSession.scala:467)
Execute Action	2026-09-26T09:07:17.9644181Z 	at jdk.internal.reflect.GeneratedMethodAccessor82.invoke(Unknown Source)
Execute Action	2026-09-26T09:07:17.9644648Z 	at java.base/jdk.internal.reflect.DelegatingMethodAccessorImpl.invoke(DelegatingMethodAccessorImpl.java:43)
Execute Action	2026-09-26T09:07:17.9645075Z 	at java.base/java.lang.reflect.Method.invoke(Method.java:569)
Execute Action	2026-09-26T09:07:17.9645407Z 	at py4j.reflection.MethodInvoker.invoke(MethodInvoker.java:244)
Execute Action	2026-09-26T09:07:17.9645757Z 	at py4j.reflection.ReflectionEngine.invoke(ReflectionEngine.java:374)
Execute Action	2026-09-26T09:07:17.9646024Z 	at py4j.Gateway.invoke(Gateway.java:282)
Execute Action	2026-09-26T09:07:17.9646377Z 	at py4j.commands.AbstractCommand.invokeMethod(AbstractCommand.java:132)
Execute Action	2026-09-26T09:07:17.9646696Z 	at py4j.commands.CallCommand.execute(CallCommand.java:79)
Execute Action	2026-09-26T09:07:17.9647085Z 	at py4j.ClientServerConnection.waitForCommands(ClientServerConnection.java:184)
Execute Action	2026-09-26T09:07:17.9647431Z 	at py4j.ClientServerConnection.run(ClientServerConnection.java:108)
Execute Action	2026-09-26T09:07:17.9647721Z 	at java.base/java.lang.Thread.run(Thread.java:840)
Execute Action	2026-09-26T09:07:17.9648252Z 	Suppressed: org.apache.spark.util.Utils$OriginalTryStackTraceException: Full stacktrace of original doTryWithCallerStacktrace caller
Execute Action	2026-09-26T09:07:17.9648662Z 		at org.apache.iceberg.rest.ErrorHandlers$DefaultErrorHandler.accept(ErrorHandlers.java:350)
Execute Action	2026-09-26T09:07:17.9649167Z 		at org.apache.iceberg.rest.ErrorHandlers$TableErrorHandler.accept(ErrorHandlers.java:160)
Execute Action	2026-09-26T09:07:17.9649570Z 		at org.apache.iceberg.rest.ErrorHandlers$TableErrorHandler.accept(ErrorHandlers.java:142)
Execute Action	2026-09-26T09:07:17.9649920Z 		at org.apache.iceberg.rest.HTTPClient.throwFailure(HTTPClient.java:242)
Execute Action	2026-09-26T09:07:17.9650259Z 		at org.apache.iceberg.rest.HTTPClient.execute(HTTPClient.java:347)
Execute Action	2026-09-26T09:07:17.9650589Z 		at org.apache.iceberg.rest.HTTPClient.execute(HTTPClient.java:299)
Execute Action	2026-09-26T09:07:17.9650936Z 		at org.apache.iceberg.rest.BaseHTTPClient.get(BaseHTTPClient.java:101)
Execute Action	2026-09-26T09:07:17.9651336Z 		at org.apache.iceberg.rest.RESTSessionCatalog.loadInternal(RESTSessionCatalog.java:438)
Execute Action	2026-09-26T09:07:17.9651733Z 		at org.apache.iceberg.rest.RESTSessionCatalog.loadTable(RESTSessionCatalog.java:468)
Execute Action	2026-09-26T09:07:17.9652164Z 		at org.apache.iceberg.catalog.BaseSessionCatalog$AsCatalog.loadTable(BaseSessionCatalog.java:105)
Execute Action	2026-09-26T09:07:17.9652506Z 		at org.apache.iceberg.rest.RESTCatalog.loadTable(RESTCatalog.java:124)
Execute Action	2026-09-26T09:07:17.9653163Z 		at org.apache.iceberg.shaded.com.github.benmanes.caffeine.cache.BoundedLocalCache.lambda$doComputeIfAbsent$14(BoundedLocalCache.java:2406)
Execute Action	2026-09-26T09:07:17.9653572Z 		at java.base/java.util.concurrent.ConcurrentHashMap.compute(ConcurrentHashMap.java:1916)
Execute Action	2026-09-26T09:07:17.9654133Z 		at org.apache.iceberg.shaded.com.github.benmanes.caffeine.cache.BoundedLocalCache.doComputeIfAbsent(BoundedLocalCache.java:2404)
Execute Action	2026-09-26T09:07:17.9654879Z 		at org.apache.iceberg.shaded.com.github.benmanes.caffeine.cache.BoundedLocalCache.computeIfAbsent(BoundedLocalCache.java:2387)
Execute Action	2026-09-26T09:07:17.9655378Z 		at org.apache.iceberg.shaded.com.github.benmanes.caffeine.cache.LocalCache.computeIfAbsent(LocalCache.java:108)
Execute Action	2026-09-26T09:07:17.9655864Z 		at org.apache.iceberg.shaded.com.github.benmanes.caffeine.cache.LocalManualCache.get(LocalManualCache.java:62)
Execute Action	2026-09-26T09:07:17.9656213Z 		at org.apache.iceberg.CachingCatalog.loadTable(CachingCatalog.java:147)
Execute Action	2026-09-26T09:07:17.9656567Z 		at org.apache.iceberg.spark.SparkCatalog.load(SparkCatalog.java:867)
Execute Action	2026-09-26T09:07:17.9656926Z 		at org.apache.iceberg.spark.SparkCatalog.loadTable(SparkCatalog.java:171)
Execute Action	2026-09-26T09:07:17.9657352Z 		at org.apache.iceberg.spark.procedures.BaseProcedure.loadSparkTable(BaseProcedure.java:168)
Execute Action	2026-09-26T09:07:17.9657752Z 		at org.apache.iceberg.spark.procedures.BaseProcedure.execute(BaseProcedure.java:129)
Execute Action	2026-09-26T09:07:17.9658183Z 		at org.apache.iceberg.spark.procedures.BaseProcedure.modifyIcebergTable(BaseProcedure.java:113)
Execute Action	2026-09-26T09:07:17.9658648Z 		at org.apache.iceberg.spark.procedures.ExpireSnapshotsProcedure.call(ExpireSnapshotsProcedure.java:135)
Execute Action	2026-09-26T09:07:17.9659326Z 		at org.apache.spark.sql.catalyst.analysis.InvokeProcedures.org$apache$spark$sql$catalyst$analysis$InvokeProcedures$$invoke(InvokeProcedures.scala:48)
Execute Action	2026-09-26T09:07:17.9659815Z 		at org.apache.spark.sql.catalyst.analysis.InvokeProcedures$$anonfun$apply$1.applyOrElse(InvokeProcedures.scala:40)
Execute Action	2026-09-26T09:07:17.9660288Z 		at org.apache.spark.sql.catalyst.analysis.InvokeProcedures$$anonfun$apply$1.applyOrElse(InvokeProcedures.scala:36)
Execute Action	2026-09-26T09:07:17.9660823Z 		at org.apache.spark.sql.catalyst.plans.logical.AnalysisHelper.$anonfun$resolveOperatorsDownWithPruning$2(AnalysisHelper.scala:200)
Execute Action	2026-09-26T09:07:17.9661210Z 		at org.apache.spark.sql.catalyst.trees.CurrentOrigin$.withOrigin(origin.scala:86)
Execute Action	2026-09-26T09:07:17.9661737Z 		at org.apache.spark.sql.catalyst.plans.logical.AnalysisHelper.$anonfun$resolveOperatorsDownWithPruning$1(AnalysisHelper.scala:200)
Execute Action	2026-09-26T09:07:17.9662256Z 		at org.apache.spark.sql.catalyst.plans.logical.AnalysisHelper$.allowInvokingTransformsInAnalyzer(AnalysisHelper.scala:416)
Execute Action	2026-09-26T09:07:17.9662861Z 		at org.apache.spark.sql.catalyst.plans.logical.AnalysisHelper.resolveOperatorsDownWithPruning(AnalysisHelper.scala:198)
Execute Action	2026-09-26T09:07:17.9663385Z 		at org.apache.spark.sql.catalyst.plans.logical.AnalysisHelper.resolveOperatorsDownWithPruning$(AnalysisHelper.scala:194)
Execute Action	2026-09-26T09:07:17.9663892Z 		at org.apache.spark.sql.catalyst.plans.logical.LogicalPlan.resolveOperatorsDownWithPruning(LogicalPlan.scala:37)
Execute Action	2026-09-26T09:07:17.9664523Z 		at org.apache.spark.sql.catalyst.plans.logical.AnalysisHelper.resolveOperatorsWithPruning(AnalysisHelper.scala:100)
Execute Action	2026-09-26T09:07:17.9665029Z 		at org.apache.spark.sql.catalyst.plans.logical.AnalysisHelper.resolveOperatorsWithPruning$(AnalysisHelper.scala:97)
Execute Action	2026-09-26T09:07:17.9665508Z 		at org.apache.spark.sql.catalyst.plans.logical.LogicalPlan.resolveOperatorsWithPruning(LogicalPlan.scala:37)
Execute Action	2026-09-26T09:07:17.9665971Z 		at org.apache.spark.sql.catalyst.plans.logical.AnalysisHelper.resolveOperators(AnalysisHelper.scala:77)
Execute Action	2026-09-26T09:07:17.9666429Z 		at org.apache.spark.sql.catalyst.plans.logical.AnalysisHelper.resolveOperators$(AnalysisHelper.scala:76)
Execute Action	2026-09-26T09:07:17.9666871Z 		at org.apache.spark.sql.catalyst.plans.logical.LogicalPlan.resolveOperators(LogicalPlan.scala:37)
Execute Action	2026-09-26T09:07:17.9667295Z 		at org.apache.spark.sql.catalyst.analysis.InvokeProcedures.apply(InvokeProcedures.scala:36)
Execute Action	2026-09-26T09:07:17.9667704Z 		at org.apache.spark.sql.catalyst.analysis.InvokeProcedures.apply(InvokeProcedures.scala:34)
Execute Action	2026-09-26T09:07:17.9668118Z 		at org.apache.spark.sql.catalyst.rules.RuleExecutor.$anonfun$execute$2(RuleExecutor.scala:242)
Execute Action	2026-09-26T09:07:17.9668450Z 		at scala.collection.LinearSeqOps.foldLeft(LinearSeq.scala:183)
Execute Action	2026-09-26T09:07:17.9668880Z 		at scala.collection.LinearSeqOps.foldLeft$(LinearSeq.scala:179)
Execute Action	2026-09-26T09:07:17.9669206Z 		at scala.collection.immutable.List.foldLeft(List.scala:79)
Execute Action	2026-09-26T09:07:17.9669611Z 		at org.apache.spark.sql.catalyst.rules.RuleExecutor.$anonfun$execute$1(RuleExecutor.scala:239)
Execute Action	2026-09-26T09:07:17.9670045Z 		at org.apache.spark.sql.catalyst.rules.RuleExecutor.$anonfun$execute$1$adapted(RuleExecutor.scala:231)
Execute Action	2026-09-26T09:07:17.9670361Z 		at scala.collection.immutable.List.foreach(List.scala:334)
Execute Action	2026-09-26T09:07:17.9670751Z 		at org.apache.spark.sql.catalyst.rules.RuleExecutor.execute(RuleExecutor.scala:231)
Execute Action	2026-09-26T09:07:17.9671286Z 		at org.apache.spark.sql.catalyst.analysis.Analyzer.org$apache$spark$sql$catalyst$analysis$Analyzer$$executeSameContext(Analyzer.scala:340)
Execute Action	2026-09-26T09:07:17.9671687Z 		at org.apache.spark.sql.catalyst.analysis.Analyzer.$anonfun$execute$1(Analyzer.scala:336)
Execute Action	2026-09-26T09:07:17.9672126Z 		at org.apache.spark.sql.catalyst.analysis.AnalysisContext$.withNewAnalysisContext(Analyzer.scala:234)
Execute Action	2026-09-26T09:07:17.9672501Z 		at org.apache.spark.sql.catalyst.analysis.Analyzer.execute(Analyzer.scala:336)
Execute Action	2026-09-26T09:07:17.9672956Z 		at org.apache.spark.sql.catalyst.analysis.Analyzer.execute(Analyzer.scala:299)
Execute Action	2026-09-26T09:07:17.9673392Z 		at org.apache.spark.sql.catalyst.rules.RuleExecutor.$anonfun$executeAndTrack$1(RuleExecutor.scala:201)
Execute Action	2026-09-26T09:07:17.9673836Z 		at org.apache.spark.sql.catalyst.QueryPlanningTracker$.withTracker(QueryPlanningTracker.scala:89)
Execute Action	2026-09-26T09:07:17.9674357Z 		at org.apache.spark.sql.catalyst.rules.RuleExecutor.executeAndTrack(RuleExecutor.scala:201)
Execute Action	2026-09-26T09:07:17.9674851Z 		at org.apache.spark.sql.catalyst.analysis.resolver.HybridAnalyzer.resolveInFixedPoint(HybridAnalyzer.scala:190)
Execute Action	2026-09-26T09:07:17.9675310Z 		at org.apache.spark.sql.catalyst.analysis.resolver.HybridAnalyzer.$anonfun$apply$1(HybridAnalyzer.scala:76)
Execute Action	2026-09-26T09:07:17.9675845Z 		at org.apache.spark.sql.catalyst.analysis.resolver.HybridAnalyzer.withTrackedAnalyzerBridgeState(HybridAnalyzer.scala:111)
Execute Action	2026-09-26T09:07:17.9676284Z 		at org.apache.spark.sql.catalyst.analysis.resolver.HybridAnalyzer.apply(HybridAnalyzer.scala:71)
Execute Action	2026-09-26T09:07:17.9676704Z 		at org.apache.spark.sql.catalyst.analysis.Analyzer.$anonfun$executeAndCheck$1(Analyzer.scala:330)
Execute Action	2026-09-26T09:07:17.9677150Z 		at org.apache.spark.sql.catalyst.plans.logical.AnalysisHelper$.markInAnalyzer(AnalysisHelper.scala:423)
Execute Action	2026-09-26T09:07:17.9677557Z 		at org.apache.spark.sql.catalyst.analysis.Analyzer.executeAndCheck(Analyzer.scala:330)
Execute Action	2026-09-26T09:07:17.9677986Z 		at org.apache.spark.sql.execution.QueryExecution.$anonfun$lazyAnalyzed$2(QueryExecution.scala:110)
Execute Action	2026-09-26T09:07:17.9678533Z 		at org.apache.spark.sql.catalyst.QueryPlanningTracker.measurePhase(QueryPlanningTracker.scala:148)
Execute Action	2026-09-26T09:07:17.9678966Z 		at org.apache.spark.sql.execution.QueryExecution.$anonfun$executePhase$2(QueryExecution.scala:278)
Execute Action	2026-09-26T09:07:17.9679386Z 		at org.apache.spark.sql.execution.QueryExecution$.withInternalError(QueryExecution.scala:654)
Execute Action	2026-09-26T09:07:17.9679807Z 		at org.apache.spark.sql.execution.QueryExecution.$anonfun$executePhase$1(QueryExecution.scala:278)
Execute Action	2026-09-26T09:07:17.9680157Z 		at org.apache.spark.sql.SparkSession.withActive(SparkSession.scala:804)
Execute Action	2026-09-26T09:07:17.9680564Z 		at org.apache.spark.sql.execution.QueryExecution.executePhase(QueryExecution.scala:277)
Execute Action	2026-09-26T09:07:17.9680984Z 		at org.apache.spark.sql.execution.QueryExecution.$anonfun$lazyAnalyzed$1(QueryExecution.scala:110)
Execute Action	2026-09-26T09:07:17.9681254Z 		at scala.util.Try$.apply(Try.scala:217)
Execute Action	2026-09-26T09:07:17.9681612Z 		at org.apache.spark.util.Utils$.doTryWithCallerStacktrace(Utils.scala:1378)
Execute Action	2026-09-26T09:07:17.9681951Z 		at org.apache.spark.util.LazyTry.tryT$lzycompute(LazyTry.scala:46)
Execute Action	2026-09-26T09:07:17.9682265Z 		at org.apache.spark.util.LazyTry.tryT(LazyTry.scala:46)
Execute Action	2026-09-26T09:07:17.9682459Z 		... 21 more
Execute Action	2026-09-26T09:07:17.9682712Z 
Execute Action	2026-09-26T09:07:17.9683056Z    - web.github_events/orphans: An error occurred while calling o68.sql.
Execute Action	2026-09-26T09:07:17.9683681Z : org.apache.iceberg.exceptions.ServiceFailureException: Server error: RESTException: persisted table metadata is invalid
Execute Action	2026-09-26T09:07:17.9684102Z 	at org.apache.iceberg.rest.ErrorHandlers$DefaultErrorHandler.accept(ErrorHandlers.java:350)
Execute Action	2026-09-26T09:07:17.9684510Z 	at org.apache.iceberg.rest.ErrorHandlers$TableErrorHandler.accept(ErrorHandlers.java:160)
Execute Action	2026-09-26T09:07:17.9684909Z 	at org.apache.iceberg.rest.ErrorHandlers$TableErrorHandler.accept(ErrorHandlers.java:142)
Execute Action	2026-09-26T09:07:17.9685268Z 	at org.apache.iceberg.rest.HTTPClient.throwFailure(HTTPClient.java:242)
Execute Action	2026-09-26T09:07:17.9685617Z 	at org.apache.iceberg.rest.HTTPClient.execute(HTTPClient.java:347)
Execute Action	2026-09-26T09:07:17.9685951Z 	at org.apache.iceberg.rest.HTTPClient.execute(HTTPClient.java:299)
Execute Action	2026-09-26T09:07:17.9686305Z 	at org.apache.iceberg.rest.BaseHTTPClient.get(BaseHTTPClient.java:101)
Execute Action	2026-09-26T09:07:17.9686715Z 	at org.apache.iceberg.rest.RESTSessionCatalog.loadInternal(RESTSessionCatalog.java:438)
Execute Action	2026-09-26T09:07:17.9687115Z 	at org.apache.iceberg.rest.RESTSessionCatalog.loadTable(RESTSessionCatalog.java:468)
Execute Action	2026-09-26T09:07:17.9687551Z 	at org.apache.iceberg.catalog.BaseSessionCatalog$AsCatalog.loadTable(BaseSessionCatalog.java:105)
Execute Action	2026-09-26T09:07:17.9687993Z 	at org.apache.iceberg.rest.RESTCatalog.loadTable(RESTCatalog.java:124)
Execute Action	2026-09-26T09:07:17.9688571Z 	at org.apache.iceberg.shaded.com.github.benmanes.caffeine.cache.BoundedLocalCache.lambda$doComputeIfAbsent$14(BoundedLocalCache.java:2406)
Execute Action	2026-09-26T09:07:17.9688975Z 	at java.base/java.util.concurrent.ConcurrentHashMap.compute(ConcurrentHashMap.java:1916)
Execute Action	2026-09-26T09:07:17.9689530Z 	at org.apache.iceberg.shaded.com.github.benmanes.caffeine.cache.BoundedLocalCache.doComputeIfAbsent(BoundedLocalCache.java:2404)
Execute Action	2026-09-26T09:07:17.9690075Z 	at org.apache.iceberg.shaded.com.github.benmanes.caffeine.cache.BoundedLocalCache.computeIfAbsent(BoundedLocalCache.java:2387)
Execute Action	2026-09-26T09:07:17.9690571Z 	at org.apache.iceberg.shaded.com.github.benmanes.caffeine.cache.LocalCache.computeIfAbsent(LocalCache.java:108)
Execute Action	2026-09-26T09:07:17.9691061Z 	at org.apache.iceberg.shaded.com.github.benmanes.caffeine.cache.LocalManualCache.get(LocalManualCache.java:62)
Execute Action	2026-09-26T09:07:17.9691413Z 	at org.apache.iceberg.CachingCatalog.loadTable(CachingCatalog.java:147)
Execute Action	2026-09-26T09:07:17.9691758Z 	at org.apache.iceberg.spark.SparkCatalog.load(SparkCatalog.java:867)
Execute Action	2026-09-26T09:07:17.9692116Z 	at org.apache.iceberg.spark.SparkCatalog.loadTable(SparkCatalog.java:171)
Execute Action	2026-09-26T09:07:17.9692544Z 	at org.apache.iceberg.spark.procedures.BaseProcedure.loadSparkTable(BaseProcedure.java:168)
Execute Action	2026-09-26T09:07:17.9693024Z 	at org.apache.iceberg.spark.procedures.BaseProcedure.execute(BaseProcedure.java:129)
Execute Action	2026-09-26T09:07:17.9693549Z 	at org.apache.iceberg.spark.procedures.BaseProcedure.withIcebergTable(BaseProcedure.java:121)
Execute Action	2026-09-26T09:07:17.9694030Z 	at org.apache.iceberg.spark.procedures.RemoveOrphanFilesProcedure.call(RemoveOrphanFilesProcedure.java:153)
Execute Action	2026-09-26T09:07:17.9694600Z 	at org.apache.spark.sql.catalyst.analysis.InvokeProcedures.org$apache$spark$sql$catalyst$analysis$InvokeProcedures$$invoke(InvokeProcedures.scala:48)
Execute Action	2026-09-26T09:07:17.9695081Z 	at org.apache.spark.sql.catalyst.analysis.InvokeProcedures$$anonfun$apply$1.applyOrElse(InvokeProcedures.scala:40)
Execute Action	2026-09-26T09:07:17.9695555Z 	at org.apache.spark.sql.catalyst.analysis.InvokeProcedures$$anonfun$apply$1.applyOrElse(InvokeProcedures.scala:36)
Execute Action	2026-09-26T09:07:17.9696084Z 	at org.apache.spark.sql.catalyst.plans.logical.AnalysisHelper.$anonfun$resolveOperatorsDownWithPruning$2(AnalysisHelper.scala:200)
Execute Action	2026-09-26T09:07:17.9696467Z 	at org.apache.spark.sql.catalyst.trees.CurrentOrigin$.withOrigin(origin.scala:86)
Execute Action	2026-09-26T09:07:17.9696986Z 	at org.apache.spark.sql.catalyst.plans.logical.AnalysisHelper.$anonfun$resolveOperatorsDownWithPruning$1(AnalysisHelper.scala:200)
Execute Action	2026-09-26T09:07:17.9697494Z 	at org.apache.spark.sql.catalyst.plans.logical.AnalysisHelper$.allowInvokingTransformsInAnalyzer(AnalysisHelper.scala:416)
Execute Action	2026-09-26T09:07:17.9698113Z 	at org.apache.spark.sql.catalyst.plans.logical.AnalysisHelper.resolveOperatorsDownWithPruning(AnalysisHelper.scala:198)
Execute Action	2026-09-26T09:07:17.9698642Z 	at org.apache.spark.sql.catalyst.plans.logical.AnalysisHelper.resolveOperatorsDownWithPruning$(AnalysisHelper.scala:194)
Execute Action	2026-09-26T09:07:17.9699139Z 	at org.apache.spark.sql.catalyst.plans.logical.LogicalPlan.resolveOperatorsDownWithPruning(LogicalPlan.scala:37)
Execute Action	2026-09-26T09:07:17.9699643Z 	at org.apache.spark.sql.catalyst.plans.logical.AnalysisHelper.resolveOperatorsWithPruning(AnalysisHelper.scala:100)
Execute Action	2026-09-26T09:07:18.1152016Z 	at org.apache.spark.sql.catalyst.plans.logical.AnalysisHelper.resolveOperatorsWithPruning$(AnalysisHelper.scala:97)
Execute Action	2026-09-26T09:07:18.1153904Z 	at org.apache.spark.sql.catalyst.plans.logical.LogicalPlan.resolveOperatorsWithPruning(LogicalPlan.scala:37)
Execute Action	2026-09-26T09:07:18.1155667Z 	at org.apache.spark.sql.catalyst.plans.logical.AnalysisHelper.resolveOperators(AnalysisHelper.scala:77)
Execute Action	2026-09-26T09:07:18.1156724Z 	at org.apache.spark.sql.catalyst.plans.logical.AnalysisHelper.resolveOperators$(AnalysisHelper.scala:76)
Execute Action	2026-09-26T09:07:18.1158139Z 	at org.apache.spark.sql.catalyst.plans.logical.LogicalPlan.resolveOperators(LogicalPlan.scala:37)
Execute Action	2026-09-26T09:07:18.1159171Z 	at org.apache.spark.sql.catalyst.analysis.InvokeProcedures.apply(InvokeProcedures.scala:36)
Execute Action	2026-09-26T09:07:18.1160407Z 	at org.apache.spark.sql.catalyst.analysis.InvokeProcedures.apply(InvokeProcedures.scala:34)
Execute Action	2026-09-26T09:07:18.1161361Z 	at org.apache.spark.sql.catalyst.rules.RuleExecutor.$anonfun$execute$2(RuleExecutor.scala:242)
Execute Action	2026-09-26T09:07:18.1162955Z 	at scala.collection.LinearSeqOps.foldLeft(LinearSeq.scala:183)
Execute Action	2026-09-26T09:07:18.1164155Z 	at scala.collection.LinearSeqOps.foldLeft$(LinearSeq.scala:179)
Execute Action	2026-09-26T09:07:18.1165001Z 	at scala.collection.immutable.List.foldLeft(List.scala:79)
Execute Action	2026-09-26T09:07:18.1166008Z 	at org.apache.spark.sql.catalyst.rules.RuleExecutor.$anonfun$execute$1(RuleExecutor.scala:239)
Execute Action	2026-09-26T09:07:18.1167052Z 	at org.apache.spark.sql.catalyst.rules.RuleExecutor.$anonfun$execute$1$adapted(RuleExecutor.scala:231)
Execute Action	2026-09-26T09:07:18.1168089Z 	at scala.collection.immutable.List.foreach(List.scala:334)
Execute Action	2026-09-26T09:07:18.1169159Z 	at org.apache.spark.sql.catalyst.rules.RuleExecutor.execute(RuleExecutor.scala:231)
Execute Action	2026-09-26T09:07:18.1170164Z 	at org.apache.spark.sql.catalyst.analysis.Analyzer.org$apache$spark$sql$catalyst$analysis$Analyzer$$executeSameContext(Analyzer.scala:340)
Execute Action	2026-09-26T09:07:18.1171552Z 	at org.apache.spark.sql.catalyst.analysis.Analyzer.$anonfun$execute$1(Analyzer.scala:336)
Execute Action	2026-09-26T09:07:18.1173062Z 	at org.apache.spark.sql.catalyst.analysis.AnalysisContext$.withNewAnalysisContext(Analyzer.scala:234)
Execute Action	2026-09-26T09:07:18.1174687Z 	at org.apache.spark.sql.catalyst.analysis.Analyzer.execute(Analyzer.scala:336)
Execute Action	2026-09-26T09:07:18.1175675Z 	at org.apache.spark.sql.catalyst.analysis.Analyzer.execute(Analyzer.scala:299)
Execute Action	2026-09-26T09:07:18.1176600Z 	at org.apache.spark.sql.catalyst.rules.RuleExecutor.$anonfun$executeAndTrack$1(RuleExecutor.scala:201)
Execute Action	2026-09-26T09:07:18.1177914Z 	at org.apache.spark.sql.catalyst.QueryPlanningTracker$.withTracker(QueryPlanningTracker.scala:89)
Execute Action	2026-09-26T09:07:18.1179484Z 	at org.apache.spark.sql.catalyst.rules.RuleExecutor.executeAndTrack(RuleExecutor.scala:201)
Execute Action	2026-09-26T09:07:18.1180637Z 	at org.apache.spark.sql.catalyst.analysis.resolver.HybridAnalyzer.resolveInFixedPoint(HybridAnalyzer.scala:190)
Execute Action	2026-09-26T09:07:18.1181940Z 	at org.apache.spark.sql.catalyst.analysis.resolver.HybridAnalyzer.$anonfun$apply$1(HybridAnalyzer.scala:76)
Execute Action	2026-09-26T09:07:18.1183317Z 	at org.apache.spark.sql.catalyst.analysis.resolver.HybridAnalyzer.withTrackedAnalyzerBridgeState(HybridAnalyzer.scala:111)
Execute Action	2026-09-26T09:07:18.1184378Z 	at org.apache.spark.sql.catalyst.analysis.resolver.HybridAnalyzer.apply(HybridAnalyzer.scala:71)
Execute Action	2026-09-26T09:07:18.1185936Z 	at org.apache.spark.sql.catalyst.analysis.Analyzer.$anonfun$executeAndCheck$1(Analyzer.scala:330)
Execute Action	2026-09-26T09:07:18.1187142Z 	at org.apache.spark.sql.catalyst.plans.logical.AnalysisHelper$.markInAnalyzer(AnalysisHelper.scala:423)
Execute Action	2026-09-26T09:07:18.1188411Z 	at org.apache.spark.sql.catalyst.analysis.Analyzer.executeAndCheck(Analyzer.scala:330)
Execute Action	2026-09-26T09:07:18.1189600Z 	at org.apache.spark.sql.execution.QueryExecution.$anonfun$lazyAnalyzed$2(QueryExecution.scala:110)
Execute Action	2026-09-26T09:07:18.1190556Z 	at org.apache.spark.sql.catalyst.QueryPlanningTracker.measurePhase(QueryPlanningTracker.scala:148)
Execute Action	2026-09-26T09:07:18.1191501Z 	at org.apache.spark.sql.execution.QueryExecution.$anonfun$executePhase$2(QueryExecution.scala:278)
Execute Action	2026-09-26T09:07:18.1192748Z 	at org.apache.spark.sql.execution.QueryExecution$.withInternalError(QueryExecution.scala:654)
Execute Action	2026-09-26T09:07:18.1193912Z 	at org.apache.spark.sql.execution.QueryExecution.$anonfun$executePhase$1(QueryExecution.scala:278)
Execute Action	2026-09-26T09:07:18.1194781Z 	at org.apache.spark.sql.SparkSession.withActive(SparkSession.scala:804)
Execute Action	2026-09-26T09:07:18.1195851Z 	at org.apache.spark.sql.execution.QueryExecution.executePhase(QueryExecution.scala:277)
Execute Action	2026-09-26T09:07:18.1197303Z 	at org.apache.spark.sql.execution.QueryExecution.$anonfun$lazyAnalyzed$1(QueryExecution.scala:110)
Execute Action	2026-09-26T09:07:18.1198347Z 	at scala.util.Try$.apply(Try.scala:217)
Execute Action	2026-09-26T09:07:18.1199525Z 	at org.apache.spark.util.Utils$.doTryWithCallerStacktrace(Utils.scala:1378)
Execute Action	2026-09-26T09:07:18.1200349Z 	at org.apache.spark.util.Utils$.getTryWithCallerStacktrace(Utils.scala:1439)
Execute Action	2026-09-26T09:07:18.1201497Z 	at org.apache.spark.util.LazyTry.get(LazyTry.scala:58)
Execute Action	2026-09-26T09:07:18.1202460Z 	at org.apache.spark.sql.execution.QueryExecution.analyzed(QueryExecution.scala:121)
Execute Action	2026-09-26T09:07:18.1203875Z 	at org.apache.spark.sql.execution.QueryExecution.assertAnalyzed(QueryExecution.scala:80)
Execute Action	2026-09-26T09:07:18.1204916Z 	at org.apache.spark.sql.classic.Dataset$.$anonfun$ofRows$5(Dataset.scala:139)
Execute Action	2026-09-26T09:07:18.1206229Z 	at org.apache.spark.sql.SparkSession.withActive(SparkSession.scala:804)
Execute Action	2026-09-26T09:07:18.1207105Z 	at org.apache.spark.sql.classic.Dataset$.ofRows(Dataset.scala:136)
Execute Action	2026-09-26T09:07:18.1208057Z 	at org.apache.spark.sql.classic.SparkSession.$anonfun$sql$1(SparkSession.scala:462)
Execute Action	2026-09-26T09:07:18.1209062Z 	at org.apache.spark.sql.SparkSession.withActive(SparkSession.scala:804)
Execute Action	2026-09-26T09:07:18.1210430Z 	at org.apache.spark.sql.classic.SparkSession.sql(SparkSession.scala:449)
Execute Action	2026-09-26T09:07:18.1211532Z 	at org.apache.spark.sql.classic.SparkSession.sql(SparkSession.scala:467)
Execute Action	2026-09-26T09:07:18.1212381Z 	at jdk.internal.reflect.GeneratedMethodAccessor82.invoke(Unknown Source)
Execute Action	2026-09-26T09:07:18.1213895Z 	at java.base/jdk.internal.reflect.DelegatingMethodAccessorImpl.invoke(DelegatingMethodAccessorImpl.java:43)
Execute Action	2026-09-26T09:07:18.1215143Z 	at java.base/java.lang.reflect.Method.invoke(Method.java:569)
Execute Action	2026-09-26T09:07:18.1216534Z 	at py4j.reflection.MethodInvoker.invoke(MethodInvoker.java:244)
Execute Action	2026-09-26T09:07:18.1217852Z 	at py4j.reflection.ReflectionEngine.invoke(ReflectionEngine.java:374)
Execute Action	2026-09-26T09:07:18.1219029Z 	at py4j.Gateway.invoke(Gateway.java:282)
Execute Action	2026-09-26T09:07:18.1219809Z 	at py4j.commands.AbstractCommand.invokeMethod(AbstractCommand.java:132)
Execute Action	2026-09-26T09:07:18.1220580Z 	at py4j.commands.CallCommand.execute(CallCommand.java:79)
Execute Action	2026-09-26T09:07:18.1221574Z 	at py4j.ClientServerConnection.waitForCommands(ClientServerConnection.java:184)
Execute Action	2026-09-26T09:07:18.1223088Z 	at py4j.ClientServerConnection.run(ClientServerConnection.java:108)
Execute Action	2026-09-26T09:07:18.1223934Z 	at java.base/java.lang.Thread.run(Thread.java:840)
Execute Action	2026-09-26T09:07:18.1225071Z 	Suppressed: org.apache.spark.util.Utils$OriginalTryStackTraceException: Full stacktrace of original doTryWithCallerStacktrace caller
Execute Action	2026-09-26T09:07:18.1226366Z 		at org.apache.iceberg.rest.ErrorHandlers$DefaultErrorHandler.accept(ErrorHandlers.java:350)
Execute Action	2026-09-26T09:07:18.1227839Z 		at org.apache.iceberg.rest.ErrorHandlers$TableErrorHandler.accept(ErrorHandlers.java:160)
Execute Action	2026-09-26T09:07:18.1228819Z 		at org.apache.iceberg.rest.ErrorHandlers$TableErrorHandler.accept(ErrorHandlers.java:142)
Execute Action	2026-09-26T09:07:18.1229824Z 		at org.apache.iceberg.rest.HTTPClient.throwFailure(HTTPClient.java:242)
Execute Action	2026-09-26T09:07:18.1230607Z 		at org.apache.iceberg.rest.HTTPClient.execute(HTTPClient.java:347)
Execute Action	2026-09-26T09:07:18.1231396Z 		at org.apache.iceberg.rest.HTTPClient.execute(HTTPClient.java:299)
Execute Action	2026-09-26T09:07:18.1232161Z 		at org.apache.iceberg.rest.BaseHTTPClient.get(BaseHTTPClient.java:101)
Execute Action	2026-09-26T09:07:18.1233427Z 		at org.apache.iceberg.rest.RESTSessionCatalog.loadInternal(RESTSessionCatalog.java:438)
Execute Action	2026-09-26T09:07:18.1234765Z 		at org.apache.iceberg.rest.RESTSessionCatalog.loadTable(RESTSessionCatalog.java:468)
Execute Action	2026-09-26T09:07:18.1236216Z 		at org.apache.iceberg.catalog.BaseSessionCatalog$AsCatalog.loadTable(BaseSessionCatalog.java:105)
Execute Action	2026-09-26T09:07:18.1237675Z 		at org.apache.iceberg.rest.RESTCatalog.loadTable(RESTCatalog.java:124)
Execute Action	2026-09-26T09:07:18.1239273Z 		at org.apache.iceberg.shaded.com.github.benmanes.caffeine.cache.BoundedLocalCache.lambda$doComputeIfAbsent$14(BoundedLocalCache.java:2406)
Execute Action	2026-09-26T09:07:18.1240380Z 		at java.base/java.util.concurrent.ConcurrentHashMap.compute(ConcurrentHashMap.java:1916)
Execute Action	2026-09-26T09:07:18.1241419Z 		at org.apache.iceberg.shaded.com.github.benmanes.caffeine.cache.BoundedLocalCache.doComputeIfAbsent(BoundedLocalCache.java:2404)
Execute Action	2026-09-26T09:07:18.1242755Z 		at org.apache.iceberg.shaded.com.github.benmanes.caffeine.cache.BoundedLocalCache.computeIfAbsent(BoundedLocalCache.java:2387)
Execute Action	2026-09-26T09:07:18.1244052Z 		at org.apache.iceberg.shaded.com.github.benmanes.caffeine.cache.LocalCache.computeIfAbsent(LocalCache.java:108)
Execute Action	2026-09-26T09:07:18.1245122Z 		at org.apache.iceberg.shaded.com.github.benmanes.caffeine.cache.LocalManualCache.get(LocalManualCache.java:62)
Execute Action	2026-09-26T09:07:18.1246044Z 		at org.apache.iceberg.CachingCatalog.loadTable(CachingCatalog.java:147)
Execute Action	2026-09-26T09:07:18.1246825Z 		at org.apache.iceberg.spark.SparkCatalog.load(SparkCatalog.java:867)
Execute Action	2026-09-26T09:07:18.1247613Z 		at org.apache.iceberg.spark.SparkCatalog.loadTable(SparkCatalog.java:171)
Execute Action	2026-09-26T09:07:18.1248472Z 		at org.apache.iceberg.spark.procedures.BaseProcedure.loadSparkTable(BaseProcedure.java:168)
Execute Action	2026-09-26T09:07:18.1249386Z 		at org.apache.iceberg.spark.procedures.BaseProcedure.execute(BaseProcedure.java:129)
Execute Action	2026-09-26T09:07:18.1250278Z 		at org.apache.iceberg.spark.procedures.BaseProcedure.withIcebergTable(BaseProcedure.java:121)
Execute Action	2026-09-26T09:07:18.1251249Z 		at org.apache.iceberg.spark.procedures.RemoveOrphanFilesProcedure.call(RemoveOrphanFilesProcedure.java:153)
Execute Action	2026-09-26T09:07:18.1252369Z 		at org.apache.spark.sql.catalyst.analysis.InvokeProcedures.org$apache$spark$sql$catalyst$analysis$InvokeProcedures$$invoke(InvokeProcedures.scala:48)
Execute Action	2026-09-26T09:07:18.1253861Z 		at org.apache.spark.sql.catalyst.analysis.InvokeProcedures$$anonfun$apply$1.applyOrElse(InvokeProcedures.scala:40)
Execute Action	2026-09-26T09:07:18.1254903Z 		at org.apache.spark.sql.catalyst.analysis.InvokeProcedures$$anonfun$apply$1.applyOrElse(InvokeProcedures.scala:36)
Execute Action	2026-09-26T09:07:18.1255984Z 		at org.apache.spark.sql.catalyst.plans.logical.AnalysisHelper.$anonfun$resolveOperatorsDownWithPruning$2(AnalysisHelper.scala:200)
Execute Action	2026-09-26T09:07:18.1257000Z 		at org.apache.spark.sql.catalyst.trees.CurrentOrigin$.withOrigin(origin.scala:86)
Execute Action	2026-09-26T09:07:18.1257976Z 		at org.apache.spark.sql.catalyst.plans.logical.AnalysisHelper.$anonfun$resolveOperatorsDownWithPruning$1(AnalysisHelper.scala:200)
Execute Action	2026-09-26T09:07:18.1259089Z 		at org.apache.spark.sql.catalyst.plans.logical.AnalysisHelper$.allowInvokingTransformsInAnalyzer(AnalysisHelper.scala:416)
Execute Action	2026-09-26T09:07:18.1260205Z 		at org.apache.spark.sql.catalyst.plans.logical.AnalysisHelper.resolveOperatorsDownWithPruning(AnalysisHelper.scala:198)
Execute Action	2026-09-26T09:07:18.1261311Z 		at org.apache.spark.sql.catalyst.plans.logical.AnalysisHelper.resolveOperatorsDownWithPruning$(AnalysisHelper.scala:194)
Execute Action	2026-09-26T09:07:18.1262412Z 		at org.apache.spark.sql.catalyst.plans.logical.LogicalPlan.resolveOperatorsDownWithPruning(LogicalPlan.scala:37)
Execute Action	2026-09-26T09:07:18.1263650Z 		at org.apache.spark.sql.catalyst.plans.logical.AnalysisHelper.resolveOperatorsWithPruning(AnalysisHelper.scala:100)
Execute Action	2026-09-26T09:07:18.1264740Z 		at org.apache.spark.sql.catalyst.plans.logical.AnalysisHelper.resolveOperatorsWithPruning$(AnalysisHelper.scala:97)
Execute Action	2026-09-26T09:07:18.1265976Z 		at org.apache.spark.sql.catalyst.plans.logical.LogicalPlan.resolveOperatorsWithPruning(LogicalPlan.scala:37)
Execute Action	2026-09-26T09:07:18.1266993Z 		at org.apache.spark.sql.catalyst.plans.logical.AnalysisHelper.resolveOperators(AnalysisHelper.scala:77)
Execute Action	2026-09-26T09:07:18.1267980Z 		at org.apache.spark.sql.catalyst.plans.logical.AnalysisHelper.resolveOperators$(AnalysisHelper.scala:76)
Execute Action	2026-09-26T09:07:18.1268953Z 		at org.apache.spark.sql.catalyst.plans.logical.LogicalPlan.resolveOperators(LogicalPlan.scala:37)
Execute Action	2026-09-26T09:07:18.1269887Z 		at org.apache.spark.sql.catalyst.analysis.InvokeProcedures.apply(InvokeProcedures.scala:36)
Execute Action	2026-09-26T09:07:18.1270782Z 		at org.apache.spark.sql.catalyst.analysis.InvokeProcedures.apply(InvokeProcedures.scala:34)
Execute Action	2026-09-26T09:07:18.1271679Z 		at org.apache.spark.sql.catalyst.rules.RuleExecutor.$anonfun$execute$2(RuleExecutor.scala:242)
Execute Action	2026-09-26T09:07:18.1272492Z 		at scala.collection.LinearSeqOps.foldLeft(LinearSeq.scala:183)
Execute Action	2026-09-26T09:07:18.1273443Z 		at scala.collection.LinearSeqOps.foldLeft$(LinearSeq.scala:179)
Execute Action	2026-09-26T09:07:18.1274168Z 		at scala.collection.immutable.List.foldLeft(List.scala:79)
Execute Action	2026-09-26T09:07:18.1275086Z 		at org.apache.spark.sql.catalyst.rules.RuleExecutor.$anonfun$execute$1(RuleExecutor.scala:239)
Execute Action	2026-09-26T09:07:18.1276008Z 		at org.apache.spark.sql.catalyst.rules.RuleExecutor.$anonfun$execute$1$adapted(RuleExecutor.scala:231)
Execute Action	2026-09-26T09:07:18.1276825Z 		at scala.collection.immutable.List.foreach(List.scala:334)
Execute Action	2026-09-26T09:07:18.1277604Z 		at org.apache.spark.sql.catalyst.rules.RuleExecutor.execute(RuleExecutor.scala:231)
Execute Action	2026-09-26T09:07:18.1278595Z 		at org.apache.spark.sql.catalyst.analysis.Analyzer.org$apache$spark$sql$catalyst$analysis$Analyzer$$executeSameContext(Analyzer.scala:340)
Execute Action	2026-09-26T09:07:18.1279593Z 		at org.apache.spark.sql.catalyst.analysis.Analyzer.$anonfun$execute$1(Analyzer.scala:336)
Execute Action	2026-09-26T09:07:18.1280517Z 		at org.apache.spark.sql.catalyst.analysis.AnalysisContext$.withNewAnalysisContext(Analyzer.scala:234)
Execute Action	2026-09-26T09:07:18.1281418Z 		at org.apache.spark.sql.catalyst.analysis.Analyzer.execute(Analyzer.scala:336)
Execute Action	2026-09-26T09:07:18.1282239Z 		at org.apache.spark.sql.catalyst.analysis.Analyzer.execute(Analyzer.scala:299)
Execute Action	2026-09-26T09:07:18.1283338Z 		at org.apache.spark.sql.catalyst.rules.RuleExecutor.$anonfun$executeAndTrack$1(RuleExecutor.scala:201)
Execute Action	2026-09-26T09:07:18.1284290Z 		at org.apache.spark.sql.catalyst.QueryPlanningTracker$.withTracker(QueryPlanningTracker.scala:89)
Execute Action	2026-09-26T09:07:18.1285228Z 		at org.apache.spark.sql.catalyst.rules.RuleExecutor.executeAndTrack(RuleExecutor.scala:201)
Execute Action	2026-09-26T09:07:18.1286372Z 		at org.apache.spark.sql.catalyst.analysis.resolver.HybridAnalyzer.resolveInFixedPoint(HybridAnalyzer.scala:190)
Execute Action	2026-09-26T09:07:18.1287397Z 		at org.apache.spark.sql.catalyst.analysis.resolver.HybridAnalyzer.$anonfun$apply$1(HybridAnalyzer.scala:76)
Execute Action	2026-09-26T09:07:18.1288464Z 		at org.apache.spark.sql.catalyst.analysis.resolver.HybridAnalyzer.withTrackedAnalyzerBridgeState(HybridAnalyzer.scala:111)
Execute Action	2026-09-26T09:07:18.1289502Z 		at org.apache.spark.sql.catalyst.analysis.resolver.HybridAnalyzer.apply(HybridAnalyzer.scala:71)
Execute Action	2026-09-26T09:07:18.1290442Z 		at org.apache.spark.sql.catalyst.analysis.Analyzer.$anonfun$executeAndCheck$1(Analyzer.scala:330)
Execute Action	2026-09-26T09:07:18.1291385Z 		at org.apache.spark.sql.catalyst.plans.logical.AnalysisHelper$.markInAnalyzer(AnalysisHelper.scala:423)
Execute Action	2026-09-26T09:07:18.1292311Z 		at org.apache.spark.sql.catalyst.analysis.Analyzer.executeAndCheck(Analyzer.scala:330)
Execute Action	2026-09-26T09:07:18.1293385Z 		at org.apache.spark.sql.execution.QueryExecution.$anonfun$lazyAnalyzed$2(QueryExecution.scala:110)
Execute Action	2026-09-26T09:07:18.1294328Z 		at org.apache.spark.sql.catalyst.QueryPlanningTracker.measurePhase(QueryPlanningTracker.scala:148)
Execute Action	2026-09-26T09:07:18.1295261Z 		at org.apache.spark.sql.execution.QueryExecution.$anonfun$executePhase$2(QueryExecution.scala:278)
Execute Action	2026-09-26T09:07:18.1296282Z 		at org.apache.spark.sql.execution.QueryExecution$.withInternalError(QueryExecution.scala:654)
Execute Action	2026-09-26T09:07:18.1297198Z 		at org.apache.spark.sql.execution.QueryExecution.$anonfun$executePhase$1(QueryExecution.scala:278)
Execute Action	2026-09-26T09:07:18.1298045Z 		at org.apache.spark.sql.SparkSession.withActive(SparkSession.scala:804)
Execute Action	2026-09-26T09:07:18.1298875Z 		at org.apache.spark.sql.execution.QueryExecution.executePhase(QueryExecution.scala:277)
Execute Action	2026-09-26T09:07:18.1299772Z 		at org.apache.spark.sql.execution.QueryExecution.$anonfun$lazyAnalyzed$1(QueryExecution.scala:110)
Execute Action	2026-09-26T09:07:18.1300538Z 		at scala.util.Try$.apply(Try.scala:217)
Execute Action	2026-09-26T09:07:18.1301240Z 		at org.apache.spark.util.Utils$.doTryWithCallerStacktrace(Utils.scala:1378)
Execute Action	2026-09-26T09:07:18.1302010Z 		at org.apache.spark.util.LazyTry.tryT$lzycompute(LazyTry.scala:46)
Execute Action	2026-09-26T09:07:18.1302948Z 		at org.apache.spark.util.LazyTry.tryT(LazyTry.scala:46)
Execute Action	2026-09-26T09:07:18.1303531Z 		... 21 more
Execute Action	2026-09-26T09:07:18.1303958Z 
Execute Action	2026-09-26T09:07:18.1304562Z    - web.wikimedia_pageviews/manifests: An error occurred while calling o68.sql.
Execute Action	2026-09-26T09:07:18.1305572Z : org.apache.iceberg.exceptions.BadRequestException: Malformed request: row-level snapshot operation requires deleted data files or added delete files
Execute Action	2026-09-26T09:07:18.1306632Z 	at org.apache.iceberg.rest.ErrorHandlers$DefaultErrorHandler.accept(ErrorHandlers.java:341)
Execute Action	2026-09-26T09:07:18.1307645Z 	at org.apache.iceberg.rest.ErrorHandlers$CommitErrorHandler.accept(ErrorHandlers.java:137)
Execute Action	2026-09-26T09:07:18.1308553Z 	at org.apache.iceberg.rest.ErrorHandlers$CommitErrorHandler.accept(ErrorHandlers.java:119)
Execute Action	2026-09-26T09:07:18.1309382Z 	at org.apache.iceberg.rest.HTTPClient.throwFailure(HTTPClient.java:242)
Execute Action	2026-09-26T09:07:18.1310149Z 	at org.apache.iceberg.rest.HTTPClient.execute(HTTPClient.java:347)
Execute Action	2026-09-26T09:07:18.1310888Z 	at org.apache.iceberg.rest.HTTPClient.execute(HTTPClient.java:299)
Execute Action	2026-09-26T09:07:18.1311646Z 	at org.apache.iceberg.rest.BaseHTTPClient.post(BaseHTTPClient.java:112)
Execute Action	2026-09-26T09:07:18.1312403Z 	at org.apache.iceberg.rest.RESTClient.post(RESTClient.java:150)
Execute Action	2026-09-26T09:07:18.1313369Z 	at org.apache.iceberg.rest.RESTTableOperations.commit(RESTTableOperations.java:206)
Execute Action	2026-09-26T09:07:18.1314220Z 	at org.apache.iceberg.SnapshotProducer.lambda$commit$2(SnapshotProducer.java:501)
Execute Action	2026-09-26T09:07:18.1315023Z 	at org.apache.iceberg.util.Tasks$Builder.runTaskWithRetry(Tasks.java:413)
Execute Action	2026-09-26T09:07:18.1315800Z 	at org.apache.iceberg.util.Tasks$Builder.runSingleThreaded(Tasks.java:219)
Execute Action	2026-09-26T09:07:18.1316672Z 	at org.apache.iceberg.util.Tasks$Builder.run(Tasks.java:203)
Execute Action	2026-09-26T09:07:18.1317381Z 	at org.apache.iceberg.util.Tasks$Builder.run(Tasks.java:196)
Execute Action	2026-09-26T09:07:18.1318122Z 	at org.apache.iceberg.SnapshotProducer.commit(SnapshotProducer.java:473)
Execute Action	2026-09-26T09:07:18.1318924Z 	at org.apache.iceberg.BaseRewriteManifests.commit(BaseRewriteManifests.java:49)
Execute Action	2026-09-26T09:07:18.1319886Z 	at org.apache.iceberg.spark.actions.BaseSnapshotUpdateSparkAction.commit(BaseSnapshotUpdateSparkAction.java:41)
Execute Action	2026-09-26T09:07:18.1320972Z 	at org.apache.iceberg.spark.actions.RewriteManifestsSparkAction.replaceManifests(RewriteManifestsSparkAction.java:402)
Execute Action	2026-09-26T09:07:18.1322051Z 	at org.apache.iceberg.spark.actions.RewriteManifestsSparkAction.doExecute(RewriteManifestsSparkAction.java:219)
Execute Action	2026-09-26T09:07:18.1323190Z 	at org.apache.iceberg.spark.JobGroupUtils.withJobGroupInfo(JobGroupUtils.java:59)
Execute Action	2026-09-26T09:07:18.1324039Z 	at org.apache.iceberg.spark.JobGroupUtils.withJobGroupInfo(JobGroupUtils.java:51)
Execute Action	2026-09-26T09:07:18.1324929Z 	at org.apache.iceberg.spark.actions.BaseSparkAction.withJobGroupInfo(BaseSparkAction.java:130)
Execute Action	2026-09-26T09:07:18.1325911Z 	at org.apache.iceberg.spark.actions.RewriteManifestsSparkAction.execute(RewriteManifestsSparkAction.java:176)
Execute Action	2026-09-26T09:07:18.1326960Z 	at org.apache.iceberg.spark.procedures.RewriteManifestsProcedure.lambda$call$0(RewriteManifestsProcedure.java:113)
Execute Action	2026-09-26T09:07:18.1328043Z 	at org.apache.iceberg.spark.procedures.BaseProcedure.execute(BaseProcedure.java:132)
Execute Action	2026-09-26T09:07:18.1328947Z 	at org.apache.iceberg.spark.procedures.BaseProcedure.modifyIcebergTable(BaseProcedure.java:113)
Execute Action	2026-09-26T09:07:18.1329916Z 	at org.apache.iceberg.spark.procedures.RewriteManifestsProcedure.call(RewriteManifestsProcedure.java:100)
Execute Action	2026-09-26T09:07:18.1331018Z 	at org.apache.spark.sql.catalyst.analysis.InvokeProcedures.org$apache$spark$sql$catalyst$analysis$InvokeProcedures$$invoke(InvokeProcedures.scala:48)
Execute Action	2026-09-26T09:07:18.1332128Z 	at org.apache.spark.sql.catalyst.analysis.InvokeProcedures$$anonfun$apply$1.applyOrElse(InvokeProcedures.scala:40)
Execute Action	2026-09-26T09:07:18.1333790Z 	at org.apache.spark.sql.catalyst.analysis.InvokeProcedures$$anonfun$apply$1.applyOrElse(InvokeProcedures.scala:36)
Execute Action	2026-09-26T09:07:18.1335018Z 	at org.apache.spark.sql.catalyst.plans.logical.AnalysisHelper.$anonfun$resolveOperatorsDownWithPruning$2(AnalysisHelper.scala:200)
Execute Action	2026-09-26T09:07:18.1336146Z 	at org.apache.spark.sql.catalyst.trees.CurrentOrigin$.withOrigin(origin.scala:86)
Execute Action	2026-09-26T09:07:18.1337312Z 	at org.apache.spark.sql.catalyst.plans.logical.AnalysisHelper.$anonfun$resolveOperatorsDownWithPruning$1(AnalysisHelper.scala:200)
Execute Action	2026-09-26T09:07:18.1338582Z 	at org.apache.spark.sql.catalyst.plans.logical.AnalysisHelper$.allowInvokingTransformsInAnalyzer(AnalysisHelper.scala:416)
Execute Action	2026-09-26T09:07:18.1339691Z 	at org.apache.spark.sql.catalyst.plans.logical.AnalysisHelper.resolveOperatorsDownWithPruning(AnalysisHelper.scala:198)
Execute Action	2026-09-26T09:07:18.1340802Z 	at org.apache.spark.sql.catalyst.plans.logical.AnalysisHelper.resolveOperatorsDownWithPruning$(AnalysisHelper.scala:194)
Execute Action	2026-09-26T09:07:18.1341907Z 	at org.apache.spark.sql.catalyst.plans.logical.LogicalPlan.resolveOperatorsDownWithPruning(LogicalPlan.scala:37)
Execute Action	2026-09-26T09:07:18.1343186Z 	at org.apache.spark.sql.catalyst.plans.logical.AnalysisHelper.resolveOperatorsWithPruning(AnalysisHelper.scala:100)
Execute Action	2026-09-26T09:07:18.1344347Z 	at org.apache.spark.sql.catalyst.plans.logical.AnalysisHelper.resolveOperatorsWithPruning$(AnalysisHelper.scala:97)
Execute Action	2026-09-26T09:07:18.1345444Z 	at org.apache.spark.sql.catalyst.plans.logical.LogicalPlan.resolveOperatorsWithPruning(LogicalPlan.scala:37)
Execute Action	2026-09-26T09:07:18.1346476Z 	at org.apache.spark.sql.catalyst.plans.logical.AnalysisHelper.resolveOperators(AnalysisHelper.scala:77)
Execute Action	2026-09-26T09:07:18.1347467Z 	at org.apache.spark.sql.catalyst.plans.logical.AnalysisHelper.resolveOperators$(AnalysisHelper.scala:76)
Execute Action	2026-09-26T09:07:18.1348442Z 	at org.apache.spark.sql.catalyst.plans.logical.LogicalPlan.resolveOperators(LogicalPlan.scala:37)
Execute Action	2026-09-26T09:07:18.1349377Z 	at org.apache.spark.sql.catalyst.analysis.InvokeProcedures.apply(InvokeProcedures.scala:36)
Execute Action	2026-09-26T09:07:18.1350291Z 	at org.apache.spark.sql.catalyst.analysis.InvokeProcedures.apply(InvokeProcedures.scala:34)
Execute Action	2026-09-26T09:07:18.1351335Z 	at org.apache.spark.sql.catalyst.rules.RuleExecutor.$anonfun$execute$2(RuleExecutor.scala:242)
Execute Action	2026-09-26T09:07:18.1352195Z 	at scala.collection.LinearSeqOps.foldLeft(LinearSeq.scala:183)
Execute Action	2026-09-26T09:07:18.1353082Z 	at scala.collection.LinearSeqOps.foldLeft$(LinearSeq.scala:179)
Execute Action	2026-09-26T09:07:18.1353805Z 	at scala.collection.immutable.List.foldLeft(List.scala:79)
Execute Action	2026-09-26T09:07:18.1354597Z 	at org.apache.spark.sql.catalyst.rules.RuleExecutor.$anonfun$execute$1(RuleExecutor.scala:239)
Execute Action	2026-09-26T09:07:18.1355516Z 	at org.apache.spark.sql.catalyst.rules.RuleExecutor.$anonfun$execute$1$adapted(RuleExecutor.scala:231)
Execute Action	2026-09-26T09:07:18.1356342Z 	at scala.collection.immutable.List.foreach(List.scala:334)
Execute Action	2026-09-26T09:07:18.1357116Z 	at org.apache.spark.sql.catalyst.rules.RuleExecutor.execute(RuleExecutor.scala:231)
Execute Action	2026-09-26T09:07:18.1358103Z 	at org.apache.spark.sql.catalyst.analysis.Analyzer.org$apache$spark$sql$catalyst$analysis$Analyzer$$executeSameContext(Analyzer.scala:340)
Execute Action	2026-09-26T09:07:18.1359102Z 	at org.apache.spark.sql.catalyst.analysis.Analyzer.$anonfun$execute$1(Analyzer.scala:336)
Execute Action	2026-09-26T09:07:18.1360139Z 	at org.apache.spark.sql.catalyst.analysis.AnalysisContext$.withNewAnalysisContext(Analyzer.scala:234)
Execute Action	2026-09-26T09:07:18.1361025Z 	at org.apache.spark.sql.catalyst.analysis.Analyzer.execute(Analyzer.scala:336)
Execute Action	2026-09-26T09:07:18.1361837Z 	at org.apache.spark.sql.catalyst.analysis.Analyzer.execute(Analyzer.scala:299)
Execute Action	2026-09-26T09:07:18.1362907Z 	at org.apache.spark.sql.catalyst.rules.RuleExecutor.$anonfun$executeAndTrack$1(RuleExecutor.scala:201)
Execute Action	2026-09-26T09:07:18.1363845Z 	at org.apache.spark.sql.catalyst.QueryPlanningTracker$.withTracker(QueryPlanningTracker.scala:89)
Execute Action	2026-09-26T09:07:18.1364761Z 	at org.apache.spark.sql.catalyst.rules.RuleExecutor.executeAndTrack(RuleExecutor.scala:201)
Execute Action	2026-09-26T09:07:18.1365748Z 	at org.apache.spark.sql.catalyst.analysis.resolver.HybridAnalyzer.resolveInFixedPoint(HybridAnalyzer.scala:190)
Execute Action	2026-09-26T09:07:18.1366765Z 	at org.apache.spark.sql.catalyst.analysis.resolver.HybridAnalyzer.$anonfun$apply$1(HybridAnalyzer.scala:76)
Execute Action	2026-09-26T09:07:18.1367824Z 	at org.apache.spark.sql.catalyst.analysis.resolver.HybridAnalyzer.withTrackedAnalyzerBridgeState(HybridAnalyzer.scala:111)
Execute Action	2026-09-26T09:07:18.1368861Z 	at org.apache.spark.sql.catalyst.analysis.resolver.HybridAnalyzer.apply(HybridAnalyzer.scala:71)
Execute Action	2026-09-26T09:07:18.1369780Z 	at org.apache.spark.sql.catalyst.analysis.Analyzer.$anonfun$executeAndCheck$1(Analyzer.scala:330)
Execute Action	2026-09-26T09:07:18.1370710Z 	at org.apache.spark.sql.catalyst.plans.logical.AnalysisHelper$.markInAnalyzer(AnalysisHelper.scala:423)
Execute Action	2026-09-26T09:07:18.1371761Z 	at org.apache.spark.sql.catalyst.analysis.Analyzer.executeAndCheck(Analyzer.scala:330)
Execute Action	2026-09-26T09:07:18.1372797Z 	at org.apache.spark.sql.execution.QueryExecution.$anonfun$lazyAnalyzed$2(QueryExecution.scala:110)
Execute Action	2026-09-26T09:07:18.1373737Z 	at org.apache.spark.sql.catalyst.QueryPlanningTracker.measurePhase(QueryPlanningTracker.scala:148)
Execute Action	2026-09-26T09:07:18.1374668Z 	at org.apache.spark.sql.execution.QueryExecution.$anonfun$executePhase$2(QueryExecution.scala:278)
Execute Action	2026-09-26T09:07:18.1375567Z 	at org.apache.spark.sql.execution.QueryExecution$.withInternalError(QueryExecution.scala:654)
Execute Action	2026-09-26T09:07:18.1376469Z 	at org.apache.spark.sql.execution.QueryExecution.$anonfun$executePhase$1(QueryExecution.scala:278)
Execute Action	2026-09-26T09:07:18.1377312Z 	at org.apache.spark.sql.SparkSession.withActive(SparkSession.scala:804)
Execute Action	2026-09-26T09:07:18.1378132Z 	at org.apache.spark.sql.execution.QueryExecution.executePhase(QueryExecution.scala:277)
Execute Action	2026-09-26T09:07:18.1379026Z 	at org.apache.spark.sql.execution.QueryExecution.$anonfun$lazyAnalyzed$1(QueryExecution.scala:110)
Execute Action	2026-09-26T09:07:18.1379780Z 	at scala.util.Try$.apply(Try.scala:217)
Execute Action	2026-09-26T09:07:18.1380475Z 	at org.apache.spark.util.Utils$.doTryWithCallerStacktrace(Utils.scala:1378)
Execute Action	2026-09-26T09:07:18.1381369Z 	at org.apache.spark.util.Utils$.getTryWithCallerStacktrace(Utils.scala:1439)
Execute Action	2026-09-26T09:07:18.1382114Z 	at org.apache.spark.util.LazyTry.get(LazyTry.scala:58)
Execute Action	2026-09-26T09:07:18.1383016Z 	at org.apache.spark.sql.execution.QueryExecution.analyzed(QueryExecution.scala:121)
Execute Action	2026-09-26T09:07:18.1383897Z 	at org.apache.spark.sql.execution.QueryExecution.assertAnalyzed(QueryExecution.scala:80)
Execute Action	2026-09-26T09:07:18.1384734Z 	at org.apache.spark.sql.classic.Dataset$.$anonfun$ofRows$5(Dataset.scala:139)
Execute Action	2026-09-26T09:07:18.1385519Z 	at org.apache.spark.sql.SparkSession.withActive(SparkSession.scala:804)
Execute Action	2026-09-26T09:07:18.1386290Z 	at org.apache.spark.sql.classic.Dataset$.ofRows(Dataset.scala:136)
Execute Action	2026-09-26T09:07:18.1387103Z 	at org.apache.spark.sql.classic.SparkSession.$anonfun$sql$1(SparkSession.scala:462)
Execute Action	2026-09-26T09:07:18.1387908Z 	at org.apache.spark.sql.SparkSession.withActive(SparkSession.scala:804)
Execute Action	2026-09-26T09:07:18.1388684Z 	at org.apache.spark.sql.classic.SparkSession.sql(SparkSession.scala:449)
Execute Action	2026-09-26T09:07:18.1389460Z 	at org.apache.spark.sql.classic.SparkSession.sql(SparkSession.scala:467)
Execute Action	2026-09-26T09:07:18.1390229Z 	at jdk.internal.reflect.GeneratedMethodAccessor82.invoke(Unknown Source)
Execute Action	2026-09-26T09:07:18.1391136Z 	at java.base/jdk.internal.reflect.DelegatingMethodAccessorImpl.invoke(DelegatingMethodAccessorImpl.java:43)
Execute Action	2026-09-26T09:07:18.1392139Z 	at java.base/java.lang.reflect.Method.invoke(Method.java:569)
Execute Action	2026-09-26T09:07:18.1393006Z 	at py4j.reflection.MethodInvoker.invoke(MethodInvoker.java:244)
Execute Action	2026-09-26T09:07:18.1393762Z 	at py4j.reflection.ReflectionEngine.invoke(ReflectionEngine.java:374)
Execute Action	2026-09-26T09:07:18.1394448Z 	at py4j.Gateway.invoke(Gateway.java:282)
Execute Action	2026-09-26T09:07:18.1395134Z 	at py4j.commands.AbstractCommand.invokeMethod(AbstractCommand.java:132)
Execute Action	2026-09-26T09:07:18.1395870Z 	at py4j.commands.CallCommand.execute(CallCommand.java:79)
Execute Action	2026-09-26T09:07:18.1396641Z 	at py4j.ClientServerConnection.waitForCommands(ClientServerConnection.java:184)
Execute Action	2026-09-26T09:07:18.1397437Z 	at py4j.ClientServerConnection.run(ClientServerConnection.java:108)
Execute Action	2026-09-26T09:07:18.1398144Z 	at java.base/java.lang.Thread.run(Thread.java:840)
Execute Action	2026-09-26T09:07:18.1399041Z 	Suppressed: org.apache.spark.util.Utils$OriginalTryStackTraceException: Full stacktrace of original doTryWithCallerStacktrace caller
Execute Action	2026-09-26T09:07:18.1400046Z 		at org.apache.iceberg.rest.ErrorHandlers$DefaultErrorHandler.accept(ErrorHandlers.java:341)
Execute Action	2026-09-26T09:07:18.1400929Z 		at org.apache.iceberg.rest.ErrorHandlers$CommitErrorHandler.accept(ErrorHandlers.java:137)
Execute Action	2026-09-26T09:07:18.1402101Z 		at org.apache.iceberg.rest.ErrorHandlers$CommitErrorHandler.accept(ErrorHandlers.java:119)
Execute Action	2026-09-26T09:07:18.1403105Z 		at org.apache.iceberg.rest.HTTPClient.throwFailure(HTTPClient.java:242)
Execute Action	2026-09-26T09:07:18.1403880Z 		at org.apache.iceberg.rest.HTTPClient.execute(HTTPClient.java:347)
Execute Action	2026-09-26T09:07:18.1404622Z 		at org.apache.iceberg.rest.HTTPClient.execute(HTTPClient.java:299)
Execute Action	2026-09-26T09:07:18.1405380Z 		at org.apache.iceberg.rest.BaseHTTPClient.post(BaseHTTPClient.java:112)
Execute Action	2026-09-26T09:07:18.1406132Z 		at org.apache.iceberg.rest.RESTClient.post(RESTClient.java:150)
Execute Action	2026-09-26T09:07:18.1406928Z 		at org.apache.iceberg.rest.RESTTableOperations.commit(RESTTableOperations.java:206)
Execute Action	2026-09-26T09:07:18.1407778Z 		at org.apache.iceberg.SnapshotProducer.lambda$commit$2(SnapshotProducer.java:501)
Execute Action	2026-09-26T09:07:18.1408588Z 		at org.apache.iceberg.util.Tasks$Builder.runTaskWithRetry(Tasks.java:413)
Execute Action	2026-09-26T09:07:18.1409365Z 		at org.apache.iceberg.util.Tasks$Builder.runSingleThreaded(Tasks.java:219)
Execute Action	2026-09-26T09:07:18.1410108Z 		at org.apache.iceberg.util.Tasks$Builder.run(Tasks.java:203)
Execute Action	2026-09-26T09:07:18.1410805Z 		at org.apache.iceberg.util.Tasks$Builder.run(Tasks.java:196)
Execute Action	2026-09-26T09:07:18.1411549Z 		at org.apache.iceberg.SnapshotProducer.commit(SnapshotProducer.java:473)
Execute Action	2026-09-26T09:07:18.1412472Z 		at org.apache.iceberg.BaseRewriteManifests.commit(BaseRewriteManifests.java:49)
Execute Action	2026-09-26T09:07:18.1413608Z 		at org.apache.iceberg.spark.actions.BaseSnapshotUpdateSparkAction.commit(BaseSnapshotUpdateSparkAction.java:41)
Execute Action	2026-09-26T09:07:18.1414701Z 		at org.apache.iceberg.spark.actions.RewriteManifestsSparkAction.replaceManifests(RewriteManifestsSparkAction.java:402)
Execute Action	2026-09-26T09:07:18.1415773Z 		at org.apache.iceberg.spark.actions.RewriteManifestsSparkAction.doExecute(RewriteManifestsSparkAction.java:219)
Execute Action	2026-09-26T09:07:18.1416722Z 		at org.apache.iceberg.spark.JobGroupUtils.withJobGroupInfo(JobGroupUtils.java:59)
Execute Action	2026-09-26T09:07:18.1417571Z 		at org.apache.iceberg.spark.JobGroupUtils.withJobGroupInfo(JobGroupUtils.java:51)
Execute Action	2026-09-26T09:07:18.1418464Z 		at org.apache.iceberg.spark.actions.BaseSparkAction.withJobGroupInfo(BaseSparkAction.java:130)
Execute Action	2026-09-26T09:07:18.1419449Z 		at org.apache.iceberg.spark.actions.RewriteManifestsSparkAction.execute(RewriteManifestsSparkAction.java:176)
Execute Action	2026-09-26T09:07:18.1420497Z 		at org.apache.iceberg.spark.procedures.RewriteManifestsProcedure.lambda$call$0(RewriteManifestsProcedure.java:113)
Execute Action	2026-09-26T09:07:18.1421457Z 		at org.apache.iceberg.spark.procedures.BaseProcedure.execute(BaseProcedure.java:132)
Execute Action	2026-09-26T09:07:18.1422646Z 		at org.apache.iceberg.spark.procedures.BaseProcedure.modifyIcebergTable(BaseProcedure.java:113)
Execute Action	2026-09-26T09:07:18.1423638Z 		at org.apache.iceberg.spark.procedures.RewriteManifestsProcedure.call(RewriteManifestsProcedure.java:100)
Execute Action	2026-09-26T09:07:18.1424756Z 		at org.apache.spark.sql.catalyst.analysis.InvokeProcedures.org$apache$spark$sql$catalyst$analysis$InvokeProcedures$$invoke(InvokeProcedures.scala:48)
Execute Action	2026-09-26T09:07:18.1425876Z 		at org.apache.spark.sql.catalyst.analysis.InvokeProcedures$$anonfun$apply$1.applyOrElse(InvokeProcedures.scala:40)
Execute Action	2026-09-26T09:07:18.1426885Z 		at org.apache.spark.sql.catalyst.analysis.InvokeProcedures$$anonfun$apply$1.applyOrElse(InvokeProcedures.scala:36)
Execute Action	2026-09-26T09:07:18.1427963Z 		at org.apache.spark.sql.catalyst.plans.logical.AnalysisHelper.$anonfun$resolveOperatorsDownWithPruning$2(AnalysisHelper.scala:200)
Execute Action	2026-09-26T09:07:18.1428942Z 		at org.apache.spark.sql.catalyst.trees.CurrentOrigin$.withOrigin(origin.scala:86)
Execute Action	2026-09-26T09:07:18.1429905Z 		at org.apache.spark.sql.catalyst.plans.logical.AnalysisHelper.$anonfun$resolveOperatorsDownWithPruning$1(AnalysisHelper.scala:200)
Execute Action	2026-09-26T09:07:18.1431002Z 		at org.apache.spark.sql.catalyst.plans.logical.AnalysisHelper$.allowInvokingTransformsInAnalyzer(AnalysisHelper.scala:416)
Execute Action	2026-09-26T09:07:18.1432100Z 		at org.apache.spark.sql.catalyst.plans.logical.AnalysisHelper.resolveOperatorsDownWithPruning(AnalysisHelper.scala:198)
Execute Action	2026-09-26T09:07:18.1433299Z 		at org.apache.spark.sql.catalyst.plans.logical.AnalysisHelper.resolveOperatorsDownWithPruning$(AnalysisHelper.scala:194)
Execute Action	2026-09-26T09:07:18.1434510Z 		at org.apache.spark.sql.catalyst.plans.logical.LogicalPlan.resolveOperatorsDownWithPruning(LogicalPlan.scala:37)
Execute Action	2026-09-26T09:07:18.1435587Z 		at org.apache.spark.sql.catalyst.plans.logical.AnalysisHelper.resolveOperatorsWithPruning(AnalysisHelper.scala:100)
Execute Action	2026-09-26T09:07:18.1436659Z 		at org.apache.spark.sql.catalyst.plans.logical.AnalysisHelper.resolveOperatorsWithPruning$(AnalysisHelper.scala:97)
Execute Action	2026-09-26T09:07:18.1437711Z 		at org.apache.spark.sql.catalyst.plans.logical.LogicalPlan.resolveOperatorsWithPruning(LogicalPlan.scala:37)
Execute Action	2026-09-26T09:07:18.1438727Z 		at org.apache.spark.sql.catalyst.plans.logical.AnalysisHelper.resolveOperators(AnalysisHelper.scala:77)
Execute Action	2026-09-26T09:07:18.1439720Z 		at org.apache.spark.sql.catalyst.plans.logical.AnalysisHelper.resolveOperators$(AnalysisHelper.scala:76)
Execute Action	2026-09-26T09:07:18.1440693Z 		at org.apache.spark.sql.catalyst.plans.logical.LogicalPlan.resolveOperators(LogicalPlan.scala:37)
Execute Action	2026-09-26T09:07:18.1441618Z 		at org.apache.spark.sql.catalyst.analysis.InvokeProcedures.apply(InvokeProcedures.scala:36)
Execute Action	2026-09-26T09:07:18.1442516Z 		at org.apache.spark.sql.catalyst.analysis.InvokeProcedures.apply(InvokeProcedures.scala:34)
Execute Action	2026-09-26T09:07:18.1443514Z 		at org.apache.spark.sql.catalyst.rules.RuleExecutor.$anonfun$execute$2(RuleExecutor.scala:242)
Execute Action	2026-09-26T09:07:18.1444441Z 		at scala.collection.LinearSeqOps.foldLeft(LinearSeq.scala:183)
Execute Action	2026-09-26T09:07:18.1445178Z 		at scala.collection.LinearSeqOps.foldLeft$(LinearSeq.scala:179)
Execute Action	2026-09-26T09:07:18.1445900Z 		at scala.collection.immutable.List.foldLeft(List.scala:79)
Execute Action	2026-09-26T09:07:18.1446695Z 		at org.apache.spark.sql.catalyst.rules.RuleExecutor.$anonfun$execute$1(RuleExecutor.scala:239)
Execute Action	2026-09-26T09:07:18.1447611Z 		at org.apache.spark.sql.catalyst.rules.RuleExecutor.$anonfun$execute$1$adapted(RuleExecutor.scala:231)
Execute Action	2026-09-26T09:07:18.1448433Z 		at scala.collection.immutable.List.foreach(List.scala:334)
Execute Action	2026-09-26T09:07:18.1449214Z 		at org.apache.spark.sql.catalyst.rules.RuleExecutor.execute(RuleExecutor.scala:231)
Execute Action	2026-09-26T09:07:18.1450207Z 		at org.apache.spark.sql.catalyst.analysis.Analyzer.org$apache$spark$sql$catalyst$analysis$Analyzer$$executeSameContext(Analyzer.scala:340)
Execute Action	2026-09-26T09:07:18.1451204Z 		at org.apache.spark.sql.catalyst.analysis.Analyzer.$anonfun$execute$1(Analyzer.scala:336)
Execute Action	2026-09-26T09:07:18.1452159Z 		at org.apache.spark.sql.catalyst.analysis.AnalysisContext$.withNewAnalysisContext(Analyzer.scala:234)
Execute Action	2026-09-26T09:07:18.1453127Z 		at org.apache.spark.sql.catalyst.analysis.Analyzer.execute(Analyzer.scala:336)
Execute Action	2026-09-26T09:07:18.1453954Z 		at org.apache.spark.sql.catalyst.analysis.Analyzer.execute(Analyzer.scala:299)
Execute Action	2026-09-26T09:07:18.1454946Z 		at org.apache.spark.sql.catalyst.rules.RuleExecutor.$anonfun$executeAndTrack$1(RuleExecutor.scala:201)
Execute Action	2026-09-26T09:07:18.1455881Z 		at org.apache.spark.sql.catalyst.QueryPlanningTracker$.withTracker(QueryPlanningTracker.scala:89)
Execute Action	2026-09-26T09:07:18.1456827Z 		at org.apache.spark.sql.catalyst.rules.RuleExecutor.executeAndTrack(RuleExecutor.scala:201)
Execute Action	2026-09-26T09:07:18.1457805Z 		at org.apache.spark.sql.catalyst.analysis.resolver.HybridAnalyzer.resolveInFixedPoint(HybridAnalyzer.scala:190)
Execute Action	2026-09-26T09:07:18.1458824Z 		at org.apache.spark.sql.catalyst.analysis.resolver.HybridAnalyzer.$anonfun$apply$1(HybridAnalyzer.scala:76)
Execute Action	2026-09-26T09:07:18.1459892Z 		at org.apache.spark.sql.catalyst.analysis.resolver.HybridAnalyzer.withTrackedAnalyzerBridgeState(HybridAnalyzer.scala:111)
Execute Action	2026-09-26T09:07:18.1460935Z 		at org.apache.spark.sql.catalyst.analysis.resolver.HybridAnalyzer.apply(HybridAnalyzer.scala:71)
Execute Action	2026-09-26T09:07:18.1461856Z 		at org.apache.spark.sql.catalyst.analysis.Analyzer.$anonfun$executeAndCheck$1(Analyzer.scala:330)
Execute Action	2026-09-26T09:07:18.1462870Z 		at org.apache.spark.sql.catalyst.plans.logical.AnalysisHelper$.markInAnalyzer(AnalysisHelper.scala:423)
Execute Action	2026-09-26T09:07:18.1463804Z 		at org.apache.spark.sql.catalyst.analysis.Analyzer.executeAndCheck(Analyzer.scala:330)
Execute Action	2026-09-26T09:07:18.1464806Z 		at org.apache.spark.sql.execution.QueryExecution.$anonfun$lazyAnalyzed$2(QueryExecution.scala:110)
Execute Action	2026-09-26T09:07:18.1465745Z 		at org.apache.spark.sql.catalyst.QueryPlanningTracker.measurePhase(QueryPlanningTracker.scala:148)
Execute Action	2026-09-26T09:07:18.1466690Z 		at org.apache.spark.sql.execution.QueryExecution.$anonfun$executePhase$2(QueryExecution.scala:278)
Execute Action	2026-09-26T09:07:18.1467592Z 		at org.apache.spark.sql.execution.QueryExecution$.withInternalError(QueryExecution.scala:654)
Execute Action	2026-09-26T09:07:18.1468490Z 		at org.apache.spark.sql.execution.QueryExecution.$anonfun$executePhase$1(QueryExecution.scala:278)
Execute Action	2026-09-26T09:07:18.1469335Z 		at org.apache.spark.sql.SparkSession.withActive(SparkSession.scala:804)
Execute Action	2026-09-26T09:07:18.1470190Z 		at org.apache.spark.sql.execution.QueryExecution.executePhase(QueryExecution.scala:277)
Execute Action	2026-09-26T09:07:18.1471093Z 		at org.apache.spark.sql.execution.QueryExecution.$anonfun$lazyAnalyzed$1(QueryExecution.scala:110)
Execute Action	2026-09-26T09:07:18.1471892Z 		at scala.util.Try$.apply(Try.scala:217)
Execute Action	2026-09-26T09:07:18.1472683Z 		at org.apache.spark.util.Utils$.doTryWithCallerStacktrace(Utils.scala:1378)
Execute Action	2026-09-26T09:07:18.1473465Z 		at org.apache.spark.util.LazyTry.tryT$lzycompute(LazyTry.scala:46)
Execute Action	2026-09-26T09:07:18.1474185Z 		at org.apache.spark.util.LazyTry.tryT(LazyTry.scala:46)
Execute Action	2026-09-26T09:07:18.1474766Z 		... 21 more
Execute Action	2026-09-26T09:07:18.1475304Z 
Execute Action	2026-09-26T09:07:18.1475906Z    - web.wikimedia_pageviews/orphans: An error occurred while calling o68.sql.
Execute Action	2026-09-26T09:07:18.1476824Z : java.io.UncheckedIOException: org.apache.hadoop.fs.UnsupportedFileSystemException: No FileSystem for scheme "s3"
Execute Action	2026-09-26T09:07:18.1477828Z 	at org.apache.iceberg.util.FileSystemWalker.listDirRecursivelyWithHadoop(FileSystemWalker.java:150)
Execute Action	2026-09-26T09:07:18.1478862Z 	at org.apache.iceberg.spark.actions.DeleteOrphanFilesSparkAction.listedFileDS(DeleteOrphanFilesSparkAction.java:440)
Execute Action	2026-09-26T09:07:18.1479966Z 	at org.apache.iceberg.spark.actions.DeleteOrphanFilesSparkAction.actualFileIdentDS(DeleteOrphanFilesSparkAction.java:409)
Execute Action	2026-09-26T09:07:18.1481059Z 	at org.apache.iceberg.spark.actions.DeleteOrphanFilesSparkAction.doExecute(DeleteOrphanFilesSparkAction.java:257)
Execute Action	2026-09-26T09:07:18.1482012Z 	at org.apache.iceberg.spark.JobGroupUtils.withJobGroupInfo(JobGroupUtils.java:59)
Execute Action	2026-09-26T09:07:18.1482950Z 	at org.apache.iceberg.spark.JobGroupUtils.withJobGroupInfo(JobGroupUtils.java:51)
Execute Action	2026-09-26T09:07:18.1483855Z 	at org.apache.iceberg.spark.actions.BaseSparkAction.withJobGroupInfo(BaseSparkAction.java:130)
Execute Action	2026-09-26T09:07:18.1484841Z 	at org.apache.iceberg.spark.actions.DeleteOrphanFilesSparkAction.execute(DeleteOrphanFilesSparkAction.java:239)
Execute Action	2026-09-26T09:07:18.1486008Z 	at org.apache.iceberg.spark.procedures.RemoveOrphanFilesProcedure.lambda$call$1(RemoveOrphanFilesProcedure.java:205)
Execute Action	2026-09-26T09:07:18.1486982Z 	at org.apache.iceberg.spark.procedures.BaseProcedure.execute(BaseProcedure.java:132)
Execute Action	2026-09-26T09:07:18.1487881Z 	at org.apache.iceberg.spark.procedures.BaseProcedure.withIcebergTable(BaseProcedure.java:121)
Execute Action	2026-09-26T09:07:18.1488851Z 	at org.apache.iceberg.spark.procedures.RemoveOrphanFilesProcedure.call(RemoveOrphanFilesProcedure.java:153)
Execute Action	2026-09-26T09:07:18.1489962Z 	at org.apache.spark.sql.catalyst.analysis.InvokeProcedures.org$apache$spark$sql$catalyst$analysis$InvokeProcedures$$invoke(InvokeProcedures.scala:48)
Execute Action	2026-09-26T09:07:18.1491076Z 	at org.apache.spark.sql.catalyst.analysis.InvokeProcedures$$anonfun$apply$1.applyOrElse(InvokeProcedures.scala:40)
Execute Action	2026-09-26T09:07:18.1492096Z 	at org.apache.spark.sql.catalyst.analysis.InvokeProcedures$$anonfun$apply$1.applyOrElse(InvokeProcedures.scala:36)
Execute Action	2026-09-26T09:07:18.1493240Z 	at org.apache.spark.sql.catalyst.plans.logical.AnalysisHelper.$anonfun$resolveOperatorsDownWithPruning$2(AnalysisHelper.scala:200)
Execute Action	2026-09-26T09:07:18.1494223Z 	at org.apache.spark.sql.catalyst.trees.CurrentOrigin$.withOrigin(origin.scala:86)
Execute Action	2026-09-26T09:07:18.1495190Z 	at org.apache.spark.sql.catalyst.plans.logical.AnalysisHelper.$anonfun$resolveOperatorsDownWithPruning$1(AnalysisHelper.scala:200)
Execute Action	2026-09-26T09:07:18.1496299Z 	at org.apache.spark.sql.catalyst.plans.logical.AnalysisHelper$.allowInvokingTransformsInAnalyzer(AnalysisHelper.scala:416)
Execute Action	2026-09-26T09:07:18.1497582Z 	at org.apache.spark.sql.catalyst.plans.logical.AnalysisHelper.resolveOperatorsDownWithPruning(AnalysisHelper.scala:198)
Execute Action	2026-09-26T09:07:18.1498704Z 	at org.apache.spark.sql.catalyst.plans.logical.AnalysisHelper.resolveOperatorsDownWithPruning$(AnalysisHelper.scala:194)
Execute Action	2026-09-26T09:07:18.1499800Z 	at org.apache.spark.sql.catalyst.plans.logical.LogicalPlan.resolveOperatorsDownWithPruning(LogicalPlan.scala:37)
Execute Action	2026-09-26T09:07:18.1500880Z 	at org.apache.spark.sql.catalyst.plans.logical.AnalysisHelper.resolveOperatorsWithPruning(AnalysisHelper.scala:100)
Execute Action	2026-09-26T09:07:18.1501951Z 	at org.apache.spark.sql.catalyst.plans.logical.AnalysisHelper.resolveOperatorsWithPruning$(AnalysisHelper.scala:97)
Execute Action	2026-09-26T09:07:18.1503138Z 	at org.apache.spark.sql.catalyst.plans.logical.LogicalPlan.resolveOperatorsWithPruning(LogicalPlan.scala:37)
Execute Action	2026-09-26T09:07:18.1504152Z 	at org.apache.spark.sql.catalyst.plans.logical.AnalysisHelper.resolveOperators(AnalysisHelper.scala:77)
Execute Action	2026-09-26T09:07:18.1505138Z 	at org.apache.spark.sql.catalyst.plans.logical.AnalysisHelper.resolveOperators$(AnalysisHelper.scala:76)
Execute Action	2026-09-26T09:07:18.1506110Z 	at org.apache.spark.sql.catalyst.plans.logical.LogicalPlan.resolveOperators(LogicalPlan.scala:37)
Execute Action	2026-09-26T09:07:18.1507154Z 	at org.apache.spark.sql.catalyst.analysis.InvokeProcedures.apply(InvokeProcedures.scala:36)
Execute Action	2026-09-26T09:07:18.1508063Z 	at org.apache.spark.sql.catalyst.analysis.InvokeProcedures.apply(InvokeProcedures.scala:34)
Execute Action	2026-09-26T09:07:18.1508966Z 	at org.apache.spark.sql.catalyst.rules.RuleExecutor.$anonfun$execute$2(RuleExecutor.scala:242)
Execute Action	2026-09-26T09:07:18.1509785Z 	at scala.collection.LinearSeqOps.foldLeft(LinearSeq.scala:183)
Execute Action	2026-09-26T09:07:18.1510514Z 	at scala.collection.LinearSeqOps.foldLeft$(LinearSeq.scala:179)
Execute Action	2026-09-26T09:07:18.1511239Z 	at scala.collection.immutable.List.foldLeft(List.scala:79)
Execute Action	2026-09-26T09:07:18.1512039Z 	at org.apache.spark.sql.catalyst.rules.RuleExecutor.$anonfun$execute$1(RuleExecutor.scala:239)
Execute Action	2026-09-26T09:07:18.1513040Z 	at org.apache.spark.sql.catalyst.rules.RuleExecutor.$anonfun$execute$1$adapted(RuleExecutor.scala:231)
Execute Action	2026-09-26T09:07:18.1513873Z 	at scala.collection.immutable.List.foreach(List.scala:334)
Execute Action	2026-09-26T09:07:18.1514656Z 	at org.apache.spark.sql.catalyst.rules.RuleExecutor.execute(RuleExecutor.scala:231)
Execute Action	2026-09-26T09:07:18.1515650Z 	at org.apache.spark.sql.catalyst.analysis.Analyzer.org$apache$spark$sql$catalyst$analysis$Analyzer$$executeSameContext(Analyzer.scala:340)
Execute Action	2026-09-26T09:07:18.1516647Z 	at org.apache.spark.sql.catalyst.analysis.Analyzer.$anonfun$execute$1(Analyzer.scala:336)
Execute Action	2026-09-26T09:07:18.1517569Z 	at org.apache.spark.sql.catalyst.analysis.AnalysisContext$.withNewAnalysisContext(Analyzer.scala:234)
Execute Action	2026-09-26T09:07:18.1518564Z 	at org.apache.spark.sql.catalyst.analysis.Analyzer.execute(Analyzer.scala:336)
Execute Action	2026-09-26T09:07:18.1519381Z 	at org.apache.spark.sql.catalyst.analysis.Analyzer.execute(Analyzer.scala:299)
Execute Action	2026-09-26T09:07:18.1520253Z 	at org.apache.spark.sql.catalyst.rules.RuleExecutor.$anonfun$executeAndTrack$1(RuleExecutor.scala:201)
Execute Action	2026-09-26T09:07:18.1521190Z 	at org.apache.spark.sql.catalyst.QueryPlanningTracker$.withTracker(QueryPlanningTracker.scala:89)
Execute Action	2026-09-26T09:07:18.1522106Z 	at org.apache.spark.sql.catalyst.rules.RuleExecutor.executeAndTrack(RuleExecutor.scala:201)
Execute Action	2026-09-26T09:07:18.1523184Z 	at org.apache.spark.sql.catalyst.analysis.resolver.HybridAnalyzer.resolveInFixedPoint(HybridAnalyzer.scala:190)
Execute Action	2026-09-26T09:07:18.1524213Z 	at org.apache.spark.sql.catalyst.analysis.resolver.HybridAnalyzer.$anonfun$apply$1(HybridAnalyzer.scala:76)
Execute Action	2026-09-26T09:07:18.1525277Z 	at org.apache.spark.sql.catalyst.analysis.resolver.HybridAnalyzer.withTrackedAnalyzerBridgeState(HybridAnalyzer.scala:111)
Execute Action	2026-09-26T09:07:18.1526317Z 	at org.apache.spark.sql.catalyst.analysis.resolver.HybridAnalyzer.apply(HybridAnalyzer.scala:71)
Execute Action	2026-09-26T09:07:18.1527242Z 	at org.apache.spark.sql.catalyst.analysis.Analyzer.$anonfun$executeAndCheck$1(Analyzer.scala:330)
Execute Action	2026-09-26T09:07:18.1533709Z 	at org.apache.spark.sql.catalyst.plans.logical.AnalysisHelper$.markInAnalyzer(AnalysisHelper.scala:423)
Execute Action	2026-09-26T09:07:18.1534745Z 	at org.apache.spark.sql.catalyst.analysis.Analyzer.executeAndCheck(Analyzer.scala:330)
Execute Action	2026-09-26T09:07:18.1535670Z 	at org.apache.spark.sql.execution.QueryExecution.$anonfun$lazyAnalyzed$2(QueryExecution.scala:110)
Execute Action	2026-09-26T09:07:18.1536617Z 	at org.apache.spark.sql.catalyst.QueryPlanningTracker.measurePhase(QueryPlanningTracker.scala:148)
Execute Action	2026-09-26T09:07:18.1537562Z 	at org.apache.spark.sql.execution.QueryExecution.$anonfun$executePhase$2(QueryExecution.scala:278)
Execute Action	2026-09-26T09:07:18.1538478Z 	at org.apache.spark.sql.execution.QueryExecution$.withInternalError(QueryExecution.scala:654)
Execute Action	2026-09-26T09:07:18.1539390Z 	at org.apache.spark.sql.execution.QueryExecution.$anonfun$executePhase$1(QueryExecution.scala:278)
Execute Action	2026-09-26T09:07:18.1540262Z 	at org.apache.spark.sql.SparkSession.withActive(SparkSession.scala:804)
Execute Action	2026-09-26T09:07:18.1541094Z 	at org.apache.spark.sql.execution.QueryExecution.executePhase(QueryExecution.scala:277)
Execute Action	2026-09-26T09:07:18.1541996Z 	at org.apache.spark.sql.execution.QueryExecution.$anonfun$lazyAnalyzed$1(QueryExecution.scala:110)
Execute Action	2026-09-26T09:07:18.1542862Z 	at scala.util.Try$.apply(Try.scala:217)
Execute Action	2026-09-26T09:07:18.1543582Z 	at org.apache.spark.util.Utils$.doTryWithCallerStacktrace(Utils.scala:1378)
Execute Action	2026-09-26T09:07:18.1544554Z 	at org.apache.spark.util.Utils$.getTryWithCallerStacktrace(Utils.scala:1439)
Execute Action	2026-09-26T09:07:18.1545299Z 	at org.apache.spark.util.LazyTry.get(LazyTry.scala:58)
Execute Action	2026-09-26T09:07:18.1546072Z 	at org.apache.spark.sql.execution.QueryExecution.analyzed(QueryExecution.scala:121)
Execute Action	2026-09-26T09:07:18.1546942Z 	at org.apache.spark.sql.execution.QueryExecution.assertAnalyzed(QueryExecution.scala:80)
Execute Action	2026-09-26T09:07:18.1547788Z 	at org.apache.spark.sql.classic.Dataset$.$anonfun$ofRows$5(Dataset.scala:139)
Execute Action	2026-09-26T09:07:18.1548564Z 	at org.apache.spark.sql.SparkSession.withActive(SparkSession.scala:804)
Execute Action	2026-09-26T09:07:18.1549326Z 	at org.apache.spark.sql.classic.Dataset$.ofRows(Dataset.scala:136)
Execute Action	2026-09-26T09:07:18.1550110Z 	at org.apache.spark.sql.classic.SparkSession.$anonfun$sql$1(SparkSession.scala:462)
Execute Action	2026-09-26T09:07:18.1550958Z 	at org.apache.spark.sql.SparkSession.withActive(SparkSession.scala:804)
Execute Action	2026-09-26T09:07:18.1551737Z 	at org.apache.spark.sql.classic.SparkSession.sql(SparkSession.scala:449)
Execute Action	2026-09-26T09:07:18.1552510Z 	at org.apache.spark.sql.classic.SparkSession.sql(SparkSession.scala:467)
Execute Action	2026-09-26T09:07:18.1553485Z 	at jdk.internal.reflect.GeneratedMethodAccessor82.invoke(Unknown Source)
Execute Action	2026-09-26T09:07:18.1554391Z 	at java.base/jdk.internal.reflect.DelegatingMethodAccessorImpl.invoke(DelegatingMethodAccessorImpl.java:43)
Execute Action	2026-09-26T09:07:18.1555270Z 	at java.base/java.lang.reflect.Method.invoke(Method.java:569)
Execute Action	2026-09-26T09:07:18.1555998Z 	at py4j.reflection.MethodInvoker.invoke(MethodInvoker.java:244)
Execute Action	2026-09-26T09:07:18.1556747Z 	at py4j.reflection.ReflectionEngine.invoke(ReflectionEngine.java:374)
Execute Action	2026-09-26T09:07:18.1557436Z 	at py4j.Gateway.invoke(Gateway.java:282)
Execute Action	2026-09-26T09:07:18.1558129Z 	at py4j.commands.AbstractCommand.invokeMethod(AbstractCommand.java:132)
Execute Action	2026-09-26T09:07:18.1558873Z 	at py4j.commands.CallCommand.execute(CallCommand.java:79)
Execute Action	2026-09-26T09:07:18.1559639Z 	at py4j.ClientServerConnection.waitForCommands(ClientServerConnection.java:184)
Execute Action	2026-09-26T09:07:18.1560434Z 	at py4j.ClientServerConnection.run(ClientServerConnection.java:108)
Execute Action	2026-09-26T09:07:18.1561138Z 	at java.base/java.lang.Thread.run(Thread.java:840)
Execute Action	2026-09-26T09:07:18.1562032Z 	Suppressed: org.apache.spark.util.Utils$OriginalTryStackTraceException: Full stacktrace of original doTryWithCallerStacktrace caller
Execute Action	2026-09-26T09:07:18.1563167Z 		at org.apache.iceberg.util.FileSystemWalker.listDirRecursivelyWithHadoop(FileSystemWalker.java:150)
Execute Action	2026-09-26T09:07:18.1564203Z 		at org.apache.iceberg.spark.actions.DeleteOrphanFilesSparkAction.listedFileDS(DeleteOrphanFilesSparkAction.java:440)
Execute Action	2026-09-26T09:07:18.1565425Z 		at org.apache.iceberg.spark.actions.DeleteOrphanFilesSparkAction.actualFileIdentDS(DeleteOrphanFilesSparkAction.java:409)
Execute Action	2026-09-26T09:07:18.1566517Z 		at org.apache.iceberg.spark.actions.DeleteOrphanFilesSparkAction.doExecute(DeleteOrphanFilesSparkAction.java:257)
Execute Action	2026-09-26T09:07:18.1567468Z 		at org.apache.iceberg.spark.JobGroupUtils.withJobGroupInfo(JobGroupUtils.java:59)
Execute Action	2026-09-26T09:07:18.1568304Z 		at org.apache.iceberg.spark.JobGroupUtils.withJobGroupInfo(JobGroupUtils.java:51)
Execute Action	2026-09-26T09:07:18.1569190Z 		at org.apache.iceberg.spark.actions.BaseSparkAction.withJobGroupInfo(BaseSparkAction.java:130)
Execute Action	2026-09-26T09:07:18.1570173Z 		at org.apache.iceberg.spark.actions.DeleteOrphanFilesSparkAction.execute(DeleteOrphanFilesSparkAction.java:239)
Execute Action	2026-09-26T09:07:18.1571238Z 		at org.apache.iceberg.spark.procedures.RemoveOrphanFilesProcedure.lambda$call$1(RemoveOrphanFilesProcedure.java:205)
Execute Action	2026-09-26T09:07:18.1572413Z 		at org.apache.iceberg.spark.procedures.BaseProcedure.execute(BaseProcedure.java:132)
Execute Action	2026-09-26T09:07:18.1573496Z 		at org.apache.iceberg.spark.procedures.BaseProcedure.withIcebergTable(BaseProcedure.java:121)
Execute Action	2026-09-26T09:07:18.1574473Z 		at org.apache.iceberg.spark.procedures.RemoveOrphanFilesProcedure.call(RemoveOrphanFilesProcedure.java:153)
Execute Action	2026-09-26T09:07:18.1575763Z 		at org.apache.spark.sql.catalyst.analysis.InvokeProcedures.org$apache$spark$sql$catalyst$analysis$InvokeProcedures$$invoke(InvokeProcedures.scala:48)
Execute Action	2026-09-26T09:07:18.1576940Z 		at org.apache.spark.sql.catalyst.analysis.InvokeProcedures$$anonfun$apply$1.applyOrElse(InvokeProcedures.scala:40)
Execute Action	2026-09-26T09:07:18.1577953Z 		at org.apache.spark.sql.catalyst.analysis.InvokeProcedures$$anonfun$apply$1.applyOrElse(InvokeProcedures.scala:36)
Execute Action	2026-09-26T09:07:18.1579017Z 		at org.apache.spark.sql.catalyst.plans.logical.AnalysisHelper.$anonfun$resolveOperatorsDownWithPruning$2(AnalysisHelper.scala:200)
Execute Action	2026-09-26T09:07:18.1580005Z 		at org.apache.spark.sql.catalyst.trees.CurrentOrigin$.withOrigin(origin.scala:86)
Execute Action	2026-09-26T09:07:18.1580973Z 		at org.apache.spark.sql.catalyst.plans.logical.AnalysisHelper.$anonfun$resolveOperatorsDownWithPruning$1(AnalysisHelper.scala:200)
Execute Action	2026-09-26T09:07:18.1582087Z 		at org.apache.spark.sql.catalyst.plans.logical.AnalysisHelper$.allowInvokingTransformsInAnalyzer(AnalysisHelper.scala:416)
Execute Action	2026-09-26T09:07:18.1583295Z 		at org.apache.spark.sql.catalyst.plans.logical.AnalysisHelper.resolveOperatorsDownWithPruning(AnalysisHelper.scala:198)
Execute Action	2026-09-26T09:07:18.1584417Z 		at org.apache.spark.sql.catalyst.plans.logical.AnalysisHelper.resolveOperatorsDownWithPruning$(AnalysisHelper.scala:194)
Execute Action	2026-09-26T09:07:18.1585832Z 		at org.apache.spark.sql.catalyst.plans.logical.LogicalPlan.resolveOperatorsDownWithPruning(LogicalPlan.scala:37)
Execute Action	2026-09-26T09:07:18.1587129Z 		at org.apache.spark.sql.catalyst.plans.logical.AnalysisHelper.resolveOperatorsWithPruning(AnalysisHelper.scala:100)
Execute Action	2026-09-26T09:07:18.1588213Z 		at org.apache.spark.sql.catalyst.plans.logical.AnalysisHelper.resolveOperatorsWithPruning$(AnalysisHelper.scala:97)
Execute Action	2026-09-26T09:07:18.1589261Z 		at org.apache.spark.sql.catalyst.plans.logical.LogicalPlan.resolveOperatorsWithPruning(LogicalPlan.scala:37)
Execute Action	2026-09-26T09:07:18.1590271Z 		at org.apache.spark.sql.catalyst.plans.logical.AnalysisHelper.resolveOperators(AnalysisHelper.scala:77)
Execute Action	2026-09-26T09:07:18.1591267Z 		at org.apache.spark.sql.catalyst.plans.logical.AnalysisHelper.resolveOperators$(AnalysisHelper.scala:76)
Execute Action	2026-09-26T09:07:18.1592237Z 		at org.apache.spark.sql.catalyst.plans.logical.LogicalPlan.resolveOperators(LogicalPlan.scala:37)
Execute Action	2026-09-26T09:07:18.1593276Z 		at org.apache.spark.sql.catalyst.analysis.InvokeProcedures.apply(InvokeProcedures.scala:36)
Execute Action	2026-09-26T09:07:18.1594180Z 		at org.apache.spark.sql.catalyst.analysis.InvokeProcedures.apply(InvokeProcedures.scala:34)
Execute Action	2026-09-26T09:07:18.1595076Z 		at org.apache.spark.sql.catalyst.rules.RuleExecutor.$anonfun$execute$2(RuleExecutor.scala:242)
Execute Action	2026-09-26T09:07:18.1595894Z 		at scala.collection.LinearSeqOps.foldLeft(LinearSeq.scala:183)
Execute Action	2026-09-26T09:07:18.1596831Z 		at scala.collection.LinearSeqOps.foldLeft$(LinearSeq.scala:179)
Execute Action	2026-09-26T09:07:18.1597565Z 		at scala.collection.immutable.List.foldLeft(List.scala:79)
Execute Action	2026-09-26T09:07:18.1598367Z 		at org.apache.spark.sql.catalyst.rules.RuleExecutor.$anonfun$execute$1(RuleExecutor.scala:239)
Execute Action	2026-09-26T09:07:18.1599281Z 		at org.apache.spark.sql.catalyst.rules.RuleExecutor.$anonfun$execute$1$adapted(RuleExecutor.scala:231)
Execute Action	2026-09-26T09:07:18.1600103Z 		at scala.collection.immutable.List.foreach(List.scala:334)
Execute Action	2026-09-26T09:07:18.1600882Z 		at org.apache.spark.sql.catalyst.rules.RuleExecutor.execute(RuleExecutor.scala:231)
Execute Action	2026-09-26T09:07:18.1601881Z 		at org.apache.spark.sql.catalyst.analysis.Analyzer.org$apache$spark$sql$catalyst$analysis$Analyzer$$executeSameContext(Analyzer.scala:340)
Execute Action	2026-09-26T09:07:18.1602978Z 		at org.apache.spark.sql.catalyst.analysis.Analyzer.$anonfun$execute$1(Analyzer.scala:336)
Execute Action	2026-09-26T09:07:18.1603894Z 		at org.apache.spark.sql.catalyst.analysis.AnalysisContext$.withNewAnalysisContext(Analyzer.scala:234)
Execute Action	2026-09-26T09:07:18.1604777Z 		at org.apache.spark.sql.catalyst.analysis.Analyzer.execute(Analyzer.scala:336)
Execute Action	2026-09-26T09:07:18.1605592Z 		at org.apache.spark.sql.catalyst.analysis.Analyzer.execute(Analyzer.scala:299)
Execute Action	2026-09-26T09:07:18.1606466Z 		at org.apache.spark.sql.catalyst.rules.RuleExecutor.$anonfun$executeAndTrack$1(RuleExecutor.scala:201)
Execute Action	2026-09-26T09:07:18.1607405Z 		at org.apache.spark.sql.catalyst.QueryPlanningTracker$.withTracker(QueryPlanningTracker.scala:89)
Execute Action	2026-09-26T09:07:18.1608483Z 		at org.apache.spark.sql.catalyst.rules.RuleExecutor.executeAndTrack(RuleExecutor.scala:201)
Execute Action	2026-09-26T09:07:18.1609477Z 		at org.apache.spark.sql.catalyst.analysis.resolver.HybridAnalyzer.resolveInFixedPoint(HybridAnalyzer.scala:190)
Execute Action	2026-09-26T09:07:18.1610503Z 		at org.apache.spark.sql.catalyst.analysis.resolver.HybridAnalyzer.$anonfun$apply$1(HybridAnalyzer.scala:76)
Execute Action	2026-09-26T09:07:18.1611572Z 		at org.apache.spark.sql.catalyst.analysis.resolver.HybridAnalyzer.withTrackedAnalyzerBridgeState(HybridAnalyzer.scala:111)
Execute Action	2026-09-26T09:07:18.1612696Z 		at org.apache.spark.sql.catalyst.analysis.resolver.HybridAnalyzer.apply(HybridAnalyzer.scala:71)
Execute Action	2026-09-26T09:07:18.1613629Z 		at org.apache.spark.sql.catalyst.analysis.Analyzer.$anonfun$executeAndCheck$1(Analyzer.scala:330)
Execute Action	2026-09-26T09:07:18.1614564Z 		at org.apache.spark.sql.catalyst.plans.logical.AnalysisHelper$.markInAnalyzer(AnalysisHelper.scala:423)
Execute Action	2026-09-26T09:07:18.1615483Z 		at org.apache.spark.sql.catalyst.analysis.Analyzer.executeAndCheck(Analyzer.scala:330)
Execute Action	2026-09-26T09:07:18.1616381Z 		at org.apache.spark.sql.execution.QueryExecution.$anonfun$lazyAnalyzed$2(QueryExecution.scala:110)
Execute Action	2026-09-26T09:07:18.1617427Z 		at org.apache.spark.sql.catalyst.QueryPlanningTracker.measurePhase(QueryPlanningTracker.scala:148)
Execute Action	2026-09-26T09:07:18.1618384Z 		at org.apache.spark.sql.execution.QueryExecution.$anonfun$executePhase$2(QueryExecution.scala:278)
Execute Action	2026-09-26T09:07:18.1619288Z 		at org.apache.spark.sql.execution.QueryExecution$.withInternalError(QueryExecution.scala:654)
Execute Action	2026-09-26T09:07:18.1620186Z 		at org.apache.spark.sql.execution.QueryExecution.$anonfun$executePhase$1(QueryExecution.scala:278)
Execute Action	2026-09-26T09:07:18.1621027Z 		at org.apache.spark.sql.SparkSession.withActive(SparkSession.scala:804)
Execute Action	2026-09-26T09:07:18.1621850Z 		at org.apache.spark.sql.execution.QueryExecution.executePhase(QueryExecution.scala:277)
Execute Action	2026-09-26T09:07:18.1622850Z 		at org.apache.spark.sql.execution.QueryExecution.$anonfun$lazyAnalyzed$1(QueryExecution.scala:110)
Execute Action	2026-09-26T09:07:18.1623619Z 		at scala.util.Try$.apply(Try.scala:217)
Execute Action	2026-09-26T09:07:18.1624317Z 		at org.apache.spark.util.Utils$.doTryWithCallerStacktrace(Utils.scala:1378)
Execute Action	2026-09-26T09:07:18.1625081Z 		at org.apache.spark.util.LazyTry.tryT$lzycompute(LazyTry.scala:46)
Execute Action	2026-09-26T09:07:18.1625804Z 		at org.apache.spark.util.LazyTry.tryT(LazyTry.scala:46)
Execute Action	2026-09-26T09:07:18.1626389Z 		... 21 more
Execute Action	2026-09-26T09:07:18.1627067Z Caused by: org.apache.hadoop.fs.UnsupportedFileSystemException: No FileSystem for scheme "s3"
Execute Action	2026-09-26T09:07:18.1627912Z 	at org.apache.hadoop.fs.FileSystem.getFileSystemClass(FileSystem.java:3581)
Execute Action	2026-09-26T09:07:18.1628832Z 	at org.apache.hadoop.fs.FileSystem.createFileSystem(FileSystem.java:3612)
Execute Action	2026-09-26T09:07:18.1629599Z 	at org.apache.hadoop.fs.FileSystem.access$300(FileSystem.java:172)
Execute Action	2026-09-26T09:07:18.1630349Z 	at org.apache.hadoop.fs.FileSystem$Cache.getInternal(FileSystem.java:3716)
Execute Action	2026-09-26T09:07:18.1631096Z 	at org.apache.hadoop.fs.FileSystem$Cache.get(FileSystem.java:3667)
Execute Action	2026-09-26T09:07:18.1631804Z 	at org.apache.hadoop.fs.FileSystem.get(FileSystem.java:557)
Execute Action	2026-09-26T09:07:18.1632505Z 	at org.apache.hadoop.fs.Path.getFileSystem(Path.java:366)
Execute Action	2026-09-26T09:07:18.1633458Z 	at org.apache.iceberg.util.FileSystemWalker.listDirRecursivelyWithHadoop(FileSystemWalker.java:122)
Execute Action	2026-09-26T09:07:18.1634484Z 	at org.apache.iceberg.spark.actions.DeleteOrphanFilesSparkAction.listedFileDS(DeleteOrphanFilesSparkAction.java:440)
Execute Action	2026-09-26T09:07:18.1635579Z 	at org.apache.iceberg.spark.actions.DeleteOrphanFilesSparkAction.actualFileIdentDS(DeleteOrphanFilesSparkAction.java:409)
Execute Action	2026-09-26T09:07:18.1636662Z 	at org.apache.iceberg.spark.actions.DeleteOrphanFilesSparkAction.doExecute(DeleteOrphanFilesSparkAction.java:257)
Execute Action	2026-09-26T09:07:18.1637613Z 	at org.apache.iceberg.spark.JobGroupUtils.withJobGroupInfo(JobGroupUtils.java:59)
Execute Action	2026-09-26T09:07:18.1639039Z 	at org.apache.iceberg.spark.JobGroupUtils.withJobGroupInfo(JobGroupUtils.java:51)
Execute Action	2026-09-26T09:07:18.1639939Z 	at org.apache.iceberg.spark.actions.BaseSparkAction.withJobGroupInfo(BaseSparkAction.java:130)
Execute Action	2026-09-26T09:07:18.1640921Z 	at org.apache.iceberg.spark.actions.DeleteOrphanFilesSparkAction.execute(DeleteOrphanFilesSparkAction.java:239)
Execute Action	2026-09-26T09:07:18.1641973Z 	at org.apache.iceberg.spark.procedures.RemoveOrphanFilesProcedure.lambda$call$1(RemoveOrphanFilesProcedure.java:205)
Execute Action	2026-09-26T09:07:18.1643033Z 	at org.apache.iceberg.spark.procedures.BaseProcedure.execute(BaseProcedure.java:132)
Execute Action	2026-09-26T09:07:18.1643936Z 	at org.apache.iceberg.spark.procedures.BaseProcedure.withIcebergTable(BaseProcedure.java:121)
Execute Action	2026-09-26T09:07:18.1644904Z 	at org.apache.iceberg.spark.procedures.RemoveOrphanFilesProcedure.call(RemoveOrphanFilesProcedure.java:153)
Execute Action	2026-09-26T09:07:18.1646010Z 	at org.apache.spark.sql.catalyst.analysis.InvokeProcedures.org$apache$spark$sql$catalyst$analysis$InvokeProcedures$$invoke(InvokeProcedures.scala:48)
Execute Action	2026-09-26T09:07:18.1646486Z 	at org.apache.spark.sql.catalyst.analysis.InvokeProcedures$$anonfun$apply$1.applyOrElse(InvokeProcedures.scala:40)
Execute Action	2026-09-26T09:07:18.1646954Z 	at org.apache.spark.sql.catalyst.analysis.InvokeProcedures$$anonfun$apply$1.applyOrElse(InvokeProcedures.scala:36)
Execute Action	2026-09-26T09:07:18.1647481Z 	at org.apache.spark.sql.catalyst.plans.logical.AnalysisHelper.$anonfun$resolveOperatorsDownWithPruning$2(AnalysisHelper.scala:200)
Execute Action	2026-09-26T09:07:18.1647994Z 	at org.apache.spark.sql.catalyst.trees.CurrentOrigin$.withOrigin(origin.scala:86)
Execute Action	2026-09-26T09:07:18.1648517Z 	at org.apache.spark.sql.catalyst.plans.logical.AnalysisHelper.$anonfun$resolveOperatorsDownWithPruning$1(AnalysisHelper.scala:200)
Execute Action	2026-09-26T09:07:18.1649024Z 	at org.apache.spark.sql.catalyst.plans.logical.AnalysisHelper$.allowInvokingTransformsInAnalyzer(AnalysisHelper.scala:416)
Execute Action	2026-09-26T09:07:18.1649546Z 	at org.apache.spark.sql.catalyst.plans.logical.AnalysisHelper.resolveOperatorsDownWithPruning(AnalysisHelper.scala:198)
Execute Action	2026-09-26T09:07:18.1650101Z 	at org.apache.spark.sql.catalyst.plans.logical.AnalysisHelper.resolveOperatorsDownWithPruning$(AnalysisHelper.scala:194)
Execute Action	2026-09-26T09:07:18.1650601Z 	at org.apache.spark.sql.catalyst.plans.logical.LogicalPlan.resolveOperatorsDownWithPruning(LogicalPlan.scala:37)
Execute Action	2026-09-26T09:07:18.1651101Z 	at org.apache.spark.sql.catalyst.plans.logical.AnalysisHelper.resolveOperatorsWithPruning(AnalysisHelper.scala:100)
Execute Action	2026-09-26T09:07:18.1651600Z 	at org.apache.spark.sql.catalyst.plans.logical.AnalysisHelper.resolveOperatorsWithPruning$(AnalysisHelper.scala:97)
Execute Action	2026-09-26T09:07:18.1652082Z 	at org.apache.spark.sql.catalyst.plans.logical.LogicalPlan.resolveOperatorsWithPruning(LogicalPlan.scala:37)
Execute Action	2026-09-26T09:07:18.1652728Z 	at org.apache.spark.sql.catalyst.plans.logical.AnalysisHelper.resolveOperators(AnalysisHelper.scala:77)
Execute Action	2026-09-26T09:07:18.1653202Z 	at org.apache.spark.sql.catalyst.plans.logical.AnalysisHelper.resolveOperators$(AnalysisHelper.scala:76)
Execute Action	2026-09-26T09:07:18.1653643Z 	at org.apache.spark.sql.catalyst.plans.logical.LogicalPlan.resolveOperators(LogicalPlan.scala:37)
Execute Action	2026-09-26T09:07:18.1654065Z 	at org.apache.spark.sql.catalyst.analysis.InvokeProcedures.apply(InvokeProcedures.scala:36)
Execute Action	2026-09-26T09:07:18.1654473Z 	at org.apache.spark.sql.catalyst.analysis.InvokeProcedures.apply(InvokeProcedures.scala:34)
Execute Action	2026-09-26T09:07:18.1654882Z 	at org.apache.spark.sql.catalyst.rules.RuleExecutor.$anonfun$execute$2(RuleExecutor.scala:242)
Execute Action	2026-09-26T09:07:18.1655214Z 	at scala.collection.LinearSeqOps.foldLeft(LinearSeq.scala:183)
Execute Action	2026-09-26T09:07:18.1655541Z 	at scala.collection.LinearSeqOps.foldLeft$(LinearSeq.scala:179)
Execute Action	2026-09-26T09:07:18.1655859Z 	at scala.collection.immutable.List.foldLeft(List.scala:79)
Execute Action	2026-09-26T09:07:18.1656264Z 	at org.apache.spark.sql.catalyst.rules.RuleExecutor.$anonfun$execute$1(RuleExecutor.scala:239)
Execute Action	2026-09-26T09:07:18.1656691Z 	at org.apache.spark.sql.catalyst.rules.RuleExecutor.$anonfun$execute$1$adapted(RuleExecutor.scala:231)
Execute Action	2026-09-26T09:07:18.1657000Z 	at scala.collection.immutable.List.foreach(List.scala:334)
Execute Action	2026-09-26T09:07:18.1657389Z 	at org.apache.spark.sql.catalyst.rules.RuleExecutor.execute(RuleExecutor.scala:231)
Execute Action	2026-09-26T09:07:18.1658017Z 	at org.apache.spark.sql.catalyst.analysis.Analyzer.org$apache$spark$sql$catalyst$analysis$Analyzer$$executeSameContext(Analyzer.scala:340)
Execute Action	2026-09-26T09:07:18.1658416Z 	at org.apache.spark.sql.catalyst.analysis.Analyzer.$anonfun$execute$1(Analyzer.scala:336)
Execute Action	2026-09-26T09:07:18.1658858Z 	at org.apache.spark.sql.catalyst.analysis.AnalysisContext$.withNewAnalysisContext(Analyzer.scala:234)
Execute Action	2026-09-26T09:07:18.1659229Z 	at org.apache.spark.sql.catalyst.analysis.Analyzer.execute(Analyzer.scala:336)
Execute Action	2026-09-26T09:07:18.1659596Z 	at org.apache.spark.sql.catalyst.analysis.Analyzer.execute(Analyzer.scala:299)
Execute Action	2026-09-26T09:07:18.1660035Z 	at org.apache.spark.sql.catalyst.rules.RuleExecutor.$anonfun$executeAndTrack$1(RuleExecutor.scala:201)
Execute Action	2026-09-26T09:07:18.1660464Z 	at org.apache.spark.sql.catalyst.QueryPlanningTracker$.withTracker(QueryPlanningTracker.scala:89)
Execute Action	2026-09-26T09:07:18.1660880Z 	at org.apache.spark.sql.catalyst.rules.RuleExecutor.executeAndTrack(RuleExecutor.scala:201)
Execute Action	2026-09-26T09:07:18.1661367Z 	at org.apache.spark.sql.catalyst.analysis.resolver.HybridAnalyzer.resolveInFixedPoint(HybridAnalyzer.scala:190)
Execute Action	2026-09-26T09:07:18.1661823Z 	at org.apache.spark.sql.catalyst.analysis.resolver.HybridAnalyzer.$anonfun$apply$1(HybridAnalyzer.scala:76)
Execute Action	2026-09-26T09:07:18.1662457Z 	at org.apache.spark.sql.catalyst.analysis.resolver.HybridAnalyzer.withTrackedAnalyzerBridgeState(HybridAnalyzer.scala:111)
Execute Action	2026-09-26T09:07:18.1663018Z 	at org.apache.spark.sql.catalyst.analysis.resolver.HybridAnalyzer.apply(HybridAnalyzer.scala:71)
Execute Action	2026-09-26T09:07:18.1663444Z 	at org.apache.spark.sql.catalyst.analysis.Analyzer.$anonfun$executeAndCheck$1(Analyzer.scala:330)
Execute Action	2026-09-26T09:07:18.1663892Z 	at org.apache.spark.sql.catalyst.plans.logical.AnalysisHelper$.markInAnalyzer(AnalysisHelper.scala:423)
Execute Action	2026-09-26T09:07:18.1664297Z 	at org.apache.spark.sql.catalyst.analysis.Analyzer.executeAndCheck(Analyzer.scala:330)
Execute Action	2026-09-26T09:07:18.1664728Z 	at org.apache.spark.sql.execution.QueryExecution.$anonfun$lazyAnalyzed$2(QueryExecution.scala:110)
Execute Action	2026-09-26T09:07:18.1665173Z 	at org.apache.spark.sql.catalyst.QueryPlanningTracker.measurePhase(QueryPlanningTracker.scala:148)
Execute Action	2026-09-26T09:07:18.1665596Z 	at org.apache.spark.sql.execution.QueryExecution.$anonfun$executePhase$2(QueryExecution.scala:278)
Execute Action	2026-09-26T09:07:18.1666001Z 	at org.apache.spark.sql.execution.QueryExecution$.withInternalError(QueryExecution.scala:654)
Execute Action	2026-09-26T09:07:18.1666420Z 	at org.apache.spark.sql.execution.QueryExecution.$anonfun$executePhase$1(QueryExecution.scala:278)
Execute Action	2026-09-26T09:07:18.1666774Z 	at org.apache.spark.sql.SparkSession.withActive(SparkSession.scala:804)
Execute Action	2026-09-26T09:07:18.1667183Z 	at org.apache.spark.sql.execution.QueryExecution.executePhase(QueryExecution.scala:277)
Execute Action	2026-09-26T09:07:18.1667715Z 	at org.apache.spark.sql.execution.QueryExecution.$anonfun$lazyAnalyzed$1(QueryExecution.scala:110)
Execute Action	2026-09-26T09:07:18.1667978Z 	at scala.util.Try$.apply(Try.scala:217)
Execute Action	2026-09-26T09:07:18.1668333Z 	at org.apache.spark.util.Utils$.doTryWithCallerStacktrace(Utils.scala:1378)
Execute Action	2026-09-26T09:07:18.1668667Z 	at org.apache.spark.util.LazyTry.tryT$lzycompute(LazyTry.scala:46)
Execute Action	2026-09-26T09:07:18.1668974Z 	at org.apache.spark.util.LazyTry.tryT(LazyTry.scala:46)
Execute Action	2026-09-26T09:07:18.1669169Z 	... 21 more
Execute Action	2026-09-26T09:07:18.1669332Z 
Execute Action	2026-09-26T09:07:18.1669649Z 26/09/26 09:06:27 INFO ShutdownHookManager: Shutdown hook called
Execute Action	2026-09-26T09:07:18.1670099Z 26/09/26 09:06:27 INFO ShutdownHookManager: Deleting directory /tmp/spark-776d7770-84e7-46b9-8975-7afefd33aeeb
Execute Action	2026-09-26T09:07:18.1670688Z 26/09/26 09:06:27 INFO ShutdownHookManager: Deleting directory /tmp/spark-e2b0e6b1-75b7-4e0e-afda-4fa4fe163b04/pyspark-5f222bee-90b0-4c69-b9f2-0a45320a6534
Execute Action	2026-09-26T09:07:18.1671136Z 26/09/26 09:06:27 INFO ShutdownHookManager: Deleting directory /tmp/spark-e2b0e6b1-75b7-4e0e-afda-4fa4fe163b04
Execute Action	2026-09-26T09:07:18.1671714Z 26/09/26 09:06:27 INFO ShutdownHookManager: Deleting directory /tmp/artifacts-9b279d0e-0992-4634-a69a-82a47083143c
